match_key,bet_type_name,bet_type_id,outcome_short_name,odds
7bdab754badab423,1X2,30083,1,1.7
7bdab754badab423,1X2,30083,X,3.61
7bdab754badab423,1X2,30083,2,5.13
7bdab754badab423,Mi-tps 1X2,30084,1,2.46
7bdab754badab423,Mi-tps 1X2,30084,X,1.95
7bdab754badab423,Mi-tps 1X2,30084,2,6.24
7bdab754badab423,Double Chance,30085,1X,1.13
7bdab754badab423,Double Chance,30085,X2,2.08
7bdab754badab423,Double Chance,30085,12,1.25
7bdab754badab423,Mi-tps DC,30086,1X,1.09
7bdab754badab423,Mi-tps DC,30086,X2,1.48
7bdab754badab423,Mi-tps DC,30086,12,1.76
7bdab754badab423,Score exact,30081,0-0,10.4
7bdab754badab423,Score exact,30081,0-1,15.29
7bdab754badab423,Score exact,30081,0-2,33.44
7bdab754badab423,Score exact,30081,0-3,100.0
7bdab754badab423,Score exact,30081,0-4,100.0
7bdab754badab423,Score exact,30081,0-5,100.0
7bdab754badab423,Score exact,30081,0-6,100.0
7bdab754badab423,Score exact,30081,1-0,8.03
7bdab754badab423,Score exact,30081,1-1,7.22
7bdab754badab423,Score exact,30081,1-2,15.95
7bdab754badab423,Score exact,30081,1-3,57.88
7bdab754badab423,Score exact,30081,1-4,100.0
7bdab754badab423,Score exact,30081,1-5,100.0
7bdab754badab423,Score exact,30081,2-0,8.74
7bdab754badab423,Score exact,30081,2-1,8.02
7bdab754badab423,Score exact,30081,2-2,18.5
7bdab754badab423,Score exact,30081,2-3,74.7
7bdab754badab423,Score exact,30081,2-4,100.0
7bdab754badab423,Score exact,30081,3-0,12.94
7bdab754badab423,Score exact,30081,3-1,14.43
7bdab754badab423,Score exact,30081,3-2,36.73
7bdab754badab423,Score exact,30081,3-3,100.0
7bdab754badab423,Score exact,30081,4-0,30.91
7bdab754badab423,Score exact,30081,4-1,36.21
7bdab754badab423,Score exact,30081,4-2,100.0
7bdab754badab423,Score exact,30081,5-0,93.89
7bdab754badab423,Score exact,30081,5-1,100.0
7bdab754badab423,Score exact,30081,6-0,100.0
7bdab754badab423,Mi-tps CS,30082,0-0,2.51
7bdab754badab423,Mi-tps CS,30082,0-1,8.69
7bdab754badab423,Mi-tps CS,30082,0-2,36.33
7bdab754badab423,Mi-tps CS,30082,0-3,100.0
7bdab754badab423,Mi-tps CS,30082,1-0,4.38
7bdab754badab423,Mi-tps CS,30082,1-1,6.73
7bdab754badab423,Mi-tps CS,30082,1-2,42.21
7bdab754badab423,Mi-tps CS,30082,2-0,8.66
7bdab754badab423,Mi-tps CS,30082,2-1,19.96
7bdab754badab423,Mi-tps CS,30082,3-0,25.67
7bdab754badab423,+/-,30087,> 0.5,1.03
7bdab754badab423,+/-,30087,< 0.5,10.99
7bdab754badab423,+/-,30087,> 1.5,1.27
7bdab754badab423,+/-,30087,< 1.5,3.69
7bdab754badab423,+/-,30087,> 2.5,1.92
7bdab754badab423,+/-,30087,< 2.5,1.86
7bdab754badab423,+/-,30087,> 3.5,3.82
7bdab754badab423,+/-,30087,< 3.5,1.25
7bdab754badab423,HT/FT,30089,1/1,2.7
7bdab754badab423,HT/FT,30089,1/X,25.29
7bdab754badab423,HT/FT,30089,1/2,88.06
7bdab754badab423,HT/FT,30089,X/1,4.43
7bdab754badab423,HT/FT,30089,X/X,4.63
7bdab754badab423,HT/FT,30089,X/2,11.02
7bdab754badab423,HT/FT,30089,2/1,39.95
7bdab754badab423,HT/FT,30089,2/X,26.9
7bdab754badab423,HT/FT,30089,2/2,9.61
7bdab754badab423,Total de buts,30090,0,10.4
7bdab754badab423,Total de buts,30090,1,5.27
7bdab754badab423,Total de buts,30090,2,3.54
7bdab754badab423,Total de buts,30090,3,3.64
7bdab754badab423,Total de buts,30090,4,5.71
7bdab754badab423,Total de buts,30090,5,12.11
7bdab754badab423,Total de buts,30090,6,52.72
7bdab754badab423,G/NG,30091,Oui,1.9
7bdab754badab423,G/NG,30091,Non,1.87
7bdab754badab423,Les deux équipes marquent / 1ère mi temps,30092,Oui,4.88
7bdab754badab423,Les deux équipes marquent / 1ère mi temps,30092,Non,1.17
7bdab754badab423,1X2 & Total,30093,1 / > 1.5,2.05
7bdab754badab423,1X2 & Total,30093,X / > 1.5,5.19
7bdab754badab423,1X2 & Total,30093,2 / > 1.5,7.24
7bdab754badab423,1X2 & Total,30093,1 / < 1.5,8.18
7bdab754badab423,1X2 & Total,30093,X / < 1.5,10.59
7bdab754badab423,1X2 & Total,30093,2 / < 1.5,15.57
7bdab754badab423,1X2 & Total,30093,1 / > 2.5,2.66
7bdab754badab423,1X2 & Total,30093,X / > 2.5,17.6
7bdab754badab423,1X2 & Total,30093,2 / > 2.5,9.19
7bdab754badab423,1X2 & Total,30093,1 / < 2.5,4.26
7bdab754badab423,1X2 & Total,30093,X / < 2.5,4.34
7bdab754badab423,1X2 & Total,30093,2 / < 2.5,10.68
7bdab754badab423,1X2 & Total,30093,1 / > 3.5,5.64
7bdab754badab423,1X2 & Total,30093,X / > 3.5,17.6
7bdab754badab423,1X2 & Total,30093,2 / > 3.5,26.67
7bdab754badab423,1X2 & Total,30093,1 / < 3.5,2.31
7bdab754badab423,1X2 & Total,30093,X / < 3.5,4.34
7bdab754badab423,1X2 & Total,30093,2 / < 3.5,6.06
7bdab754badab423,1X2 & G/NG,30094,1 gagne et les deux équipes marquent,3.84
7bdab754badab423,1X2 & G/NG,30094,1 gagne et seulement  1  marque,2.77
7bdab754badab423,1X2 & G/NG,30094,X et les deux équipes marquent,5.09
7bdab754badab423,1X2 & G/NG,30094,X et aucun but,10.4
7bdab754badab423,1X2 & G/NG,30094,2 gagne et les deux équipes marquent,10.16
7bdab754badab423,1X2 & G/NG,30094,2 gagne et seulement 2 marque,9.29
7bdab754badab423,Total equipe domicile,30095,> 0.5,1.15
7bdab754badab423,Total equipe domicile,30095,< 0.5,5.18
7bdab754badab423,Total equipe domicile,30095,> 1.5,1.86
7bdab754badab423,Total equipe domicile,30095,< 1.5,1.92
7bdab754badab423,Total equipe domicile,30095,> 2.5,4.04
7bdab754badab423,Total equipe domicile,30095,< 2.5,1.23
7bdab754badab423,Total equipe domicile,30095,> 3.5,12.58
7bdab754badab423,Total equipe domicile,30095,< 3.5,1.02
7bdab754badab423,Total equipe extérieur,30096,> 0.5,1.59
7bdab754badab423,Total equipe extérieur,30096,< 0.5,2.31
7bdab754badab423,Total equipe extérieur,30096,> 1.5,4.56
7bdab754badab423,Total equipe extérieur,30096,< 1.5,1.19
7bdab754badab423,Total equipe extérieur,30096,> 2.5,20.34
7bdab754badab423,Total equipe extérieur,30096,< 2.5,0.99
7bdab754badab423,Total equipe extérieur,30096,> 3.5,100.0
7bdab754badab423,Total equipe extérieur,30096,< 3.5,0.95
7bdab754badab423,G/NG equipe domicile,30097,Oui,1.15
7bdab754badab423,G/NG equipe domicile,30097,Non,5.18
7bdab754badab423,G/NG equipe extérieur,30098,Oui,1.59
7bdab754badab423,G/NG equipe extérieur,30098,Non,2.31
7bdab754badab423,Pair/Impair,30099,Impair,1.9
7bdab754badab423,Pair/Impair,30099,Pair,1.81
7bdab754badab423,Minute du premier but,30100,1-15,4.72
7bdab754badab423,Minute du premier but,30100,16-30,3.12
7bdab754badab423,Minute du premier but,30100,31-45,5.14
7bdab754badab423,Minute du premier but,30100,46-60,6.95
7bdab754badab423,Minute du premier but,30100,61-75,12.22
7bdab754badab423,Minute du premier but,30100,76-90,14.14
7bdab754badab423,Minute du premier but,30100,Pas de but,10.4
7bdab754badab423,FTTS,30101,1,1.58
7bdab754badab423,FTTS,30101,2,2.55
7bdab754badab423,FTTS,30101,Pas de but,10.4
7bdab754badab423,Multi-Buts,30102,"Le total de buts est de 0, 1 ou 2",1.79
7bdab754badab423,Multi-Buts,30102,"Le total de buts est de 1, 2 ou 3",1.36
7bdab754badab423,Multi-Buts,30102,"Le total de buts est de 2, 3 ou 4",1.39
7bdab754badab423,Multi-Buts,30102,Le total de buts est supérieur à 4,10.03
7bdab754badab423,2ème mi-tps - CS,30105,0-0,3.5
7bdab754badab423,2ème mi-tps - CS,30105,0-1,8.96
7bdab754badab423,2ème mi-tps - CS,30105,0-2,27.21
7bdab754badab423,2ème mi-tps - CS,30105,0-3,100.0
7bdab754badab423,2ème mi-tps - CS,30105,1-0,4.86
7bdab754badab423,2ème mi-tps - CS,30105,1-1,5.53
7bdab754badab423,2ème mi-tps - CS,30105,1-2,25.17
7bdab754badab423,2ème mi-tps - CS,30105,2-0,7.22
7bdab754badab423,2ème mi-tps - CS,30105,2-1,12.31
7bdab754badab423,2ème mi-tps - CS,30105,3-0,16.09
2a32df8145b76817,1X2,30083,1,2.51
2a32df8145b76817,1X2,30083,X,3.24
2a32df8145b76817,1X2,30083,2,2.83
2a32df8145b76817,Mi-tps 1X2,30084,1,3.6
2a32df8145b76817,Mi-tps 1X2,30084,X,1.87
2a32df8145b76817,Mi-tps 1X2,30084,2,3.75
2a32df8145b76817,Double Chance,30085,1X,1.39
2a32df8145b76817,Double Chance,30085,X2,1.48
2a32df8145b76817,Double Chance,30085,12,1.31
2a32df8145b76817,Mi-tps DC,30086,1X,1.23
2a32df8145b76817,Mi-tps DC,30086,X2,1.25
2a32df8145b76817,Mi-tps DC,30086,12,1.84
2a32df8145b76817,Score exact,30081,0-0,10.17
2a32df8145b76817,Score exact,30081,0-1,10.69
2a32df8145b76817,Score exact,30081,0-2,16.43
2a32df8145b76817,Score exact,30081,0-3,34.55
2a32df8145b76817,Score exact,30081,0-4,100.0
2a32df8145b76817,Score exact,30081,0-5,100.0
2a32df8145b76817,Score exact,30081,0-6,100.0
2a32df8145b76817,Score exact,30081,1-0,9.99
2a32df8145b76817,Score exact,30081,1-1,6.41
2a32df8145b76817,Score exact,30081,1-2,9.98
2a32df8145b76817,Score exact,30081,1-3,25.32
2a32df8145b76817,Score exact,30081,1-4,90.65
2a32df8145b76817,Score exact,30081,1-5,100.0
2a32df8145b76817,Score exact,30081,2-0,14.2
2a32df8145b76817,Score exact,30081,2-1,9.27
2a32df8145b76817,Score exact,30081,2-2,15.03
2a32df8145b76817,Score exact,30081,2-3,42.32
2a32df8145b76817,Score exact,30081,2-4,100.0
2a32df8145b76817,Score exact,30081,3-0,27.58
2a32df8145b76817,Score exact,30081,3-1,21.9
2a32df8145b76817,Score exact,30081,3-2,39.32
2a32df8145b76817,Score exact,30081,3-3,100.0
2a32df8145b76817,Score exact,30081,4-0,87.16
2a32df8145b76817,Score exact,30081,4-1,72.98
2a32df8145b76817,Score exact,30081,4-2,100.0
2a32df8145b76817,Score exact,30081,5-0,100.0
2a32df8145b76817,Score exact,30081,5-1,100.0
2a32df8145b76817,Score exact,30081,6-0,100.0
2a32df8145b76817,Mi-tps CS,30082,0-0,2.47
2a32df8145b76817,Mi-tps CS,30082,0-1,5.88
2a32df8145b76817,Mi-tps CS,30082,0-2,16.53
2a32df8145b76817,Mi-tps CS,30082,0-3,69.67
2a32df8145b76817,Mi-tps CS,30082,1-0,5.71
2a32df8145b76817,Mi-tps CS,30082,1-1,6.04
2a32df8145b76817,Mi-tps CS,30082,1-2,25.47
2a32df8145b76817,Mi-tps CS,30082,2-0,15.53
2a32df8145b76817,Mi-tps CS,30082,2-1,24.65
2a32df8145b76817,Mi-tps CS,30082,3-0,63.33
2a32df8145b76817,+/-,30087,> 0.5,1.03
2a32df8145b76817,+/-,30087,< 0.5,10.75
2a32df8145b76817,+/-,30087,> 1.5,1.28
2a32df8145b76817,+/-,30087,< 1.5,3.62
2a32df8145b76817,+/-,30087,> 2.5,1.95
2a32df8145b76817,+/-,30087,< 2.5,1.82
2a32df8145b76817,+/-,30087,> 3.5,3.95
2a32df8145b76817,+/-,30087,< 3.5,1.24
2a32df8145b76817,HT/FT,30089,1/1,4.41
2a32df8145b76817,HT/FT,30089,1/X,23.07
2a32df8145b76817,HT/FT,30089,1/2,55.32
2a32df8145b76817,HT/FT,30089,X/1,5.84
2a32df8145b76817,HT/FT,30089,X/X,4.24
2a32df8145b76817,HT/FT,30089,X/2,6.74
2a32df8145b76817,HT/FT,30089,2/1,44.78
2a32df8145b76817,HT/FT,30089,2/X,21.31
2a32df8145b76817,HT/FT,30089,2/2,4.82
2a32df8145b76817,Total de buts,30090,0,10.17
2a32df8145b76817,Total de buts,30090,1,5.16
2a32df8145b76817,Total de buts,30090,2,3.48
2a32df8145b76817,Total de buts,30090,3,3.66
2a32df8145b76817,Total de buts,30090,4,5.82
2a32df8145b76817,Total de buts,30090,5,12.73
2a32df8145b76817,Total de buts,30090,6,58.47
2a32df8145b76817,G/NG,30091,Oui,1.74
2a32df8145b76817,G/NG,30091,Non,2.06
2a32df8145b76817,Les deux équipes marquent / 1ère mi temps,30092,Oui,4.42
2a32df8145b76817,Les deux équipes marquent / 1ère mi temps,30092,Non,1.2
2a32df8145b76817,1X2 & Total,30093,1 / > 1.5,3.18
2a32df8145b76817,1X2 & Total,30093,X / > 1.5,4.47
2a32df8145b76817,1X2 & Total,30093,2 / > 1.5,3.63
2a32df8145b76817,1X2 & Total,30093,1 / < 1.5,10.17
2a32df8145b76817,1X2 & Total,30093,X / < 1.5,10.36
2a32df8145b76817,1X2 & Total,30093,2 / < 1.5,10.88
2a32df8145b76817,1X2 & Total,30093,1 / > 2.5,4.08
2a32df8145b76817,1X2 & Total,30093,X / > 2.5,14.21
2a32df8145b76817,1X2 & Total,30093,2 / > 2.5,4.64
2a32df8145b76817,1X2 & Total,30093,1 / < 2.5,5.97
2a32df8145b76817,1X2 & Total,30093,X / < 2.5,4.01
2a32df8145b76817,1X2 & Total,30093,2 / < 2.5,6.59
2a32df8145b76817,1X2 & Total,30093,1 / > 3.5,9.64
2a32df8145b76817,1X2 & Total,30093,X / > 3.5,14.21
2a32df8145b76817,1X2 & Total,30093,2 / > 3.5,11.29
2a32df8145b76817,1X2 & Total,30093,1 / < 3.5,3.23
2a32df8145b76817,1X2 & Total,30093,X / < 3.5,4.01
2a32df8145b76817,1X2 & Total,30093,2 / < 3.5,3.59
2a32df8145b76817,1X2 & G/NG,30094,1 gagne et les deux équipes marquent,5.03
2a32df8145b76817,1X2 & G/NG,30094,1 gagne et seulement  1  marque,4.51
2a32df8145b76817,1X2 & G/NG,30094,X et les deux équipes marquent,4.39
2a32df8145b76817,1X2 & G/NG,30094,X et aucun but,10.17
2a32df8145b76817,1X2 & G/NG,30094,2 gagne et les deux équipes marquent,5.57
2a32df8145b76817,1X2 & G/NG,30094,2 gagne et seulement 2 marque,5.15
2a32df8145b76817,Total equipe domicile,30095,> 0.5,1.28
2a32df8145b76817,Total equipe domicile,30095,< 0.5,3.61
2a32df8145b76817,Total equipe domicile,30095,> 1.5,2.52
2a32df8145b76817,Total equipe domicile,30095,< 1.5,1.51
2a32df8145b76817,Total equipe domicile,30095,> 2.5,7.19
2a32df8145b76817,Total equipe domicile,30095,< 2.5,1.09
2a32df8145b76817,Total equipe domicile,30095,> 3.5,30.56
2a32df8145b76817,Total equipe domicile,30095,< 3.5,0.97
2a32df8145b76817,Total equipe extérieur,30096,> 0.5,1.32
2a32df8145b76817,Total equipe extérieur,30096,< 0.5,3.3
2a32df8145b76817,Total equipe extérieur,30096,> 1.5,2.77
2a32df8145b76817,Total equipe extérieur,30096,< 1.5,1.43
2a32df8145b76817,Total equipe extérieur,30096,> 2.5,8.51
2a32df8145b76817,Total equipe extérieur,30096,< 2.5,1.06
2a32df8145b76817,Total equipe extérieur,30096,> 3.5,39.09
2a32df8145b76817,Total equipe extérieur,30096,< 3.5,0.97
2a32df8145b76817,G/NG equipe domicile,30097,Oui,1.28
2a32df8145b76817,G/NG equipe domicile,30097,Non,3.61
2a32df8145b76817,G/NG equipe extérieur,30098,Oui,1.32
2a32df8145b76817,G/NG equipe extérieur,30098,Non,3.3
2a32df8145b76817,Pair/Impair,30099,Impair,1.9
2a32df8145b76817,Pair/Impair,30099,Pair,1.81
2a32df8145b76817,Minute du premier but,30100,1-15,4.68
2a32df8145b76817,Minute du premier but,30100,16-30,3.1
2a32df8145b76817,Minute du premier but,30100,31-45,5.17
2a32df8145b76817,Minute du premier but,30100,46-60,6.98
2a32df8145b76817,Minute du premier but,30100,61-75,12.44
2a32df8145b76817,Minute du premier but,30100,76-90,14.55
2a32df8145b76817,Minute du premier but,30100,Pas de but,10.17
2a32df8145b76817,FTTS,30101,1,1.92
2a32df8145b76817,FTTS,30101,2,1.99
2a32df8145b76817,FTTS,30101,Pas de but,10.17
2a32df8145b76817,Multi-Buts,30102,"Le total de buts est de 0, 1 ou 2",1.76
2a32df8145b76817,Multi-Buts,30102,"Le total de buts est de 1, 2 ou 3",1.35
2a32df8145b76817,Multi-Buts,30102,"Le total de buts est de 2, 3 ou 4",1.39
2a32df8145b76817,Multi-Buts,30102,Le total de buts est supérieur à 4,10.64
2a32df8145b76817,2ème mi-tps - CS,30105,0-0,3.49
2a32df8145b76817,2ème mi-tps - CS,30105,0-1,6.56
2a32df8145b76817,2ème mi-tps - CS,30105,0-2,14.15
2a32df8145b76817,2ème mi-tps - CS,30105,0-3,45.84
2a32df8145b76817,2ème mi-tps - CS,30105,1-0,5.95
2a32df8145b76817,2ème mi-tps - CS,30105,1-1,4.97
2a32df8145b76817,2ème mi-tps - CS,30105,1-2,16.1
2a32df8145b76817,2ème mi-tps - CS,30105,2-0,11.47
2a32df8145b76817,2ème mi-tps - CS,30105,2-1,14.38
2a32df8145b76817,2ème mi-tps - CS,30105,3-0,33.17
c8bf9756f062e791,1X2,30083,1,5.49
c8bf9756f062e791,1X2,30083,X,3.92
c8bf9756f062e791,1X2,30083,2,1.61
c8bf9756f062e791,Mi-tps 1X2,30084,1,6.41
c8bf9756f062e791,Mi-tps 1X2,30084,X,2.05
c8bf9756f062e791,Mi-tps 1X2,30084,2,2.29
c8bf9756f062e791,Double Chance,30085,1X,2.24
c8bf9756f062e791,Double Chance,30085,X2,1.12
c8bf9756f062e791,Double Chance,30085,12,1.22
c8bf9756f062e791,Mi-tps DC,30086,1X,1.55
c8bf9756f062e791,Mi-tps DC,30086,X2,1.08
c8bf9756f062e791,Mi-tps DC,30086,12,1.69
c8bf9756f062e791,Score exact,30081,0-0,12.72
c8bf9756f062e791,Score exact,30081,0-1,9.01
c8bf9756f062e791,Score exact,30081,0-2,8.82
c8bf9756f062e791,Score exact,30081,0-3,11.7
c8bf9756f062e791,Score exact,30081,0-4,25.2
c8bf9756f062e791,Score exact,30081,0-5,68.39
c8bf9756f062e791,Score exact,30081,0-6,100.0
c8bf9756f062e791,Score exact,30081,1-0,17.96
c8bf9756f062e791,Score exact,30081,1-1,7.77
c8bf9756f062e791,Score exact,30081,1-2,7.79
c8bf9756f062e791,Score exact,30081,1-3,12.64
c8bf9756f062e791,Score exact,30081,1-4,28.43
c8bf9756f062e791,Score exact,30081,1-5,100.0
c8bf9756f062e791,Score exact,30081,2-0,37.59
c8bf9756f062e791,Score exact,30081,2-1,16.46
c8bf9756f062e791,Score exact,30081,2-2,17.35
c8bf9756f062e791,Score exact,30081,2-3,30.96
c8bf9756f062e791,Score exact,30081,2-4,100.0
c8bf9756f062e791,Score exact,30081,3-0,100.0
c8bf9756f062e791,Score exact,30081,3-1,57.32
c8bf9756f062e791,Score exact,30081,3-2,67.22
c8bf9756f062e791,Score exact,30081,3-3,100.0
c8bf9756f062e791,Score exact,30081,4-0,100.0
c8bf9756f062e791,Score exact,30081,4-1,100.0
c8bf9756f062e791,Score exact,30081,4-2,100.0
c8bf9756f062e791,Score exact,30081,5-0,100.0
c8bf9756f062e791,Score exact,30081,5-1,100.0
c8bf9756f062e791,Score exact,30081,6-0,100.0
c8bf9756f062e791,Mi-tps CS,30082,0-0,2.73
c8bf9756f062e791,Mi-tps CS,30082,0-1,4.36
c8bf9756f062e791,Mi-tps CS,30082,0-2,7.76
c8bf9756f062e791,Mi-tps CS,30082,0-3,20.7
c8bf9756f062e791,Mi-tps CS,30082,1-0,9.16
c8bf9756f062e791,Mi-tps CS,30082,1-1,6.5
c8bf9756f062e791,Mi-tps CS,30082,1-2,17.34
c8bf9756f062e791,Mi-tps CS,30082,2-0,37.05
c8bf9756f062e791,Mi-tps CS,30082,2-1,39.42
c8bf9756f062e791,Mi-tps CS,30082,3-0,100.0
c8bf9756f062e791,+/-,30087,> 0.5,1.01
c8bf9756f062e791,+/-,30087,< 0.5,13.44
c8bf9756f062e791,+/-,30087,> 1.5,1.21
c8bf9756f062e791,+/-,30087,< 1.5,4.31
c8bf9756f062e791,+/-,30087,> 2.5,1.74
c8bf9756f062e791,+/-,30087,< 2.5,2.06
c8bf9756f062e791,+/-,30087,> 3.5,3.28
c8bf9756f062e791,+/-,30087,< 3.5,1.32
c8bf9756f062e791,HT/FT,30089,1/1,10.34
c8bf9756f062e791,HT/FT,30089,1/X,26.95
c8bf9756f062e791,HT/FT,30089,1/2,35.91
c8bf9756f062e791,HT/FT,30089,X/1,11.89
c8bf9756f062e791,HT/FT,30089,X/X,5.19
c8bf9756f062e791,HT/FT,30089,X/2,4.36
c8bf9756f062e791,HT/FT,30089,2/1,85.4
c8bf9756f062e791,HT/FT,30089,2/X,25.07
c8bf9756f062e791,HT/FT,30089,2/2,2.5
c8bf9756f062e791,Total de buts,30090,0,12.72
c8bf9756f062e791,Total de buts,30090,1,6.0
c8bf9756f062e791,Total de buts,30090,2,3.72
c8bf9756f062e791,Total de buts,30090,3,3.52
c8bf9756f062e791,Total de buts,30090,4,5.11
c8bf9756f062e791,Total de buts,30090,5,9.92
c8bf9756f062e791,Total de buts,30090,6,39.28
c8bf9756f062e791,G/NG,30091,Oui,1.82
c8bf9756f062e791,G/NG,30091,Non,1.96
c8bf9756f062e791,Les deux équipes marquent / 1ère mi temps,30092,Oui,4.58
c8bf9756f062e791,Les deux équipes marquent / 1ère mi temps,30092,Non,1.19
c8bf9756f062e791,1X2 & Total,30093,1 / > 1.5,7.44
c8bf9756f062e791,1X2 & Total,30093,X / > 1.5,5.33
c8bf9756f062e791,1X2 & Total,30093,2 / > 1.5,1.86
c8bf9756f062e791,1X2 & Total,30093,1 / < 1.5,18.28
c8bf9756f062e791,1X2 & Total,30093,X / < 1.5,12.95
c8bf9756f062e791,1X2 & Total,30093,2 / < 1.5,9.17
c8bf9756f062e791,1X2 & Total,30093,1 / > 2.5,9.24
c8bf9756f062e791,1X2 & Total,30093,X / > 2.5,16.33
c8bf9756f062e791,1X2 & Total,30093,2 / > 2.5,2.35
c8bf9756f062e791,1X2 & Total,30093,1 / < 2.5,12.37
c8bf9756f062e791,1X2 & Total,30093,X / < 2.5,4.91
c8bf9756f062e791,1X2 & Total,30093,2 / < 2.5,4.54
c8bf9756f062e791,1X2 & Total,30093,1 / > 3.5,25.32
c8bf9756f062e791,1X2 & Total,30093,X / > 3.5,16.33
c8bf9756f062e791,1X2 & Total,30093,2 / > 3.5,4.64
c8bf9756f062e791,1X2 & Total,30093,1 / < 3.5,6.68
c8bf9756f062e791,1X2 & Total,30093,X / < 3.5,4.91
c8bf9756f062e791,1X2 & Total,30093,2 / < 3.5,2.32
c8bf9756f062e791,1X2 & G/NG,30094,1 gagne et les deux équipes marquent,10.14
c8bf9756f062e791,1X2 & G/NG,30094,1 gagne et seulement  1  marque,10.65
c8bf9756f062e791,1X2 & G/NG,30094,X et les deux équipes marquent,5.24
c8bf9756f062e791,1X2 & G/NG,30094,X et aucun but,12.72
c8bf9756f062e791,1X2 & G/NG,30094,2 gagne et les deux équipes marquent,3.44
c8bf9756f062e791,1X2 & G/NG,30094,2 gagne et seulement 2 marque,2.72
c8bf9756f062e791,Total equipe domicile,30095,> 0.5,1.57
c8bf9756f062e791,Total equipe domicile,30095,< 0.5,2.37
c8bf9756f062e791,Total equipe domicile,30095,> 1.5,4.41
c8bf9756f062e791,Total equipe domicile,30095,< 1.5,1.2
c8bf9756f062e791,Total equipe domicile,30095,> 2.5,19.5
c8bf9756f062e791,Total equipe domicile,30095,< 2.5,0.99
c8bf9756f062e791,Total equipe domicile,30095,> 3.5,100.0
c8bf9756f062e791,Total equipe domicile,30095,< 3.5,0.95
c8bf9756f062e791,Total equipe extérieur,30096,> 0.5,1.12
c8bf9756f062e791,Total equipe extérieur,30096,< 0.5,6.13
c8bf9756f062e791,Total equipe extérieur,30096,> 1.5,1.69
c8bf9756f062e791,Total equipe extérieur,30096,< 1.5,2.14
c8bf9756f062e791,Total equipe extérieur,30096,> 2.5,3.41
c8bf9756f062e791,Total equipe extérieur,30096,< 2.5,1.3
c8bf9756f062e791,Total equipe extérieur,30096,> 3.5,9.77
c8bf9756f062e791,Total equipe extérieur,30096,< 3.5,1.04
c8bf9756f062e791,G/NG equipe domicile,30097,Oui,1.57
c8bf9756f062e791,G/NG equipe domicile,30097,Non,2.37
c8bf9756f062e791,G/NG equipe extérieur,30098,Oui,1.12
c8bf9756f062e791,G/NG equipe extérieur,30098,Non,6.13
c8bf9756f062e791,Pair/Impair,30099,Impair,1.88
c8bf9756f062e791,Pair/Impair,30099,Pair,1.82
c8bf9756f062e791,Minute du premier but,30100,1-15,4.49
c8bf9756f062e791,Minute du premier but,30100,16-30,3.0
c8bf9756f062e791,Minute du premier but,30100,31-45,5.07
c8bf9756f062e791,Minute du premier but,30100,46-60,7.04
c8bf9756f062e791,Minute du premier but,30100,61-75,12.68
c8bf9756f062e791,Minute du premier but,30100,76-90,14.94
c8bf9756f062e791,Minute du premier but,30100,Pas de but,12.72
c8bf9756f062e791,FTTS,30101,1,2.57
c8bf9756f062e791,FTTS,30101,2,1.53
c8bf9756f062e791,FTTS,30101,Pas de but,12.72
c8bf9756f062e791,Multi-Buts,30102,"Le total de buts est de 0, 1 ou 2",1.98
c8bf9756f062e791,Multi-Buts,30102,"Le total de buts est de 1, 2 ou 3",1.42
c8bf9756f062e791,Multi-Buts,30102,"Le total de buts est de 2, 3 ou 4",1.36
c8bf9756f062e791,Multi-Buts,30102,Le total de buts est supérieur à 4,8.06
c8bf9756f062e791,2ème mi-tps - CS,30105,0-0,3.94
c8bf9756f062e791,2ème mi-tps - CS,30105,0-1,5.02
c8bf9756f062e791,2ème mi-tps - CS,30105,0-2,6.59
c8bf9756f062e791,2ème mi-tps - CS,30105,0-3,12.97
c8bf9756f062e791,2ème mi-tps - CS,30105,1-0,9.61
c8bf9756f062e791,2ème mi-tps - CS,30105,1-1,5.44
c8bf9756f062e791,2ème mi-tps - CS,30105,1-2,10.71
c8bf9756f062e791,2ème mi-tps - CS,30105,2-0,27.71
c8bf9756f062e791,2ème mi-tps - CS,30105,2-1,23.51
c8bf9756f062e791,2ème mi-tps - CS,30105,3-0,100.0
f1c9b117bf1d65bd,1X2,30083,1,2.21
f1c9b117bf1d65bd,1X2,30083,X,3.11
f1c9b117bf1d65bd,1X2,30083,2,3.5
f1c9b117bf1d65bd,Mi-tps 1X2,30084,1,3.21
f1c9b117bf1d65bd,Mi-tps 1X2,30084,X,1.8
f1c9b117bf1d65bd,Mi-tps 1X2,30084,2,4.7
f1c9b117bf1d65bd,Double Chance,30085,1X,1.27
f1c9b117bf1d65bd,Double Chance,30085,X2,1.62
f1c9b117bf1d65bd,Double Chance,30085,12,1.33
f1c9b117bf1d65bd,Mi-tps DC,30086,1X,1.15
f1c9b117bf1d65bd,Mi-tps DC,30086,X2,1.3
f1c9b117bf1d65bd,Mi-tps DC,30086,12,1.91
f1c9b117bf1d65bd,Score exact,30081,0-0,8.24
f1c9b117bf1d65bd,Score exact,30081,0-1,10.59
f1c9b117bf1d65bd,Score exact,30081,0-2,20.13
f1c9b117bf1d65bd,Score exact,30081,0-3,52.46
f1c9b117bf1d65bd,Score exact,30081,0-4,100.0
f1c9b117bf1d65bd,Score exact,30081,0-5,100.0
f1c9b117bf1d65bd,Score exact,30081,0-6,100.0
f1c9b117bf1d65bd,Score exact,30081,1-0,8.01
f1c9b117bf1d65bd,Score exact,30081,1-1,6.29
f1c9b117bf1d65bd,Score exact,30081,1-2,12.09
f1c9b117bf1d65bd,Score exact,30081,1-3,38.01
f1c9b117bf1d65bd,Score exact,30081,1-4,100.0
f1c9b117bf1d65bd,Score exact,30081,1-5,100.0
f1c9b117bf1d65bd,Score exact,30081,2-0,11.31
f1c9b117bf1d65bd,Score exact,30081,2-1,9.01
f1c9b117bf1d65bd,Score exact,30081,2-2,17.95
f1c9b117bf1d65bd,Score exact,30081,2-3,62.74
f1c9b117bf1d65bd,Score exact,30081,2-4,100.0
f1c9b117bf1d65bd,Score exact,30081,3-0,21.8
f1c9b117bf1d65bd,Score exact,30081,3-1,21.02
f1c9b117bf1d65bd,Score exact,30081,3-2,46.4
f1c9b117bf1d65bd,Score exact,30081,3-3,100.0
f1c9b117bf1d65bd,Score exact,30081,4-0,67.58
f1c9b117bf1d65bd,Score exact,30081,4-1,69.05
f1c9b117bf1d65bd,Score exact,30081,4-2,100.0
f1c9b117bf1d65bd,Score exact,30081,5-0,100.0
f1c9b117bf1d65bd,Score exact,30081,5-1,100.0
f1c9b117bf1d65bd,Score exact,30081,6-0,100.0
f1c9b117bf1d65bd,Mi-tps CS,30082,0-0,2.27
f1c9b117bf1d65bd,Mi-tps CS,30082,0-1,6.72
f1c9b117bf1d65bd,Mi-tps CS,30082,0-2,23.92
f1c9b117bf1d65bd,Mi-tps CS,30082,0-3,100.0
f1c9b117bf1d65bd,Mi-tps CS,30082,1-0,5.05
f1c9b117bf1d65bd,Mi-tps CS,30082,1-1,6.65
f1c9b117bf1d65bd,Mi-tps CS,30082,1-2,35.5
f1c9b117bf1d65bd,Mi-tps CS,30082,2-0,13.17
f1c9b117bf1d65bd,Mi-tps CS,30082,2-1,26.05
f1c9b117bf1d65bd,Mi-tps CS,30082,3-0,51.56
f1c9b117bf1d65bd,+/-,30087,> 0.5,1.06
f1c9b117bf1d65bd,+/-,30087,< 0.5,8.71
f1c9b117bf1d65bd,+/-,30087,> 1.5,1.36
f1c9b117bf1d65bd,+/-,30087,< 1.5,3.1
f1c9b117bf1d65bd,+/-,30087,> 2.5,2.19
f1c9b117bf1d65bd,+/-,30087,< 2.5,1.66
f1c9b117bf1d65bd,+/-,30087,> 3.5,4.72
f1c9b117bf1d65bd,+/-,30087,< 3.5,1.18
f1c9b117bf1d65bd,HT/FT,30089,1/1,3.74
f1c9b117bf1d65bd,HT/FT,30089,1/X,23.93
f1c9b117bf1d65bd,HT/FT,30089,1/2,69.59
f1c9b117bf1d65bd,HT/FT,30089,X/1,5.24
f1c9b117bf1d65bd,HT/FT,30089,X/X,3.9
f1c9b117bf1d65bd,HT/FT,30089,X/2,7.75
f1c9b117bf1d65bd,HT/FT,30089,2/1,48.76
f1c9b117bf1d65bd,HT/FT,30089,2/X,24.18
f1c9b117bf1d65bd,HT/FT,30089,2/2,6.3
f1c9b117bf1d65bd,Total de buts,30090,0,8.24
f1c9b117bf1d65bd,Total de buts,30090,1,4.56
f1c9b117bf1d65bd,Total de buts,30090,2,3.37
f1c9b117bf1d65bd,Total de buts,30090,3,3.87
f1c9b117bf1d65bd,Total de buts,30090,4,6.71
f1c9b117bf1d65bd,Total de buts,30090,5,16.02
f1c9b117bf1d65bd,Total de buts,30090,6,80.2
f1c9b117bf1d65bd,G/NG,30091,Oui,1.91
f1c9b117bf1d65bd,G/NG,30091,Non,1.86
f1c9b117bf1d65bd,Les deux équipes marquent / 1ère mi temps,30092,Oui,5.0
f1c9b117bf1d65bd,Les deux équipes marquent / 1ère mi temps,30092,Non,1.16
f1c9b117bf1d65bd,1X2 & Total,30093,1 / > 1.5,2.88
f1c9b117bf1d65bd,1X2 & Total,30093,X / > 1.5,4.67
f1c9b117bf1d65bd,1X2 & Total,30093,2 / > 1.5,4.9
f1c9b117bf1d65bd,1X2 & Total,30093,1 / < 1.5,8.16
f1c9b117bf1d65bd,1X2 & Total,30093,X / < 1.5,8.39
f1c9b117bf1d65bd,1X2 & Total,30093,2 / < 1.5,10.78
f1c9b117bf1d65bd,1X2 & Total,30093,1 / > 2.5,3.84
f1c9b117bf1d65bd,1X2 & Total,30093,X / > 2.5,17.2
f1c9b117bf1d65bd,1X2 & Total,30093,2 / > 2.5,6.44
f1c9b117bf1d65bd,1X2 & Total,30093,1 / < 2.5,4.78
f1c9b117bf1d65bd,1X2 & Total,30093,X / < 2.5,3.63
f1c9b117bf1d65bd,1X2 & Total,30093,2 / < 2.5,7.07
f1c9b117bf1d65bd,1X2 & Total,30093,1 / > 3.5,9.39
f1c9b117bf1d65bd,1X2 & Total,30093,X / > 3.5,17.2
f1c9b117bf1d65bd,1X2 & Total,30093,2 / > 3.5,18.1
f1c9b117bf1d65bd,1X2 & Total,30093,1 / < 3.5,2.75
f1c9b117bf1d65bd,1X2 & Total,30093,X / < 3.5,3.63
f1c9b117bf1d65bd,1X2 & Total,30093,2 / < 3.5,4.14
f1c9b117bf1d65bd,1X2 & G/NG,30094,1 gagne et les deux équipes marquent,4.99
f1c9b117bf1d65bd,1X2 & G/NG,30094,1 gagne et seulement  1  marque,3.6
f1c9b117bf1d65bd,1X2 & G/NG,30094,X et les deux équipes marquent,4.59
f1c9b117bf1d65bd,1X2 & G/NG,30094,X et aucun but,8.24
f1c9b117bf1d65bd,1X2 & G/NG,30094,2 gagne et les deux équipes marquent,7.49
f1c9b117bf1d65bd,1X2 & G/NG,30094,2 gagne et seulement 2 marque,5.93
f1c9b117bf1d65bd,Total equipe domicile,30095,> 0.5,1.27
f1c9b117bf1d65bd,Total equipe domicile,30095,< 0.5,3.64
f1c9b117bf1d65bd,Total equipe domicile,30095,> 1.5,2.45
f1c9b117bf1d65bd,Total equipe domicile,30095,< 1.5,1.53
f1c9b117bf1d65bd,Total equipe domicile,30095,> 2.5,6.7
f1c9b117bf1d65bd,Total equipe domicile,30095,< 2.5,1.1
f1c9b117bf1d65bd,Total equipe domicile,30095,> 3.5,26.92
f1c9b117bf1d65bd,Total equipe domicile,30095,< 3.5,0.98
f1c9b117bf1d65bd,Total equipe extérieur,30096,> 0.5,1.47
f1c9b117bf1d65bd,Total equipe extérieur,30096,< 0.5,2.65
f1c9b117bf1d65bd,Total equipe extérieur,30096,> 1.5,3.62
f1c9b117bf1d65bd,Total equipe extérieur,30096,< 1.5,1.28
f1c9b117bf1d65bd,Total equipe extérieur,30096,> 2.5,13.41
f1c9b117bf1d65bd,Total equipe extérieur,30096,< 2.5,1.01
f1c9b117bf1d65bd,Total equipe extérieur,30096,> 3.5,75.47
f1c9b117bf1d65bd,Total equipe extérieur,30096,< 3.5,0.96
f1c9b117bf1d65bd,G/NG equipe domicile,30097,Oui,1.27
f1c9b117bf1d65bd,G/NG equipe domicile,30097,Non,3.64
f1c9b117bf1d65bd,G/NG equipe extérieur,30098,Oui,1.47
f1c9b117bf1d65bd,G/NG equipe extérieur,30098,Non,2.65
f1c9b117bf1d65bd,Pair/Impair,30099,Impair,1.92
f1c9b117bf1d65bd,Pair/Impair,30099,Pair,1.79
f1c9b117bf1d65bd,Minute du premier but,30100,1-15,5.02
f1c9b117bf1d65bd,Minute du premier but,30100,16-30,3.28
f1c9b117bf1d65bd,Minute du premier but,30100,31-45,5.27
f1c9b117bf1d65bd,Minute du premier but,30100,46-60,6.86
f1c9b117bf1d65bd,Minute du premier but,30100,61-75,11.84
f1c9b117bf1d65bd,Minute du premier but,30100,76-90,13.48
f1c9b117bf1d65bd,Minute du premier but,30100,Pas de but,8.24
f1c9b117bf1d65bd,FTTS,30101,1,1.82
f1c9b117bf1d65bd,FTTS,30101,2,2.23
f1c9b117bf1d65bd,FTTS,30101,Pas de but,8.24
f1c9b117bf1d65bd,Multi-Buts,30102,"Le total de buts est de 0, 1 ou 2",1.6
f1c9b117bf1d65bd,Multi-Buts,30102,"Le total de buts est de 1, 2 ou 3",1.31
f1c9b117bf1d65bd,Multi-Buts,30102,"Le total de buts est de 2, 3 ou 4",1.44
f1c9b117bf1d65bd,Multi-Buts,30102,Le total de buts est supérieur à 4,13.6
f1c9b117bf1d65bd,2ème mi-tps - CS,30105,0-0,3.08
f1c9b117bf1d65bd,2ème mi-tps - CS,30105,0-1,6.98
f1c9b117bf1d65bd,2ème mi-tps - CS,30105,0-2,18.56
f1c9b117bf1d65bd,2ème mi-tps - CS,30105,0-3,74.04
f1c9b117bf1d65bd,2ème mi-tps - CS,30105,1-0,5.32
f1c9b117bf1d65bd,2ème mi-tps - CS,30105,1-1,5.35
f1c9b117bf1d65bd,2ème mi-tps - CS,30105,1-2,21.35
f1c9b117bf1d65bd,2ème mi-tps - CS,30105,2-0,10.39
f1c9b117bf1d65bd,2ème mi-tps - CS,30105,2-1,15.68
f1c9b117bf1d65bd,2ème mi-tps - CS,30105,3-0,30.44
f294ae66924293b4,1X2,30083,1,1.26
f294ae66924293b4,1X2,30083,X,5.33
f294ae66924293b4,1X2,30083,2,12.35
f294ae66924293b4,Mi-tps 1X2,30084,1,1.79
f294ae66924293b4,Mi-tps 1X2,30084,X,2.3
f294ae66924293b4,Mi-tps 1X2,30084,2,11.68
f294ae66924293b4,Double Chance,30085,1X,1.0
f294ae66924293b4,Double Chance,30085,X2,3.65
f294ae66924293b4,Double Chance,30085,12,1.13
f294ae66924293b4,Mi-tps DC,30086,1X,1.01
f294ae66924293b4,Mi-tps DC,30086,X2,1.92
f294ae66924293b4,Mi-tps DC,30086,12,1.55
f294ae66924293b4,Score exact,30081,0-0,13.59
f294ae66924293b4,Score exact,30081,0-1,29.62
f294ae66924293b4,Score exact,30081,0-2,97.14
f294ae66924293b4,Score exact,30081,0-3,100.0
f294ae66924293b4,Score exact,30081,0-4,100.0
f294ae66924293b4,Score exact,30081,0-5,100.0
f294ae66924293b4,Score exact,30081,0-6,100.0
f294ae66924293b4,Score exact,30081,1-0,8.24
f294ae66924293b4,Score exact,30081,1-1,11.0
f294ae66924293b4,Score exact,30081,1-2,36.35
f294ae66924293b4,Score exact,30081,1-3,100.0
f294ae66924293b4,Score exact,30081,1-4,100.0
f294ae66924293b4,Score exact,30081,1-5,100.0
f294ae66924293b4,Score exact,30081,2-0,6.52
f294ae66924293b4,Score exact,30081,2-1,9.0
f294ae66924293b4,Score exact,30081,2-2,31.54
f294ae66924293b4,Score exact,30081,2-3,100.0
f294ae66924293b4,Score exact,30081,2-4,100.0
f294ae66924293b4,Score exact,30081,3-0,6.94
f294ae66924293b4,Score exact,30081,3-1,11.81
f294ae66924293b4,Score exact,30081,3-2,45.16
f294ae66924293b4,Score exact,30081,3-3,100.0
f294ae66924293b4,Score exact,30081,4-0,12.1
f294ae66924293b4,Score exact,30081,4-1,21.09
f294ae66924293b4,Score exact,30081,4-2,100.0
f294ae66924293b4,Score exact,30081,5-0,25.79
f294ae66924293b4,Score exact,30081,5-1,76.81
f294ae66924293b4,Score exact,30081,6-0,93.92
f294ae66924293b4,Mi-tps CS,30082,0-0,2.86
f294ae66924293b4,Mi-tps CS,30082,0-1,14.82
f294ae66924293b4,Mi-tps CS,30082,0-2,94.21
f294ae66924293b4,Mi-tps CS,30082,0-3,100.0
f294ae66924293b4,Mi-tps CS,30082,1-0,3.8
f294ae66924293b4,Mi-tps CS,30082,1-1,8.76
f294ae66924293b4,Mi-tps CS,30082,1-2,83.5
f294ae66924293b4,Mi-tps CS,30082,2-0,5.32
f294ae66924293b4,Mi-tps CS,30082,2-1,18.39
f294ae66924293b4,Mi-tps CS,30082,3-0,11.17
f294ae66924293b4,+/-,30087,> 0.5,1.01
f294ae66924293b4,+/-,30087,< 0.5,14.36
f294ae66924293b4,+/-,30087,> 1.5,1.19
f294ae66924293b4,+/-,30087,< 1.5,4.62
f294ae66924293b4,+/-,30087,> 2.5,1.66
f294ae66924293b4,+/-,30087,< 2.5,2.19
f294ae66924293b4,+/-,30087,> 3.5,3.0
f294ae66924293b4,+/-,30087,< 3.5,1.38
f294ae66924293b4,HT/FT,30089,1/1,1.82
f294ae66924293b4,HT/FT,30089,1/X,39.29
f294ae66924293b4,HT/FT,30089,1/2,100.0
f294ae66924293b4,HT/FT,30089,X/1,3.82
f294ae66924293b4,HT/FT,30089,X/X,6.67
f294ae66924293b4,HT/FT,30089,X/2,24.93
f294ae66924293b4,HT/FT,30089,2/1,39.54
f294ae66924293b4,HT/FT,30089,2/X,43.71
f294ae66924293b4,HT/FT,30089,2/2,24.61
f294ae66924293b4,Total de buts,30090,0,13.59
f294ae66924293b4,Total de buts,30090,1,6.45
f294ae66924293b4,Total de buts,30090,2,3.93
f294ae66924293b4,Total de buts,30090,3,3.51
f294ae66924293b4,Total de buts,30090,4,4.89
f294ae66924293b4,Total de buts,30090,5,8.75
f294ae66924293b4,Total de buts,30090,6,30.28
f294ae66924293b4,G/NG,30091,Oui,2.35
f294ae66924293b4,G/NG,30091,Non,1.57
f294ae66924293b4,Les deux équipes marquent / 1ère mi temps,30092,Oui,6.01
f294ae66924293b4,Les deux équipes marquent / 1ère mi temps,30092,Non,1.12
f294ae66924293b4,1X2 & Total,30093,1 / > 1.5,1.42
f294ae66924293b4,1X2 & Total,30093,X / > 1.5,8.16
f294ae66924293b4,1X2 & Total,30093,2 / > 1.5,19.66
f294ae66924293b4,1X2 & Total,30093,1 / < 1.5,8.39
f294ae66924293b4,1X2 & Total,30093,X / < 1.5,13.84
f294ae66924293b4,1X2 & Total,30093,2 / < 1.5,30.16
f294ae66924293b4,1X2 & Total,30093,1 / > 2.5,1.81
f294ae66924293b4,1X2 & Total,30093,X / > 2.5,30.15
f294ae66924293b4,1X2 & Total,30093,2 / > 2.5,24.54
f294ae66924293b4,1X2 & Total,30093,1 / < 2.5,3.71
f294ae66924293b4,1X2 & Total,30093,X / < 2.5,6.19
f294ae66924293b4,1X2 & Total,30093,2 / < 2.5,23.11
f294ae66924293b4,1X2 & Total,30093,1 / > 3.5,3.32
f294ae66924293b4,1X2 & Total,30093,X / > 3.5,30.15
f294ae66924293b4,1X2 & Total,30093,2 / > 3.5,87.07
f294ae66924293b4,1X2 & Total,30093,1 / < 3.5,1.92
f294ae66924293b4,1X2 & Total,30093,X / < 3.5,6.19
f294ae66924293b4,1X2 & Total,30093,2 / < 3.5,13.79
f294ae66924293b4,1X2 & G/NG,30094,1 gagne et les deux équipes marquent,3.51
f294ae66924293b4,1X2 & G/NG,30094,1 gagne et seulement  1  marque,1.82
f294ae66924293b4,1X2 & G/NG,30094,X et les deux équipes marquent,8.02
f294ae66924293b4,1X2 & G/NG,30094,X et aucun but,13.59
f294ae66924293b4,1X2 & G/NG,30094,2 gagne et les deux équipes marquent,25.74
f294ae66924293b4,1X2 & G/NG,30094,2 gagne et seulement 2 marque,21.42
f294ae66924293b4,Total equipe domicile,30095,> 0.5,1.06
f294ae66924293b4,Total equipe domicile,30095,< 0.5,8.79
f294ae66924293b4,Total equipe domicile,30095,> 1.5,1.4
f294ae66924293b4,Total equipe domicile,30095,< 1.5,2.89
f294ae66924293b4,Total equipe domicile,30095,> 2.5,2.34
f294ae66924293b4,Total equipe domicile,30095,< 2.5,1.58
f294ae66924293b4,Total equipe domicile,30095,> 3.5,5.3
f294ae66924293b4,Total equipe domicile,30095,< 3.5,1.15
f294ae66924293b4,Total equipe extérieur,30096,> 0.5,2.13
f294ae66924293b4,Total equipe extérieur,30096,< 0.5,1.69
f294ae66924293b4,Total equipe extérieur,30096,> 1.5,9.22
f294ae66924293b4,Total equipe extérieur,30096,< 1.5,1.05
f294ae66924293b4,Total equipe extérieur,30096,> 2.5,65.87
f294ae66924293b4,Total equipe extérieur,30096,< 2.5,0.96
f294ae66924293b4,Total equipe extérieur,30096,> 3.5,100.0
f294ae66924293b4,Total equipe extérieur,30096,< 3.5,0.94
f294ae66924293b4,G/NG equipe domicile,30097,Oui,1.06
f294ae66924293b4,G/NG equipe domicile,30097,Non,8.79
f294ae66924293b4,G/NG equipe extérieur,30098,Oui,2.13
f294ae66924293b4,G/NG equipe extérieur,30098,Non,1.69
f294ae66924293b4,Pair/Impair,30099,Impair,1.87
f294ae66924293b4,Pair/Impair,30099,Pair,1.83
f294ae66924293b4,Minute du premier but,30100,1-15,4.57
f294ae66924293b4,Minute du premier but,30100,16-30,3.02
f294ae66924293b4,Minute du premier but,30100,31-45,5.01
f294ae66924293b4,Minute du premier but,30100,46-60,6.98
f294ae66924293b4,Minute du premier but,30100,61-75,12.15
f294ae66924293b4,Minute du premier but,30100,76-90,13.92
f294ae66924293b4,Minute du premier but,30100,Pas de but,13.59
f294ae66924293b4,FTTS,30101,1,1.31
f294ae66924293b4,FTTS,30101,2,3.54
f294ae66924293b4,FTTS,30101,Pas de but,13.59
f294ae66924293b4,Multi-Buts,30102,"Le total de buts est de 0, 1 ou 2",2.11
f294ae66924293b4,Multi-Buts,30102,"Le total de buts est de 1, 2 ou 3",1.47
f294ae66924293b4,Multi-Buts,30102,"Le total de buts est de 2, 3 ou 4",1.37
f294ae66924293b4,Multi-Buts,30102,Le total de buts est supérieur à 4,6.91
f294ae66924293b4,2ème mi-tps - CS,30105,0-0,4.03
f294ae66924293b4,2ème mi-tps - CS,30105,0-1,15.14
f294ae66924293b4,2ème mi-tps - CS,30105,0-2,69.1
f294ae66924293b4,2ème mi-tps - CS,30105,0-3,100.0
f294ae66924293b4,2ème mi-tps - CS,30105,1-0,4.49
f294ae66924293b4,2ème mi-tps - CS,30105,1-1,7.51
f294ae66924293b4,2ème mi-tps - CS,30105,1-2,51.38
f294ae66924293b4,2ème mi-tps - CS,30105,2-0,4.62
f294ae66924293b4,2ème mi-tps - CS,30105,2-1,11.58
f294ae66924293b4,2ème mi-tps - CS,30105,3-0,7.12
bfcb8de5e166c336,1X2,30083,1,1.67
bfcb8de5e166c336,1X2,30083,X,3.91
bfcb8de5e166c336,1X2,30083,2,4.88
bfcb8de5e166c336,Mi-tps 1X2,30084,1,2.36
bfcb8de5e166c336,Mi-tps 1X2,30084,X,2.07
bfcb8de5e166c336,Mi-tps 1X2,30084,2,5.71
bfcb8de5e166c336,Double Chance,30085,1X,1.15
bfcb8de5e166c336,Double Chance,30085,X2,2.13
bfcb8de5e166c336,Double Chance,30085,12,1.22
bfcb8de5e166c336,Mi-tps DC,30086,1X,1.11
bfcb8de5e166c336,Mi-tps DC,30086,X2,1.52
bfcb8de5e166c336,Mi-tps DC,30086,12,1.67
bfcb8de5e166c336,Score exact,30081,0-0,14.19
bfcb8de5e166c336,Score exact,30081,0-1,18.0
bfcb8de5e166c336,Score exact,30081,0-2,33.74
bfcb8de5e166c336,Score exact,30081,0-3,86.69
bfcb8de5e166c336,Score exact,30081,0-4,100.0
bfcb8de5e166c336,Score exact,30081,0-5,100.0
bfcb8de5e166c336,Score exact,30081,0-6,100.0
bfcb8de5e166c336,Score exact,30081,1-0,10.0
bfcb8de5e166c336,Score exact,30081,1-1,7.76
bfcb8de5e166c336,Score exact,30081,1-2,14.71
bfcb8de5e166c336,Score exact,30081,1-3,45.73
bfcb8de5e166c336,Score exact,30081,1-4,100.0
bfcb8de5e166c336,Score exact,30081,1-5,100.0
bfcb8de5e166c336,Score exact,30081,2-0,9.72
bfcb8de5e166c336,Score exact,30081,2-1,7.72
bfcb8de5e166c336,Score exact,30081,2-2,15.41
bfcb8de5e166c336,Score exact,30081,2-3,53.31
bfcb8de5e166c336,Score exact,30081,2-4,100.0
bfcb8de5e166c336,Score exact,30081,3-0,12.8
bfcb8de5e166c336,Score exact,30081,3-1,12.45
bfcb8de5e166c336,Score exact,30081,3-2,27.32
bfcb8de5e166c336,Score exact,30081,3-3,100.0
bfcb8de5e166c336,Score exact,30081,4-0,27.44
bfcb8de5e166c336,Score exact,30081,4-1,27.81
bfcb8de5e166c336,Score exact,30081,4-2,100.0
bfcb8de5e166c336,Score exact,30081,5-0,74.02
bfcb8de5e166c336,Score exact,30081,5-1,100.0
bfcb8de5e166c336,Score exact,30081,6-0,100.0
bfcb8de5e166c336,Mi-tps CS,30082,0-0,2.87
bfcb8de5e166c336,Mi-tps CS,30082,0-1,8.56
bfcb8de5e166c336,Mi-tps CS,30082,0-2,30.57
bfcb8de5e166c336,Mi-tps CS,30082,0-3,100.0
bfcb8de5e166c336,Mi-tps CS,30082,1-0,4.57
bfcb8de5e166c336,Mi-tps CS,30082,1-1,6.06
bfcb8de5e166c336,Mi-tps CS,30082,1-2,32.46
bfcb8de5e166c336,Mi-tps CS,30082,2-0,8.11
bfcb8de5e166c336,Mi-tps CS,30082,2-1,16.11
bfcb8de5e166c336,Mi-tps CS,30082,3-0,21.59
bfcb8de5e166c336,+/-,30087,> 0.5,1.01
bfcb8de5e166c336,+/-,30087,< 0.5,14.99
bfcb8de5e166c336,+/-,30087,> 1.5,1.18
bfcb8de5e166c336,+/-,30087,< 1.5,4.67
bfcb8de5e166c336,+/-,30087,> 2.5,1.67
bfcb8de5e166c336,+/-,30087,< 2.5,2.17
bfcb8de5e166c336,+/-,30087,> 3.5,3.06
bfcb8de5e166c336,+/-,30087,< 3.5,1.36
bfcb8de5e166c336,HT/FT,30089,1/1,2.61
bfcb8de5e166c336,HT/FT,30089,1/X,23.66
bfcb8de5e166c336,HT/FT,30089,1/2,73.51
bfcb8de5e166c336,HT/FT,30089,X/1,4.53
bfcb8de5e166c336,HT/FT,30089,X/X,5.33
bfcb8de5e166c336,HT/FT,30089,X/2,10.94
bfcb8de5e166c336,HT/FT,30089,2/1,33.76
bfcb8de5e166c336,HT/FT,30089,2/X,24.74
bfcb8de5e166c336,HT/FT,30089,2/2,8.96
bfcb8de5e166c336,Total de buts,30090,0,14.19
bfcb8de5e166c336,Total de buts,30090,1,6.43
bfcb8de5e166c336,Total de buts,30090,2,3.82
bfcb8de5e166c336,Total de buts,30090,3,3.48
bfcb8de5e166c336,Total de buts,30090,4,4.85
bfcb8de5e166c336,Total de buts,30090,5,9.06
bfcb8de5e166c336,Total de buts,30090,6,34.76
bfcb8de5e166c336,G/NG,30091,Oui,1.72
bfcb8de5e166c336,G/NG,30091,Non,2.09
bfcb8de5e166c336,Les deux équipes marquent / 1ère mi temps,30092,Oui,4.21
bfcb8de5e166c336,Les deux équipes marquent / 1ère mi temps,30092,Non,1.22
bfcb8de5e166c336,1X2 & Total,30093,1 / > 1.5,1.91
bfcb8de5e166c336,1X2 & Total,30093,X / > 1.5,5.1
bfcb8de5e166c336,1X2 & Total,30093,2 / > 1.5,6.32
bfcb8de5e166c336,1X2 & Total,30093,1 / < 1.5,10.18
bfcb8de5e166c336,1X2 & Total,30093,X / < 1.5,14.44
bfcb8de5e166c336,1X2 & Total,30093,2 / < 1.5,18.33
bfcb8de5e166c336,1X2 & Total,30093,1 / > 2.5,2.37
bfcb8de5e166c336,1X2 & Total,30093,X / > 2.5,14.37
bfcb8de5e166c336,1X2 & Total,30093,2 / > 2.5,7.75
bfcb8de5e166c336,1X2 & Total,30093,1 / < 2.5,5.02
bfcb8de5e166c336,1X2 & Total,30093,X / < 2.5,5.11
bfcb8de5e166c336,1X2 & Total,30093,2 / < 2.5,11.95
bfcb8de5e166c336,1X2 & Total,30093,1 / > 3.5,4.57
bfcb8de5e166c336,1X2 & Total,30093,X / > 3.5,14.37
bfcb8de5e166c336,1X2 & Total,30093,2 / > 3.5,19.64
bfcb8de5e166c336,1X2 & Total,30093,1 / < 3.5,2.48
bfcb8de5e166c336,1X2 & Total,30093,X / < 3.5,5.11
bfcb8de5e166c336,1X2 & Total,30093,2 / < 3.5,6.18
bfcb8de5e166c336,1X2 & G/NG,30094,1 gagne et les deux équipes marquent,3.34
bfcb8de5e166c336,1X2 & G/NG,30094,1 gagne et seulement  1  marque,2.99
bfcb8de5e166c336,1X2 & G/NG,30094,X et les deux équipes marquent,5.01
bfcb8de5e166c336,1X2 & G/NG,30094,X et aucun but,14.19
bfcb8de5e166c336,1X2 & G/NG,30094,2 gagne et les deux équipes marquent,8.58
bfcb8de5e166c336,1X2 & G/NG,30094,2 gagne et seulement 2 marque,9.99
bfcb8de5e166c336,Total equipe domicile,30095,> 0.5,1.11
bfcb8de5e166c336,Total equipe domicile,30095,< 0.5,6.19
bfcb8de5e166c336,Total equipe domicile,30095,> 1.5,1.69
bfcb8de5e166c336,Total equipe domicile,30095,< 1.5,2.14
bfcb8de5e166c336,Total equipe domicile,30095,> 2.5,3.44
bfcb8de5e166c336,Total equipe domicile,30095,< 2.5,1.3
bfcb8de5e166c336,Total equipe domicile,30095,> 3.5,9.99
bfcb8de5e166c336,Total equipe domicile,30095,< 3.5,1.04
bfcb8de5e166c336,Total equipe extérieur,30096,> 0.5,1.48
bfcb8de5e166c336,Total equipe extérieur,30096,< 0.5,2.61
bfcb8de5e166c336,Total equipe extérieur,30096,> 1.5,3.81
bfcb8de5e166c336,Total equipe extérieur,30096,< 1.5,1.25
bfcb8de5e166c336,Total equipe extérieur,30096,> 2.5,15.23
bfcb8de5e166c336,Total equipe extérieur,30096,< 2.5,1.01
bfcb8de5e166c336,Total equipe extérieur,30096,> 3.5,94.21
bfcb8de5e166c336,Total equipe extérieur,30096,< 3.5,0.95
bfcb8de5e166c336,G/NG equipe domicile,30097,Oui,1.11
bfcb8de5e166c336,G/NG equipe domicile,30097,Non,6.19
bfcb8de5e166c336,G/NG equipe extérieur,30098,Oui,1.48
bfcb8de5e166c336,G/NG equipe extérieur,30098,Non,2.61
bfcb8de5e166c336,Pair/Impair,30099,Impair,1.88
bfcb8de5e166c336,Pair/Impair,30099,Pair,1.83
bfcb8de5e166c336,Minute du premier but,30100,1-15,4.33
bfcb8de5e166c336,Minute du premier but,30100,16-30,2.92
bfcb8de5e166c336,Minute du premier but,30100,31-45,5.05
bfcb8de5e166c336,Minute du premier but,30100,46-60,7.21
bfcb8de5e166c336,Minute du premier but,30100,61-75,13.19
bfcb8de5e166c336,Minute du premier but,30100,76-90,15.75
bfcb8de5e166c336,Minute du premier but,30100,Pas de but,14.19
bfcb8de5e166c336,FTTS,30101,1,1.57
bfcb8de5e166c336,FTTS,30101,2,2.42
bfcb8de5e166c336,FTTS,30101,Pas de but,14.19
bfcb8de5e166c336,Multi-Buts,30102,"Le total de buts est de 0, 1 ou 2",2.09
bfcb8de5e166c336,Multi-Buts,30102,"Le total de buts est de 1, 2 ou 3",1.45
bfcb8de5e166c336,Multi-Buts,30102,"Le total de buts est de 2, 3 ou 4",1.35
bfcb8de5e166c336,Multi-Buts,30102,Le total de buts est supérieur à 4,7.32
bfcb8de5e166c336,2ème mi-tps - CS,30105,0-0,4.18
bfcb8de5e166c336,2ème mi-tps - CS,30105,0-1,9.25
bfcb8de5e166c336,2ème mi-tps - CS,30105,0-2,23.95
bfcb8de5e166c336,2ème mi-tps - CS,30105,0-3,93.02
bfcb8de5e166c336,2ème mi-tps - CS,30105,1-0,5.29
bfcb8de5e166c336,2ème mi-tps - CS,30105,1-1,5.2
bfcb8de5e166c336,2ème mi-tps - CS,30105,1-2,20.18
bfcb8de5e166c336,2ème mi-tps - CS,30105,2-0,6.87
bfcb8de5e166c336,2ème mi-tps - CS,30105,2-1,10.12
bfcb8de5e166c336,2ème mi-tps - CS,30105,3-0,13.38
d128a2043326ac61,1X2,30083,1,3.22
d128a2043326ac61,1X2,30083,X,2.69
d128a2043326ac61,1X2,30083,2,2.65
d128a2043326ac61,Mi-tps 1X2,30084,1,4.76
d128a2043326ac61,Mi-tps 1X2,30084,X,1.59
d128a2043326ac61,Mi-tps 1X2,30084,2,4.14
d128a2043326ac61,Double Chance,30085,1X,1.44
d128a2043326ac61,Double Chance,30085,X2,1.31
d128a2043326ac61,Double Chance,30085,12,1.43
d128a2043326ac61,Mi-tps DC,30086,1X,1.19
d128a2043326ac61,Mi-tps DC,30086,X2,1.15
d128a2043326ac61,Mi-tps DC,30086,12,2.21
d128a2043326ac61,Score exact,30081,0-0,5.36
d128a2043326ac61,Score exact,30081,0-1,6.82
d128a2043326ac61,Score exact,30081,0-2,12.77
d128a2043326ac61,Score exact,30081,0-3,32.81
d128a2043326ac61,Score exact,30081,0-4,100.0
d128a2043326ac61,Score exact,30081,0-5,100.0
d128a2043326ac61,Score exact,30081,0-6,100.0
d128a2043326ac61,Score exact,30081,1-0,7.75
d128a2043326ac61,Score exact,30081,1-1,6.0
d128a2043326ac61,Score exact,30081,1-2,11.42
d128a2043326ac61,Score exact,30081,1-3,36.03
d128a2043326ac61,Score exact,30081,1-4,100.0
d128a2043326ac61,Score exact,30081,1-5,100.0
d128a2043326ac61,Score exact,30081,2-0,16.61
d128a2043326ac61,Score exact,30081,2-1,13.04
d128a2043326ac61,Score exact,30081,2-2,25.93
d128a2043326ac61,Score exact,30081,2-3,90.55
d128a2043326ac61,Score exact,30081,2-4,100.0
d128a2043326ac61,Score exact,30081,3-0,48.89
d128a2043326ac61,Score exact,30081,3-1,46.91
d128a2043326ac61,Score exact,30081,3-2,100.0
d128a2043326ac61,Score exact,30081,3-3,100.0
d128a2043326ac61,Score exact,30081,4-0,100.0
d128a2043326ac61,Score exact,30081,4-1,100.0
d128a2043326ac61,Score exact,30081,4-2,100.0
d128a2043326ac61,Score exact,30081,5-0,100.0
d128a2043326ac61,Score exact,30081,5-1,100.0
d128a2043326ac61,Score exact,30081,6-0,100.0
d128a2043326ac61,Mi-tps CS,30082,0-0,1.81
d128a2043326ac61,Mi-tps CS,30082,0-1,5.58
d128a2043326ac61,Mi-tps CS,30082,0-2,20.68
d128a2043326ac61,Mi-tps CS,30082,0-3,100.0
d128a2043326ac61,Mi-tps CS,30082,1-0,6.24
d128a2043326ac61,Mi-tps CS,30082,1-1,8.55
d128a2043326ac61,Mi-tps CS,30082,1-2,47.49
d128a2043326ac61,Mi-tps CS,30082,2-0,25.97
d128a2043326ac61,Mi-tps CS,30082,2-1,53.37
d128a2043326ac61,Mi-tps CS,30082,3-0,100.0
d128a2043326ac61,+/-,30087,> 0.5,1.13
d128a2043326ac61,+/-,30087,< 0.5,5.67
d128a2043326ac61,+/-,30087,> 1.5,1.61
d128a2043326ac61,+/-,30087,< 1.5,2.29
d128a2043326ac61,+/-,30087,> 2.5,3.0
d128a2043326ac61,+/-,30087,< 2.5,1.38
d128a2043326ac61,+/-,30087,> 3.5,7.68
d128a2043326ac61,+/-,30087,< 3.5,1.08
d128a2043326ac61,HT/FT,30089,1/1,6.02
d128a2043326ac61,HT/FT,30089,1/X,26.99
d128a2043326ac61,HT/FT,30089,1/2,68.67
d128a2043326ac61,HT/FT,30089,X/1,6.67
d128a2043326ac61,HT/FT,30089,X/X,3.12
d128a2043326ac61,HT/FT,30089,X/2,5.52
d128a2043326ac61,HT/FT,30089,2/1,84.61
d128a2043326ac61,HT/FT,30089,2/X,27.87
d128a2043326ac61,HT/FT,30089,2/2,4.93
d128a2043326ac61,Total de buts,30090,0,5.36
d128a2043326ac61,Total de buts,30090,1,3.63
d128a2043326ac61,Total de buts,30090,2,3.28
d128a2043326ac61,Total de buts,30090,3,4.65
d128a2043326ac61,Total de buts,30090,4,10.08
d128a2043326ac61,Total de buts,30090,5,30.19
d128a2043326ac61,Total de buts,30090,6,100.0
d128a2043326ac61,G/NG,30091,Oui,2.32
d128a2043326ac61,G/NG,30091,Non,1.59
d128a2043326ac61,Les deux équipes marquent / 1ère mi temps,30092,Oui,6.92
d128a2043326ac61,Les deux équipes marquent / 1ère mi temps,30092,Non,1.09
d128a2043326ac61,1X2 & Total,30093,1 / > 1.5,5.12
d128a2043326ac61,1X2 & Total,30093,X / > 1.5,4.92
d128a2043326ac61,1X2 & Total,30093,2 / > 1.5,4.04
d128a2043326ac61,1X2 & Total,30093,1 / < 1.5,7.89
d128a2043326ac61,1X2 & Total,30093,X / < 1.5,5.46
d128a2043326ac61,1X2 & Total,30093,2 / < 1.5,6.95
d128a2043326ac61,1X2 & Total,30093,1 / > 2.5,7.34
d128a2043326ac61,1X2 & Total,30093,X / > 2.5,25.38
d128a2043326ac61,1X2 & Total,30093,2 / > 2.5,5.86
d128a2043326ac61,1X2 & Total,30093,1 / < 2.5,5.38
d128a2043326ac61,1X2 & Total,30093,X / < 2.5,2.88
d128a2043326ac61,1X2 & Total,30093,2 / < 2.5,4.53
d128a2043326ac61,1X2 & Total,30093,1 / > 3.5,24.45
d128a2043326ac61,1X2 & Total,30093,X / > 3.5,25.38
d128a2043326ac61,1X2 & Total,30093,2 / > 3.5,18.26
d128a2043326ac61,1X2 & Total,30093,1 / < 3.5,3.55
d128a2043326ac61,1X2 & Total,30093,X / < 3.5,2.88
d128a2043326ac61,1X2 & Total,30093,2 / < 3.5,2.97
d128a2043326ac61,1X2 & G/NG,30094,1 gagne et les deux équipes marquent,8.82
d128a2043326ac61,1X2 & G/NG,30094,1 gagne et seulement  1  marque,4.66
d128a2043326ac61,1X2 & G/NG,30094,X et les deux équipes marquent,4.83
d128a2043326ac61,1X2 & G/NG,30094,X et aucun but,5.36
d128a2043326ac61,1X2 & G/NG,30094,2 gagne et les deux équipes marquent,7.43
d128a2043326ac61,1X2 & G/NG,30094,2 gagne et seulement 2 marque,3.79
d128a2043326ac61,Total equipe domicile,30095,> 0.5,1.58
d128a2043326ac61,Total equipe domicile,30095,< 0.5,2.35
d128a2043326ac61,Total equipe domicile,30095,> 1.5,4.2
d128a2043326ac61,Total equipe domicile,30095,< 1.5,1.22
d128a2043326ac61,Total equipe domicile,30095,> 2.5,16.6
d128a2043326ac61,Total equipe domicile,30095,< 2.5,1.0
d128a2043326ac61,Total equipe domicile,30095,> 3.5,99.16
d128a2043326ac61,Total equipe domicile,30095,< 3.5,0.95
d128a2043326ac61,Total equipe extérieur,30096,> 0.5,1.47
d128a2043326ac61,Total equipe extérieur,30096,< 0.5,2.63
d128a2043326ac61,Total equipe extérieur,30096,> 1.5,3.49
d128a2043326ac61,Total equipe extérieur,30096,< 1.5,1.29
d128a2043326ac61,Total equipe extérieur,30096,> 2.5,12.04
d128a2043326ac61,Total equipe extérieur,30096,< 2.5,1.02
d128a2043326ac61,Total equipe extérieur,30096,> 3.5,62.31
d128a2043326ac61,Total equipe extérieur,30096,< 3.5,0.96
d128a2043326ac61,G/NG equipe domicile,30097,Oui,1.58
d128a2043326ac61,G/NG equipe domicile,30097,Non,2.35
d128a2043326ac61,G/NG equipe extérieur,30098,Oui,1.47
d128a2043326ac61,G/NG equipe extérieur,30098,Non,2.63
d128a2043326ac61,Pair/Impair,30099,Impair,1.98
d128a2043326ac61,Pair/Impair,30099,Pair,1.74
d128a2043326ac61,Minute du premier but,30100,1-15,6.2
d128a2043326ac61,Minute du premier but,30100,16-30,3.9
d128a2043326ac61,Minute du premier but,30100,31-45,5.75
d128a2043326ac61,Minute du premier but,30100,46-60,6.35
d128a2043326ac61,Minute du premier but,30100,61-75,10.39
d128a2043326ac61,Minute du premier but,30100,76-90,11.33
d128a2043326ac61,Minute du premier but,30100,Pas de but,5.36
d128a2043326ac61,FTTS,30101,1,2.24
d128a2043326ac61,FTTS,30101,2,2.05
d128a2043326ac61,FTTS,30101,Pas de but,5.36
d128a2043326ac61,Multi-Buts,30102,"Le total de buts est de 0, 1 ou 2",1.33
d128a2043326ac61,Multi-Buts,30102,"Le total de buts est de 1, 2 ou 3",1.28
d128a2043326ac61,Multi-Buts,30102,"Le total de buts est de 2, 3 ou 4",1.64
d128a2043326ac61,Multi-Buts,30102,Le total de buts est supérieur à 4,26.55
d128a2043326ac61,2ème mi-tps - CS,30105,0-0,2.51
d128a2043326ac61,2ème mi-tps - CS,30105,0-1,5.43
d128a2043326ac61,2ème mi-tps - CS,30105,0-2,13.74
d128a2043326ac61,2ème mi-tps - CS,30105,0-3,52.17
d128a2043326ac61,2ème mi-tps - CS,30105,1-0,6.24
d128a2043326ac61,2ème mi-tps - CS,30105,1-1,6.0
d128a2043326ac61,2ème mi-tps - CS,30105,1-2,22.79
d128a2043326ac61,2ème mi-tps - CS,30105,2-0,18.37
d128a2043326ac61,2ème mi-tps - CS,30105,2-1,26.52
d128a2043326ac61,2ème mi-tps - CS,30105,3-0,81.18
651aefc4d5f7b09a,1X2,30083,1,1.99
651aefc4d5f7b09a,1X2,30083,X,3.21
651aefc4d5f7b09a,1X2,30083,2,4.04
651aefc4d5f7b09a,Mi-tps 1X2,30084,1,2.98
651aefc4d5f7b09a,Mi-tps 1X2,30084,X,1.8
651aefc4d5f7b09a,Mi-tps 1X2,30084,2,5.32
651aefc4d5f7b09a,Double Chance,30085,1X,1.21
651aefc4d5f7b09a,Double Chance,30085,X2,1.76
651aefc4d5f7b09a,Double Chance,30085,12,1.31
651aefc4d5f7b09a,Mi-tps DC,30086,1X,1.12
651aefc4d5f7b09a,Mi-tps DC,30086,X2,1.34
651aefc4d5f7b09a,Mi-tps DC,30086,12,1.91
651aefc4d5f7b09a,Score exact,30081,0-0,8.47
651aefc4d5f7b09a,Score exact,30081,0-1,11.74
651aefc4d5f7b09a,Score exact,30081,0-2,24.12
651aefc4d5f7b09a,Score exact,30081,0-3,68.02
651aefc4d5f7b09a,Score exact,30081,0-4,100.0
651aefc4d5f7b09a,Score exact,30081,0-5,100.0
651aefc4d5f7b09a,Score exact,30081,0-6,100.0
651aefc4d5f7b09a,Score exact,30081,1-0,7.67
651aefc4d5f7b09a,Score exact,30081,1-1,6.48
651aefc4d5f7b09a,Score exact,30081,1-2,13.49
651aefc4d5f7b09a,Score exact,30081,1-3,46.37
651aefc4d5f7b09a,Score exact,30081,1-4,100.0
651aefc4d5f7b09a,Score exact,30081,1-5,100.0
651aefc4d5f7b09a,Score exact,30081,2-0,9.96
651aefc4d5f7b09a,Score exact,30081,2-1,8.59
651aefc4d5f7b09a,Score exact,30081,2-2,18.73
651aefc4d5f7b09a,Score exact,30081,2-3,71.47
651aefc4d5f7b09a,Score exact,30081,2-4,100.0
651aefc4d5f7b09a,Score exact,30081,3-0,17.66
651aefc4d5f7b09a,Score exact,30081,3-1,18.67
651aefc4d5f7b09a,Score exact,30081,3-2,44.96
651aefc4d5f7b09a,Score exact,30081,3-3,100.0
651aefc4d5f7b09a,Score exact,30081,4-0,51.11
651aefc4d5f7b09a,Score exact,30081,4-1,56.94
651aefc4d5f7b09a,Score exact,30081,4-2,100.0
651aefc4d5f7b09a,Score exact,30081,5-0,100.0
651aefc4d5f7b09a,Score exact,30081,5-1,100.0
651aefc4d5f7b09a,Score exact,30081,6-0,100.0
651aefc4d5f7b09a,Mi-tps CS,30082,0-0,2.23
651aefc4d5f7b09a,Mi-tps CS,30082,0-1,7.35
651aefc4d5f7b09a,Mi-tps CS,30082,0-2,29.28
651aefc4d5f7b09a,Mi-tps CS,30082,0-3,100.0
651aefc4d5f7b09a,Mi-tps CS,30082,1-0,4.74
651aefc4d5f7b09a,Mi-tps CS,30082,1-1,6.96
651aefc4d5f7b09a,Mi-tps CS,30082,1-2,41.57
651aefc4d5f7b09a,Mi-tps CS,30082,2-0,11.78
651aefc4d5f7b09a,Mi-tps CS,30082,2-1,25.94
651aefc4d5f7b09a,Mi-tps CS,30082,3-0,43.93
651aefc4d5f7b09a,+/-,30087,> 0.5,1.05
651aefc4d5f7b09a,+/-,30087,< 0.5,8.95
651aefc4d5f7b09a,+/-,30087,> 1.5,1.34
651aefc4d5f7b09a,+/-,30087,< 1.5,3.17
651aefc4d5f7b09a,+/-,30087,> 2.5,2.16
651aefc4d5f7b09a,+/-,30087,< 2.5,1.68
651aefc4d5f7b09a,+/-,30087,> 3.5,4.63
651aefc4d5f7b09a,+/-,30087,< 3.5,1.18
651aefc4d5f7b09a,HT/FT,30089,1/1,3.39
651aefc4d5f7b09a,HT/FT,30089,1/X,24.86
651aefc4d5f7b09a,HT/FT,30089,1/2,78.09
651aefc4d5f7b09a,HT/FT,30089,X/1,4.7
651aefc4d5f7b09a,HT/FT,30089,X/X,4.02
651aefc4d5f7b09a,HT/FT,30089,X/2,8.63
651aefc4d5f7b09a,HT/FT,30089,2/1,44.76
651aefc4d5f7b09a,HT/FT,30089,2/X,25.14
651aefc4d5f7b09a,HT/FT,30089,2/2,7.54
651aefc4d5f7b09a,Total de buts,30090,0,8.47
651aefc4d5f7b09a,Total de buts,30090,1,4.64
651aefc4d5f7b09a,Total de buts,30090,2,3.38
651aefc4d5f7b09a,Total de buts,30090,3,3.82
651aefc4d5f7b09a,Total de buts,30090,4,6.61
651aefc4d5f7b09a,Total de buts,30090,5,15.62
651aefc4d5f7b09a,Total de buts,30090,6,77.0
651aefc4d5f7b09a,G/NG,30091,Oui,1.94
651aefc4d5f7b09a,G/NG,30091,Non,1.83
651aefc4d5f7b09a,Les deux équipes marquent / 1ère mi temps,30092,Oui,5.26
651aefc4d5f7b09a,Les deux équipes marquent / 1ère mi temps,30092,Non,1.15
651aefc4d5f7b09a,1X2 & Total,30093,1 / > 1.5,2.55
651aefc4d5f7b09a,1X2 & Total,30093,X / > 1.5,4.83
651aefc4d5f7b09a,1X2 & Total,30093,2 / > 1.5,5.78
651aefc4d5f7b09a,1X2 & Total,30093,1 / < 1.5,7.81
651aefc4d5f7b09a,1X2 & Total,30093,X / < 1.5,8.62
651aefc4d5f7b09a,1X2 & Total,30093,2 / < 1.5,11.95
651aefc4d5f7b09a,1X2 & Total,30093,1 / > 2.5,3.41
651aefc4d5f7b09a,1X2 & Total,30093,X / > 2.5,17.97
651aefc4d5f7b09a,1X2 & Total,30093,2 / > 2.5,7.56
651aefc4d5f7b09a,1X2 & Total,30093,1 / < 2.5,4.41
651aefc4d5f7b09a,1X2 & Total,30093,X / < 2.5,3.74
651aefc4d5f7b09a,1X2 & Total,30093,2 / < 2.5,8.04
651aefc4d5f7b09a,1X2 & Total,30093,1 / > 3.5,8.09
651aefc4d5f7b09a,1X2 & Total,30093,X / > 3.5,17.97
651aefc4d5f7b09a,1X2 & Total,30093,2 / > 3.5,22.22
651aefc4d5f7b09a,1X2 & Total,30093,1 / < 3.5,2.52
651aefc4d5f7b09a,1X2 & Total,30093,X / < 3.5,3.74
651aefc4d5f7b09a,1X2 & Total,30093,2 / < 3.5,4.73
651aefc4d5f7b09a,1X2 & G/NG,30094,1 gagne et les deux équipes marquent,4.62
651aefc4d5f7b09a,1X2 & G/NG,30094,1 gagne et seulement  1  marque,3.19
651aefc4d5f7b09a,1X2 & G/NG,30094,X et les deux équipes marquent,4.74
651aefc4d5f7b09a,1X2 & G/NG,30094,X et aucun but,8.47
651aefc4d5f7b09a,1X2 & G/NG,30094,2 gagne et les deux équipes marquent,8.61
651aefc4d5f7b09a,1X2 & G/NG,30094,2 gagne et seulement 2 marque,6.89
651aefc4d5f7b09a,Total equipe domicile,30095,> 0.5,1.23
651aefc4d5f7b09a,Total equipe domicile,30095,< 0.5,4.01
651aefc4d5f7b09a,Total equipe domicile,30095,> 1.5,2.24
651aefc4d5f7b09a,Total equipe domicile,30095,< 1.5,1.63
651aefc4d5f7b09a,Total equipe domicile,30095,> 2.5,5.69
651aefc4d5f7b09a,Total equipe domicile,30095,< 2.5,1.13
651aefc4d5f7b09a,Total equipe domicile,30095,> 3.5,21.13
651aefc4d5f7b09a,Total equipe domicile,30095,< 3.5,0.99
651aefc4d5f7b09a,Total equipe extérieur,30096,> 0.5,1.53
651aefc4d5f7b09a,Total equipe extérieur,30096,< 0.5,2.45
651aefc4d5f7b09a,Total equipe extérieur,30096,> 1.5,4.08
651aefc4d5f7b09a,Total equipe extérieur,30096,< 1.5,1.23
651aefc4d5f7b09a,Total equipe extérieur,30096,> 2.5,16.56
651aefc4d5f7b09a,Total equipe extérieur,30096,< 2.5,1.0
651aefc4d5f7b09a,Total equipe extérieur,30096,> 3.5,100.0
651aefc4d5f7b09a,Total equipe extérieur,30096,< 3.5,0.95
651aefc4d5f7b09a,G/NG equipe domicile,30097,Oui,1.23
651aefc4d5f7b09a,G/NG equipe domicile,30097,Non,4.01
651aefc4d5f7b09a,G/NG equipe extérieur,30098,Oui,1.53
651aefc4d5f7b09a,G/NG equipe extérieur,30098,Non,2.45
651aefc4d5f7b09a,Pair/Impair,30099,Impair,1.92
651aefc4d5f7b09a,Pair/Impair,30099,Pair,1.79
651aefc4d5f7b09a,Minute du premier but,30100,1-15,5.1
651aefc4d5f7b09a,Minute du premier but,30100,16-30,3.32
651aefc4d5f7b09a,Minute du premier but,30100,31-45,5.28
651aefc4d5f7b09a,Minute du premier but,30100,46-60,6.59
651aefc4d5f7b09a,Minute du premier but,30100,61-75,11.45
651aefc4d5f7b09a,Minute du premier but,30100,76-90,13.12
651aefc4d5f7b09a,Minute du premier but,30100,Pas de but,8.47
651aefc4d5f7b09a,FTTS,30101,1,1.73
651aefc4d5f7b09a,FTTS,30101,2,2.36
651aefc4d5f7b09a,FTTS,30101,Pas de but,8.47
651aefc4d5f7b09a,Multi-Buts,30102,"Le total de buts est de 0, 1 ou 2",1.62
651aefc4d5f7b09a,Multi-Buts,30102,"Le total de buts est de 1, 2 ou 3",1.32
651aefc4d5f7b09a,Multi-Buts,30102,"Le total de buts est de 2, 3 ou 4",1.44
651aefc4d5f7b09a,Multi-Buts,30102,Le total de buts est supérieur à 4,13.22
651aefc4d5f7b09a,2ème mi-tps - CS,30105,0-0,3.22
651aefc4d5f7b09a,2ème mi-tps - CS,30105,0-1,7.7
651aefc4d5f7b09a,2ème mi-tps - CS,30105,0-2,21.72
651aefc4d5f7b09a,2ème mi-tps - CS,30105,0-3,91.92
651aefc4d5f7b09a,2ème mi-tps - CS,30105,1-0,5.07
651aefc4d5f7b09a,2ème mi-tps - CS,30105,1-1,5.39
651aefc4d5f7b09a,2ème mi-tps - CS,30105,1-2,22.81
651aefc4d5f7b09a,2ème mi-tps - CS,30105,2-0,8.88
651aefc4d5f7b09a,2ème mi-tps - CS,30105,2-1,14.14
651aefc4d5f7b09a,2ème mi-tps - CS,30105,3-0,23.29
51d4a4ad9b7ac75b,1X2,30083,1,3.39
51d4a4ad9b7ac75b,1X2,30083,X,3.43
51d4a4ad9b7ac75b,1X2,30083,2,2.11
51d4a4ad9b7ac75b,Mi-tps 1X2,30084,1,4.37
51d4a4ad9b7ac75b,Mi-tps 1X2,30084,X,1.93
51d4a4ad9b7ac75b,Mi-tps 1X2,30084,2,3.01
51d4a4ad9b7ac75b,Double Chance,30085,1X,1.67
51d4a4ad9b7ac75b,Double Chance,30085,X2,1.28
51d4a4ad9b7ac75b,Double Chance,30085,12,1.28
51d4a4ad9b7ac75b,Mi-tps DC,30086,1X,1.34
51d4a4ad9b7ac75b,Mi-tps DC,30086,X2,1.17
51d4a4ad9b7ac75b,Mi-tps DC,30086,12,1.78
51d4a4ad9b7ac75b,Score exact,30081,0-0,11.78
51d4a4ad9b7ac75b,Score exact,30081,0-1,9.99
51d4a4ad9b7ac75b,Score exact,30081,0-2,12.08
51d4a4ad9b7ac75b,Score exact,30081,0-3,19.9
51d4a4ad9b7ac75b,Score exact,30081,0-4,53.35
51d4a4ad9b7ac75b,Score exact,30081,0-5,100.0
51d4a4ad9b7ac75b,Score exact,30081,0-6,100.0
51d4a4ad9b7ac75b,Score exact,30081,1-0,13.05
51d4a4ad9b7ac75b,Score exact,30081,1-1,6.76
51d4a4ad9b7ac75b,Score exact,30081,1-2,8.34
51d4a4ad9b7ac75b,Score exact,30081,1-3,16.78
51d4a4ad9b7ac75b,Score exact,30081,1-4,47.31
51d4a4ad9b7ac75b,Score exact,30081,1-5,100.0
51d4a4ad9b7ac75b,Score exact,30081,2-0,21.2
51d4a4ad9b7ac75b,Score exact,30081,2-1,11.13
51d4a4ad9b7ac75b,Score exact,30081,2-2,14.39
51d4a4ad9b7ac75b,Score exact,30081,2-3,31.98
51d4a4ad9b7ac75b,Score exact,30081,2-4,100.0
51d4a4ad9b7ac75b,Score exact,30081,3-0,47.12
51d4a4ad9b7ac75b,Score exact,30081,3-1,30.05
51d4a4ad9b7ac75b,Score exact,30081,3-2,43.1
51d4a4ad9b7ac75b,Score exact,30081,3-3,100.0
51d4a4ad9b7ac75b,Score exact,30081,4-0,100.0
51d4a4ad9b7ac75b,Score exact,30081,4-1,100.0
51d4a4ad9b7ac75b,Score exact,30081,4-2,100.0
51d4a4ad9b7ac75b,Score exact,30081,5-0,100.0
51d4a4ad9b7ac75b,Score exact,30081,5-1,100.0
51d4a4ad9b7ac75b,Score exact,30081,6-0,100.0
51d4a4ad9b7ac75b,Mi-tps CS,30082,0-0,2.61
51d4a4ad9b7ac75b,Mi-tps CS,30082,0-1,5.14
51d4a4ad9b7ac75b,Mi-tps CS,30082,0-2,11.73
51d4a4ad9b7ac75b,Mi-tps CS,30082,0-3,40.14
51d4a4ad9b7ac75b,Mi-tps CS,30082,1-0,6.75
51d4a4ad9b7ac75b,Mi-tps CS,30082,1-1,5.92
51d4a4ad9b7ac75b,Mi-tps CS,30082,1-2,20.24
51d4a4ad9b7ac75b,Mi-tps CS,30082,2-0,20.74
51d4a4ad9b7ac75b,Mi-tps CS,30082,2-1,27.28
51d4a4ad9b7ac75b,Mi-tps CS,30082,3-0,95.64
51d4a4ad9b7ac75b,+/-,30087,> 0.5,1.02
51d4a4ad9b7ac75b,+/-,30087,< 0.5,12.44
51d4a4ad9b7ac75b,+/-,30087,> 1.5,1.23
51d4a4ad9b7ac75b,+/-,30087,< 1.5,4.04
51d4a4ad9b7ac75b,+/-,30087,> 2.5,1.82
51d4a4ad9b7ac75b,+/-,30087,< 2.5,1.96
51d4a4ad9b7ac75b,+/-,30087,> 3.5,3.53
51d4a4ad9b7ac75b,+/-,30087,< 3.5,1.29
51d4a4ad9b7ac75b,HT/FT,30089,1/1,6.01
51d4a4ad9b7ac75b,HT/FT,30089,1/X,22.05
51d4a4ad9b7ac75b,HT/FT,30089,1/2,39.1
51d4a4ad9b7ac75b,HT/FT,30089,X/1,7.8
51d4a4ad9b7ac75b,HT/FT,30089,X/X,4.59
51d4a4ad9b7ac75b,HT/FT,30089,X/2,5.2
51d4a4ad9b7ac75b,HT/FT,30089,2/1,57.29
51d4a4ad9b7ac75b,HT/FT,30089,2/X,22.17
51d4a4ad9b7ac75b,HT/FT,30089,2/2,3.54
51d4a4ad9b7ac75b,Total de buts,30090,0,11.78
51d4a4ad9b7ac75b,Total de buts,30090,1,5.66
51d4a4ad9b7ac75b,Total de buts,30090,2,3.6
51d4a4ad9b7ac75b,Total de buts,30090,3,3.56
51d4a4ad9b7ac75b,Total de buts,30090,4,5.35
51d4a4ad9b7ac75b,Total de buts,30090,5,10.98
51d4a4ad9b7ac75b,Total de buts,30090,6,47.16
51d4a4ad9b7ac75b,G/NG,30091,Oui,1.69
51d4a4ad9b7ac75b,G/NG,30091,Non,2.13
51d4a4ad9b7ac75b,Les deux équipes marquent / 1ère mi temps,30092,Oui,4.25
51d4a4ad9b7ac75b,Les deux équipes marquent / 1ère mi temps,30092,Non,1.21
51d4a4ad9b7ac75b,1X2 & Total,30093,1 / > 1.5,4.33
51d4a4ad9b7ac75b,1X2 & Total,30093,X / > 1.5,4.56
51d4a4ad9b7ac75b,1X2 & Total,30093,2 / > 1.5,2.55
51d4a4ad9b7ac75b,1X2 & Total,30093,1 / < 1.5,13.29
51d4a4ad9b7ac75b,1X2 & Total,30093,X / < 1.5,11.99
51d4a4ad9b7ac75b,1X2 & Total,30093,2 / < 1.5,10.17
51d4a4ad9b7ac75b,1X2 & Total,30093,1 / > 2.5,5.41
51d4a4ad9b7ac75b,1X2 & Total,30093,X / > 2.5,13.51
51d4a4ad9b7ac75b,1X2 & Total,30093,2 / > 2.5,3.21
51d4a4ad9b7ac75b,1X2 & Total,30093,1 / < 2.5,8.23
51d4a4ad9b7ac75b,1X2 & Total,30093,X / < 2.5,4.37
51d4a4ad9b7ac75b,1X2 & Total,30093,2 / < 2.5,5.57
51d4a4ad9b7ac75b,1X2 & Total,30093,1 / > 3.5,13.22
51d4a4ad9b7ac75b,1X2 & Total,30093,X / > 3.5,13.51
51d4a4ad9b7ac75b,1X2 & Total,30093,2 / > 3.5,6.93
51d4a4ad9b7ac75b,1X2 & Total,30093,1 / < 3.5,4.34
51d4a4ad9b7ac75b,1X2 & Total,30093,X / < 3.5,4.37
51d4a4ad9b7ac75b,1X2 & Total,30093,2 / < 3.5,2.88
51d4a4ad9b7ac75b,1X2 & G/NG,30094,1 gagne et les deux équipes marquent,6.27
51d4a4ad9b7ac75b,1X2 & G/NG,30094,1 gagne et seulement  1  marque,6.56
51d4a4ad9b7ac75b,1X2 & G/NG,30094,X et les deux équipes marquent,4.48
51d4a4ad9b7ac75b,1X2 & G/NG,30094,X et aucun but,11.78
51d4a4ad9b7ac75b,1X2 & G/NG,30094,2 gagne et les deux équipes marquent,4.14
51d4a4ad9b7ac75b,1X2 & G/NG,30094,2 gagne et seulement 2 marque,3.87
51d4a4ad9b7ac75b,Total equipe domicile,30095,> 0.5,1.36
51d4a4ad9b7ac75b,Total equipe domicile,30095,< 0.5,3.08
51d4a4ad9b7ac75b,Total equipe domicile,30095,> 1.5,3.04
51d4a4ad9b7ac75b,Total equipe domicile,30095,< 1.5,1.37
51d4a4ad9b7ac75b,Total equipe domicile,30095,> 2.5,10.15
51d4a4ad9b7ac75b,Total equipe domicile,30095,< 2.5,1.04
51d4a4ad9b7ac75b,Total equipe domicile,30095,> 3.5,51.44
51d4a4ad9b7ac75b,Total equipe domicile,30095,< 3.5,0.96
51d4a4ad9b7ac75b,Total equipe extérieur,30096,> 0.5,1.2
51d4a4ad9b7ac75b,Total equipe extérieur,30096,< 0.5,4.45
51d4a4ad9b7ac75b,Total equipe extérieur,30096,> 1.5,2.11
51d4a4ad9b7ac75b,Total equipe extérieur,30096,< 1.5,1.71
51d4a4ad9b7ac75b,Total equipe extérieur,30096,> 2.5,5.2
51d4a4ad9b7ac75b,Total equipe extérieur,30096,< 2.5,1.15
51d4a4ad9b7ac75b,Total equipe extérieur,30096,> 3.5,18.86
51d4a4ad9b7ac75b,Total equipe extérieur,30096,< 3.5,0.99
51d4a4ad9b7ac75b,G/NG equipe domicile,30097,Oui,1.36
51d4a4ad9b7ac75b,G/NG equipe domicile,30097,Non,3.08
51d4a4ad9b7ac75b,G/NG equipe extérieur,30098,Oui,1.2
51d4a4ad9b7ac75b,G/NG equipe extérieur,30098,Non,4.45
51d4a4ad9b7ac75b,Pair/Impair,30099,Impair,1.89
51d4a4ad9b7ac75b,Pair/Impair,30099,Pair,1.82
51d4a4ad9b7ac75b,Minute du premier but,30100,1-15,4.53
51d4a4ad9b7ac75b,Minute du premier but,30100,16-30,3.02
51d4a4ad9b7ac75b,Minute du premier but,30100,31-45,5.12
51d4a4ad9b7ac75b,Minute du premier but,30100,46-60,7.0
51d4a4ad9b7ac75b,Minute du premier but,30100,61-75,12.71
51d4a4ad9b7ac75b,Minute du premier but,30100,76-90,15.09
51d4a4ad9b7ac75b,Minute du premier but,30100,Pas de but,11.78
51d4a4ad9b7ac75b,FTTS,30101,1,2.13
51d4a4ad9b7ac75b,FTTS,30101,2,1.76
51d4a4ad9b7ac75b,FTTS,30101,Pas de but,11.78
51d4a4ad9b7ac75b,Multi-Buts,30102,"Le total de buts est de 0, 1 ou 2",1.89
51d4a4ad9b7ac75b,Multi-Buts,30102,"Le total de buts est de 1, 2 ou 3",1.38
51d4a4ad9b7ac75b,Multi-Buts,30102,"Le total de buts est de 2, 3 ou 4",1.36
51d4a4ad9b7ac75b,Multi-Buts,30102,Le total de buts est supérieur à 4,9.07
51d4a4ad9b7ac75b,2ème mi-tps - CS,30105,0-0,3.82
51d4a4ad9b7ac75b,2ème mi-tps - CS,30105,0-1,5.69
51d4a4ad9b7ac75b,2ème mi-tps - CS,30105,0-2,9.28
51d4a4ad9b7ac75b,2ème mi-tps - CS,30105,0-3,22.68
51d4a4ad9b7ac75b,2ème mi-tps - CS,30105,1-0,7.42
51d4a4ad9b7ac75b,2ème mi-tps - CS,30105,1-1,4.91
51d4a4ad9b7ac75b,2ème mi-tps - CS,30105,1-2,11.99
51d4a4ad9b7ac75b,2ème mi-tps - CS,30105,2-0,16.59
51d4a4ad9b7ac75b,2ème mi-tps - CS,30105,2-1,16.46
51d4a4ad9b7ac75b,2ème mi-tps - CS,30105,3-0,55.65
ed3e9ca2d0137985,1X2,30083,1,2.25
ed3e9ca2d0137985,1X2,30083,X,2.74
ed3e9ca2d0137985,1X2,30083,2,4.01
ed3e9ca2d0137985,Mi-tps 1X2,30084,1,3.52
ed3e9ca2d0137985,Mi-tps 1X2,30084,X,1.6
ed3e9ca2d0137985,Mi-tps 1X2,30084,2,5.91
ed3e9ca2d0137985,Double Chance,30085,1X,1.21
ed3e9ca2d0137985,Double Chance,30085,X2,1.6
ed3e9ca2d0137985,Double Chance,30085,12,1.41
ed3e9ca2d0137985,Mi-tps DC,30086,1X,1.1
ed3e9ca2d0137985,Mi-tps DC,30086,X2,1.26
ed3e9ca2d0137985,Mi-tps DC,30086,12,2.2
ed3e9ca2d0137985,Score exact,30081,0-0,5.34
ed3e9ca2d0137985,Score exact,30081,0-1,8.92
ed3e9ca2d0137985,Score exact,30081,0-2,22.19
ed3e9ca2d0137985,Score exact,30081,0-3,75.92
ed3e9ca2d0137985,Score exact,30081,0-4,100.0
ed3e9ca2d0137985,Score exact,30081,0-5,100.0
ed3e9ca2d0137985,Score exact,30081,0-6,100.0
ed3e9ca2d0137985,Score exact,30081,1-0,6.09
ed3e9ca2d0137985,Score exact,30081,1-1,6.19
ed3e9ca2d0137985,Score exact,30081,1-2,15.65
ed3e9ca2d0137985,Score exact,30081,1-3,65.91
ed3e9ca2d0137985,Score exact,30081,1-4,100.0
ed3e9ca2d0137985,Score exact,30081,1-5,100.0
ed3e9ca2d0137985,Score exact,30081,2-0,10.19
ed3e9ca2d0137985,Score exact,30081,2-1,10.53
ed3e9ca2d0137985,Score exact,30081,2-2,27.9
ed3e9ca2d0137985,Score exact,30081,2-3,100.0
ed3e9ca2d0137985,Score exact,30081,2-4,100.0
ed3e9ca2d0137985,Score exact,30081,3-0,23.33
ed3e9ca2d0137985,Score exact,30081,3-1,29.65
ed3e9ca2d0137985,Score exact,30081,3-2,86.81
ed3e9ca2d0137985,Score exact,30081,3-3,100.0
ed3e9ca2d0137985,Score exact,30081,4-0,87.07
ed3e9ca2d0137985,Score exact,30081,4-1,100.0
ed3e9ca2d0137985,Score exact,30081,4-2,100.0
ed3e9ca2d0137985,Score exact,30081,5-0,100.0
ed3e9ca2d0137985,Score exact,30081,5-1,100.0
ed3e9ca2d0137985,Score exact,30081,6-0,100.0
ed3e9ca2d0137985,Mi-tps CS,30082,0-0,1.8
ed3e9ca2d0137985,Mi-tps CS,30082,0-1,7.41
ed3e9ca2d0137985,Mi-tps CS,30082,0-2,37.16
ed3e9ca2d0137985,Mi-tps CS,30082,0-3,100.0
ed3e9ca2d0137985,Mi-tps CS,30082,1-0,4.9
ed3e9ca2d0137985,Mi-tps CS,30082,1-1,8.97
ed3e9ca2d0137985,Mi-tps CS,30082,1-2,67.41
ed3e9ca2d0137985,Mi-tps CS,30082,2-0,15.9
ed3e9ca2d0137985,Mi-tps CS,30082,2-1,43.64
ed3e9ca2d0137985,Mi-tps CS,30082,3-0,77.38
ed3e9ca2d0137985,+/-,30087,> 0.5,1.13
ed3e9ca2d0137985,+/-,30087,< 0.5,5.64
ed3e9ca2d0137985,+/-,30087,> 1.5,1.61
ed3e9ca2d0137985,+/-,30087,< 1.5,2.28
ed3e9ca2d0137985,+/-,30087,> 2.5,3.01
ed3e9ca2d0137985,+/-,30087,< 2.5,1.38
ed3e9ca2d0137985,+/-,30087,> 3.5,7.73
ed3e9ca2d0137985,+/-,30087,< 3.5,1.07
ed3e9ca2d0137985,HT/FT,30089,1/1,4.02
ed3e9ca2d0137985,HT/FT,30089,1/X,27.99
ed3e9ca2d0137985,HT/FT,30089,1/2,98.57
ed3e9ca2d0137985,HT/FT,30089,X/1,4.85
ed3e9ca2d0137985,HT/FT,30089,X/X,3.16
ed3e9ca2d0137985,HT/FT,30089,X/2,7.9
ed3e9ca2d0137985,HT/FT,30089,2/1,65.73
ed3e9ca2d0137985,HT/FT,30089,2/X,29.56
ed3e9ca2d0137985,HT/FT,30089,2/2,7.91
ed3e9ca2d0137985,Total de buts,30090,0,5.34
ed3e9ca2d0137985,Total de buts,30090,1,3.62
ed3e9ca2d0137985,Total de buts,30090,2,3.28
ed3e9ca2d0137985,Total de buts,30090,3,4.65
ed3e9ca2d0137985,Total de buts,30090,4,10.14
ed3e9ca2d0137985,Total de buts,30090,5,30.37
ed3e9ca2d0137985,Total de buts,30090,6,100.0
ed3e9ca2d0137985,G/NG,30091,Oui,2.4
ed3e9ca2d0137985,G/NG,30091,Non,1.55
ed3e9ca2d0137985,Les deux équipes marquent / 1ère mi temps,30092,Oui,7.27
ed3e9ca2d0137985,Les deux équipes marquent / 1ère mi temps,30092,Non,1.08
ed3e9ca2d0137985,1X2 & Total,30093,1 / > 1.5,3.32
ed3e9ca2d0137985,1X2 & Total,30093,X / > 1.5,5.12
ed3e9ca2d0137985,1X2 & Total,30093,2 / > 1.5,6.74
ed3e9ca2d0137985,1X2 & Total,30093,1 / < 1.5,6.2
ed3e9ca2d0137985,1X2 & Total,30093,X / < 1.5,5.43
ed3e9ca2d0137985,1X2 & Total,30093,2 / < 1.5,9.08
ed3e9ca2d0137985,1X2 & Total,30093,1 / > 2.5,4.89
ed3e9ca2d0137985,1X2 & Total,30093,X / > 2.5,27.34
ed3e9ca2d0137985,1X2 & Total,30093,2 / > 2.5,9.6
ed3e9ca2d0137985,1X2 & Total,30093,1 / < 2.5,3.88
ed3e9ca2d0137985,1X2 & Total,30093,X / < 2.5,2.92
ed3e9ca2d0137985,1X2 & Total,30093,2 / < 2.5,6.48
ed3e9ca2d0137985,1X2 & Total,30093,1 / > 3.5,14.44
ed3e9ca2d0137985,1X2 & Total,30093,X / > 3.5,27.34
ed3e9ca2d0137985,1X2 & Total,30093,2 / > 3.5,35.12
ed3e9ca2d0137985,1X2 & Total,30093,1 / < 3.5,2.54
ed3e9ca2d0137985,1X2 & Total,30093,X / < 3.5,2.92
ed3e9ca2d0137985,1X2 & Total,30093,2 / < 3.5,4.35
ed3e9ca2d0137985,1X2 & G/NG,30094,1 gagne et les deux équipes marquent,6.61
ed3e9ca2d0137985,1X2 & G/NG,30094,1 gagne et seulement  1  marque,3.13
ed3e9ca2d0137985,1X2 & G/NG,30094,X et les deux équipes marquent,5.03
ed3e9ca2d0137985,1X2 & G/NG,30094,X et aucun but,5.34
ed3e9ca2d0137985,1X2 & G/NG,30094,2 gagne et les deux équipes marquent,11.09
ed3e9ca2d0137985,1X2 & G/NG,30094,2 gagne et seulement 2 marque,5.78
ed3e9ca2d0137985,Total equipe domicile,30095,> 0.5,1.39
ed3e9ca2d0137985,Total equipe domicile,30095,< 0.5,2.93
ed3e9ca2d0137985,Total equipe domicile,30095,> 1.5,3.0
ed3e9ca2d0137985,Total equipe domicile,30095,< 1.5,1.38
ed3e9ca2d0137985,Total equipe domicile,30095,> 2.5,9.21
ed3e9ca2d0137985,Total equipe domicile,30095,< 2.5,1.05
ed3e9ca2d0137985,Total equipe domicile,30095,> 3.5,41.81
ed3e9ca2d0137985,Total equipe domicile,30095,< 3.5,0.97
ed3e9ca2d0137985,Total equipe extérieur,30096,> 0.5,1.72
ed3e9ca2d0137985,Total equipe extérieur,30096,< 0.5,2.09
ed3e9ca2d0137985,Total equipe extérieur,30096,> 1.5,5.24
ed3e9ca2d0137985,Total equipe extérieur,30096,< 1.5,1.15
ed3e9ca2d0137985,Total equipe extérieur,30096,> 2.5,24.26
ed3e9ca2d0137985,Total equipe extérieur,30096,< 2.5,0.98
ed3e9ca2d0137985,Total equipe extérieur,30096,> 3.5,100.0
ed3e9ca2d0137985,Total equipe extérieur,30096,< 3.5,0.95
ed3e9ca2d0137985,G/NG equipe domicile,30097,Oui,1.39
ed3e9ca2d0137985,G/NG equipe domicile,30097,Non,2.93
ed3e9ca2d0137985,G/NG equipe extérieur,30098,Oui,1.72
ed3e9ca2d0137985,G/NG equipe extérieur,30098,Non,2.09
ed3e9ca2d0137985,Pair/Impair,30099,Impair,1.98
ed3e9ca2d0137985,Pair/Impair,30099,Pair,1.74
ed3e9ca2d0137985,Minute du premier but,30100,1-15,6.27
ed3e9ca2d0137985,Minute du premier but,30100,16-30,3.93
ed3e9ca2d0137985,Minute du premier but,30100,31-45,5.77
ed3e9ca2d0137985,Minute du premier but,30100,46-60,6.3
ed3e9ca2d0137985,Minute du premier but,30100,61-75,10.27
ed3e9ca2d0137985,Minute du premier but,30100,76-90,11.18
ed3e9ca2d0137985,Minute du premier but,30100,Pas de but,5.34
ed3e9ca2d0137985,FTTS,30101,1,1.87
ed3e9ca2d0137985,FTTS,30101,2,2.5
ed3e9ca2d0137985,FTTS,30101,Pas de but,5.34
ed3e9ca2d0137985,Multi-Buts,30102,"Le total de buts est de 0, 1 ou 2",1.33
ed3e9ca2d0137985,Multi-Buts,30102,"Le total de buts est de 1, 2 ou 3",1.28
ed3e9ca2d0137985,Multi-Buts,30102,"Le total de buts est de 2, 3 ou 4",1.65
ed3e9ca2d0137985,Multi-Buts,30102,Le total de buts est supérieur à 4,26.67
ed3e9ca2d0137985,2ème mi-tps - CS,30105,0-0,2.51
ed3e9ca2d0137985,2ème mi-tps - CS,30105,0-1,7.06
ed3e9ca2d0137985,2ème mi-tps - CS,30105,0-2,23.75
ed3e9ca2d0137985,2ème mi-tps - CS,30105,0-3,100.0
ed3e9ca2d0137985,2ème mi-tps - CS,30105,1-0,4.94
ed3e9ca2d0137985,2ème mi-tps - CS,30105,1-1,6.17
ed3e9ca2d0137985,2ème mi-tps - CS,30105,1-2,31.14
ed3e9ca2d0137985,2ème mi-tps - CS,30105,2-0,11.22
ed3e9ca2d0137985,2ème mi-tps - CS,30105,2-1,21.05
ed3e9ca2d0137985,2ème mi-tps - CS,30105,3-0,38.25
7bfb6f7bce961282,1X2,30083,1,2.56
7bfb6f7bce961282,1X2,30083,X,2.56
7bfb6f7bce961282,1X2,30083,2,3.58
7bfb6f7bce961282,Mi-tps 1X2,30084,1,3.97
7bfb6f7bce961282,Mi-tps 1X2,30084,X,1.56
7bfb6f7bce961282,Mi-tps 1X2,30084,2,5.28
7bfb6f7bce961282,Double Chance,30085,1X,1.26
7bfb6f7bce961282,Double Chance,30085,X2,1.47
7bfb6f7bce961282,Double Chance,30085,12,1.47
7bfb6f7bce961282,Mi-tps DC,30086,1X,1.12
7bfb6f7bce961282,Mi-tps DC,30086,X2,1.21
7bfb6f7bce961282,Mi-tps DC,30086,12,2.27
7bfb6f7bce961282,Score exact,30081,0-0,4.63
7bfb6f7bce961282,Score exact,30081,0-1,7.63
7bfb6f7bce961282,Score exact,30081,0-2,18.84
7bfb6f7bce961282,Score exact,30081,0-3,63.85
7bfb6f7bce961282,Score exact,30081,0-4,100.0
7bfb6f7bce961282,Score exact,30081,0-5,100.0
7bfb6f7bce961282,Score exact,30081,0-6,100.0
7bfb6f7bce961282,Score exact,30081,1-0,6.09
7bfb6f7bce961282,Score exact,30081,1-1,6.14
7bfb6f7bce961282,Score exact,30081,1-2,15.29
7bfb6f7bce961282,Score exact,30081,1-3,62.52
7bfb6f7bce961282,Score exact,30081,1-4,100.0
7bfb6f7bce961282,Score exact,30081,1-5,100.0
7bfb6f7bce961282,Score exact,30081,2-0,11.9
7bfb6f7bce961282,Score exact,30081,2-1,12.12
7bfb6f7bce961282,Score exact,30081,2-2,31.11
7bfb6f7bce961282,Score exact,30081,2-3,100.0
7bfb6f7bce961282,Score exact,30081,2-4,100.0
7bfb6f7bce961282,Score exact,30081,3-0,31.84
7bfb6f7bce961282,Score exact,30081,3-1,39.18
7bfb6f7bce961282,Score exact,30081,3-2,100.0
7bfb6f7bce961282,Score exact,30081,3-3,100.0
7bfb6f7bce961282,Score exact,30081,4-0,100.0
7bfb6f7bce961282,Score exact,30081,4-1,100.0
7bfb6f7bce961282,Score exact,30081,4-2,100.0
7bfb6f7bce961282,Score exact,30081,5-0,100.0
7bfb6f7bce961282,Score exact,30081,5-1,100.0
7bfb6f7bce961282,Score exact,30081,6-0,100.0
7bfb6f7bce961282,Mi-tps CS,30082,0-0,1.75
7bfb6f7bce961282,Mi-tps CS,30082,0-1,6.71
7bfb6f7bce961282,Mi-tps CS,30082,0-2,31.18
7bfb6f7bce961282,Mi-tps CS,30082,0-3,100.0
7bfb6f7bce961282,Mi-tps CS,30082,1-0,5.34
7bfb6f7bce961282,Mi-tps CS,30082,1-1,9.08
7bfb6f7bce961282,Mi-tps CS,30082,1-2,63.3
7bfb6f7bce961282,Mi-tps CS,30082,2-0,19.52
7bfb6f7bce961282,Mi-tps CS,30082,2-1,49.8
7bfb6f7bce961282,Mi-tps CS,30082,3-0,100.0
7bfb6f7bce961282,+/-,30087,> 0.5,1.17
7bfb6f7bce961282,+/-,30087,< 0.5,4.89
7bfb6f7bce961282,+/-,30087,> 1.5,1.74
7bfb6f7bce961282,+/-,30087,< 1.5,2.07
7bfb6f7bce961282,+/-,30087,> 2.5,3.42
7bfb6f7bce961282,+/-,30087,< 2.5,1.3
7bfb6f7bce961282,+/-,30087,> 3.5,9.29
7bfb6f7bce961282,+/-,30087,< 3.5,1.05
7bfb6f7bce961282,HT/FT,30089,1/1,4.6
7bfb6f7bce961282,HT/FT,30089,1/X,29.29
7bfb6f7bce961282,HT/FT,30089,1/2,100.0
7bfb6f7bce961282,HT/FT,30089,X/1,5.47
7bfb6f7bce961282,HT/FT,30089,X/X,2.91
7bfb6f7bce961282,HT/FT,30089,X/2,7.35
7bfb6f7bce961282,HT/FT,30089,2/1,78.67
7bfb6f7bce961282,HT/FT,30089,2/X,29.43
7bfb6f7bce961282,HT/FT,30089,2/2,6.69
7bfb6f7bce961282,Total de buts,30090,0,4.63
7bfb6f7bce961282,Total de buts,30090,1,3.39
7bfb6f7bce961282,Total de buts,30090,2,3.33
7bfb6f7bce961282,Total de buts,30090,3,5.13
7bfb6f7bce961282,Total de buts,30090,4,11.92
7bfb6f7bce961282,Total de buts,30090,5,38.39
7bfb6f7bce961282,Total de buts,30090,6,100.0
7bfb6f7bce961282,G/NG,30091,Oui,2.56
7bfb6f7bce961282,G/NG,30091,Non,1.49
7bfb6f7bce961282,Les deux équipes marquent / 1ère mi temps,30092,Oui,7.43
7bfb6f7bce961282,Les deux équipes marquent / 1ère mi temps,30092,Non,1.08
7bfb6f7bce961282,1X2 & Total,30093,1 / > 1.5,4.1
7bfb6f7bce961282,1X2 & Total,30093,X / > 1.5,5.19
7bfb6f7bce961282,1X2 & Total,30093,2 / > 1.5,6.2
7bfb6f7bce961282,1X2 & Total,30093,1 / < 1.5,6.2
7bfb6f7bce961282,1X2 & Total,30093,X / < 1.5,4.71
7bfb6f7bce961282,1X2 & Total,30093,2 / < 1.5,7.77
7bfb6f7bce961282,1X2 & Total,30093,1 / > 2.5,6.19
7bfb6f7bce961282,1X2 & Total,30093,X / > 2.5,30.61
7bfb6f7bce961282,1X2 & Total,30093,2 / > 2.5,9.17
7bfb6f7bce961282,1X2 & Total,30093,1 / < 2.5,4.1
7bfb6f7bce961282,1X2 & Total,30093,X / < 2.5,2.69
7bfb6f7bce961282,1X2 & Total,30093,2 / < 2.5,5.53
7bfb6f7bce961282,1X2 & Total,30093,1 / > 3.5,20.18
7bfb6f7bce961282,1X2 & Total,30093,X / > 3.5,30.61
7bfb6f7bce961282,1X2 & Total,30093,2 / > 3.5,33.9
7bfb6f7bce961282,1X2 & Total,30093,1 / < 3.5,2.81
7bfb6f7bce961282,1X2 & Total,30093,X / < 3.5,2.69
7bfb6f7bce961282,1X2 & Total,30093,2 / < 3.5,3.84
7bfb6f7bce961282,1X2 & G/NG,30094,1 gagne et les deux équipes marquent,8.05
7bfb6f7bce961282,1X2 & G/NG,30094,1 gagne et seulement  1  marque,3.47
7bfb6f7bce961282,1X2 & G/NG,30094,X et les deux équipes marquent,5.1
7bfb6f7bce961282,1X2 & G/NG,30094,X et aucun but,4.63
7bfb6f7bce961282,1X2 & G/NG,30094,2 gagne et les deux équipes marquent,10.86
7bfb6f7bce961282,1X2 & G/NG,30094,2 gagne et seulement 2 marque,4.92
7bfb6f7bce961282,Total equipe domicile,30095,> 0.5,1.51
7bfb6f7bce961282,Total equipe domicile,30095,< 0.5,2.52
7bfb6f7bce961282,Total equipe domicile,30095,> 1.5,3.65
7bfb6f7bce961282,Total equipe domicile,30095,< 1.5,1.27
7bfb6f7bce961282,Total equipe domicile,30095,> 2.5,12.74
7bfb6f7bce961282,Total equipe domicile,30095,< 2.5,1.02
7bfb6f7bce961282,Total equipe domicile,30095,> 3.5,66.11
7bfb6f7bce961282,Total equipe domicile,30095,< 3.5,0.96
7bfb6f7bce961282,Total equipe extérieur,30096,> 0.5,1.72
7bfb6f7bce961282,Total equipe extérieur,30096,< 0.5,2.09
7bfb6f7bce961282,Total equipe extérieur,30096,> 1.5,5.09
7bfb6f7bce961282,Total equipe extérieur,30096,< 1.5,1.16
7bfb6f7bce961282,Total equipe extérieur,30096,> 2.5,22.57
7bfb6f7bce961282,Total equipe extérieur,30096,< 2.5,0.98
7bfb6f7bce961282,Total equipe extérieur,30096,> 3.5,100.0
7bfb6f7bce961282,Total equipe extérieur,30096,< 3.5,0.95
7bfb6f7bce961282,G/NG equipe domicile,30097,Oui,1.51
7bfb6f7bce961282,G/NG equipe domicile,30097,Non,2.52
7bfb6f7bce961282,G/NG equipe extérieur,30098,Oui,1.72
7bfb6f7bce961282,G/NG equipe extérieur,30098,Non,2.09
7bfb6f7bce961282,Pair/Impair,30099,Impair,2.01
7bfb6f7bce961282,Pair/Impair,30099,Pair,1.72
7bfb6f7bce961282,Minute du premier but,30100,1-15,6.47
7bfb6f7bce961282,Minute du premier but,30100,16-30,4.04
7bfb6f7bce961282,Minute du premier but,30100,31-45,5.88
7bfb6f7bce961282,Minute du premier but,30100,46-60,6.72
7bfb6f7bce961282,Minute du premier but,30100,61-75,10.63
7bfb6f7bce961282,Minute du premier but,30100,76-90,11.27
7bfb6f7bce961282,Minute du premier but,30100,Pas de but,4.63
7bfb6f7bce961282,FTTS,30101,1,2.04
7bfb6f7bce961282,FTTS,30101,2,2.41
7bfb6f7bce961282,FTTS,30101,Pas de but,4.63
7bfb6f7bce961282,Multi-Buts,30102,"Le total de buts est de 0, 1 ou 2",1.26
7bfb6f7bce961282,Multi-Buts,30102,"Le total de buts est de 1, 2 ou 3",1.29
7bfb6f7bce961282,Multi-Buts,30102,"Le total de buts est de 2, 3 ou 4",1.76
7bfb6f7bce961282,Multi-Buts,30102,Le total de buts est supérieur à 4,34.07
7bfb6f7bce961282,2ème mi-tps - CS,30105,0-0,2.23
7bfb6f7bce961282,2ème mi-tps - CS,30105,0-1,6.48
7bfb6f7bce961282,2ème mi-tps - CS,30105,0-2,22.51
7bfb6f7bce961282,2ème mi-tps - CS,30105,0-3,100.0
7bfb6f7bce961282,2ème mi-tps - CS,30105,1-0,5.19
7bfb6f7bce961282,2ème mi-tps - CS,30105,1-1,6.69
7bfb6f7bce961282,2ème mi-tps - CS,30105,1-2,34.84
7bfb6f7bce961282,2ème mi-tps - CS,30105,2-0,14.18
7bfb6f7bce961282,2ème mi-tps - CS,30105,2-1,27.42
7bfb6f7bce961282,2ème mi-tps - CS,30105,3-0,58.14
9c07793bdab28b3c,1X2,30083,1,1.77
9c07793bdab28b3c,1X2,30083,X,3.21
9c07793bdab28b3c,1X2,30083,2,5.42
9c07793bdab28b3c,Mi-tps 1X2,30084,1,2.71
9c07793bdab28b3c,Mi-tps 1X2,30084,X,1.77
9c07793bdab28b3c,Mi-tps 1X2,30084,2,6.85
9c07793bdab28b3c,Double Chance,30085,1X,1.12
9c07793bdab28b3c,Double Chance,30085,X2,1.98
9c07793bdab28b3c,Double Chance,30085,12,1.31
9c07793bdab28b3c,Mi-tps DC,30086,1X,1.07
9c07793bdab28b3c,Mi-tps DC,30086,X2,1.41
9c07793bdab28b3c,Mi-tps DC,30086,12,1.94
9c07793bdab28b3c,Score exact,30081,0-0,7.07
9c07793bdab28b3c,Score exact,30081,0-1,12.65
9c07793bdab28b3c,Score exact,30081,0-2,33.9
9c07793bdab28b3c,Score exact,30081,0-3,100.0
9c07793bdab28b3c,Score exact,30081,0-4,100.0
9c07793bdab28b3c,Score exact,30081,0-5,100.0
9c07793bdab28b3c,Score exact,30081,0-6,100.0
9c07793bdab28b3c,Score exact,30081,1-0,6.28
9c07793bdab28b3c,Score exact,30081,1-1,6.86
9c07793bdab28b3c,Score exact,30081,1-2,18.55
9c07793bdab28b3c,Score exact,30081,1-3,82.53
9c07793bdab28b3c,Score exact,30081,1-4,100.0
9c07793bdab28b3c,Score exact,30081,1-5,100.0
9c07793bdab28b3c,Score exact,30081,2-0,8.01
9c07793bdab28b3c,Score exact,30081,2-1,8.9
9c07793bdab28b3c,Score exact,30081,2-2,25.02
9c07793bdab28b3c,Score exact,30081,2-3,100.0
9c07793bdab28b3c,Score exact,30081,2-4,100.0
9c07793bdab28b3c,Score exact,30081,3-0,13.93
9c07793bdab28b3c,Score exact,30081,3-1,18.84
9c07793bdab28b3c,Score exact,30081,3-2,58.54
9c07793bdab28b3c,Score exact,30081,3-3,100.0
9c07793bdab28b3c,Score exact,30081,4-0,39.19
9c07793bdab28b3c,Score exact,30081,4-1,55.96
9c07793bdab28b3c,Score exact,30081,4-2,100.0
9c07793bdab28b3c,Score exact,30081,5-0,100.0
9c07793bdab28b3c,Score exact,30081,5-1,100.0
9c07793bdab28b3c,Score exact,30081,6-0,100.0
9c07793bdab28b3c,Mi-tps CS,30082,0-0,2.1
9c07793bdab28b3c,Mi-tps CS,30082,0-1,8.78
9c07793bdab28b3c,Mi-tps CS,30082,0-2,44.74
9c07793bdab28b3c,Mi-tps CS,30082,0-3,100.0
9c07793bdab28b3c,Mi-tps CS,30082,1-0,4.3
9c07793bdab28b3c,Mi-tps CS,30082,1-1,7.99
9c07793bdab28b3c,Mi-tps CS,30082,1-2,61.11
9c07793bdab28b3c,Mi-tps CS,30082,2-0,10.23
9c07793bdab28b3c,Mi-tps CS,30082,2-1,28.54
9c07793bdab28b3c,Mi-tps CS,30082,3-0,36.52
9c07793bdab28b3c,+/-,30087,> 0.5,1.08
9c07793bdab28b3c,+/-,30087,< 0.5,7.47
9c07793bdab28b3c,+/-,30087,> 1.5,1.43
9c07793bdab28b3c,+/-,30087,< 1.5,2.78
9c07793bdab28b3c,+/-,30087,> 2.5,2.4
9c07793bdab28b3c,+/-,30087,< 2.5,1.55
9c07793bdab28b3c,+/-,30087,> 3.5,5.44
9c07793bdab28b3c,+/-,30087,< 3.5,1.14
9c07793bdab28b3c,HT/FT,30089,1/1,2.94
9c07793bdab28b3c,HT/FT,30089,1/X,29.0
9c07793bdab28b3c,HT/FT,30089,1/2,100.0
9c07793bdab28b3c,HT/FT,30089,X/1,4.24
9c07793bdab28b3c,HT/FT,30089,X/X,3.84
9c07793bdab28b3c,HT/FT,30089,X/2,11.16
9c07793bdab28b3c,HT/FT,30089,2/1,48.69
9c07793bdab28b3c,HT/FT,30089,2/X,29.4
9c07793bdab28b3c,HT/FT,30089,2/2,10.32
9c07793bdab28b3c,Total de buts,30090,0,7.07
9c07793bdab28b3c,Total de buts,30090,1,4.2
9c07793bdab28b3c,Total de buts,30090,2,3.33
9c07793bdab28b3c,Total de buts,30090,3,4.06
9c07793bdab28b3c,Total de buts,30090,4,7.57
9c07793bdab28b3c,Total de buts,30090,5,19.17
9c07793bdab28b3c,Total de buts,30090,6,99.78
9c07793bdab28b3c,G/NG,30091,Oui,2.24
9c07793bdab28b3c,G/NG,30091,Non,1.63
9c07793bdab28b3c,Les deux équipes marquent / 1ère mi temps,30092,Oui,6.15
9c07793bdab28b3c,Les deux équipes marquent / 1ère mi temps,30092,Non,1.11
9c07793bdab28b3c,1X2 & Total,30093,1 / > 1.5,2.33
9c07793bdab28b3c,1X2 & Total,30093,X / > 1.5,5.43
9c07793bdab28b3c,1X2 & Total,30093,2 / > 1.5,8.79
9c07793bdab28b3c,1X2 & Total,30093,1 / < 1.5,6.4
9c07793bdab28b3c,1X2 & Total,30093,X / < 1.5,7.2
9c07793bdab28b3c,1X2 & Total,30093,2 / < 1.5,12.88
9c07793bdab28b3c,1X2 & Total,30093,1 / > 2.5,3.26
9c07793bdab28b3c,1X2 & Total,30093,X / > 2.5,24.3
9c07793bdab28b3c,1X2 & Total,30093,2 / > 2.5,11.78
9c07793bdab28b3c,1X2 & Total,30093,1 / < 2.5,3.58
9c07793bdab28b3c,1X2 & Total,30093,X / < 2.5,3.55
9c07793bdab28b3c,1X2 & Total,30093,2 / < 2.5,9.38
9c07793bdab28b3c,1X2 & Total,30093,1 / > 3.5,7.97
9c07793bdab28b3c,1X2 & Total,30093,X / > 3.5,24.3
9c07793bdab28b3c,1X2 & Total,30093,2 / > 3.5,41.58
9c07793bdab28b3c,1X2 & Total,30093,1 / < 3.5,2.17
9c07793bdab28b3c,1X2 & Total,30093,X / < 3.5,3.55
9c07793bdab28b3c,1X2 & Total,30093,2 / < 3.5,5.97
9c07793bdab28b3c,1X2 & G/NG,30094,1 gagne et les deux équipes marquent,4.84
9c07793bdab28b3c,1X2 & G/NG,30094,1 gagne et seulement  1  marque,2.57
9c07793bdab28b3c,1X2 & G/NG,30094,X et les deux équipes marquent,5.33
9c07793bdab28b3c,1X2 & G/NG,30094,X et aucun but,7.07
9c07793bdab28b3c,1X2 & G/NG,30094,2 gagne et les deux équipes marquent,13.01
9c07793bdab28b3c,1X2 & G/NG,30094,2 gagne et seulement 2 marque,8.47
9c07793bdab28b3c,Total equipe domicile,30095,> 0.5,1.23
9c07793bdab28b3c,Total equipe domicile,30095,< 0.5,4.07
9c07793bdab28b3c,Total equipe domicile,30095,> 1.5,2.17
9c07793bdab28b3c,Total equipe domicile,30095,< 1.5,1.67
9c07793bdab28b3c,Total equipe domicile,30095,> 2.5,5.24
9c07793bdab28b3c,Total equipe domicile,30095,< 2.5,1.15
9c07793bdab28b3c,Total equipe domicile,30095,> 3.5,18.33
9c07793bdab28b3c,Total equipe domicile,30095,< 3.5,0.99
9c07793bdab28b3c,Total equipe extérieur,30096,> 0.5,1.79
9c07793bdab28b3c,Total equipe extérieur,30096,< 0.5,1.99
9c07793bdab28b3c,Total equipe extérieur,30096,> 1.5,5.93
9c07793bdab28b3c,Total equipe extérieur,30096,< 1.5,1.12
9c07793bdab28b3c,Total equipe extérieur,30096,> 2.5,30.67
9c07793bdab28b3c,Total equipe extérieur,30096,< 2.5,0.97
9c07793bdab28b3c,Total equipe extérieur,30096,> 3.5,100.0
9c07793bdab28b3c,Total equipe extérieur,30096,< 3.5,0.95
9c07793bdab28b3c,G/NG equipe domicile,30097,Oui,1.23
9c07793bdab28b3c,G/NG equipe domicile,30097,Non,4.07
9c07793bdab28b3c,G/NG equipe extérieur,30098,Oui,1.79
9c07793bdab28b3c,G/NG equipe extérieur,30098,Non,1.99
9c07793bdab28b3c,Pair/Impair,30099,Impair,1.93
9c07793bdab28b3c,Pair/Impair,30099,Pair,1.78
9c07793bdab28b3c,Minute du premier but,30100,1-15,5.43
9c07793bdab28b3c,Minute du premier but,30100,16-30,3.48
9c07793bdab28b3c,Minute du premier but,30100,31-45,5.39
9c07793bdab28b3c,Minute du premier but,30100,46-60,6.65
9c07793bdab28b3c,Minute du premier but,30100,61-75,11.11
9c07793bdab28b3c,Minute du premier but,30100,76-90,12.34
9c07793bdab28b3c,Minute du premier but,30100,Pas de but,7.07
9c07793bdab28b3c,FTTS,30101,1,1.63
9c07793bdab28b3c,FTTS,30101,2,2.73
9c07793bdab28b3c,FTTS,30101,Pas de but,7.07
9c07793bdab28b3c,Multi-Buts,30102,"Le total de buts est de 0, 1 ou 2",1.5
9c07793bdab28b3c,Multi-Buts,30102,"Le total de buts est de 1, 2 ou 3",1.3
9c07793bdab28b3c,Multi-Buts,30102,"Le total de buts est de 2, 3 ou 4",1.5
9c07793bdab28b3c,Multi-Buts,30102,Le total de buts est supérieur à 4,16.37
9c07793bdab28b3c,2ème mi-tps - CS,30105,0-0,2.85
9c07793bdab28b3c,2ème mi-tps - CS,30105,0-1,8.92
9c07793bdab28b3c,2ème mi-tps - CS,30105,0-2,33.5
9c07793bdab28b3c,2ème mi-tps - CS,30105,0-3,100.0
9c07793bdab28b3c,2ème mi-tps - CS,30105,1-0,4.47
9c07793bdab28b3c,2ème mi-tps - CS,30105,1-1,6.21
9c07793bdab28b3c,2ème mi-tps - CS,30105,1-2,35.01
9c07793bdab28b3c,2ème mi-tps - CS,30105,2-0,7.78
9c07793bdab28b3c,2ème mi-tps - CS,30105,2-1,16.21
9c07793bdab28b3c,2ème mi-tps - CS,30105,3-0,20.31
0e203f393d0fc4c8,1X2,30083,1,1.38
0e203f393d0fc4c8,1X2,30083,X,4.48
0e203f393d0fc4c8,1X2,30083,2,8.9
0e203f393d0fc4c8,Mi-tps 1X2,30084,1,2.0
0e203f393d0fc4c8,Mi-tps 1X2,30084,X,2.12
0e203f393d0fc4c8,Mi-tps 1X2,30084,2,9.29
0e203f393d0fc4c8,Double Chance,30085,1X,1.04
0e203f393d0fc4c8,Double Chance,30085,X2,2.92
0e203f393d0fc4c8,Double Chance,30085,12,1.17
0e203f393d0fc4c8,Mi-tps DC,30086,1X,1.03
0e203f393d0fc4c8,Mi-tps DC,30086,X2,1.72
0e203f393d0fc4c8,Mi-tps DC,30086,12,1.65
0e203f393d0fc4c8,Score exact,30081,0-0,11.77
0e203f393d0fc4c8,Score exact,30081,0-1,22.63
0e203f393d0fc4c8,Score exact,30081,0-2,65.32
0e203f393d0fc4c8,Score exact,30081,0-3,100.0
0e203f393d0fc4c8,Score exact,30081,0-4,100.0
0e203f393d0fc4c8,Score exact,30081,0-5,100.0
0e203f393d0fc4c8,Score exact,30081,0-6,100.0
0e203f393d0fc4c8,Score exact,30081,1-0,7.76
0e203f393d0fc4c8,Score exact,30081,1-1,9.13
0e203f393d0fc4c8,Score exact,30081,1-2,26.56
0e203f393d0fc4c8,Score exact,30081,1-3,100.0
0e203f393d0fc4c8,Score exact,30081,1-4,100.0
0e203f393d0fc4c8,Score exact,30081,1-5,100.0
0e203f393d0fc4c8,Score exact,30081,2-0,6.92
0e203f393d0fc4c8,Score exact,30081,2-1,8.37
0e203f393d0fc4c8,Score exact,30081,2-2,25.64
0e203f393d0fc4c8,Score exact,30081,2-3,100.0
0e203f393d0fc4c8,Score exact,30081,2-4,100.0
0e203f393d0fc4c8,Score exact,30081,3-0,8.34
0e203f393d0fc4c8,Score exact,30081,3-1,12.37
0e203f393d0fc4c8,Score exact,30081,3-2,41.57
0e203f393d0fc4c8,Score exact,30081,3-3,100.0
0e203f393d0fc4c8,Score exact,30081,4-0,16.39
0e203f393d0fc4c8,Score exact,30081,4-1,25.2
0e203f393d0fc4c8,Score exact,30081,4-2,100.0
0e203f393d0fc4c8,Score exact,30081,5-0,40.14
0e203f393d0fc4c8,Score exact,30081,5-1,100.0
0e203f393d0fc4c8,Score exact,30081,6-0,100.0
0e203f393d0fc4c8,Mi-tps CS,30082,0-0,2.66
0e203f393d0fc4c8,Mi-tps CS,30082,0-1,12.08
0e203f393d0fc4c8,Mi-tps CS,30082,0-2,67.07
0e203f393d0fc4c8,Mi-tps CS,30082,0-3,100.0
0e203f393d0fc4c8,Mi-tps CS,30082,1-0,3.91
0e203f393d0fc4c8,Mi-tps CS,30082,1-1,7.91
0e203f393d0fc4c8,Mi-tps CS,30082,1-2,65.88
0e203f393d0fc4c8,Mi-tps CS,30082,2-0,6.3
0e203f393d0fc4c8,Mi-tps CS,30082,2-1,19.08
0e203f393d0fc4c8,Mi-tps CS,30082,3-0,15.19
0e203f393d0fc4c8,+/-,30087,> 0.5,1.02
0e203f393d0fc4c8,+/-,30087,< 0.5,12.44
0e203f393d0fc4c8,+/-,30087,> 1.5,1.23
0e203f393d0fc4c8,+/-,30087,< 1.5,4.1
0e203f393d0fc4c8,+/-,30087,> 2.5,1.78
0e203f393d0fc4c8,+/-,30087,< 2.5,2.0
0e203f393d0fc4c8,+/-,30087,> 3.5,3.39
0e203f393d0fc4c8,+/-,30087,< 3.5,1.31
0e203f393d0fc4c8,HT/FT,30089,1/1,2.08
0e203f393d0fc4c8,HT/FT,30089,1/X,33.09
0e203f393d0fc4c8,HT/FT,30089,1/2,100.0
0e203f393d0fc4c8,HT/FT,30089,X/1,3.88
0e203f393d0fc4c8,HT/FT,30089,X/X,5.63
0e203f393d0fc4c8,HT/FT,30089,X/2,18.33
0e203f393d0fc4c8,HT/FT,30089,2/1,38.6
0e203f393d0fc4c8,HT/FT,30089,2/X,35.52
0e203f393d0fc4c8,HT/FT,30089,2/2,17.35
0e203f393d0fc4c8,Total de buts,30090,0,11.77
0e203f393d0fc4c8,Total de buts,30090,1,5.78
0e203f393d0fc4c8,Total de buts,30090,2,3.71
0e203f393d0fc4c8,Total de buts,30090,3,3.56
0e203f393d0fc4c8,Total de buts,30090,4,5.28
0e203f393d0fc4c8,Total de buts,30090,5,10.29
0e203f393d0fc4c8,Total de buts,30090,6,39.66
0e203f393d0fc4c8,G/NG,30091,Oui,2.17
0e203f393d0fc4c8,G/NG,30091,Non,1.67
0e203f393d0fc4c8,Les deux équipes marquent / 1ère mi temps,30092,Oui,5.59
0e203f393d0fc4c8,Les deux équipes marquent / 1ère mi temps,30092,Non,1.13
0e203f393d0fc4c8,1X2 & Total,30093,1 / > 1.5,1.6
0e203f393d0fc4c8,1X2 & Total,30093,X / > 1.5,6.74
0e203f393d0fc4c8,1X2 & Total,30093,2 / > 1.5,13.67
0e203f393d0fc4c8,1X2 & Total,30093,1 / < 1.5,7.9
0e203f393d0fc4c8,1X2 & Total,30093,X / < 1.5,11.98
0e203f393d0fc4c8,1X2 & Total,30093,2 / < 1.5,23.05
0e203f393d0fc4c8,1X2 & Total,30093,1 / > 2.5,2.07
0e203f393d0fc4c8,1X2 & Total,30093,X / > 2.5,24.5
0e203f393d0fc4c8,1X2 & Total,30093,2 / > 2.5,17.2
0e203f393d0fc4c8,1X2 & Total,30093,1 / < 2.5,3.72
0e203f393d0fc4c8,1X2 & Total,30093,X / < 2.5,5.23
0e203f393d0fc4c8,1X2 & Total,30093,2 / < 2.5,17.12
0e203f393d0fc4c8,1X2 & Total,30093,1 / > 3.5,4.03
0e203f393d0fc4c8,1X2 & Total,30093,X / > 3.5,24.5
0e203f393d0fc4c8,1X2 & Total,30093,2 / > 3.5,57.6
0e203f393d0fc4c8,1X2 & Total,30093,1 / < 3.5,1.99
0e203f393d0fc4c8,1X2 & Total,30093,X / < 3.5,5.23
0e203f393d0fc4c8,1X2 & Total,30093,2 / < 3.5,10.08
0e203f393d0fc4c8,1X2 & G/NG,30094,1 gagne et les deux équipes marquent,3.57
0e203f393d0fc4c8,1X2 & G/NG,30094,1 gagne et seulement  1  marque,2.06
0e203f393d0fc4c8,1X2 & G/NG,30094,X et les deux équipes marquent,6.62
0e203f393d0fc4c8,1X2 & G/NG,30094,X et aucun but,11.77
0e203f393d0fc4c8,1X2 & G/NG,30094,2 gagne et les deux équipes marquent,18.3
0e203f393d0fc4c8,1X2 & G/NG,30094,2 gagne et seulement 2 marque,15.62
0e203f393d0fc4c8,Total equipe domicile,30095,> 0.5,1.09
0e203f393d0fc4c8,Total equipe domicile,30095,< 0.5,7.09
0e203f393d0fc4c8,Total equipe domicile,30095,> 1.5,1.54
0e203f393d0fc4c8,Total equipe domicile,30095,< 1.5,2.43
0e203f393d0fc4c8,Total equipe domicile,30095,> 2.5,2.82
0e203f393d0fc4c8,Total equipe domicile,30095,< 2.5,1.42
0e203f393d0fc4c8,Total equipe domicile,30095,> 3.5,7.16
0e203f393d0fc4c8,Total equipe domicile,30095,< 3.5,1.09
0e203f393d0fc4c8,Total equipe extérieur,30096,> 0.5,1.92
0e203f393d0fc4c8,Total equipe extérieur,30096,< 0.5,1.85
0e203f393d0fc4c8,Total equipe extérieur,30096,> 1.5,7.2
0e203f393d0fc4c8,Total equipe extérieur,30096,< 1.5,1.09
0e203f393d0fc4c8,Total equipe extérieur,30096,> 2.5,43.87
0e203f393d0fc4c8,Total equipe extérieur,30096,< 2.5,0.96
0e203f393d0fc4c8,Total equipe extérieur,30096,> 3.5,100.0
0e203f393d0fc4c8,Total equipe extérieur,30096,< 3.5,0.95
0e203f393d0fc4c8,G/NG equipe domicile,30097,Oui,1.09
0e203f393d0fc4c8,G/NG equipe domicile,30097,Non,7.09
0e203f393d0fc4c8,G/NG equipe extérieur,30098,Oui,1.92
0e203f393d0fc4c8,G/NG equipe extérieur,30098,Non,1.85
0e203f393d0fc4c8,Pair/Impair,30099,Impair,1.88
0e203f393d0fc4c8,Pair/Impair,30099,Pair,1.82
0e203f393d0fc4c8,Minute du premier but,30100,1-15,4.68
0e203f393d0fc4c8,Minute du premier but,30100,16-30,3.08
0e203f393d0fc4c8,Minute du premier but,30100,31-45,5.07
0e203f393d0fc4c8,Minute du premier but,30100,46-60,6.91
0e203f393d0fc4c8,Minute du premier but,30100,61-75,12.04
0e203f393d0fc4c8,Minute du premier but,30100,76-90,13.82
0e203f393d0fc4c8,Minute du premier but,30100,Pas de but,11.77
0e203f393d0fc4c8,FTTS,30101,1,1.4
0e203f393d0fc4c8,FTTS,30101,2,3.14
0e203f393d0fc4c8,FTTS,30101,Pas de but,11.77
0e203f393d0fc4c8,Multi-Buts,30102,"Le total de buts est de 0, 1 ou 2",1.93
0e203f393d0fc4c8,Multi-Buts,30102,"Le total de buts est de 1, 2 ou 3",1.41
0e203f393d0fc4c8,Multi-Buts,30102,"Le total de buts est de 2, 3 ou 4",1.38
0e203f393d0fc4c8,Multi-Buts,30102,Le total de buts est supérieur à 4,8.32
0e203f393d0fc4c8,2ème mi-tps - CS,30105,0-0,3.75
0e203f393d0fc4c8,2ème mi-tps - CS,30105,0-1,12.51
0e203f393d0fc4c8,2ème mi-tps - CS,30105,0-2,50.3
0e203f393d0fc4c8,2ème mi-tps - CS,30105,0-3,100.0
0e203f393d0fc4c8,2ème mi-tps - CS,30105,1-0,4.48
0e203f393d0fc4c8,2ème mi-tps - CS,30105,1-1,6.63
0e203f393d0fc4c8,2ème mi-tps - CS,30105,1-2,40.01
0e203f393d0fc4c8,2ème mi-tps - CS,30105,2-0,5.29
0e203f393d0fc4c8,2ème mi-tps - CS,30105,2-1,11.75
0e203f393d0fc4c8,2ème mi-tps - CS,30105,3-0,9.36
d3bb6dfa30f3e33d,1X2,30083,1,1.38
d3bb6dfa30f3e33d,1X2,30083,X,4.37
d3bb6dfa30f3e33d,1X2,30083,2,9.19
d3bb6dfa30f3e33d,Mi-tps 1X2,30084,1,2.0
d3bb6dfa30f3e33d,Mi-tps 1X2,30084,X,2.09
d3bb6dfa30f3e33d,Mi-tps 1X2,30084,2,9.9
d3bb6dfa30f3e33d,Double Chance,30085,1X,1.03
d3bb6dfa30f3e33d,Double Chance,30085,X2,2.91
d3bb6dfa30f3e33d,Double Chance,30085,12,1.18
d3bb6dfa30f3e33d,Mi-tps DC,30086,1X,1.02
d3bb6dfa30f3e33d,Mi-tps DC,30086,X2,1.72
d3bb6dfa30f3e33d,Mi-tps DC,30086,12,1.66
d3bb6dfa30f3e33d,Score exact,30081,0-0,10.75
d3bb6dfa30f3e33d,Score exact,30081,0-1,21.97
d3bb6dfa30f3e33d,Score exact,30081,0-2,67.38
d3bb6dfa30f3e33d,Score exact,30081,0-3,100.0
d3bb6dfa30f3e33d,Score exact,30081,0-4,100.0
d3bb6dfa30f3e33d,Score exact,30081,0-5,100.0
d3bb6dfa30f3e33d,Score exact,30081,0-6,100.0
d3bb6dfa30f3e33d,Score exact,30081,1-0,7.24
d3bb6dfa30f3e33d,Score exact,30081,1-1,9.05
d3bb6dfa30f3e33d,Score exact,30081,1-2,28.02
d3bb6dfa30f3e33d,Score exact,30081,1-3,100.0
d3bb6dfa30f3e33d,Score exact,30081,1-4,100.0
d3bb6dfa30f3e33d,Score exact,30081,1-5,100.0
d3bb6dfa30f3e33d,Score exact,30081,2-0,6.67
d3bb6dfa30f3e33d,Score exact,30081,2-1,8.54
d3bb6dfa30f3e33d,Score exact,30081,2-2,27.81
d3bb6dfa30f3e33d,Score exact,30081,2-3,100.0
d3bb6dfa30f3e33d,Score exact,30081,2-4,100.0
d3bb6dfa30f3e33d,Score exact,30081,3-0,8.3
d3bb6dfa30f3e33d,Score exact,30081,3-1,13.01
d3bb6dfa30f3e33d,Score exact,30081,3-2,46.5
d3bb6dfa30f3e33d,Score exact,30081,3-3,100.0
d3bb6dfa30f3e33d,Score exact,30081,4-0,16.75
d3bb6dfa30f3e33d,Score exact,30081,4-1,27.34
d3bb6dfa30f3e33d,Score exact,30081,4-2,100.0
d3bb6dfa30f3e33d,Score exact,30081,5-0,42.29
d3bb6dfa30f3e33d,Score exact,30081,5-1,100.0
d3bb6dfa30f3e33d,Score exact,30081,6-0,100.0
d3bb6dfa30f3e33d,Mi-tps CS,30082,0-0,2.56
d3bb6dfa30f3e33d,Mi-tps CS,30082,0-1,12.57
d3bb6dfa30f3e33d,Mi-tps CS,30082,0-2,75.5
d3bb6dfa30f3e33d,Mi-tps CS,30082,0-3,100.0
d3bb6dfa30f3e33d,Mi-tps CS,30082,1-0,3.84
d3bb6dfa30f3e33d,Mi-tps CS,30082,1-1,8.36
d3bb6dfa30f3e33d,Mi-tps CS,30082,1-2,75.35
d3bb6dfa30f3e33d,Mi-tps CS,30082,2-0,6.3
d3bb6dfa30f3e33d,Mi-tps CS,30082,2-1,20.6
d3bb6dfa30f3e33d,Mi-tps CS,30082,3-0,15.51
d3bb6dfa30f3e33d,+/-,30087,> 0.5,1.03
d3bb6dfa30f3e33d,+/-,30087,< 0.5,11.36
d3bb6dfa30f3e33d,+/-,30087,> 1.5,1.25
d3bb6dfa30f3e33d,+/-,30087,< 1.5,3.82
d3bb6dfa30f3e33d,+/-,30087,> 2.5,1.86
d3bb6dfa30f3e33d,+/-,30087,< 2.5,1.91
d3bb6dfa30f3e33d,+/-,30087,> 3.5,3.63
d3bb6dfa30f3e33d,+/-,30087,< 3.5,1.28
d3bb6dfa30f3e33d,HT/FT,30089,1/1,2.07
d3bb6dfa30f3e33d,HT/FT,30089,1/X,33.51
d3bb6dfa30f3e33d,HT/FT,30089,1/2,100.0
d3bb6dfa30f3e33d,HT/FT,30089,X/1,3.89
d3bb6dfa30f3e33d,HT/FT,30089,X/X,5.4
d3bb6dfa30f3e33d,HT/FT,30089,X/2,18.45
d3bb6dfa30f3e33d,HT/FT,30089,2/1,42.32
d3bb6dfa30f3e33d,HT/FT,30089,2/X,37.7
d3bb6dfa30f3e33d,HT/FT,30089,2/2,18.32
d3bb6dfa30f3e33d,Total de buts,30090,0,10.75
d3bb6dfa30f3e33d,Total de buts,30090,1,5.45
d3bb6dfa30f3e33d,Total de buts,30090,2,3.63
d3bb6dfa30f3e33d,Total de buts,30090,3,3.61
d3bb6dfa30f3e33d,Total de buts,30090,4,5.56
d3bb6dfa30f3e33d,Total de buts,30090,5,11.23
d3bb6dfa30f3e33d,Total de buts,30090,6,44.82
d3bb6dfa30f3e33d,G/NG,30091,Oui,2.27
d3bb6dfa30f3e33d,G/NG,30091,Non,1.61
d3bb6dfa30f3e33d,Les deux équipes marquent / 1ère mi temps,30092,Oui,5.98
d3bb6dfa30f3e33d,Les deux équipes marquent / 1ère mi temps,30092,Non,1.12
d3bb6dfa30f3e33d,1X2 & Total,30093,1 / > 1.5,1.63
d3bb6dfa30f3e33d,1X2 & Total,30093,X / > 1.5,6.85
d3bb6dfa30f3e33d,1X2 & Total,30093,2 / > 1.5,14.66
d3bb6dfa30f3e33d,1X2 & Total,30093,1 / < 1.5,7.38
d3bb6dfa30f3e33d,1X2 & Total,30093,X / < 1.5,10.95
d3bb6dfa30f3e33d,1X2 & Total,30093,2 / < 1.5,22.37
d3bb6dfa30f3e33d,1X2 & Total,30093,1 / > 2.5,2.14
d3bb6dfa30f3e33d,1X2 & Total,30093,X / > 2.5,26.72
d3bb6dfa30f3e33d,1X2 & Total,30093,2 / > 2.5,18.65
d3bb6dfa30f3e33d,1X2 & Total,30093,1 / < 2.5,3.53
d3bb6dfa30f3e33d,1X2 & Total,30093,X / < 2.5,5.0
d3bb6dfa30f3e33d,1X2 & Total,30093,2 / < 2.5,16.87
d3bb6dfa30f3e33d,1X2 & Total,30093,1 / > 3.5,4.28
d3bb6dfa30f3e33d,1X2 & Total,30093,X / > 3.5,26.72
d3bb6dfa30f3e33d,1X2 & Total,30093,2 / > 3.5,66.17
d3bb6dfa30f3e33d,1X2 & Total,30093,1 / < 3.5,1.94
d3bb6dfa30f3e33d,1X2 & Total,30093,X / < 3.5,5.0
d3bb6dfa30f3e33d,1X2 & Total,30093,2 / < 3.5,10.23
d3bb6dfa30f3e33d,1X2 & G/NG,30094,1 gagne et les deux équipes marquent,3.76
d3bb6dfa30f3e33d,1X2 & G/NG,30094,1 gagne et seulement  1  marque,2.01
d3bb6dfa30f3e33d,1X2 & G/NG,30094,X et les deux équipes marquent,6.73
d3bb6dfa30f3e33d,1X2 & G/NG,30094,X et aucun but,10.75
d3bb6dfa30f3e33d,1X2 & G/NG,30094,2 gagne et les deux équipes marquent,19.8
d3bb6dfa30f3e33d,1X2 & G/NG,30094,2 gagne et seulement 2 marque,15.52
d3bb6dfa30f3e33d,Total equipe domicile,30095,> 0.5,1.1
d3bb6dfa30f3e33d,Total equipe domicile,30095,< 0.5,6.71
d3bb6dfa30f3e33d,Total equipe domicile,30095,> 1.5,1.58
d3bb6dfa30f3e33d,Total equipe domicile,30095,< 1.5,2.35
d3bb6dfa30f3e33d,Total equipe domicile,30095,> 2.5,2.93
d3bb6dfa30f3e33d,Total equipe domicile,30095,< 2.5,1.39
d3bb6dfa30f3e33d,Total equipe domicile,30095,> 3.5,7.57
d3bb6dfa30f3e33d,Total equipe domicile,30095,< 3.5,1.08
d3bb6dfa30f3e33d,Total equipe extérieur,30096,> 0.5,1.99
d3bb6dfa30f3e33d,Total equipe extérieur,30096,< 0.5,1.79
d3bb6dfa30f3e33d,Total equipe extérieur,30096,> 1.5,7.84
d3bb6dfa30f3e33d,Total equipe extérieur,30096,< 1.5,1.07
d3bb6dfa30f3e33d,Total equipe extérieur,30096,> 2.5,50.21
d3bb6dfa30f3e33d,Total equipe extérieur,30096,< 2.5,0.96
d3bb6dfa30f3e33d,Total equipe extérieur,30096,> 3.5,100.0
d3bb6dfa30f3e33d,Total equipe extérieur,30096,< 3.5,0.95
d3bb6dfa30f3e33d,G/NG equipe domicile,30097,Oui,1.1
d3bb6dfa30f3e33d,G/NG equipe domicile,30097,Non,6.71
d3bb6dfa30f3e33d,G/NG equipe extérieur,30098,Oui,1.99
d3bb6dfa30f3e33d,G/NG equipe extérieur,30098,Non,1.79
d3bb6dfa30f3e33d,Pair/Impair,30099,Impair,1.89
d3bb6dfa30f3e33d,Pair/Impair,30099,Pair,1.82
d3bb6dfa30f3e33d,Minute du premier but,30100,1-15,4.81
d3bb6dfa30f3e33d,Minute du premier but,30100,16-30,3.15
d3bb6dfa30f3e33d,Minute du premier but,30100,31-45,5.11
d3bb6dfa30f3e33d,Minute du premier but,30100,46-60,6.84
d3bb6dfa30f3e33d,Minute du premier but,30100,61-75,11.78
d3bb6dfa30f3e33d,Minute du premier but,30100,76-90,13.39
d3bb6dfa30f3e33d,Minute du premier but,30100,Pas de but,10.75
d3bb6dfa30f3e33d,FTTS,30101,1,1.39
d3bb6dfa30f3e33d,FTTS,30101,2,3.25
d3bb6dfa30f3e33d,FTTS,30101,Pas de but,10.75
d3bb6dfa30f3e33d,Multi-Buts,30102,"Le total de buts est de 0, 1 ou 2",1.84
d3bb6dfa30f3e33d,Multi-Buts,30102,"Le total de buts est de 1, 2 ou 3",1.38
d3bb6dfa30f3e33d,Multi-Buts,30102,"Le total de buts est de 2, 3 ou 4",1.39
d3bb6dfa30f3e33d,Multi-Buts,30102,Le total de buts est supérieur à 4,9.14
d3bb6dfa30f3e33d,2ème mi-tps - CS,30105,0-0,3.55
d3bb6dfa30f3e33d,2ème mi-tps - CS,30105,0-1,12.45
d3bb6dfa30f3e33d,2ème mi-tps - CS,30105,0-2,52.71
d3bb6dfa30f3e33d,2ème mi-tps - CS,30105,0-3,100.0
d3bb6dfa30f3e33d,2ème mi-tps - CS,30105,1-0,4.35
d3bb6dfa30f3e33d,2ème mi-tps - CS,30105,1-1,6.78
d3bb6dfa30f3e33d,2ème mi-tps - CS,30105,1-2,43.05
d3bb6dfa30f3e33d,2ème mi-tps - CS,30105,2-0,5.38
d3bb6dfa30f3e33d,2ème mi-tps - CS,30105,2-1,12.56
d3bb6dfa30f3e33d,2ème mi-tps - CS,30105,3-0,9.97
2b62f8b51d22275b,1X2,30083,1,6.5
2b62f8b51d22275b,1X2,30083,X,4.49
2b62f8b51d22275b,1X2,30083,2,1.46
2b62f8b51d22275b,Mi-tps 1X2,30084,1,6.66
2b62f8b51d22275b,Mi-tps 1X2,30084,X,2.24
2b62f8b51d22275b,Mi-tps 1X2,30084,2,2.07
2b62f8b51d22275b,Double Chance,30085,1X,2.61
2b62f8b51d22275b,Double Chance,30085,X2,1.08
2b62f8b51d22275b,Double Chance,30085,12,1.17
2b62f8b51d22275b,Mi-tps DC,30086,1X,1.68
2b62f8b51d22275b,Mi-tps DC,30086,X2,1.08
2b62f8b51d22275b,Mi-tps DC,30086,12,1.58
2b62f8b51d22275b,Score exact,30081,0-0,16.73
2b62f8b51d22275b,Score exact,30081,0-1,10.55
2b62f8b51d22275b,Score exact,30081,0-2,8.87
2b62f8b51d22275b,Score exact,30081,0-3,10.06
2b62f8b51d22275b,Score exact,30081,0-4,18.59
2b62f8b51d22275b,Score exact,30081,0-5,42.43
2b62f8b51d22275b,Score exact,30081,0-6,100.0
2b62f8b51d22275b,Score exact,30081,1-0,23.28
2b62f8b51d22275b,Score exact,30081,1-1,9.0
2b62f8b51d22275b,Score exact,30081,1-2,7.79
2b62f8b51d22275b,Score exact,30081,1-3,10.79
2b62f8b51d22275b,Score exact,30081,1-4,20.52
2b62f8b51d22275b,Score exact,30081,1-5,80.04
2b62f8b51d22275b,Score exact,30081,2-0,48.26
2b62f8b51d22275b,Score exact,30081,2-1,18.78
2b62f8b51d22275b,Score exact,30081,2-2,17.09
2b62f8b51d22275b,Score exact,30081,2-3,25.93
2b62f8b51d22275b,Score exact,30081,2-4,88.78
2b62f8b51d22275b,Score exact,30081,3-0,100.0
2b62f8b51d22275b,Score exact,30081,3-1,63.77
2b62f8b51d22275b,Score exact,30081,3-2,64.77
2b62f8b51d22275b,Score exact,30081,3-3,100.0
2b62f8b51d22275b,Score exact,30081,4-0,100.0
2b62f8b51d22275b,Score exact,30081,4-1,100.0
2b62f8b51d22275b,Score exact,30081,4-2,100.0
2b62f8b51d22275b,Score exact,30081,5-0,100.0
2b62f8b51d22275b,Score exact,30081,5-1,100.0
2b62f8b51d22275b,Score exact,30081,6-0,100.0
2b62f8b51d22275b,Mi-tps CS,30082,0-0,3.2
2b62f8b51d22275b,Mi-tps CS,30082,0-1,4.45
2b62f8b51d22275b,Mi-tps CS,30082,0-2,6.63
2b62f8b51d22275b,Mi-tps CS,30082,0-3,14.82
2b62f8b51d22275b,Mi-tps CS,30082,1-0,10.0
2b62f8b51d22275b,Mi-tps CS,30082,1-1,6.18
2b62f8b51d22275b,Mi-tps CS,30082,1-2,13.83
2b62f8b51d22275b,Mi-tps CS,30082,2-0,37.63
2b62f8b51d22275b,Mi-tps CS,30082,2-1,34.9
2b62f8b51d22275b,Mi-tps CS,30082,3-0,100.0
2b62f8b51d22275b,+/-,30087,> 0.5,1.0
2b62f8b51d22275b,+/-,30087,< 0.5,17.67
2b62f8b51d22275b,+/-,30087,> 1.5,1.15
2b62f8b51d22275b,+/-,30087,< 1.5,5.35
2b62f8b51d22275b,+/-,30087,> 2.5,1.56
2b62f8b51d22275b,+/-,30087,< 2.5,2.39
2b62f8b51d22275b,+/-,30087,> 3.5,2.71
2b62f8b51d22275b,+/-,30087,< 3.5,1.45
2b62f8b51d22275b,HT/FT,30089,1/1,11.69
2b62f8b51d22275b,HT/FT,30089,1/X,26.92
2b62f8b51d22275b,HT/FT,30089,1/2,30.23
2b62f8b51d22275b,HT/FT,30089,X/1,14.95
2b62f8b51d22275b,HT/FT,30089,X/X,6.2
2b62f8b51d22275b,HT/FT,30089,X/2,4.27
2b62f8b51d22275b,HT/FT,30089,2/1,98.06
2b62f8b51d22275b,HT/FT,30089,2/X,27.17
2b62f8b51d22275b,HT/FT,30089,2/2,2.2
2b62f8b51d22275b,Total de buts,30090,0,16.73
2b62f8b51d22275b,Total de buts,30090,1,7.26
2b62f8b51d22275b,Total de buts,30090,2,4.09
2b62f8b51d22275b,Total de buts,30090,3,3.47
2b62f8b51d22275b,Total de buts,30090,4,4.5
2b62f8b51d22275b,Total de buts,30090,5,7.7
2b62f8b51d22275b,Total de buts,30090,6,26.52
2b62f8b51d22275b,G/NG,30091,Oui,1.77
2b62f8b51d22275b,G/NG,30091,Non,2.02
2b62f8b51d22275b,Les deux équipes marquent / 1ère mi temps,30092,Oui,4.13
2b62f8b51d22275b,Les deux équipes marquent / 1ère mi temps,30092,Non,1.22
2b62f8b51d22275b,1X2 & Total,30093,1 / > 1.5,8.51
2b62f8b51d22275b,1X2 & Total,30093,X / > 1.5,5.81
2b62f8b51d22275b,1X2 & Total,30093,2 / > 1.5,1.62
2b62f8b51d22275b,1X2 & Total,30093,1 / < 1.5,23.71
2b62f8b51d22275b,1X2 & Total,30093,X / < 1.5,17.03
2b62f8b51d22275b,1X2 & Total,30093,2 / < 1.5,10.75
2b62f8b51d22275b,1X2 & Total,30093,1 / > 2.5,10.29
2b62f8b51d22275b,1X2 & Total,30093,X / > 2.5,15.84
2b62f8b51d22275b,1X2 & Total,30093,2 / > 2.5,1.98
2b62f8b51d22275b,1X2 & Total,30093,1 / < 2.5,15.99
2b62f8b51d22275b,1X2 & Total,30093,X / < 2.5,5.96
2b62f8b51d22275b,1X2 & Total,30093,2 / < 2.5,4.91
2b62f8b51d22275b,1X2 & Total,30093,1 / > 3.5,26.52
2b62f8b51d22275b,1X2 & Total,30093,X / > 3.5,15.84
2b62f8b51d22275b,1X2 & Total,30093,2 / > 3.5,3.55
2b62f8b51d22275b,1X2 & Total,30093,1 / < 3.5,8.2
2b62f8b51d22275b,1X2 & Total,30093,X / < 3.5,5.96
2b62f8b51d22275b,1X2 & Total,30093,2 / < 3.5,2.34
2b62f8b51d22275b,1X2 & G/NG,30094,1 gagne et les deux équipes marquent,11.15
2b62f8b51d22275b,1X2 & G/NG,30094,1 gagne et seulement  1  marque,13.72
2b62f8b51d22275b,1X2 & G/NG,30094,X et les deux équipes marquent,5.7
2b62f8b51d22275b,1X2 & G/NG,30094,X et aucun but,16.73
2b62f8b51d22275b,1X2 & G/NG,30094,2 gagne et les deux équipes marquent,3.01
2b62f8b51d22275b,1X2 & G/NG,30094,2 gagne et seulement 2 marque,2.56
2b62f8b51d22275b,Total equipe domicile,30095,> 0.5,1.58
2b62f8b51d22275b,Total equipe domicile,30095,< 0.5,2.35
2b62f8b51d22275b,Total equipe domicile,30095,> 1.5,4.52
2b62f8b51d22275b,Total equipe domicile,30095,< 1.5,1.19
2b62f8b51d22275b,Total equipe domicile,30095,> 2.5,20.53
2b62f8b51d22275b,Total equipe domicile,30095,< 2.5,0.99
2b62f8b51d22275b,Total equipe domicile,30095,> 3.5,100.0
2b62f8b51d22275b,Total equipe domicile,30095,< 3.5,0.95
2b62f8b51d22275b,Total equipe extérieur,30096,> 0.5,1.07
2b62f8b51d22275b,Total equipe extérieur,30096,< 0.5,7.96
2b62f8b51d22275b,Total equipe extérieur,30096,> 1.5,1.49
2b62f8b51d22275b,Total equipe extérieur,30096,< 1.5,2.57
2b62f8b51d22275b,Total equipe extérieur,30096,> 2.5,2.69
2b62f8b51d22275b,Total equipe extérieur,30096,< 2.5,1.45
2b62f8b51d22275b,Total equipe extérieur,30096,> 3.5,6.78
2b62f8b51d22275b,Total equipe extérieur,30096,< 3.5,1.1
2b62f8b51d22275b,G/NG equipe domicile,30097,Oui,1.58
2b62f8b51d22275b,G/NG equipe domicile,30097,Non,2.35
2b62f8b51d22275b,G/NG equipe extérieur,30098,Oui,1.07
2b62f8b51d22275b,G/NG equipe extérieur,30098,Non,7.96
2b62f8b51d22275b,Pair/Impair,30099,Impair,1.87
2b62f8b51d22275b,Pair/Impair,30099,Pair,1.84
2b62f8b51d22275b,Minute du premier but,30100,1-15,4.15
2b62f8b51d22275b,Minute du premier but,30100,16-30,2.82
2b62f8b51d22275b,Minute du premier but,30100,31-45,4.99
2b62f8b51d22275b,Minute du premier but,30100,46-60,7.59
2b62f8b51d22275b,Minute du premier but,30100,61-75,13.85
2b62f8b51d22275b,Minute du premier but,30100,76-90,16.49
2b62f8b51d22275b,Minute du premier but,30100,Pas de but,16.73
2b62f8b51d22275b,FTTS,30101,1,2.63
2b62f8b51d22275b,FTTS,30101,2,1.47
2b62f8b51d22275b,FTTS,30101,Pas de but,16.73
2b62f8b51d22275b,Multi-Buts,30102,"Le total de buts est de 0, 1 ou 2",2.3
2b62f8b51d22275b,Multi-Buts,30102,"Le total de buts est de 1, 2 ou 3",1.52
2b62f8b51d22275b,Multi-Buts,30102,"Le total de buts est de 2, 3 ou 4",1.35
2b62f8b51d22275b,Multi-Buts,30102,Le total de buts est supérieur à 4,6.08
2b62f8b51d22275b,2ème mi-tps - CS,30105,0-0,4.43
2b62f8b51d22275b,2ème mi-tps - CS,30105,0-1,5.12
2b62f8b51d22275b,2ème mi-tps - CS,30105,0-2,5.68
2b62f8b51d22275b,2ème mi-tps - CS,30105,0-3,9.46
2b62f8b51d22275b,2ème mi-tps - CS,30105,1-0,11.11
2b62f8b51d22275b,2ème mi-tps - CS,30105,1-1,5.7
2b62f8b51d22275b,2ème mi-tps - CS,30105,1-2,9.5
2b62f8b51d22275b,2ème mi-tps - CS,30105,2-0,33.03
2b62f8b51d22275b,2ème mi-tps - CS,30105,2-1,25.42
2b62f8b51d22275b,2ème mi-tps - CS,30105,3-0,100.0
5c4c6b751e01b24a,1X2,30083,1,2.31
5c4c6b751e01b24a,1X2,30083,X,2.76
5c4c6b751e01b24a,1X2,30083,2,3.79
5c4c6b751e01b24a,Mi-tps 1X2,30084,1,3.55
5c4c6b751e01b24a,Mi-tps 1X2,30084,X,1.63
5c4c6b751e01b24a,Mi-tps 1X2,30084,2,5.4
5c4c6b751e01b24a,Double Chance,30085,1X,1.23
5c4c6b751e01b24a,Double Chance,30085,X2,1.57
5c4c6b751e01b24a,Double Chance,30085,12,1.41
5c4c6b751e01b24a,Mi-tps DC,30086,1X,1.12
5c4c6b751e01b24a,Mi-tps DC,30086,X2,1.25
5c4c6b751e01b24a,Mi-tps DC,30086,12,2.14
5c4c6b751e01b24a,Score exact,30081,0-0,5.54
5c4c6b751e01b24a,Score exact,30081,0-1,8.77
5c4c6b751e01b24a,Score exact,30081,0-2,20.75
5c4c6b751e01b24a,Score exact,30081,0-3,67.4
5c4c6b751e01b24a,Score exact,30081,0-4,100.0
5c4c6b751e01b24a,Score exact,30081,0-5,100.0
5c4c6b751e01b24a,Score exact,30081,0-6,100.0
5c4c6b751e01b24a,Score exact,30081,1-0,6.35
5c4c6b751e01b24a,Score exact,30081,1-1,6.15
5c4c6b751e01b24a,Score exact,30081,1-2,14.68
5c4c6b751e01b24a,Score exact,30081,1-3,57.76
5c4c6b751e01b24a,Score exact,30081,1-4,100.0
5c4c6b751e01b24a,Score exact,30081,1-5,100.0
5c4c6b751e01b24a,Score exact,30081,2-0,10.7
5c4c6b751e01b24a,Score exact,30081,2-1,10.49
5c4c6b751e01b24a,Score exact,30081,2-2,25.99
5c4c6b751e01b24a,Score exact,30081,2-3,100.0
5c4c6b751e01b24a,Score exact,30081,2-4,100.0
5c4c6b751e01b24a,Score exact,30081,3-0,24.7
5c4c6b751e01b24a,Score exact,30081,3-1,29.4
5c4c6b751e01b24a,Score exact,30081,3-2,80.74
5c4c6b751e01b24a,Score exact,30081,3-3,100.0
5c4c6b751e01b24a,Score exact,30081,4-0,91.93
5c4c6b751e01b24a,Score exact,30081,4-1,100.0
5c4c6b751e01b24a,Score exact,30081,4-2,100.0
5c4c6b751e01b24a,Score exact,30081,5-0,100.0
5c4c6b751e01b24a,Score exact,30081,5-1,100.0
5c4c6b751e01b24a,Score exact,30081,6-0,100.0
5c4c6b751e01b24a,Mi-tps CS,30082,0-0,1.88
5c4c6b751e01b24a,Mi-tps CS,30082,0-1,6.99
5c4c6b751e01b24a,Mi-tps CS,30082,0-2,31.55
5c4c6b751e01b24a,Mi-tps CS,30082,0-3,100.0
5c4c6b751e01b24a,Mi-tps CS,30082,1-0,5.02
5c4c6b751e01b24a,Mi-tps CS,30082,1-1,8.31
5c4c6b751e01b24a,Mi-tps CS,30082,1-2,56.26
5c4c6b751e01b24a,Mi-tps CS,30082,2-0,16.0
5c4c6b751e01b24a,Mi-tps CS,30082,2-1,39.7
5c4c6b751e01b24a,Mi-tps CS,30082,3-0,76.46
5c4c6b751e01b24a,+/-,30087,> 0.5,1.12
5c4c6b751e01b24a,+/-,30087,< 0.5,5.85
5c4c6b751e01b24a,+/-,30087,> 1.5,1.58
5c4c6b751e01b24a,+/-,30087,< 1.5,2.34
5c4c6b751e01b24a,+/-,30087,> 2.5,2.91
5c4c6b751e01b24a,+/-,30087,< 2.5,1.4
5c4c6b751e01b24a,+/-,30087,> 3.5,7.29
5c4c6b751e01b24a,+/-,30087,< 3.5,1.08
5c4c6b751e01b24a,HT/FT,30089,1/1,4.08
5c4c6b751e01b24a,HT/FT,30089,1/X,27.6
5c4c6b751e01b24a,HT/FT,30089,1/2,94.98
5c4c6b751e01b24a,HT/FT,30089,X/1,5.08
5c4c6b751e01b24a,HT/FT,30089,X/X,3.21
5c4c6b751e01b24a,HT/FT,30089,X/2,7.83
5c4c6b751e01b24a,HT/FT,30089,2/1,63.83
5c4c6b751e01b24a,HT/FT,30089,2/X,27.86
5c4c6b751e01b24a,HT/FT,30089,2/2,7.12
5c4c6b751e01b24a,Total de buts,30090,0,5.54
5c4c6b751e01b24a,Total de buts,30090,1,3.68
5c4c6b751e01b24a,Total de buts,30090,2,3.29
5c4c6b751e01b24a,Total de buts,30090,3,4.57
5c4c6b751e01b24a,Total de buts,30090,4,9.66
5c4c6b751e01b24a,Total de buts,30090,5,28.14
5c4c6b751e01b24a,Total de buts,30090,6,100.0
5c4c6b751e01b24a,G/NG,30091,Oui,2.33
5c4c6b751e01b24a,G/NG,30091,Non,1.59
5c4c6b751e01b24a,Les deux équipes marquent / 1ère mi temps,30092,Oui,6.64
5c4c6b751e01b24a,Les deux équipes marquent / 1ère mi temps,30092,Non,1.1
5c4c6b751e01b24a,1X2 & Total,30093,1 / > 1.5,3.39
5c4c6b751e01b24a,1X2 & Total,30093,X / > 1.5,5.02
5c4c6b751e01b24a,1X2 & Total,30093,2 / > 1.5,6.18
5c4c6b751e01b24a,1X2 & Total,30093,1 / < 1.5,6.47
5c4c6b751e01b24a,1X2 & Total,30093,X / < 1.5,5.64
5c4c6b751e01b24a,1X2 & Total,30093,2 / < 1.5,8.93
5c4c6b751e01b24a,1X2 & Total,30093,1 / > 2.5,4.92
5c4c6b751e01b24a,1X2 & Total,30093,X / > 2.5,25.41
5c4c6b751e01b24a,1X2 & Total,30093,2 / > 2.5,8.73
5c4c6b751e01b24a,1X2 & Total,30093,1 / < 2.5,4.06
5c4c6b751e01b24a,1X2 & Total,30093,X / < 2.5,2.97
5c4c6b751e01b24a,1X2 & Total,30093,2 / < 2.5,6.28
5c4c6b751e01b24a,1X2 & Total,30093,1 / > 3.5,14.31
5c4c6b751e01b24a,1X2 & Total,30093,X / > 3.5,25.41
5c4c6b751e01b24a,1X2 & Total,30093,2 / > 3.5,30.28
5c4c6b751e01b24a,1X2 & Total,30093,1 / < 3.5,2.63
5c4c6b751e01b24a,1X2 & Total,30093,X / < 3.5,2.97
5c4c6b751e01b24a,1X2 & Total,30093,2 / < 3.5,4.15
5c4c6b751e01b24a,1X2 & G/NG,30094,1 gagne et les deux équipes marquent,6.53
5c4c6b751e01b24a,1X2 & G/NG,30094,1 gagne et seulement  1  marque,3.28
5c4c6b751e01b24a,1X2 & G/NG,30094,X et les deux équipes marquent,4.93
5c4c6b751e01b24a,1X2 & G/NG,30094,X et aucun but,5.54
5c4c6b751e01b24a,1X2 & G/NG,30094,2 gagne et les deux équipes marquent,10.16
5c4c6b751e01b24a,1X2 & G/NG,30094,2 gagne et seulement 2 marque,5.55
5c4c6b751e01b24a,Total equipe domicile,30095,> 0.5,1.39
5c4c6b751e01b24a,Total equipe domicile,30095,< 0.5,2.93
5c4c6b751e01b24a,Total equipe domicile,30095,> 1.5,3.02
5c4c6b751e01b24a,Total equipe domicile,30095,< 1.5,1.37
5c4c6b751e01b24a,Total equipe domicile,30095,> 2.5,9.33
5c4c6b751e01b24a,Total equipe domicile,30095,< 2.5,1.05
5c4c6b751e01b24a,Total equipe domicile,30095,> 3.5,42.69
5c4c6b751e01b24a,Total equipe domicile,30095,< 3.5,0.96
5c4c6b751e01b24a,Total equipe extérieur,30096,> 0.5,1.66
5c4c6b751e01b24a,Total equipe extérieur,30096,< 0.5,2.18
5c4c6b751e01b24a,Total equipe extérieur,30096,> 1.5,4.83
5c4c6b751e01b24a,Total equipe extérieur,30096,< 1.5,1.17
5c4c6b751e01b24a,Total equipe extérieur,30096,> 2.5,21.11
5c4c6b751e01b24a,Total equipe extérieur,30096,< 2.5,0.99
5c4c6b751e01b24a,Total equipe extérieur,30096,> 3.5,100.0
5c4c6b751e01b24a,Total equipe extérieur,30096,< 3.5,0.95
5c4c6b751e01b24a,G/NG equipe domicile,30097,Oui,1.39
5c4c6b751e01b24a,G/NG equipe domicile,30097,Non,2.93
5c4c6b751e01b24a,G/NG equipe extérieur,30098,Oui,1.66
5c4c6b751e01b24a,G/NG equipe extérieur,30098,Non,2.18
5c4c6b751e01b24a,Pair/Impair,30099,Impair,1.97
5c4c6b751e01b24a,Pair/Impair,30099,Pair,1.74
5c4c6b751e01b24a,Minute du premier but,30100,1-15,5.98
5c4c6b751e01b24a,Minute du premier but,30100,16-30,3.78
5c4c6b751e01b24a,Minute du premier but,30100,31-45,5.65
5c4c6b751e01b24a,Minute du premier but,30100,46-60,6.58
5c4c6b751e01b24a,Minute du premier but,30100,61-75,10.73
5c4c6b751e01b24a,Minute du premier but,30100,76-90,11.67
5c4c6b751e01b24a,Minute du premier but,30100,Pas de but,5.54
5c4c6b751e01b24a,FTTS,30101,1,1.9
5c4c6b751e01b24a,FTTS,30101,2,2.42
5c4c6b751e01b24a,FTTS,30101,Pas de but,5.54
5c4c6b751e01b24a,Multi-Buts,30102,"Le total de buts est de 0, 1 ou 2",1.35
5c4c6b751e01b24a,Multi-Buts,30102,"Le total de buts est de 1, 2 ou 3",1.28
5c4c6b751e01b24a,Multi-Buts,30102,"Le total de buts est de 2, 3 ou 4",1.62
5c4c6b751e01b24a,Multi-Buts,30102,Le total de buts est supérieur à 4,24.63
5c4c6b751e01b24a,2ème mi-tps - CS,30105,0-0,2.5
5c4c6b751e01b24a,2ème mi-tps - CS,30105,0-1,6.89
5c4c6b751e01b24a,2ème mi-tps - CS,30105,0-2,22.71
5c4c6b751e01b24a,2ème mi-tps - CS,30105,0-3,100.0
5c4c6b751e01b24a,2ème mi-tps - CS,30105,1-0,5.02
5c4c6b751e01b24a,2ème mi-tps - CS,30105,1-1,6.15
5c4c6b751e01b24a,2ème mi-tps - CS,30105,1-2,30.41
5c4c6b751e01b24a,2ème mi-tps - CS,30105,2-0,11.68
5c4c6b751e01b24a,2ème mi-tps - CS,30105,2-1,21.49
5c4c6b751e01b24a,2ème mi-tps - CS,30105,3-0,40.77
fb5c941b991b32f0,1X2,30083,1,1.71
fb5c941b991b32f0,1X2,30083,X,3.5
fb5c941b991b32f0,1X2,30083,2,5.29
fb5c941b991b32f0,Mi-tps 1X2,30084,1,2.58
fb5c941b991b32f0,Mi-tps 1X2,30084,X,1.87
fb5c941b991b32f0,Mi-tps 1X2,30084,2,6.3
fb5c941b991b32f0,Double Chance,30085,1X,1.13
fb5c941b991b32f0,Double Chance,30085,X2,2.07
fb5c941b991b32f0,Double Chance,30085,12,1.27
fb5c941b991b32f0,Mi-tps DC,30086,1X,1.09
fb5c941b991b32f0,Mi-tps DC,30086,X2,1.44
fb5c941b991b32f0,Mi-tps DC,30086,12,1.83
fb5c941b991b32f0,Score exact,30081,0-0,9.2
fb5c941b991b32f0,Score exact,30081,0-1,14.48
fb5c941b991b32f0,Score exact,30081,0-2,34.01
fb5c941b991b32f0,Score exact,30081,0-3,100.0
fb5c941b991b32f0,Score exact,30081,0-4,100.0
fb5c941b991b32f0,Score exact,30081,0-5,100.0
fb5c941b991b32f0,Score exact,30081,0-6,100.0
fb5c941b991b32f0,Score exact,30081,1-0,7.39
fb5c941b991b32f0,Score exact,30081,1-1,7.1
fb5c941b991b32f0,Score exact,30081,1-2,16.82
fb5c941b991b32f0,Score exact,30081,1-3,65.49
fb5c941b991b32f0,Score exact,30081,1-4,100.0
fb5c941b991b32f0,Score exact,30081,1-5,100.0
fb5c941b991b32f0,Score exact,30081,2-0,8.37
fb5c941b991b32f0,Score exact,30081,2-1,8.21
fb5c941b991b32f0,Score exact,30081,2-2,20.34
fb5c941b991b32f0,Score exact,30081,2-3,88.2
fb5c941b991b32f0,Score exact,30081,2-4,100.0
fb5c941b991b32f0,Score exact,30081,3-0,12.9
fb5c941b991b32f0,Score exact,30081,3-1,15.5
fb5c941b991b32f0,Score exact,30081,3-2,42.32
fb5c941b991b32f0,Score exact,30081,3-3,100.0
fb5c941b991b32f0,Score exact,30081,4-0,32.48
fb5c941b991b32f0,Score exact,30081,4-1,40.87
fb5c941b991b32f0,Score exact,30081,4-2,100.0
fb5c941b991b32f0,Score exact,30081,5-0,100.0
fb5c941b991b32f0,Score exact,30081,5-1,100.0
fb5c941b991b32f0,Score exact,30081,6-0,100.0
fb5c941b991b32f0,Mi-tps CS,30082,0-0,2.34
fb5c941b991b32f0,Mi-tps CS,30082,0-1,8.53
fb5c941b991b32f0,Mi-tps CS,30082,0-2,37.66
fb5c941b991b32f0,Mi-tps CS,30082,0-3,100.0
fb5c941b991b32f0,Mi-tps CS,30082,1-0,4.37
fb5c941b991b32f0,Mi-tps CS,30082,1-1,7.08
fb5c941b991b32f0,Mi-tps CS,30082,1-2,46.89
fb5c941b991b32f0,Mi-tps CS,30082,2-0,9.37
fb5c941b991b32f0,Mi-tps CS,30082,2-1,22.75
fb5c941b991b32f0,Mi-tps CS,30082,3-0,30.1
fb5c941b991b32f0,+/-,30087,> 0.5,1.04
fb5c941b991b32f0,+/-,30087,< 0.5,9.72
fb5c941b991b32f0,+/-,30087,> 1.5,1.31
fb5c941b991b32f0,+/-,30087,< 1.5,3.37
fb5c941b991b32f0,+/-,30087,> 2.5,2.04
fb5c941b991b32f0,+/-,30087,< 2.5,1.75
fb5c941b991b32f0,+/-,30087,> 3.5,4.24
fb5c941b991b32f0,+/-,30087,< 3.5,1.21
fb5c941b991b32f0,HT/FT,30089,1/1,2.81
fb5c941b991b32f0,HT/FT,30089,1/X,27.55
fb5c941b991b32f0,HT/FT,30089,1/2,100.0
fb5c941b991b32f0,HT/FT,30089,X/1,4.21
fb5c941b991b32f0,HT/FT,30089,X/X,4.38
fb5c941b991b32f0,HT/FT,30089,X/2,11.36
fb5c941b991b32f0,HT/FT,30089,2/1,39.63
fb5c941b991b32f0,HT/FT,30089,2/X,26.74
fb5c941b991b32f0,HT/FT,30089,2/2,9.8
fb5c941b991b32f0,Total de buts,30090,0,9.2
fb5c941b991b32f0,Total de buts,30090,1,4.89
fb5c941b991b32f0,Total de buts,30090,2,3.45
fb5c941b991b32f0,Total de buts,30090,3,3.73
fb5c941b991b32f0,Total de buts,30090,4,6.19
fb5c941b991b32f0,Total de buts,30090,5,13.88
fb5c941b991b32f0,Total de buts,30090,6,63.94
fb5c941b991b32f0,G/NG,30091,Oui,2.0
fb5c941b991b32f0,G/NG,30091,Non,1.78
fb5c941b991b32f0,Les deux équipes marquent / 1ère mi temps,30092,Oui,5.25
fb5c941b991b32f0,Les deux équipes marquent / 1ère mi temps,30092,Non,1.15
fb5c941b991b32f0,1X2 & Total,30093,1 / > 1.5,2.11
fb5c941b991b32f0,1X2 & Total,30093,X / > 1.5,5.27
fb5c941b991b32f0,1X2 & Total,30093,2 / > 1.5,7.79
fb5c941b991b32f0,1X2 & Total,30093,1 / < 1.5,7.52
fb5c941b991b32f0,1X2 & Total,30093,X / < 1.5,9.37
fb5c941b991b32f0,1X2 & Total,30093,2 / < 1.5,14.74
fb5c941b991b32f0,1X2 & Total,30093,1 / > 2.5,2.8
fb5c941b991b32f0,1X2 & Total,30093,X / > 2.5,19.49
fb5c941b991b32f0,1X2 & Total,30093,2 / > 2.5,10.05
fb5c941b991b32f0,1X2 & Total,30093,1 / < 2.5,3.99
fb5c941b991b32f0,1X2 & Total,30093,X / < 2.5,4.08
fb5c941b991b32f0,1X2 & Total,30093,2 / < 2.5,10.34
fb5c941b991b32f0,1X2 & Total,30093,1 / > 3.5,6.2
fb5c941b991b32f0,1X2 & Total,30093,X / > 3.5,19.49
fb5c941b991b32f0,1X2 & Total,30093,2 / > 3.5,31.05
fb5c941b991b32f0,1X2 & Total,30093,1 / < 3.5,2.24
fb5c941b991b32f0,1X2 & Total,30093,X / < 3.5,4.08
fb5c941b991b32f0,1X2 & Total,30093,2 / < 3.5,6.1
fb5c941b991b32f0,1X2 & G/NG,30094,1 gagne et les deux équipes marquent,4.1
fb5c941b991b32f0,1X2 & G/NG,30094,1 gagne et seulement  1  marque,2.67
fb5c941b991b32f0,1X2 & G/NG,30094,X et les deux équipes marquent,5.18
fb5c941b991b32f0,1X2 & G/NG,30094,X et aucun but,9.2
fb5c941b991b32f0,1X2 & G/NG,30094,2 gagne et les deux équipes marquent,11.09
fb5c941b991b32f0,1X2 & G/NG,30094,2 gagne et seulement 2 marque,9.12
fb5c941b991b32f0,Total equipe domicile,30095,> 0.5,1.17
fb5c941b991b32f0,Total equipe domicile,30095,< 0.5,4.84
fb5c941b991b32f0,Total equipe domicile,30095,> 1.5,1.93
fb5c941b991b32f0,Total equipe domicile,30095,< 1.5,1.85
fb5c941b991b32f0,Total equipe domicile,30095,> 2.5,4.32
fb5c941b991b32f0,Total equipe domicile,30095,< 2.5,1.21
fb5c941b991b32f0,Total equipe domicile,30095,> 3.5,13.9
fb5c941b991b32f0,Total equipe domicile,30095,< 3.5,1.01
fb5c941b991b32f0,Total equipe extérieur,30096,> 0.5,1.66
fb5c941b991b32f0,Total equipe extérieur,30096,< 0.5,2.19
fb5c941b991b32f0,Total equipe extérieur,30096,> 1.5,4.99
fb5c941b991b32f0,Total equipe extérieur,30096,< 1.5,1.16
fb5c941b991b32f0,Total equipe extérieur,30096,> 2.5,23.49
fb5c941b991b32f0,Total equipe extérieur,30096,< 2.5,0.98
fb5c941b991b32f0,Total equipe extérieur,30096,> 3.5,100.0
fb5c941b991b32f0,Total equipe extérieur,30096,< 3.5,0.95
fb5c941b991b32f0,G/NG equipe domicile,30097,Oui,1.17
fb5c941b991b32f0,G/NG equipe domicile,30097,Non,4.84
fb5c941b991b32f0,G/NG equipe extérieur,30098,Oui,1.66
fb5c941b991b32f0,G/NG equipe extérieur,30098,Non,2.19
fb5c941b991b32f0,Pair/Impair,30099,Impair,1.9
fb5c941b991b32f0,Pair/Impair,30099,Pair,1.8
fb5c941b991b32f0,Minute du premier but,30100,1-15,4.95
fb5c941b991b32f0,Minute du premier but,30100,16-30,3.23
fb5c941b991b32f0,Minute du premier but,30100,31-45,5.21
fb5c941b991b32f0,Minute du premier but,30100,46-60,6.76
fb5c941b991b32f0,Minute du premier but,30100,61-75,11.72
fb5c941b991b32f0,Minute du premier but,30100,76-90,13.4
fb5c941b991b32f0,Minute du premier but,30100,Pas de but,9.2
fb5c941b991b32f0,FTTS,30101,1,1.6
fb5c941b991b32f0,FTTS,30101,2,2.59
fb5c941b991b32f0,FTTS,30101,Pas de but,9.2
fb5c941b991b32f0,Multi-Buts,30102,"Le total de buts est de 0, 1 ou 2",1.69
fb5c941b991b32f0,Multi-Buts,30102,"Le total de buts est de 1, 2 ou 3",1.34
fb5c941b991b32f0,Multi-Buts,30102,"Le total de buts est de 2, 3 ou 4",1.42
fb5c941b991b32f0,Multi-Buts,30102,Le total de buts est supérieur à 4,11.61
fb5c941b991b32f0,2ème mi-tps - CS,30105,0-0,3.33
fb5c941b991b32f0,2ème mi-tps - CS,30105,0-1,9.22
fb5c941b991b32f0,2ème mi-tps - CS,30105,0-2,30.46
fb5c941b991b32f0,2ème mi-tps - CS,30105,0-3,100.0
fb5c941b991b32f0,2ème mi-tps - CS,30105,1-0,4.68
fb5c941b991b32f0,2ème mi-tps - CS,30105,1-1,5.76
fb5c941b991b32f0,2ème mi-tps - CS,30105,1-2,28.57
fb5c941b991b32f0,2ème mi-tps - CS,30105,2-0,7.09
fb5c941b991b32f0,2ème mi-tps - CS,30105,2-1,13.09
fb5c941b991b32f0,2ème mi-tps - CS,30105,3-0,16.1
f00709bc19d12dfb,1X2,30083,1,2.14
f00709bc19d12dfb,1X2,30083,X,2.82
f00709bc19d12dfb,1X2,30083,2,4.21
f00709bc19d12dfb,Mi-tps 1X2,30084,1,3.18
f00709bc19d12dfb,Mi-tps 1X2,30084,X,1.66
f00709bc19d12dfb,Mi-tps 1X2,30084,2,6.1
f00709bc19d12dfb,Double Chance,30085,1X,1.19
f00709bc19d12dfb,Double Chance,30085,X2,1.66
f00709bc19d12dfb,Double Chance,30085,12,1.39
f00709bc19d12dfb,Mi-tps DC,30086,1X,1.09
f00709bc19d12dfb,Mi-tps DC,30086,X2,1.31
f00709bc19d12dfb,Mi-tps DC,30086,12,2.09
f00709bc19d12dfb,Score exact,30081,0-0,5.68
f00709bc19d12dfb,Score exact,30081,0-1,9.54
f00709bc19d12dfb,Score exact,30081,0-2,23.86
f00709bc19d12dfb,Score exact,30081,0-3,82.08
f00709bc19d12dfb,Score exact,30081,0-4,100.0
f00709bc19d12dfb,Score exact,30081,0-5,100.0
f00709bc19d12dfb,Score exact,30081,0-6,100.0
f00709bc19d12dfb,Score exact,30081,1-0,6.13
f00709bc19d12dfb,Score exact,30081,1-1,6.29
f00709bc19d12dfb,Score exact,30081,1-2,15.92
f00709bc19d12dfb,Score exact,30081,1-3,66.54
f00709bc19d12dfb,Score exact,30081,1-4,100.0
f00709bc19d12dfb,Score exact,30081,1-5,100.0
f00709bc19d12dfb,Score exact,30081,2-0,9.71
f00709bc19d12dfb,Score exact,30081,2-1,10.07
f00709bc19d12dfb,Score exact,30081,2-2,26.42
f00709bc19d12dfb,Score exact,30081,2-3,100.0
f00709bc19d12dfb,Score exact,30081,2-4,100.0
f00709bc19d12dfb,Score exact,30081,3-0,21.05
f00709bc19d12dfb,Score exact,30081,3-1,26.33
f00709bc19d12dfb,Score exact,30081,3-2,76.62
f00709bc19d12dfb,Score exact,30081,3-3,100.0
f00709bc19d12dfb,Score exact,30081,4-0,72.67
f00709bc19d12dfb,Score exact,30081,4-1,97.1
f00709bc19d12dfb,Score exact,30081,4-2,100.0
f00709bc19d12dfb,Score exact,30081,5-0,100.0
f00709bc19d12dfb,Score exact,30081,5-1,100.0
f00709bc19d12dfb,Score exact,30081,6-0,100.0
f00709bc19d12dfb,Mi-tps CS,30082,0-0,1.92
f00709bc19d12dfb,Mi-tps CS,30082,0-1,7.77
f00709bc19d12dfb,Mi-tps CS,30082,0-2,38.29
f00709bc19d12dfb,Mi-tps CS,30082,0-3,100.0
f00709bc19d12dfb,Mi-tps CS,30082,1-0,4.66
f00709bc19d12dfb,Mi-tps CS,30082,1-1,8.39
f00709bc19d12dfb,Mi-tps CS,30082,1-2,62.05
f00709bc19d12dfb,Mi-tps CS,30082,2-0,13.38
f00709bc19d12dfb,Mi-tps CS,30082,2-1,36.15
f00709bc19d12dfb,Mi-tps CS,30082,3-0,57.66
f00709bc19d12dfb,+/-,30087,> 0.5,1.12
f00709bc19d12dfb,+/-,30087,< 0.5,6.01
f00709bc19d12dfb,+/-,30087,> 1.5,1.56
f00709bc19d12dfb,+/-,30087,< 1.5,2.38
f00709bc19d12dfb,+/-,30087,> 2.5,2.84
f00709bc19d12dfb,+/-,30087,< 2.5,1.41
f00709bc19d12dfb,+/-,30087,> 3.5,7.02
f00709bc19d12dfb,+/-,30087,< 3.5,1.09
f00709bc19d12dfb,HT/FT,30089,1/1,3.6
f00709bc19d12dfb,HT/FT,30089,1/X,26.55
f00709bc19d12dfb,HT/FT,30089,1/2,95.66
f00709bc19d12dfb,HT/FT,30089,X/1,4.95
f00709bc19d12dfb,HT/FT,30089,X/X,3.29
f00709bc19d12dfb,HT/FT,30089,X/2,8.41
f00709bc19d12dfb,HT/FT,30089,2/1,65.87
f00709bc19d12dfb,HT/FT,30089,2/X,30.16
f00709bc19d12dfb,HT/FT,30089,2/2,8.22
f00709bc19d12dfb,Total de buts,30090,0,5.68
f00709bc19d12dfb,Total de buts,30090,1,3.73
f00709bc19d12dfb,Total de buts,30090,2,3.29
f00709bc19d12dfb,Total de buts,30090,3,4.51
f00709bc19d12dfb,Total de buts,30090,4,9.36
f00709bc19d12dfb,Total de buts,30090,5,26.74
f00709bc19d12dfb,Total de buts,30090,6,100.0
f00709bc19d12dfb,G/NG,30091,Oui,2.34
f00709bc19d12dfb,G/NG,30091,Non,1.58
f00709bc19d12dfb,Les deux équipes marquent / 1ère mi temps,30092,Oui,6.66
f00709bc19d12dfb,Les deux équipes marquent / 1ère mi temps,30092,Non,1.1
f00709bc19d12dfb,1X2 & Total,30093,1 / > 1.5,3.07
f00709bc19d12dfb,1X2 & Total,30093,X / > 1.5,5.13
f00709bc19d12dfb,1X2 & Total,30093,2 / > 1.5,6.97
f00709bc19d12dfb,1X2 & Total,30093,1 / < 1.5,6.25
f00709bc19d12dfb,1X2 & Total,30093,X / < 1.5,5.79
f00709bc19d12dfb,1X2 & Total,30093,2 / < 1.5,9.71
f00709bc19d12dfb,1X2 & Total,30093,1 / > 2.5,4.45
f00709bc19d12dfb,1X2 & Total,30093,X / > 2.5,25.82
f00709bc19d12dfb,1X2 & Total,30093,2 / > 2.5,9.78
f00709bc19d12dfb,1X2 & Total,30093,1 / < 2.5,3.83
f00709bc19d12dfb,1X2 & Total,30093,X / < 2.5,3.04
f00709bc19d12dfb,1X2 & Total,30093,2 / < 2.5,6.94
f00709bc19d12dfb,1X2 & Total,30093,1 / > 3.5,12.44
f00709bc19d12dfb,1X2 & Total,30093,X / > 3.5,25.82
f00709bc19d12dfb,1X2 & Total,30093,2 / > 3.5,34.92
f00709bc19d12dfb,1X2 & Total,30093,1 / < 3.5,2.47
f00709bc19d12dfb,1X2 & Total,30093,X / < 3.5,3.04
f00709bc19d12dfb,1X2 & Total,30093,2 / < 3.5,4.59
f00709bc19d12dfb,1X2 & G/NG,30094,1 gagne et les deux équipes marquent,6.1
f00709bc19d12dfb,1X2 & G/NG,30094,1 gagne et seulement  1  marque,3.02
f00709bc19d12dfb,1X2 & G/NG,30094,X et les deux équipes marquent,5.04
f00709bc19d12dfb,1X2 & G/NG,30094,X et aucun but,5.68
f00709bc19d12dfb,1X2 & G/NG,30094,2 gagne et les deux équipes marquent,11.18
f00709bc19d12dfb,1X2 & G/NG,30094,2 gagne et seulement 2 marque,6.19
f00709bc19d12dfb,Total equipe domicile,30095,> 0.5,1.35
f00709bc19d12dfb,Total equipe domicile,30095,< 0.5,3.13
f00709bc19d12dfb,Total equipe domicile,30095,> 1.5,2.78
f00709bc19d12dfb,Total equipe domicile,30095,< 1.5,1.43
f00709bc19d12dfb,Total equipe domicile,30095,> 2.5,8.07
f00709bc19d12dfb,Total equipe domicile,30095,< 2.5,1.07
f00709bc19d12dfb,Total equipe domicile,30095,> 3.5,34.27
f00709bc19d12dfb,Total equipe domicile,30095,< 3.5,0.97
f00709bc19d12dfb,Total equipe extérieur,30096,> 0.5,1.72
f00709bc19d12dfb,Total equipe extérieur,30096,< 0.5,2.09
f00709bc19d12dfb,Total equipe extérieur,30096,> 1.5,5.27
f00709bc19d12dfb,Total equipe extérieur,30096,< 1.5,1.15
f00709bc19d12dfb,Total equipe extérieur,30096,> 2.5,24.61
f00709bc19d12dfb,Total equipe extérieur,30096,< 2.5,0.98
f00709bc19d12dfb,Total equipe extérieur,30096,> 3.5,100.0
f00709bc19d12dfb,Total equipe extérieur,30096,< 3.5,0.95
f00709bc19d12dfb,G/NG equipe domicile,30097,Oui,1.35
f00709bc19d12dfb,G/NG equipe domicile,30097,Non,3.13
f00709bc19d12dfb,G/NG equipe extérieur,30098,Oui,1.72
f00709bc19d12dfb,G/NG equipe extérieur,30098,Non,2.09
f00709bc19d12dfb,Pair/Impair,30099,Impair,1.97
f00709bc19d12dfb,Pair/Impair,30099,Pair,1.75
f00709bc19d12dfb,Minute du premier but,30100,1-15,5.89
f00709bc19d12dfb,Minute du premier but,30100,16-30,3.73
f00709bc19d12dfb,Minute du premier but,30100,31-45,5.6
f00709bc19d12dfb,Minute du premier but,30100,46-60,6.64
f00709bc19d12dfb,Minute du premier but,30100,61-75,10.83
f00709bc19d12dfb,Minute du premier but,30100,76-90,11.78
f00709bc19d12dfb,Minute du premier but,30100,Pas de but,5.68
f00709bc19d12dfb,FTTS,30101,1,1.81
f00709bc19d12dfb,FTTS,30101,2,2.55
f00709bc19d12dfb,FTTS,30101,Pas de but,5.68
f00709bc19d12dfb,Multi-Buts,30102,"Le total de buts est de 0, 1 ou 2",1.36
f00709bc19d12dfb,Multi-Buts,30102,"Le total de buts est de 1, 2 ou 3",1.28
f00709bc19d12dfb,Multi-Buts,30102,"Le total de buts est de 2, 3 ou 4",1.61
f00709bc19d12dfb,Multi-Buts,30102,Le total de buts est supérieur à 4,23.32
f00709bc19d12dfb,2ème mi-tps - CS,30105,0-0,2.51
f00709bc19d12dfb,2ème mi-tps - CS,30105,0-1,7.19
f00709bc19d12dfb,2ème mi-tps - CS,30105,0-2,24.63
f00709bc19d12dfb,2ème mi-tps - CS,30105,0-3,100.0
f00709bc19d12dfb,2ème mi-tps - CS,30105,1-0,4.88
f00709bc19d12dfb,2ème mi-tps - CS,30105,1-1,6.21
f00709bc19d12dfb,2ème mi-tps - CS,30105,1-2,31.89
f00709bc19d12dfb,2ème mi-tps - CS,30105,2-0,10.92
f00709bc19d12dfb,2ème mi-tps - CS,30105,2-1,20.85
f00709bc19d12dfb,2ème mi-tps - CS,30105,3-0,36.69
7fa737f3f4efa1d9,1X2,30083,1,2.94
7fa737f3f4efa1d9,1X2,30083,X,2.73
7fa737f3f4efa1d9,1X2,30083,2,2.83
7fa737f3f4efa1d9,Mi-tps 1X2,30084,1,4.51
7fa737f3f4efa1d9,Mi-tps 1X2,30084,X,1.63
7fa737f3f4efa1d9,Mi-tps 1X2,30084,2,4.11
7fa737f3f4efa1d9,Double Chance,30085,1X,1.39
7fa737f3f4efa1d9,Double Chance,30085,X2,1.36
7fa737f3f4efa1d9,Double Chance,30085,12,1.42
7fa737f3f4efa1d9,Mi-tps DC,30086,1X,1.19
7fa737f3f4efa1d9,Mi-tps DC,30086,X2,1.17
7fa737f3f4efa1d9,Mi-tps DC,30086,12,2.15
7fa737f3f4efa1d9,Score exact,30081,0-0,5.64
7fa737f3f4efa1d9,Score exact,30081,0-1,7.34
7fa737f3f4efa1d9,Score exact,30081,0-2,14.14
7fa737f3f4efa1d9,Score exact,30081,0-3,37.38
7fa737f3f4efa1d9,Score exact,30081,0-4,100.0
7fa737f3f4efa1d9,Score exact,30081,0-5,100.0
7fa737f3f4efa1d9,Score exact,30081,0-6,100.0
7fa737f3f4efa1d9,Score exact,30081,1-0,7.53
7fa737f3f4efa1d9,Score exact,30081,1-1,5.98
7fa737f3f4efa1d9,Score exact,30081,1-2,11.65
7fa737f3f4efa1d9,Score exact,30081,1-3,37.3
7fa737f3f4efa1d9,Score exact,30081,1-4,100.0
7fa737f3f4efa1d9,Score exact,30081,1-5,100.0
7fa737f3f4efa1d9,Score exact,30081,2-0,14.87
7fa737f3f4efa1d9,Score exact,30081,2-1,11.97
7fa737f3f4efa1d9,Score exact,30081,2-2,24.24
7fa737f3f4efa1d9,Score exact,30081,2-3,86.13
7fa737f3f4efa1d9,Score exact,30081,2-4,100.0
7fa737f3f4efa1d9,Score exact,30081,3-0,40.27
7fa737f3f4efa1d9,Score exact,30081,3-1,39.58
7fa737f3f4efa1d9,Score exact,30081,3-2,88.82
7fa737f3f4efa1d9,Score exact,30081,3-3,100.0
7fa737f3f4efa1d9,Score exact,30081,4-0,100.0
7fa737f3f4efa1d9,Score exact,30081,4-1,100.0
7fa737f3f4efa1d9,Score exact,30081,4-2,100.0
7fa737f3f4efa1d9,Score exact,30081,5-0,100.0
7fa737f3f4efa1d9,Score exact,30081,5-1,100.0
7fa737f3f4efa1d9,Score exact,30081,6-0,100.0
7fa737f3f4efa1d9,Mi-tps CS,30082,0-0,1.88
7fa737f3f4efa1d9,Mi-tps CS,30082,0-1,5.64
7fa737f3f4efa1d9,Mi-tps CS,30082,0-2,20.26
7fa737f3f4efa1d9,Mi-tps CS,30082,0-3,100.0
7fa737f3f4efa1d9,Mi-tps CS,30082,1-0,6.06
7fa737f3f4efa1d9,Mi-tps CS,30082,1-1,8.07
7fa737f3f4efa1d9,Mi-tps CS,30082,1-2,43.5
7fa737f3f4efa1d9,Mi-tps CS,30082,2-0,23.52
7fa737f3f4efa1d9,Mi-tps CS,30082,2-1,46.96
7fa737f3f4efa1d9,Mi-tps CS,30082,3-0,100.0
7fa737f3f4efa1d9,+/-,30087,> 0.5,1.12
7fa737f3f4efa1d9,+/-,30087,< 0.5,5.96
7fa737f3f4efa1d9,+/-,30087,> 1.5,1.57
7fa737f3f4efa1d9,+/-,30087,< 1.5,2.37
7fa737f3f4efa1d9,+/-,30087,> 2.5,2.87
7fa737f3f4efa1d9,+/-,30087,< 2.5,1.41
7fa737f3f4efa1d9,+/-,30087,> 3.5,7.16
7fa737f3f4efa1d9,+/-,30087,< 3.5,1.09
7fa737f3f4efa1d9,HT/FT,30089,1/1,5.53
7fa737f3f4efa1d9,HT/FT,30089,1/X,27.81
7fa737f3f4efa1d9,HT/FT,30089,1/2,76.86
7fa737f3f4efa1d9,HT/FT,30089,X/1,6.11
7fa737f3f4efa1d9,HT/FT,30089,X/X,3.2
7fa737f3f4efa1d9,HT/FT,30089,X/2,6.18
7fa737f3f4efa1d9,HT/FT,30089,2/1,69.94
7fa737f3f4efa1d9,HT/FT,30089,2/X,25.49
7fa737f3f4efa1d9,HT/FT,30089,2/2,5.04
7fa737f3f4efa1d9,Total de buts,30090,0,5.64
7fa737f3f4efa1d9,Total de buts,30090,1,3.72
7fa737f3f4efa1d9,Total de buts,30090,2,3.28
7fa737f3f4efa1d9,Total de buts,30090,3,4.53
7fa737f3f4efa1d9,Total de buts,30090,4,9.5
7fa737f3f4efa1d9,Total de buts,30090,5,27.55
7fa737f3f4efa1d9,Total de buts,30090,6,100.0
7fa737f3f4efa1d9,G/NG,30091,Oui,2.25
7fa737f3f4efa1d9,G/NG,30091,Non,1.62
7fa737f3f4efa1d9,Les deux équipes marquent / 1ère mi temps,30092,Oui,6.45
7fa737f3f4efa1d9,Les deux équipes marquent / 1ère mi temps,30092,Non,1.11
7fa737f3f4efa1d9,1X2 & Total,30093,1 / > 1.5,4.5
7fa737f3f4efa1d9,1X2 & Total,30093,X / > 1.5,4.84
7fa737f3f4efa1d9,1X2 & Total,30093,2 / > 1.5,4.29
7fa737f3f4efa1d9,1X2 & Total,30093,1 / < 1.5,7.67
7fa737f3f4efa1d9,1X2 & Total,30093,X / < 1.5,5.74
7fa737f3f4efa1d9,1X2 & Total,30093,2 / < 1.5,7.47
7fa737f3f4efa1d9,1X2 & Total,30093,1 / > 2.5,6.41
7fa737f3f4efa1d9,1X2 & Total,30093,X / > 2.5,23.66
7fa737f3f4efa1d9,1X2 & Total,30093,2 / > 2.5,6.11
7fa737f3f4efa1d9,1X2 & Total,30093,1 / < 2.5,5.09
7fa737f3f4efa1d9,1X2 & Total,30093,X / < 2.5,2.95
7fa737f3f4efa1d9,1X2 & Total,30093,2 / < 2.5,4.92
7fa737f3f4efa1d9,1X2 & Total,30093,1 / > 3.5,20.17
7fa737f3f4efa1d9,1X2 & Total,30093,X / > 3.5,23.66
7fa737f3f4efa1d9,1X2 & Total,30093,2 / > 3.5,18.87
7fa737f3f4efa1d9,1X2 & Total,30093,1 / < 3.5,3.3
7fa737f3f4efa1d9,1X2 & Total,30093,X / < 3.5,2.95
7fa737f3f4efa1d9,1X2 & Total,30093,2 / < 3.5,3.19
7fa737f3f4efa1d9,1X2 & G/NG,30094,1 gagne et les deux équipes marquent,7.85
7fa737f3f4efa1d9,1X2 & G/NG,30094,1 gagne et seulement  1  marque,4.32
7fa737f3f4efa1d9,1X2 & G/NG,30094,X et les deux équipes marquent,4.76
7fa737f3f4efa1d9,1X2 & G/NG,30094,X et aucun but,5.64
7fa737f3f4efa1d9,1X2 & G/NG,30094,2 gagne et les deux équipes marquent,7.57
7fa737f3f4efa1d9,1X2 & G/NG,30094,2 gagne et seulement 2 marque,4.14
7fa737f3f4efa1d9,Total equipe domicile,30095,> 0.5,1.51
7fa737f3f4efa1d9,Total equipe domicile,30095,< 0.5,2.52
7fa737f3f4efa1d9,Total equipe domicile,30095,> 1.5,3.74
7fa737f3f4efa1d9,Total equipe domicile,30095,< 1.5,1.26
7fa737f3f4efa1d9,Total equipe domicile,30095,> 2.5,13.7
7fa737f3f4efa1d9,Total equipe domicile,30095,< 2.5,1.01
7fa737f3f4efa1d9,Total equipe domicile,30095,> 3.5,75.71
7fa737f3f4efa1d9,Total equipe domicile,30095,< 3.5,0.96
7fa737f3f4efa1d9,Total equipe extérieur,30096,> 0.5,1.49
7fa737f3f4efa1d9,Total equipe extérieur,30096,< 0.5,2.58
7fa737f3f4efa1d9,Total equipe extérieur,30096,> 1.5,3.61
7fa737f3f4efa1d9,Total equipe extérieur,30096,< 1.5,1.28
7fa737f3f4efa1d9,Total equipe extérieur,30096,> 2.5,12.81
7fa737f3f4efa1d9,Total equipe extérieur,30096,< 2.5,1.02
7fa737f3f4efa1d9,Total equipe extérieur,30096,> 3.5,67.96
7fa737f3f4efa1d9,Total equipe extérieur,30096,< 3.5,0.96
7fa737f3f4efa1d9,G/NG equipe domicile,30097,Oui,1.51
7fa737f3f4efa1d9,G/NG equipe domicile,30097,Non,2.52
7fa737f3f4efa1d9,G/NG equipe extérieur,30098,Oui,1.49
7fa737f3f4efa1d9,G/NG equipe extérieur,30098,Non,2.58
7fa737f3f4efa1d9,Pair/Impair,30099,Impair,1.97
7fa737f3f4efa1d9,Pair/Impair,30099,Pair,1.75
7fa737f3f4efa1d9,Minute du premier but,30100,1-15,5.95
7fa737f3f4efa1d9,Minute du premier but,30100,16-30,3.76
7fa737f3f4efa1d9,Minute du premier but,30100,31-45,5.64
7fa737f3f4efa1d9,Minute du premier but,30100,46-60,6.54
7fa737f3f4efa1d9,Minute du premier but,30100,61-75,10.73
7fa737f3f4efa1d9,Minute du premier but,30100,76-90,11.73
7fa737f3f4efa1d9,Minute du premier but,30100,Pas de but,5.64
7fa737f3f4efa1d9,FTTS,30101,1,2.16
7fa737f3f4efa1d9,FTTS,30101,2,2.09
7fa737f3f4efa1d9,FTTS,30101,Pas de but,5.64
7fa737f3f4efa1d9,Multi-Buts,30102,"Le total de buts est de 0, 1 ou 2",1.35
7fa737f3f4efa1d9,Multi-Buts,30102,"Le total de buts est de 1, 2 ou 3",1.28
7fa737f3f4efa1d9,Multi-Buts,30102,"Le total de buts est de 2, 3 ou 4",1.61
7fa737f3f4efa1d9,Multi-Buts,30102,Le total de buts est supérieur à 4,24.12
7fa737f3f4efa1d9,2ème mi-tps - CS,30105,0-0,2.54
7fa737f3f4efa1d9,2ème mi-tps - CS,30105,0-1,5.84
7fa737f3f4efa1d9,2ème mi-tps - CS,30105,0-2,15.79
7fa737f3f4efa1d9,2ème mi-tps - CS,30105,0-3,64.09
7fa737f3f4efa1d9,2ème mi-tps - CS,30105,1-0,5.79
7fa737f3f4efa1d9,2ème mi-tps - CS,30105,1-1,5.92
7fa737f3f4efa1d9,2ème mi-tps - CS,30105,1-2,24.04
7fa737f3f4efa1d9,2ème mi-tps - CS,30105,2-0,15.54
7fa737f3f4efa1d9,2ème mi-tps - CS,30105,2-1,23.84
7fa737f3f4efa1d9,2ème mi-tps - CS,30105,3-0,62.56
c1e3883f7a0bd272,1X2,30083,1,4.29
c1e3883f7a0bd272,1X2,30083,X,3.55
c1e3883f7a0bd272,1X2,30083,2,1.83
c1e3883f7a0bd272,Mi-tps 1X2,30084,1,5.31
c1e3883f7a0bd272,Mi-tps 1X2,30084,X,1.93
c1e3883f7a0bd272,Mi-tps 1X2,30084,2,2.67
c1e3883f7a0bd272,Double Chance,30085,1X,1.91
c1e3883f7a0bd272,Double Chance,30085,X2,1.19
c1e3883f7a0bd272,Double Chance,30085,12,1.26
c1e3883f7a0bd272,Mi-tps DC,30086,1X,1.42
c1e3883f7a0bd272,Mi-tps DC,30086,X2,1.12
c1e3883f7a0bd272,Mi-tps DC,30086,12,1.78
c1e3883f7a0bd272,Score exact,30081,0-0,11.28
c1e3883f7a0bd272,Score exact,30081,0-1,8.93
c1e3883f7a0bd272,Score exact,30081,0-2,9.95
c1e3883f7a0bd272,Score exact,30081,0-3,15.08
c1e3883f7a0bd272,Score exact,30081,0-4,37.3
c1e3883f7a0bd272,Score exact,30081,0-5,100.0
c1e3883f7a0bd272,Score exact,30081,0-6,100.0
c1e3883f7a0bd272,Score exact,30081,1-0,14.52
c1e3883f7a0bd272,Score exact,30081,1-1,7.01
c1e3883f7a0bd272,Score exact,30081,1-2,7.99
c1e3883f7a0bd272,Score exact,30081,1-3,14.84
c1e3883f7a0bd272,Score exact,30081,1-4,38.46
c1e3883f7a0bd272,Score exact,30081,1-5,100.0
c1e3883f7a0bd272,Score exact,30081,2-0,27.61
c1e3883f7a0bd272,Score exact,30081,2-1,13.5
c1e3883f7a0bd272,Score exact,30081,2-2,16.14
c1e3883f7a0bd272,Score exact,30081,2-3,33.04
c1e3883f7a0bd272,Score exact,30081,2-4,100.0
c1e3883f7a0bd272,Score exact,30081,3-0,71.99
c1e3883f7a0bd272,Score exact,30081,3-1,42.72
c1e3883f7a0bd272,Score exact,30081,3-2,56.77
c1e3883f7a0bd272,Score exact,30081,3-3,100.0
c1e3883f7a0bd272,Score exact,30081,4-0,100.0
c1e3883f7a0bd272,Score exact,30081,4-1,100.0
c1e3883f7a0bd272,Score exact,30081,4-2,100.0
c1e3883f7a0bd272,Score exact,30081,5-0,100.0
c1e3883f7a0bd272,Score exact,30081,5-1,100.0
c1e3883f7a0bd272,Score exact,30081,6-0,100.0
c1e3883f7a0bd272,Mi-tps CS,30082,0-0,2.55
c1e3883f7a0bd272,Mi-tps CS,30082,0-1,4.68
c1e3883f7a0bd272,Mi-tps CS,30082,0-2,9.8
c1e3883f7a0bd272,Mi-tps CS,30082,0-3,30.82
c1e3883f7a0bd272,Mi-tps CS,30082,1-0,7.73
c1e3883f7a0bd272,Mi-tps CS,30082,1-1,6.29
c1e3883f7a0bd272,Mi-tps CS,30082,1-2,19.78
c1e3883f7a0bd272,Mi-tps CS,30082,2-0,28.08
c1e3883f7a0bd272,Mi-tps CS,30082,2-1,34.3
c1e3883f7a0bd272,Mi-tps CS,30082,3-0,100.0
c1e3883f7a0bd272,+/-,30087,> 0.5,1.02
c1e3883f7a0bd272,+/-,30087,< 0.5,11.92
c1e3883f7a0bd272,+/-,30087,> 1.5,1.24
c1e3883f7a0bd272,+/-,30087,< 1.5,3.92
c1e3883f7a0bd272,+/-,30087,> 2.5,1.85
c1e3883f7a0bd272,+/-,30087,< 2.5,1.93
c1e3883f7a0bd272,+/-,30087,> 3.5,3.62
c1e3883f7a0bd272,+/-,30087,< 3.5,1.28
c1e3883f7a0bd272,HT/FT,30089,1/1,7.86
c1e3883f7a0bd272,HT/FT,30089,1/X,24.06
c1e3883f7a0bd272,HT/FT,30089,1/2,37.4
c1e3883f7a0bd272,HT/FT,30089,X/1,9.52
c1e3883f7a0bd272,HT/FT,30089,X/X,4.66
c1e3883f7a0bd272,HT/FT,30089,X/2,4.62
c1e3883f7a0bd272,HT/FT,30089,2/1,72.68
c1e3883f7a0bd272,HT/FT,30089,2/X,23.85
c1e3883f7a0bd272,HT/FT,30089,2/2,3.01
c1e3883f7a0bd272,Total de buts,30090,0,11.28
c1e3883f7a0bd272,Total de buts,30090,1,5.53
c1e3883f7a0bd272,Total de buts,30090,2,3.58
c1e3883f7a0bd272,Total de buts,30090,3,3.58
c1e3883f7a0bd272,Total de buts,30090,4,5.47
c1e3883f7a0bd272,Total de buts,30090,5,11.34
c1e3883f7a0bd272,Total de buts,30090,6,48.69
c1e3883f7a0bd272,G/NG,30091,Oui,1.78
c1e3883f7a0bd272,G/NG,30091,Non,2.0
c1e3883f7a0bd272,Les deux équipes marquent / 1ère mi temps,30092,Oui,4.55
c1e3883f7a0bd272,Les deux équipes marquent / 1ère mi temps,30092,Non,1.19
c1e3883f7a0bd272,1X2 & Total,30093,1 / > 1.5,5.75
c1e3883f7a0bd272,1X2 & Total,30093,X / > 1.5,4.86
c1e3883f7a0bd272,1X2 & Total,30093,2 / > 1.5,2.19
c1e3883f7a0bd272,1X2 & Total,30093,1 / < 1.5,14.78
c1e3883f7a0bd272,1X2 & Total,30093,X / < 1.5,11.49
c1e3883f7a0bd272,1X2 & Total,30093,2 / < 1.5,9.09
c1e3883f7a0bd272,1X2 & Total,30093,1 / > 2.5,7.23
c1e3883f7a0bd272,1X2 & Total,30093,X / > 2.5,15.24
c1e3883f7a0bd272,1X2 & Total,30093,2 / > 2.5,2.8
c1e3883f7a0bd272,1X2 & Total,30093,1 / < 2.5,9.69
c1e3883f7a0bd272,1X2 & Total,30093,X / < 2.5,4.4
c1e3883f7a0bd272,1X2 & Total,30093,2 / < 2.5,4.79
c1e3883f7a0bd272,1X2 & Total,30093,1 / > 3.5,19.23
c1e3883f7a0bd272,1X2 & Total,30093,X / > 3.5,15.24
c1e3883f7a0bd272,1X2 & Total,30093,2 / > 3.5,5.92
c1e3883f7a0bd272,1X2 & Total,30093,1 / < 3.5,5.27
c1e3883f7a0bd272,1X2 & Total,30093,X / < 3.5,4.4
c1e3883f7a0bd272,1X2 & Total,30093,2 / < 3.5,2.52
c1e3883f7a0bd272,1X2 & G/NG,30094,1 gagne et les deux équipes marquent,8.13
c1e3883f7a0bd272,1X2 & G/NG,30094,1 gagne et seulement  1  marque,8.13
c1e3883f7a0bd272,1X2 & G/NG,30094,X et les deux équipes marquent,4.77
c1e3883f7a0bd272,1X2 & G/NG,30094,X et aucun but,11.28
c1e3883f7a0bd272,1X2 & G/NG,30094,2 gagne et les deux équipes marquent,3.84
c1e3883f7a0bd272,1X2 & G/NG,30094,2 gagne et seulement 2 marque,3.17
c1e3883f7a0bd272,Total equipe domicile,30095,> 0.5,1.48
c1e3883f7a0bd272,Total equipe domicile,30095,< 0.5,2.61
c1e3883f7a0bd272,Total equipe domicile,30095,> 1.5,3.76
c1e3883f7a0bd272,Total equipe domicile,30095,< 1.5,1.26
c1e3883f7a0bd272,Total equipe domicile,30095,> 2.5,14.74
c1e3883f7a0bd272,Total equipe domicile,30095,< 2.5,1.01
c1e3883f7a0bd272,Total equipe domicile,30095,> 3.5,88.63
c1e3883f7a0bd272,Total equipe domicile,30095,< 3.5,0.95
c1e3883f7a0bd272,Total equipe extérieur,30096,> 0.5,1.16
c1e3883f7a0bd272,Total equipe extérieur,30096,< 0.5,4.99
c1e3883f7a0bd272,Total equipe extérieur,30096,> 1.5,1.92
c1e3883f7a0bd272,Total equipe extérieur,30096,< 1.5,1.86
c1e3883f7a0bd272,Total equipe extérieur,30096,> 2.5,4.35
c1e3883f7a0bd272,Total equipe extérieur,30096,< 2.5,1.2
c1e3883f7a0bd272,Total equipe extérieur,30096,> 3.5,14.24
c1e3883f7a0bd272,Total equipe extérieur,30096,< 3.5,1.01
c1e3883f7a0bd272,G/NG equipe domicile,30097,Oui,1.48
c1e3883f7a0bd272,G/NG equipe domicile,30097,Non,2.61
c1e3883f7a0bd272,G/NG equipe extérieur,30098,Oui,1.16
c1e3883f7a0bd272,G/NG equipe extérieur,30098,Non,4.99
c1e3883f7a0bd272,Pair/Impair,30099,Impair,1.89
c1e3883f7a0bd272,Pair/Impair,30099,Pair,1.81
c1e3883f7a0bd272,Minute du premier but,30100,1-15,4.62
c1e3883f7a0bd272,Minute du premier but,30100,16-30,3.07
c1e3883f7a0bd272,Minute du premier but,30100,31-45,5.13
c1e3883f7a0bd272,Minute du premier but,30100,46-60,6.9
c1e3883f7a0bd272,Minute du premier but,30100,61-75,12.39
c1e3883f7a0bd272,Minute du premier but,30100,76-90,14.57
c1e3883f7a0bd272,Minute du premier but,30100,Pas de but,11.28
c1e3883f7a0bd272,FTTS,30101,1,2.35
c1e3883f7a0bd272,FTTS,30101,2,1.65
c1e3883f7a0bd272,FTTS,30101,Pas de but,11.28
c1e3883f7a0bd272,Multi-Buts,30102,"Le total de buts est de 0, 1 ou 2",1.86
c1e3883f7a0bd272,Multi-Buts,30102,"Le total de buts est de 1, 2 ou 3",1.38
c1e3883f7a0bd272,Multi-Buts,30102,"Le total de buts est de 2, 3 ou 4",1.37
c1e3883f7a0bd272,Multi-Buts,30102,Le total de buts est supérieur à 4,9.36
c1e3883f7a0bd272,2ème mi-tps - CS,30105,0-0,3.74
c1e3883f7a0bd272,2ème mi-tps - CS,30105,0-1,5.21
c1e3883f7a0bd272,2ème mi-tps - CS,30105,0-2,7.77
c1e3883f7a0bd272,2ème mi-tps - CS,30105,0-3,17.38
c1e3883f7a0bd272,2ème mi-tps - CS,30105,1-0,8.38
c1e3883f7a0bd272,2ème mi-tps - CS,30105,1-1,5.18
c1e3883f7a0bd272,2ème mi-tps - CS,30105,1-2,11.59
c1e3883f7a0bd272,2ème mi-tps - CS,30105,2-0,21.99
c1e3883f7a0bd272,2ème mi-tps - CS,30105,2-1,20.4
c1e3883f7a0bd272,2ème mi-tps - CS,30105,3-0,86.61
