match_key,league,season_id,round_number,expected_start,home_team,away_team,home_score,away_score,odds_1,odds_X,odds_2,odds_dc_1x,odds_dc_x2,odds_dc_12,odds_over_2_5,odds_under_2_5,odds_btts_yes,odds_btts_no,over_2_5,btts,home_win,draw,away_win,first_goal_team,last_goal_minute,goal_timeline,had_odds
7504266ee097f4c0,coupe-du-monde,164855,1,2026-09-09T04:40:18Z,Australia,Canada,4,2,2.23,3.78,2.88,1.38,1.61,1.23,1.51,2.52,1.47,2.62,Oui,Oui,Oui,Non,Non,Away,58,"[37, 38, 40, 46, 52, 58]",True
2a20d0a72ecfc626,coupe-du-monde,164855,1,2026-09-09T04:40:18Z,Bosnia-Herzegovina,Cote d'Ivoire,2,3,3.35,3.77,2.01,1.74,1.29,1.23,1.56,2.39,1.53,2.46,Oui,Oui,Non,Non,Oui,Away,79,"[32, 38, 44, 62, 79]",True
b66480f7ad894ad1,coupe-du-monde,164855,1,2026-09-09T04:40:18Z,Germany,Uruguay,1,1,2.68,3.94,2.31,1.57,1.43,1.22,1.41,2.85,1.41,2.86,Non,Oui,Non,Oui,Non,Home,87,"[21, 87]",True
681a4b057435de4b,coupe-du-monde,164855,1,2026-09-09T04:40:18Z,Iraq,South Africa,0,2,2.3,3.54,2.92,1.37,1.57,1.26,1.67,2.16,1.58,2.34,Non,Non,Non,Non,Oui,Away,40,"[39, 40]",True
73fd44a9a164d405,coupe-du-monde,164855,1,2026-09-09T04:40:18Z,Croatia,Mexico,2,1,2.44,3.66,2.65,1.44,1.51,1.25,1.57,2.36,1.51,2.52,Oui,Oui,Oui,Non,Non,Away,89,"[29, 56, 89]",True
3fd780dc0509a3a6,coupe-du-monde,164855,1,2026-09-09T04:40:18Z,Austria,Sweden,2,0,2.36,3.64,2.77,1.4,1.54,1.25,1.59,2.33,1.52,2.49,Non,Non,Oui,Non,Non,Home,85,"[1, 85]",True
642a13430d5c1236,coupe-du-monde,164855,1,2026-09-09T04:40:18Z,Paraguay,England,1,2,5.36,4.59,1.53,2.43,1.12,1.17,1.42,2.82,1.58,2.35,Oui,Oui,Non,Non,Oui,Away,85,"[23, 38, 85]",True
77d6583230900c42,coupe-du-monde,164855,1,2026-09-09T04:40:18Z,Curacao,Norway,0,4,7.56,5.12,1.37,2.99,1.06,1.14,1.44,2.74,1.76,2.04,Oui,Non,Non,Non,Oui,Away,86,"[28, 52, 78, 86]",True
4713c4e1e4263a91,coupe-du-monde,164855,1,2026-09-09T04:40:18Z,France,Senegal,1,0,1.65,4.27,4.59,1.17,2.17,1.19,1.45,2.68,1.54,2.43,Non,Non,Oui,Non,Non,Home,28,[28],True
404c53dfab822934,coupe-du-monde,164855,1,2026-09-09T04:40:18Z,Ecuador,Netherlands,1,2,3.46,4.09,1.9,1.84,1.27,1.2,1.41,2.85,1.44,2.74,Oui,Oui,Non,Non,Oui,Away,88,"[77, 78, 88]",True
c80f14f1514f308e,coupe-du-monde,164855,1,2026-09-09T04:40:18Z,Spain,Scotland,2,0,1.37,5.17,7.36,1.06,2.98,1.13,1.41,2.86,1.71,2.1,Non,Non,Oui,Non,Non,Home,59,"[59, 59]",True
28841b77cac0169b,coupe-du-monde,164855,1,2026-09-09T04:40:18Z,Panama,Uzbekistan,1,1,2.92,3.52,2.31,1.57,1.37,1.26,1.69,2.14,1.59,2.33,Non,Oui,Non,Oui,Non,Away,84,"[43, 84]",True
da9e070f6e011a6a,coupe-du-monde,164855,1,2026-09-09T04:40:18Z,Turkiye,Korea Republic,3,1,2.54,3.83,2.47,1.5,1.47,1.23,1.46,2.66,1.44,2.74,Oui,Oui,Oui,Non,Non,Home,54,"[13, 19, 33, 54]",True
532052377bf1a079,coupe-du-monde,164855,1,2026-09-09T04:40:18Z,Congo DR,Tunisia,1,2,3.24,3.41,2.18,1.63,1.31,1.28,1.82,1.96,1.68,2.15,Oui,Oui,Non,Non,Oui,Away,85,"[11, 37, 85]",True
20855cd3df410364,coupe-du-monde,164855,1,2026-09-09T04:40:18Z,Saudi Arabia,Brazil,2,3,5.83,4.99,1.45,2.64,1.1,1.14,1.34,3.19,1.55,2.41,Oui,Oui,Non,Non,Oui,Away,89,"[18, 37, 49, 54, 89]",True
9554bd78d68a6807,coupe-du-monde,164855,1,2026-09-09T04:40:18Z,New Zealand,Czechia,3,2,4.03,3.85,1.81,1.93,1.21,1.23,1.6,2.3,1.6,2.3,Oui,Oui,Oui,Non,Non,Away,88,"[22, 26, 43, 69, 88]",True
7bc80411af4628de,coupe-du-monde,164855,1,2026-09-09T04:40:18Z,Cabo Verde,Argentina,1,2,6.51,5.02,1.41,2.78,1.08,1.14,1.39,2.95,1.64,2.23,Oui,Oui,Non,Non,Oui,Away,68,"[4, 23, 68]",True
15e06879b2152e3b,coupe-du-monde,164855,1,2026-09-09T04:40:18Z,Japan,Qatar,2,3,1.89,3.92,3.63,1.25,1.85,1.22,1.51,2.52,1.51,2.5,Oui,Oui,Non,Non,Oui,Home,90,"[39, 40, 45, 77, 90]",True
a1b10a25b8347b37,coupe-du-monde,164855,1,2026-09-09T04:40:18Z,IR Iran,USA,1,2,2.84,3.74,2.27,1.58,1.39,1.24,1.53,2.46,1.49,2.58,Oui,Oui,Non,Non,Oui,Home,44,"[40, 43, 44]",True
226b37e188c9e618,coupe-du-monde,164855,1,2026-09-09T04:40:18Z,Morocco,Ghana,1,0,1.45,4.27,7.42,1.06,2.66,1.19,1.76,2.03,2.02,1.77,Non,Non,Oui,Non,Non,Home,40,[40],True
aea405eb6c730e98,coupe-du-monde,164855,1,2026-09-09T04:40:18Z,Haiti,Jordan,2,1,3.84,3.56,1.93,1.81,1.23,1.26,1.77,2.02,1.69,2.13,Oui,Oui,Oui,Non,Non,Home,88,"[36, 56, 88]",True
0e685563f3d97589,coupe-du-monde,164855,1,2026-09-09T04:40:18Z,Algeria,Switzerland,1,3,3.51,3.6,2.01,1.74,1.27,1.25,1.69,2.14,1.62,2.26,Oui,Oui,Non,Non,Oui,Away,81,"[2, 21, 79, 81]",True
7fd0463af6616a57,coupe-du-monde,164855,1,2026-09-09T04:40:18Z,Portugal,Belgium,2,2,2.13,3.99,2.94,1.36,1.66,1.21,1.41,2.87,1.41,2.84,Oui,Oui,Non,Oui,Non,Away,55,"[29, 35, 37, 55]",True
3e67b82461fe55c2,coupe-du-monde,164855,1,2026-09-09T04:40:18Z,Colombia,Egypt,0,1,2.2,3.69,3.0,1.35,1.62,1.24,1.57,2.36,1.52,2.49,Non,Non,Non,Non,Oui,Away,61,[61],True
b3903fb0379c5e6d,coupe-du-monde,164855,4,2026-09-09T04:46:18Z,Jordan,Paraguay,0,2,2.93,3.51,2.31,1.57,1.37,1.27,1.7,2.12,1.59,2.31,Non,Non,Non,Non,Oui,Away,41,"[35, 41]",True
86db3814dda3a1a9,coupe-du-monde,164855,4,2026-09-09T04:46:18Z,Brazil,Morocco,0,0,2.93,3.52,2.3,1.57,1.36,1.26,1.69,2.13,1.59,2.32,Non,Non,Non,Oui,Non,,,[],True
32bc100d82c5a56a,coupe-du-monde,164855,4,2026-09-09T04:46:18Z,USA,Algeria,3,2,2.18,3.85,2.93,1.36,1.63,1.23,1.47,2.63,1.45,2.69,Oui,Oui,Oui,Non,Non,Home,88,"[17, 29, 37, 80, 88]",True
dff9ae1abb0a040f,coupe-du-monde,164855,4,2026-09-09T04:46:18Z,England,Germany,3,2,2.11,4.07,2.93,1.37,1.67,1.21,1.36,3.06,1.38,2.97,Oui,Oui,Oui,Non,Non,Away,88,"[15, 29, 62, 84, 88]",True
cc61daddc368d44a,coupe-du-monde,164855,4,2026-09-09T04:46:18Z,Netherlands,France,1,2,4.05,4.42,1.7,2.07,1.21,1.18,1.34,3.17,1.43,2.76,Oui,Oui,Non,Non,Oui,Away,62,"[30, 48, 62]",True
f307ade54b504c34,coupe-du-monde,164855,4,2026-09-09T04:46:18Z,Argentina,New Zealand,2,1,1.28,5.92,9.01,1.03,3.51,1.1,1.34,3.18,1.77,2.02,Oui,Oui,Oui,Non,Non,Away,80,"[53, 74, 80]",True
4543ca7c011b4c9e,coupe-du-monde,164855,4,2026-09-09T04:46:18Z,Panama,Japan,2,1,5.07,4.04,1.62,2.21,1.14,1.21,1.62,2.26,1.7,2.12,Oui,Oui,Oui,Non,Non,Home,71,"[22, 67, 71]",True
249c58ae6f17e0ab,coupe-du-monde,164855,4,2026-09-09T04:46:18Z,Egypt,Saudi Arabia,1,2,2.02,3.66,3.43,1.28,1.74,1.25,1.64,2.22,1.58,2.33,Oui,Oui,Non,Non,Oui,Away,73,"[29, 53, 73]",True
d01b9d2f2c13eb83,coupe-du-monde,164855,4,2026-09-09T04:46:18Z,Cote d'Ivoire,Spain,0,3,6.07,4.69,1.47,2.6,1.1,1.16,1.45,2.7,1.65,2.19,Oui,Non,Non,Non,Oui,Away,57,"[19, 47, 57]",True
d968228acdf6659e,coupe-du-monde,164855,4,2026-09-09T04:46:18Z,Norway,Uruguay,1,2,3.07,3.84,2.11,1.67,1.34,1.23,1.49,2.57,1.47,2.63,Oui,Oui,Non,Non,Oui,Away,75,"[56, 73, 75]",True
b0b9e239a2a884ba,coupe-du-monde,164855,4,2026-09-09T04:46:18Z,Belgium,IR Iran,3,1,2.04,3.72,3.32,1.29,1.72,1.24,1.59,2.33,1.54,2.43,Oui,Oui,Oui,Non,Non,Home,85,"[9, 38, 81, 85]",True
a935a8b0dfb3ac11,coupe-du-monde,164855,4,2026-09-09T04:46:18Z,Canada,Bosnia-Herzegovina,0,3,2.2,3.71,2.97,1.36,1.62,1.24,1.56,2.38,1.51,2.51,Oui,Non,Non,Non,Oui,Away,76,"[37, 62, 76]",True
284286b3dd2ec64f,coupe-du-monde,164855,4,2026-09-09T04:46:18Z,Tunisia,Colombia,2,1,3.47,3.68,2.0,1.75,1.27,1.24,1.64,2.23,1.59,2.33,Oui,Oui,Oui,Non,Non,Away,67,"[33, 39, 67]",True
2ed42781598d10c6,coupe-du-monde,164855,4,2026-09-09T04:46:18Z,Senegal,Cabo Verde,4,2,1.79,3.8,4.19,1.2,1.95,1.23,1.65,2.21,1.64,2.21,Oui,Oui,Oui,Non,Non,Home,66,"[17, 37, 38, 46, 61, 66]",True
632f2c0bff85eb4b,coupe-du-monde,164855,4,2026-09-09T04:46:18Z,Portugal,Croatia,2,0,1.95,4.04,3.35,1.29,1.8,1.21,1.42,2.82,1.44,2.74,Non,Non,Oui,Non,Non,Home,47,"[28, 47]",True
95170c2801e50cb9,coupe-du-monde,164855,4,2026-09-09T04:46:18Z,Mexico,Turkiye,0,4,2.07,3.97,3.09,1.33,1.7,1.21,1.43,2.79,1.43,2.77,Oui,Non,Non,Non,Oui,Away,89,"[26, 70, 81, 89]",True
ef0d59fd417a8445,coupe-du-monde,164855,4,2026-09-09T04:46:18Z,Uzbekistan,Ecuador,1,2,3.53,3.85,1.93,1.81,1.26,1.23,1.53,2.45,1.52,2.48,Oui,Oui,Non,Non,Oui,Home,51,"[41, 42, 51]",True
5aef4ae23abda225,coupe-du-monde,164855,4,2026-09-09T04:46:18Z,Ghana,Scotland,0,1,3.07,3.74,2.14,1.66,1.34,1.24,1.55,2.41,1.51,2.52,Non,Non,Non,Non,Oui,Away,62,[62],True
bbfea3d40dfd1907,coupe-du-monde,164855,4,2026-09-09T04:46:18Z,Korea Republic,Iraq,2,1,2.2,3.65,3.02,1.35,1.62,1.25,1.6,2.29,1.54,2.43,Oui,Oui,Oui,Non,Non,Home,38,"[7, 15, 38]",True
ebfba6a505cf7b22,coupe-du-monde,164855,4,2026-09-09T04:46:18Z,Qatar,Australia,2,1,2.98,3.78,2.17,1.64,1.36,1.23,1.52,2.5,1.48,2.59,Oui,Oui,Oui,Non,Non,Away,82,"[37, 39, 82]",True
f1ba17418039b285,coupe-du-monde,164855,4,2026-09-09T04:46:18Z,Sweden,Haiti,4,0,1.56,4.22,5.46,1.12,2.34,1.19,1.57,2.36,1.7,2.13,Oui,Non,Oui,Non,Non,Home,73,"[18, 46, 46, 73]",True
4e3359e2062887a8,coupe-du-monde,164855,4,2026-09-09T04:46:18Z,Congo DR,Austria,3,1,4.16,3.82,1.79,1.95,1.2,1.23,1.63,2.24,1.63,2.24,Oui,Oui,Oui,Non,Non,Home,77,"[1, 43, 71, 77]",True
2d403f8314fdc77e,coupe-du-monde,164855,4,2026-09-09T04:46:18Z,South Africa,Czechia,0,3,3.45,3.75,1.99,1.76,1.27,1.24,1.58,2.34,1.55,2.42,Oui,Non,Non,Non,Oui,Away,90,"[84, 87, 90]",True
a1de28d734316934,coupe-du-monde,164855,4,2026-09-09T04:46:18Z,Switzerland,Curacao,3,1,1.39,4.63,8.18,1.05,2.9,1.16,1.65,2.2,1.99,1.79,Oui,Oui,Oui,Non,Non,Home,77,"[5, 20, 75, 77]",True
f877bcae57aecba0,coupe-du-monde,164855,6,2026-09-09T04:50:18Z,Korea Republic,Spain,1,1,6.22,4.67,1.46,2.62,1.09,1.16,1.47,2.65,1.67,2.16,Non,Oui,Non,Oui,Non,Home,77,"[65, 77]",True
681947b84591ed9e,coupe-du-monde,164855,6,2026-09-09T04:50:18Z,Portugal,Australia,0,3,1.67,4.42,4.22,1.19,2.12,1.18,1.36,3.09,1.45,2.69,Oui,Non,Non,Non,Oui,Away,76,"[32, 65, 76]",True
13918e039831d58c,coupe-du-monde,164855,6,2026-09-09T04:50:18Z,Panama,Colombia,1,2,5.22,4.24,1.58,2.3,1.13,1.19,1.54,2.45,1.65,2.2,Oui,Oui,Non,Non,Oui,Away,46,"[22, 41, 46]",True
e38e801b60f79bd6,coupe-du-monde,164855,6,2026-09-09T04:50:18Z,South Africa,Ghana,1,2,2.65,3.59,2.47,1.5,1.44,1.26,1.62,2.25,1.54,2.43,Oui,Oui,Non,Non,Oui,Away,76,"[20, 44, 76]",True
4a5e2c8fcca48be3,coupe-du-monde,164855,6,2026-09-09T04:50:18Z,Japan,IR Iran,0,1,2.21,3.59,3.04,1.34,1.62,1.26,1.65,2.21,1.57,2.37,Non,Non,Non,Non,Oui,Away,80,[80],True
837ec7c2a91dfdb5,coupe-du-monde,164855,6,2026-09-09T04:50:18Z,Congo DR,Ecuador,1,1,3.73,3.81,1.89,1.85,1.24,1.23,1.58,2.34,1.57,2.37,Non,Oui,Non,Oui,Non,Home,86,"[86, 86]",True
5bcbd87dcaa22a8d,coupe-du-monde,164855,6,2026-09-09T04:50:18Z,Cote d'Ivoire,Scotland,1,2,2.29,3.78,2.79,1.4,1.57,1.23,1.51,2.53,1.47,2.63,Oui,Oui,Non,Non,Oui,Home,60,"[33, 43, 60]",True
57364f9a7d9c969c,coupe-du-monde,164855,6,2026-09-09T04:50:18Z,Egypt,Iraq,1,0,2.15,3.57,3.18,1.32,1.65,1.26,1.67,2.16,1.59,2.32,Non,Non,Oui,Non,Non,Home,77,[77],True
19cf20678e0f9bc4,coupe-du-monde,164855,6,2026-09-09T04:50:18Z,Jordan,Cabo Verde,1,1,2.86,3.45,2.37,1.54,1.38,1.27,1.74,2.06,1.62,2.27,Non,Oui,Non,Oui,Non,Away,35,"[23, 35]",True
e9cad6b6042e039b,coupe-du-monde,164855,6,2026-09-09T04:50:18Z,Tunisia,Turkiye,3,2,2.68,3.55,2.47,1.5,1.43,1.26,1.65,2.2,1.56,2.39,Oui,Oui,Oui,Non,Non,Home,86,"[35, 41, 44, 61, 86]",True
a7755f6d41fb6f7a,coupe-du-monde,164855,6,2026-09-09T04:50:18Z,Belgium,Haiti,2,0,1.41,4.79,7.12,1.07,2.81,1.15,1.51,2.53,1.78,2.0,Non,Non,Oui,Non,Non,Home,17,"[11, 17]",True
a158d800f2eac251,coupe-du-monde,164855,6,2026-09-09T04:50:18Z,Netherlands,Curacao,4,1,1.29,5.68,8.99,1.03,3.41,1.11,1.39,2.96,1.8,1.98,Oui,Oui,Oui,Non,Non,Home,79,"[5, 37, 40, 67, 79]",True
480dcacb05c3bc35,coupe-du-monde,164855,6,2026-09-09T04:50:18Z,Uzbekistan,Algeria,2,1,3.25,3.7,2.07,1.7,1.3,1.24,1.6,2.3,1.55,2.41,Oui,Oui,Oui,Non,Non,Home,63,"[41, 62, 63]",True
c3141e80e05f1179,coupe-du-monde,164855,6,2026-09-09T04:50:18Z,Qatar,Saudi Arabia,0,1,2.21,3.73,2.95,1.36,1.62,1.24,1.54,2.42,1.5,2.54,Non,Non,Non,Non,Oui,Away,89,[89],True
d8f25f624f0f2866,coupe-du-monde,164855,6,2026-09-09T04:50:18Z,Brazil,Czechia,1,0,1.65,4.36,4.43,1.18,2.16,1.18,1.4,2.88,1.5,2.55,Non,Non,Oui,Non,Non,Home,53,[53],True
42ea9d7290fc7667,coupe-du-monde,164855,6,2026-09-09T04:50:18Z,Canada,Morocco,0,4,6.01,3.95,1.56,2.34,1.1,1.22,1.79,1.99,1.9,1.87,Oui,Non,Non,Non,Oui,Away,88,"[21, 27, 75, 88]",True
dc143ee7ec583589,coupe-du-monde,164855,6,2026-09-09T04:50:18Z,Mexico,Bosnia-Herzegovina,1,2,1.75,4.1,4.09,1.2,2.01,1.2,1.48,2.61,1.52,2.47,Oui,Oui,Non,Non,Oui,Away,56,"[26, 55, 56]",True
00c7bf01bcdcb272,coupe-du-monde,164855,6,2026-09-09T04:50:18Z,Austria,Croatia,2,1,2.76,3.59,2.39,1.53,1.41,1.26,1.63,2.25,1.54,2.42,Oui,Oui,Oui,Non,Non,Home,26,"[18, 24, 26]",True
2ed19da7ad0a7ccf,coupe-du-monde,164855,6,2026-09-09T04:50:18Z,England,Argentina,2,1,2.68,4.07,2.27,1.59,1.43,1.2,1.35,3.13,1.37,3.04,Oui,Oui,Oui,Non,Non,Home,82,"[34, 52, 82]",True
875054f4a6d66748,coupe-du-monde,164855,6,2026-09-09T04:50:18Z,USA,Paraguay,2,1,1.96,3.97,3.37,1.29,1.79,1.21,1.45,2.69,1.46,2.66,Oui,Oui,Oui,Non,Non,Home,87,"[59, 60, 87]",True
114c0ed0f898ce9e,coupe-du-monde,164855,6,2026-09-09T04:50:18Z,Senegal,Uruguay,0,3,3.22,3.64,2.11,1.68,1.31,1.25,1.63,2.24,1.57,2.38,Oui,Non,Non,Non,Oui,Away,69,"[40, 61, 69]",True
3cab06e8003722cb,coupe-du-monde,164855,6,2026-09-09T04:50:18Z,Sweden,France,1,0,5.33,4.47,1.54,2.39,1.13,1.17,1.45,2.69,1.6,2.3,Non,Non,Oui,Non,Non,Home,25,[25],True
d084d3cd13784333,coupe-du-monde,164855,6,2026-09-09T04:50:18Z,Norway,New Zealand,2,2,1.5,4.57,5.76,1.11,2.5,1.17,1.46,2.66,1.64,2.23,Oui,Oui,Non,Oui,Non,Home,77,"[23, 30, 62, 77]",True
3cd23572ca300ef4,coupe-du-monde,164855,6,2026-09-09T04:50:18Z,Switzerland,Germany,1,3,2.59,3.77,2.45,1.51,1.46,1.23,1.5,2.55,1.46,2.67,Oui,Oui,Non,Non,Oui,Away,80,"[2, 26, 28, 80]",True
aedf499a6f8bdb96,coupe-du-monde,164855,9,2026-09-09T04:56:18Z,South Africa,Brazil,2,2,6.41,4.98,1.42,2.75,1.09,1.14,1.38,2.96,1.62,2.25,Oui,Oui,Non,Oui,Non,Home,76,"[42, 49, 65, 76]",True
718445b628e4ca38,coupe-du-monde,164855,9,2026-09-09T04:56:18Z,Scotland,Canada,1,0,2.43,3.78,2.61,1.45,1.52,1.23,1.5,2.55,1.46,2.66,Non,Non,Oui,Non,Non,Home,18,[18],True
55793a47618bddce,coupe-du-monde,164855,9,2026-09-09T04:56:18Z,Morocco,Qatar,2,1,1.58,3.91,5.78,1.11,2.29,1.22,1.78,2.0,1.87,1.9,Oui,Oui,Oui,Non,Non,Away,82,"[58, 74, 82]",True
45437516f3478b40,coupe-du-monde,164855,9,2026-09-09T04:56:18Z,Bosnia-Herzegovina,Portugal,1,2,5.81,4.86,1.47,2.6,1.11,1.15,1.37,3.02,1.57,2.36,Oui,Oui,Non,Non,Oui,Away,72,"[16, 72, 72]",True
712ff96f96e4a346,coupe-du-monde,164855,9,2026-09-09T04:56:18Z,Czechia,Egypt,0,1,2.78,3.5,2.41,1.52,1.4,1.27,1.7,2.13,1.59,2.32,Non,Non,Non,Non,Oui,Away,30,[30],True
8dd0dda74eb070d0,coupe-du-monde,164855,9,2026-09-09T04:56:18Z,Ecuador,Colombia,3,2,3.0,3.88,2.13,1.66,1.35,1.22,1.47,2.65,1.45,2.69,Oui,Oui,Oui,Non,Non,Home,66,"[35, 39, 55, 58, 66]",True
4762ec2c7947f5d7,coupe-du-monde,164855,9,2026-09-09T04:56:18Z,Uruguay,Netherlands,0,4,2.29,3.86,2.74,1.41,1.57,1.23,1.46,2.67,1.44,2.73,Oui,Non,Non,Non,Oui,Away,90,"[27, 72, 86, 90]",True
35533c6bf1000252,coupe-du-monde,164855,9,2026-09-09T04:56:18Z,Haiti,Croatia,1,4,6.35,4.41,1.48,2.56,1.09,1.18,1.58,2.33,1.78,2.01,Oui,Oui,Non,Non,Oui,Away,90,"[17, 37, 60, 73, 90]",True
002f5085ed5cd51b,coupe-du-monde,164855,9,2026-09-09T04:56:18Z,Germany,USA,1,2,2.07,4.15,2.97,1.36,1.7,1.2,1.34,3.19,1.37,3.03,Oui,Oui,Non,Non,Oui,Away,72,"[1, 67, 72]",True
c186dfd69ec3f881,coupe-du-monde,164855,9,2026-09-09T04:56:18Z,Spain,Mexico,2,2,1.55,4.41,5.31,1.13,2.36,1.18,1.47,2.62,1.61,2.27,Oui,Oui,Non,Oui,Non,Away,87,"[10, 13, 63, 87]",True
ba974716467ff6b6,coupe-du-monde,164855,9,2026-09-09T04:56:18Z,Norway,Switzerland,3,2,2.77,3.65,2.36,1.54,1.4,1.25,1.59,2.32,1.52,2.48,Oui,Oui,Oui,Non,Non,Away,74,"[27, 36, 41, 59, 74]",True
5c620b35b4ba6713,coupe-du-monde,164855,9,2026-09-09T04:56:18Z,Curacao,Uzbekistan,0,2,4.07,3.79,1.82,1.93,1.21,1.23,1.64,2.22,1.63,2.24,Non,Non,Non,Non,Oui,Away,80,"[46, 80]",True
614f0791dff8c0dd,coupe-du-monde,164855,9,2026-09-09T04:56:18Z,Cabo Verde,Sweden,0,2,3.4,3.64,2.04,1.73,1.28,1.25,1.66,2.19,1.59,2.31,Non,Non,Non,Non,Oui,Away,90,"[84, 90]",True
10e93ff2dc371177,coupe-du-monde,164855,9,2026-09-09T04:56:18Z,Argentina,Jordan,3,1,1.38,5.12,7.1,1.07,2.92,1.14,1.41,2.86,1.7,2.12,Oui,Oui,Oui,Non,Non,Home,59,"[27, 29, 47, 59]",True
891011d6a1ac4fb2,coupe-du-monde,164855,9,2026-09-09T04:56:18Z,Ghana,Korea Republic,3,2,3.32,3.79,2.02,1.74,1.29,1.23,1.55,2.42,1.52,2.49,Oui,Oui,Oui,Non,Non,Away,90,"[37, 42, 44, 76, 90]",True
75c8d4b0a8a3029c,coupe-du-monde,164855,9,2026-09-09T04:56:18Z,England,Senegal,1,1,1.95,3.81,3.52,1.27,1.8,1.23,1.55,2.4,1.54,2.45,Non,Oui,Non,Oui,Non,Away,77,"[69, 77]",True
0ed48087d75365e3,coupe-du-monde,164855,9,2026-09-09T04:56:18Z,Turkiye,Austria,2,1,2.94,3.9,2.15,1.65,1.36,1.22,1.45,2.71,1.44,2.74,Oui,Oui,Oui,Non,Non,Home,85,"[16, 45, 85]",True
3d0c85b225b1deb9,coupe-du-monde,164855,9,2026-09-09T04:56:18Z,Iraq,Tunisia,0,0,2.94,3.34,2.38,1.54,1.36,1.29,1.85,1.92,1.69,2.14,Non,Non,Non,Oui,Non,,,[],True
8e82810bcc3a9fdb,coupe-du-monde,164855,9,2026-09-09T04:56:18Z,Australia,IR Iran,3,2,2.67,3.53,2.49,1.49,1.43,1.26,1.67,2.17,1.57,2.37,Oui,Oui,Oui,Non,Non,Home,62,"[7, 8, 42, 58, 62]",True
bbed611ffa4b2c8c,coupe-du-monde,164855,9,2026-09-09T04:56:18Z,New Zealand,Cote d'Ivoire,1,5,4.05,3.88,1.8,1.94,1.21,1.22,1.58,2.33,1.59,2.31,Oui,Oui,Non,Non,Oui,Home,81,"[7, 30, 41, 46, 59, 81]",True
62ecc84e44a487d0,coupe-du-monde,164855,9,2026-09-09T04:56:18Z,Saudi Arabia,Panama,3,0,2.32,3.5,2.9,1.37,1.56,1.27,1.7,2.12,1.6,2.31,Oui,Non,Oui,Non,Non,Home,54,"[11, 38, 54]",True
bdbcb9a2946d6d07,coupe-du-monde,164855,9,2026-09-09T04:56:18Z,Algeria,Japan,1,3,3.35,3.73,2.03,1.73,1.29,1.24,1.58,2.33,1.55,2.42,Oui,Oui,Non,Non,Oui,Away,72,"[28, 45, 67, 72]",True
550c49daf17417bf,coupe-du-monde,164855,9,2026-09-09T04:56:18Z,France,Congo DR,3,1,1.27,5.9,9.43,1.03,3.56,1.1,1.36,3.07,1.81,1.97,Oui,Oui,Oui,Non,Non,Away,54,"[10, 40, 41, 54]",True
2480e3cac630bef4,coupe-du-monde,164855,9,2026-09-09T04:56:18Z,Paraguay,Belgium,3,0,4.18,4.01,1.75,2.01,1.2,1.21,1.53,2.47,1.56,2.38,Oui,Non,Oui,Non,Non,Home,82,"[7, 73, 82]",True
7978bda4d9097daf,coupe-du-monde,164855,11,2026-09-09T05:00:18Z,Ghana,Egypt,0,1,3.47,3.68,2.0,1.75,1.27,1.25,1.63,2.23,1.58,2.33,Non,Non,Non,Non,Oui,Away,49,[49],True
5b6527788021f0d6,coupe-du-monde,164855,11,2026-09-09T05:00:18Z,Iraq,Panama,2,0,2.19,3.48,3.17,1.32,1.63,1.27,1.75,2.05,1.64,2.23,Non,Non,Oui,Non,Non,Home,90,"[60, 90]",True
2f2f976d6d90c957,coupe-du-monde,164855,11,2026-09-09T05:00:18Z,France,Croatia,3,0,1.63,4.25,4.76,1.15,2.2,1.19,1.48,2.6,1.57,2.35,Oui,Non,Oui,Non,Non,Home,89,"[52, 77, 89]",True
3a4886e4df6ee2d0,coupe-du-monde,164855,11,2026-09-09T05:00:18Z,Saudi Arabia,IR Iran,2,2,3.55,3.65,1.98,1.77,1.26,1.25,1.66,2.18,1.61,2.28,Oui,Oui,Non,Oui,Non,Away,63,"[27, 28, 31, 63]",True
9998fe5b57f6170e,coupe-du-monde,164855,11,2026-09-09T05:00:18Z,Turkiye,Ecuador,1,2,2.65,3.81,2.38,1.54,1.44,1.23,1.48,2.61,1.45,2.7,Oui,Oui,Non,Non,Oui,Home,42,"[36, 39, 42]",True
1bd2346d0d81bd17,coupe-du-monde,164855,11,2026-09-09T05:00:18Z,Bosnia-Herzegovina,Austria,0,2,4.01,3.92,1.8,1.95,1.21,1.22,1.55,2.42,1.56,2.38,Non,Non,Non,Non,Oui,Away,75,"[63, 75]",True
cd0e634d8e1157f8,coupe-du-monde,164855,11,2026-09-09T05:00:18Z,Cote d'Ivoire,Korea Republic,2,0,2.55,3.68,2.52,1.48,1.47,1.25,1.56,2.38,1.5,2.54,Non,Non,Oui,Non,Non,Home,84,"[43, 84]",True
c497db14d05c4385,coupe-du-monde,164855,11,2026-09-09T05:00:18Z,Germany,Uzbekistan,3,0,1.6,4.48,4.75,1.16,2.26,1.17,1.39,2.92,1.51,2.51,Oui,Non,Oui,Non,Non,Home,68,"[9, 55, 68]",True
e963575023a663db,coupe-du-monde,164855,11,2026-09-09T05:00:18Z,Algeria,Colombia,0,2,3.23,3.86,2.04,1.73,1.31,1.23,1.49,2.56,1.48,2.6,Non,Non,Non,Non,Oui,Away,56,"[46, 56]",True
39e7d7183626382c,coupe-du-monde,164855,11,2026-09-09T05:00:18Z,Cabo Verde,Belgium,0,0,4.42,4.01,1.71,2.06,1.18,1.21,1.55,2.4,1.6,2.3,Non,Non,Non,Oui,Non,,,[],True
a7a6761716b0893d,coupe-du-monde,164855,11,2026-09-09T05:00:18Z,Curacao,Congo DR,2,2,3.76,3.63,1.93,1.81,1.24,1.25,1.7,2.12,1.64,2.21,Oui,Oui,Non,Oui,Non,Home,62,"[18, 30, 34, 62]",True
e5aaabd81c1f09de,coupe-du-monde,164855,11,2026-09-09T05:00:18Z,Senegal,Switzerland,2,2,2.68,3.43,2.53,1.48,1.43,1.28,1.76,2.03,1.63,2.25,Oui,Oui,Non,Oui,Non,Home,72,"[27, 56, 70, 72]",True
e924e91d0ea83c58,coupe-du-monde,164855,11,2026-09-09T05:00:18Z,South Africa,Canada,1,3,3.27,3.73,2.06,1.71,1.3,1.24,1.57,2.36,1.53,2.45,Oui,Oui,Non,Non,Oui,Away,77,"[39, 54, 63, 77]",True
e882439db68cb0b0,coupe-du-monde,164855,11,2026-09-09T05:00:18Z,Czechia,Qatar,1,2,2.34,3.72,2.75,1.41,1.55,1.24,1.54,2.44,1.49,2.58,Oui,Oui,Non,Non,Oui,Away,69,"[1, 69, 69]",True
493d578ee813799d,coupe-du-monde,164855,11,2026-09-09T05:00:18Z,Haiti,Australia,0,5,4.81,4.07,1.65,2.16,1.15,1.21,1.57,2.36,1.64,2.22,Oui,Non,Non,Non,Oui,Away,81,"[30, 40, 68, 68, 81]",True
c75a73e772f083f5,coupe-du-monde,164855,11,2026-09-09T05:00:18Z,Norway,Netherlands,2,1,2.76,4.05,2.22,1.61,1.41,1.21,1.37,3.05,1.38,2.98,Oui,Oui,Oui,Non,Non,Home,62,"[20, 56, 62]",True
8a740d9f3e64a9af,coupe-du-monde,164855,11,2026-09-09T05:00:18Z,Paraguay,Japan,3,0,3.98,3.93,1.8,1.94,1.21,1.22,1.55,2.42,1.56,2.38,Oui,Non,Oui,Non,Non,Home,45,"[24, 25, 45]",True
f6b6345b3f1e553a,coupe-du-monde,164855,11,2026-09-09T05:00:18Z,England,Jordan,2,1,1.47,4.62,6.13,1.09,2.59,1.16,1.48,2.6,1.68,2.15,Oui,Oui,Oui,Non,Non,Home,74,"[68, 70, 74]",True
2cb85a7f701c78fb,coupe-du-monde,164855,11,2026-09-09T05:00:18Z,Morocco,Portugal,4,1,2.3,3.47,2.96,1.36,1.57,1.27,1.74,2.06,1.62,2.26,Oui,Oui,Oui,Non,Non,Away,83,"[12, 30, 41, 61, 83]",True
1c4fd886fbc4b91b,coupe-du-monde,164855,11,2026-09-09T05:00:18Z,Spain,Tunisia,2,1,1.45,4.39,6.92,1.07,2.64,1.18,1.64,2.22,1.87,1.9,Oui,Oui,Oui,Non,Non,Home,80,"[34, 45, 80]",True
13bc5cfd447a5d8d,coupe-du-monde,164855,11,2026-09-09T05:00:18Z,Argentina,USA,3,0,1.65,4.6,4.25,1.19,2.17,1.16,1.31,3.4,1.42,2.81,Oui,Non,Oui,Non,Non,Home,77,"[53, 60, 77]",True
e9e7a56f7e5cc236,coupe-du-monde,164855,11,2026-09-09T05:00:18Z,New Zealand,Brazil,1,0,7.48,5.44,1.35,3.09,1.06,1.12,1.35,3.14,1.67,2.17,Non,Non,Oui,Non,Non,Home,89,[89],True
95cff2d81ad16216,coupe-du-monde,164855,11,2026-09-09T05:00:18Z,Scotland,Mexico,3,3,3.29,3.93,1.99,1.76,1.3,1.22,1.47,2.65,1.47,2.64,Oui,Oui,Non,Oui,Non,Home,76,"[17, 40, 42, 48, 58, 76]",True
e34f89c97496d198,coupe-du-monde,164855,11,2026-09-09T05:00:18Z,Uruguay,Sweden,4,0,1.95,3.74,3.58,1.26,1.8,1.24,1.61,2.29,1.57,2.36,Oui,Non,Oui,Non,Non,Home,87,"[19, 76, 80, 87]",True
6ff79a2eef828c6d,coupe-du-monde,164855,14,2026-09-09T05:06:18Z,Netherlands,Switzerland,2,1,2.54,3.75,2.5,1.49,1.47,1.24,1.52,2.5,1.47,2.62,Oui,Oui,Oui,Non,Non,Away,84,"[68, 74, 84]",True
e754def107acf759,coupe-du-monde,164855,14,2026-09-09T05:06:18Z,Japan,Germany,2,0,2.75,3.88,2.28,1.58,1.41,1.22,1.45,2.72,1.43,2.77,Non,Non,Oui,Non,Non,Home,43,"[37, 43]",True
81f4bb12f4c5c2bd,coupe-du-monde,164855,14,2026-09-09T05:06:18Z,Panama,Czechia,0,2,3.8,3.72,1.89,1.85,1.23,1.24,1.65,2.21,1.61,2.27,Non,Non,Non,Non,Oui,Away,85,"[73, 85]",True
25e8c89dae6d5f5e,coupe-du-monde,164855,14,2026-09-09T05:06:18Z,Australia,Paraguay,3,3,2.2,3.71,2.98,1.36,1.62,1.24,1.56,2.4,1.51,2.52,Oui,Oui,Non,Oui,Non,Home,90,"[11, 21, 38, 56, 64, 90]",True
45cdbfbe8b45e7cd,coupe-du-monde,164855,14,2026-09-09T05:06:18Z,Turkiye,France,1,2,6.28,5.19,1.41,2.79,1.09,1.13,1.32,3.28,1.57,2.37,Oui,Oui,Non,Non,Oui,Away,73,"[4, 58, 73]",True
9ae5fd5e188162e7,coupe-du-monde,164855,14,2026-09-09T05:06:18Z,Austria,Spain,1,3,5.15,4.31,1.58,2.3,1.13,1.19,1.5,2.55,1.62,2.26,Oui,Oui,Non,Non,Oui,Away,80,"[37, 40, 54, 80]",True
ad8640e3393001f5,coupe-du-monde,164855,14,2026-09-09T05:06:18Z,Croatia,Cabo Verde,1,0,1.8,3.8,4.15,1.2,1.95,1.23,1.64,2.22,1.64,2.23,Non,Non,Oui,Non,Non,Home,18,[18],True
229cffb35a1b75a2,coupe-du-monde,164855,14,2026-09-09T05:06:18Z,Algeria,Saudi Arabia,2,1,2.12,3.73,3.12,1.33,1.67,1.24,1.56,2.39,1.52,2.5,Oui,Oui,Oui,Non,Non,Home,78,"[26, 50, 78]",True
ebc15962fb086dde,coupe-du-monde,164855,14,2026-09-09T05:06:18Z,Qatar,South Africa,2,1,2.05,3.71,3.31,1.3,1.72,1.24,1.59,2.32,1.54,2.42,Oui,Oui,Oui,Non,Non,Home,55,"[8, 17, 55]",True
2e00a8bd9b9fb65a,coupe-du-monde,164855,14,2026-09-09T05:06:18Z,Ecuador,Iraq,0,1,2.09,3.73,3.19,1.31,1.69,1.24,1.57,2.36,1.53,2.46,Non,Non,Non,Non,Oui,Away,24,[24],True
23abefba49eb59ee,coupe-du-monde,164855,14,2026-09-09T05:06:18Z,Congo DR,Uruguay,1,4,5.97,4.36,1.51,2.47,1.1,1.18,1.57,2.37,1.73,2.07,Oui,Oui,Non,Non,Oui,Away,77,"[32, 43, 52, 53, 77]",True
686b4f503136c88c,coupe-du-monde,164855,14,2026-09-09T05:06:18Z,Mexico,Cote d'Ivoire,3,1,2.18,3.8,2.96,1.36,1.63,1.23,1.5,2.53,1.48,2.62,Oui,Oui,Oui,Non,Non,Home,85,"[23, 80, 81, 85]",True
01b9f9408e26c934,coupe-du-monde,164855,14,2026-09-09T05:06:18Z,Colombia,Curacao,3,2,1.35,5.16,7.82,1.05,3.05,1.13,1.44,2.72,1.78,2.01,Oui,Oui,Oui,Non,Non,Home,68,"[27, 44, 51, 56, 68]",True
eaf19a521f500544,coupe-du-monde,164855,14,2026-09-09T05:06:18Z,Haiti,Bosnia-Herzegovina,1,3,3.66,3.64,1.95,1.79,1.25,1.25,1.68,2.15,1.63,2.25,Oui,Oui,Non,Non,Oui,Away,70,"[24, 40, 66, 70]",True
badc596dd99fa117,coupe-du-monde,164855,14,2026-09-09T05:06:18Z,Egypt,Brazil,1,2,4.0,4.05,1.78,1.97,1.21,1.21,1.48,2.59,1.52,2.48,Oui,Oui,Non,Non,Oui,Away,88,"[32, 48, 88]",True
57f3f45792e55595,coupe-du-monde,164855,14,2026-09-09T05:06:18Z,Sweden,England,0,5,4.06,4.04,1.77,1.99,1.21,1.21,1.49,2.57,1.53,2.46,Oui,Non,Non,Non,Oui,Away,53,"[19, 20, 25, 51, 53]",True
682f1951c5064db1,coupe-du-monde,164855,14,2026-09-09T05:06:18Z,Jordan,New Zealand,2,2,2.3,3.41,3.02,1.35,1.57,1.28,1.79,1.99,1.66,2.19,Oui,Oui,Non,Oui,Non,Away,75,"[38, 58, 72, 75]",True
c0375eff8c51f81c,coupe-du-monde,164855,14,2026-09-09T05:06:18Z,USA,Senegal,2,4,2.81,3.8,2.27,1.58,1.39,1.23,1.49,2.56,1.46,2.65,Oui,Oui,Non,Non,Oui,Home,89,"[11, 19, 41, 64, 80, 89]",True
0cb467f5895621d4,coupe-du-monde,164855,14,2026-09-09T05:06:18Z,Tunisia,Ghana,2,1,2.21,3.47,3.14,1.32,1.62,1.27,1.75,2.05,1.64,2.23,Oui,Oui,Oui,Non,Non,Away,80,"[19, 64, 80]",True
d5435c0c4f9c7171,coupe-du-monde,164855,14,2026-09-09T05:06:18Z,Belgium,Argentina,1,3,3.54,4.11,1.87,1.87,1.26,1.2,1.41,2.87,1.44,2.73,Oui,Oui,Non,Non,Oui,Away,76,"[13, 51, 64, 76]",True
77cc2f8f35234845,coupe-du-monde,164855,14,2026-09-09T05:06:18Z,Portugal,Scotland,4,1,1.6,4.53,4.66,1.16,2.25,1.17,1.37,3.05,1.49,2.59,Oui,Oui,Oui,Non,Non,Home,72,"[12, 29, 48, 59, 72]",True
fd5e00e830999f74,coupe-du-monde,164855,14,2026-09-09T05:06:18Z,Canada,Korea Republic,2,0,2.7,3.74,2.37,1.54,1.42,1.24,1.52,2.49,1.48,2.61,Non,Non,Oui,Non,Non,Home,40,"[22, 40]",True
25158f1dee3efe62,coupe-du-monde,164855,14,2026-09-09T05:06:18Z,Uzbekistan,Norway,1,0,4.33,4.16,1.7,2.08,1.18,1.2,1.47,2.64,1.53,2.45,Non,Non,Oui,Non,Non,Home,44,[44],True
2233abf28728eb08,coupe-du-monde,164855,14,2026-09-09T05:06:18Z,IR Iran,Morocco,2,0,5.04,3.57,1.72,2.05,1.14,1.26,1.94,1.84,1.91,1.86,Non,Non,Oui,Non,Non,Home,90,"[89, 90]",True
3f85ca8704a23f3f,coupe-du-monde,164855,16,2026-09-09T05:10:18Z,USA,Jordan,0,2,1.86,3.86,3.8,1.23,1.88,1.23,1.56,2.39,1.56,2.39,Non,Non,Non,Non,Oui,Away,89,"[36, 89]",True
e2eae1c4ca9e1ac0,coupe-du-monde,164855,16,2026-09-09T05:10:18Z,Australia,Cabo Verde,2,1,2.16,3.66,3.08,1.33,1.64,1.25,1.6,2.3,1.54,2.44,Oui,Oui,Oui,Non,Non,Away,89,"[64, 70, 89]",True
b837f988f71b7811,coupe-du-monde,164855,16,2026-09-09T05:10:18Z,Turkiye,Curacao,4,1,1.56,4.29,5.36,1.12,2.34,1.19,1.53,2.46,1.66,2.19,Oui,Oui,Oui,Non,Non,Home,80,"[29, 43, 45, 77, 80]",True
5fd619f93a35eb02,coupe-du-monde,164855,16,2026-09-09T05:10:18Z,Croatia,Uruguay,5,0,3.23,3.69,2.08,1.69,1.31,1.24,1.59,2.31,1.54,2.43,Oui,Non,Oui,Non,Non,Home,80,"[38, 40, 63, 77, 80]",True
5c3cf90c0aacd4dc,coupe-du-monde,164855,16,2026-09-09T05:10:18Z,Ecuador,Spain,0,3,6.28,4.72,1.45,2.64,1.09,1.16,1.46,2.68,1.67,2.17,Oui,Non,Non,Non,Oui,Away,44,"[39, 43, 44]",True
f12dbdfddc8dc3bf,coupe-du-monde,164855,16,2026-09-09T05:10:18Z,Mexico,Korea Republic,4,1,2.2,3.84,2.9,1.37,1.62,1.23,1.48,2.62,1.45,2.69,Oui,Oui,Oui,Non,Non,Home,90,"[22, 31, 32, 54, 90]",True
a05da7b6c9070863,coupe-du-monde,164855,16,2026-09-09T05:10:18Z,Colombia,Germany,1,3,2.76,4.05,2.22,1.61,1.41,1.21,1.37,3.05,1.38,2.98,Oui,Oui,Non,Non,Oui,Away,73,"[31, 43, 47, 73]",True
916f431acca636a3,coupe-du-monde,164855,16,2026-09-09T05:10:18Z,Uzbekistan,Senegal,1,3,4.03,3.85,1.81,1.93,1.21,1.23,1.59,2.32,1.59,2.31,Oui,Oui,Non,Non,Oui,Away,81,"[41, 52, 78, 81]",True
8a55334a521cfe5f,coupe-du-monde,164855,16,2026-09-09T05:10:18Z,Sweden,Switzerland,2,1,3.08,3.52,2.22,1.61,1.33,1.26,1.7,2.11,1.6,2.29,Oui,Oui,Oui,Non,Non,Away,69,"[51, 62, 69]",True
19ce84bbb21a08e5,coupe-du-monde,164855,16,2026-09-09T05:10:18Z,Haiti,Morocco,1,1,10.94,5.0,1.3,3.37,1.01,1.14,1.7,2.12,2.28,1.61,Non,Oui,Non,Oui,Non,Away,90,"[56, 90]",True
cada4a168f9f6c5c,coupe-du-monde,164855,16,2026-09-09T05:10:18Z,Japan,Argentina,0,2,3.74,4.12,1.82,1.92,1.24,1.2,1.42,2.81,1.46,2.66,Non,Non,Non,Non,Oui,Away,84,"[36, 84]",True
a1484b46e05055f0,coupe-du-monde,164855,16,2026-09-09T05:10:18Z,Netherlands,New Zealand,4,1,1.47,4.73,5.92,1.1,2.58,1.16,1.42,2.82,1.61,2.27,Oui,Oui,Oui,Non,Non,Home,89,"[38, 44, 48, 55, 89]",True
f555920a07f60a58,coupe-du-monde,164855,16,2026-09-09T05:10:18Z,Congo DR,Norway,0,3,4.69,4.25,1.64,2.19,1.16,1.19,1.47,2.62,1.56,2.38,Oui,Non,Non,Non,Oui,Away,60,"[28, 43, 60]",True
a487d12d503482ce,coupe-du-monde,164855,16,2026-09-09T05:10:18Z,Portugal,South Africa,0,0,1.39,5.18,6.81,1.07,2.89,1.13,1.37,3.05,1.64,2.23,Non,Non,Non,Oui,Non,,,[],True
9099fb3bf1b60a8c,coupe-du-monde,164855,16,2026-09-09T05:10:18Z,Austria,Scotland,1,0,2.12,3.8,3.08,1.33,1.67,1.23,1.51,2.5,1.49,2.58,Non,Non,Oui,Non,Non,Home,49,[49],True
037232d5e7d9165d,coupe-du-monde,164855,16,2026-09-09T05:10:18Z,Tunisia,Cote d'Ivoire,3,2,2.9,3.54,2.31,1.57,1.37,1.26,1.67,2.17,1.58,2.35,Oui,Oui,Oui,Non,Non,Home,87,"[26, 41, 66, 71, 87]",True
02be56218c0726ff,coupe-du-monde,164855,16,2026-09-09T05:10:18Z,France,Bosnia-Herzegovina,1,2,1.29,5.81,8.91,1.04,3.45,1.11,1.36,3.09,1.78,2.01,Oui,Oui,Non,Non,Oui,Home,87,"[72, 83, 87]",True
628b9f404c6653be,coupe-du-monde,164855,16,2026-09-09T05:10:18Z,Algeria,Iraq,1,1,2.24,3.63,2.96,1.36,1.6,1.25,1.61,2.28,1.54,2.43,Non,Oui,Non,Oui,Non,Away,64,"[3, 64]",True
83b0cf9364db42a1,coupe-du-monde,164855,16,2026-09-09T05:10:18Z,Panama,Ghana,1,1,2.94,3.53,2.29,1.58,1.36,1.26,1.69,2.14,1.59,2.32,Non,Oui,Non,Oui,Non,Home,65,"[52, 65]",True
2df49ccf8dac78bb,coupe-du-monde,164855,16,2026-09-09T05:10:18Z,Qatar,Brazil,2,2,4.73,4.64,1.58,2.3,1.16,1.16,1.34,3.16,1.48,2.6,Oui,Oui,Non,Oui,Non,Home,87,"[24, 37, 60, 87]",True
1662d8441f6fa2cd,coupe-du-monde,164855,16,2026-09-09T05:10:18Z,IR Iran,Czechia,3,1,2.5,3.51,2.66,1.43,1.49,1.27,1.69,2.14,1.58,2.34,Oui,Oui,Oui,Non,Non,Away,77,"[36, 42, 76, 77]",True
9f4e5101eca27b04,coupe-du-monde,164855,16,2026-09-09T05:10:18Z,Egypt,Canada,2,0,2.3,3.66,2.85,1.38,1.57,1.25,1.58,2.33,1.52,2.48,Non,Non,Oui,Non,Non,Home,39,"[32, 39]",True
518dbd4712945cf6,coupe-du-monde,164855,16,2026-09-09T05:10:18Z,Belgium,England,0,1,3.2,3.9,2.04,1.72,1.31,1.22,1.47,2.63,1.47,2.65,Non,Non,Non,Non,Oui,Away,51,[51],True
cfee8fa68e3abb67,coupe-du-monde,164855,16,2026-09-09T05:10:18Z,Saudi Arabia,Paraguay,2,2,2.87,3.69,2.27,1.59,1.38,1.24,1.56,2.38,1.51,2.52,Oui,Oui,Non,Oui,Non,Away,88,"[2, 65, 66, 88]",True
a8f658dd22d46182,coupe-du-monde,164855,19,2026-09-09T05:16:18Z,Czechia,Algeria,0,0,2.59,3.65,2.5,1.49,1.46,1.25,1.58,2.34,1.51,2.5,Non,Non,Non,Oui,Non,,,[],True
c2d20680bfa47376,coupe-du-monde,164855,19,2026-09-09T05:16:18Z,Curacao,Iraq,1,3,4.33,3.67,1.8,1.95,1.18,1.25,1.75,2.04,1.72,2.08,Oui,Oui,Non,Non,Oui,Away,90,"[42, 58, 85, 90]",True
1cc0ec7798f1e20e,coupe-du-monde,164855,19,2026-09-09T05:16:18Z,Korea Republic,Portugal,0,1,3.85,4.22,1.77,1.98,1.23,1.19,1.4,2.91,1.45,2.68,Non,Non,Non,Non,Oui,Away,57,[57],True
aeef038aa4bb77e7,coupe-du-monde,164855,19,2026-09-09T05:16:18Z,Egypt,Qatar,3,2,2.28,3.6,2.91,1.37,1.58,1.25,1.63,2.24,1.55,2.4,Oui,Oui,Oui,Non,Non,Away,54,"[39, 44, 45, 50, 54]",True
0e3b1379c694c726,coupe-du-monde,164855,19,2026-09-09T05:16:18Z,Cote d'Ivoire,Austria,2,1,2.86,3.73,2.26,1.59,1.38,1.24,1.53,2.45,1.49,2.57,Oui,Oui,Oui,Non,Non,Away,86,"[72, 82, 86]",True
c07e98e7983a3793,coupe-du-monde,164855,19,2026-09-09T05:16:18Z,Argentina,Australia,2,0,1.53,4.7,5.12,1.14,2.4,1.16,1.36,3.08,1.52,2.5,Non,Non,Oui,Non,Non,Home,58,"[22, 58]",True
4219027647f323c2,coupe-du-monde,164855,19,2026-09-09T05:16:18Z,Uruguay,Turkiye,3,0,1.74,4.11,4.16,1.2,2.03,1.2,1.48,2.6,1.54,2.45,Oui,Non,Oui,Non,Non,Home,62,"[5, 57, 62]",True
48401bd79968b5b3,coupe-du-monde,164855,19,2026-09-09T05:16:18Z,Norway,Colombia,2,0,2.6,3.94,2.37,1.54,1.45,1.22,1.41,2.86,1.4,2.88,Non,Non,Oui,Non,Non,Home,76,"[47, 76]",True
54f837ba8ee5338d,coupe-du-monde,164855,19,2026-09-09T05:16:18Z,Switzerland,Congo DR,1,2,1.62,3.97,5.2,1.13,2.21,1.21,1.67,2.16,1.75,2.05,Oui,Oui,Non,Non,Oui,Home,75,"[9, 62, 75]",True
a8254bc8353b1383,coupe-du-monde,164855,19,2026-09-09T05:16:18Z,South Africa,IR Iran,0,0,3.93,3.71,1.86,1.87,1.22,1.24,1.67,2.17,1.64,2.22,Non,Non,Non,Oui,Non,,,[],True
bf64f1e2aff12763,coupe-du-monde,164855,19,2026-09-09T05:16:18Z,Jordan,Belgium,2,2,4.55,3.97,1.7,2.08,1.17,1.21,1.59,2.31,1.64,2.23,Oui,Oui,Non,Oui,Non,Away,88,"[25, 41, 50, 88]",True
36eb6cc4ddae151d,coupe-du-monde,164855,19,2026-09-09T05:16:18Z,Brazil,Panama,1,2,1.39,5.02,7.09,1.07,2.88,1.14,1.43,2.77,1.71,2.1,Oui,Oui,Non,Non,Oui,Away,40,"[14, 27, 40]",True
5bc840d8729374d9,coupe-du-monde,164855,19,2026-09-09T05:16:18Z,Spain,France,1,1,2.4,3.83,2.62,1.45,1.53,1.23,1.47,2.64,1.44,2.73,Non,Oui,Non,Oui,Non,Home,39,"[27, 39]",True
072c24d0d7cf6022,coupe-du-monde,164855,19,2026-09-09T05:16:18Z,USA,Sweden,2,0,2.48,3.74,2.57,1.46,1.5,1.24,1.51,2.5,1.47,2.63,Non,Non,Oui,Non,Non,Home,56,"[18, 56]",True
9fffd4cf1a78e60a,coupe-du-monde,164855,19,2026-09-09T05:16:18Z,England,Croatia,0,0,1.95,3.85,3.48,1.27,1.79,1.23,1.53,2.46,1.52,2.49,Non,Non,Non,Oui,Non,,,[],True
97cc8d8accc4863e,coupe-du-monde,164855,19,2026-09-09T05:16:18Z,Canada,Tunisia,0,1,2.61,3.54,2.54,1.47,1.45,1.26,1.66,2.19,1.56,2.38,Non,Non,Non,Non,Oui,Away,78,[78],True
0fb039cd594c5d13,coupe-du-monde,164855,19,2026-09-09T05:16:18Z,Scotland,Haiti,4,2,1.72,4.0,4.36,1.18,2.05,1.21,1.55,2.4,1.6,2.3,Oui,Oui,Oui,Non,Non,Home,72,"[40, 42, 45, 62, 67, 72]",True
647ee9d8d392dab1,coupe-du-monde,164855,19,2026-09-09T05:16:18Z,Germany,Saudi Arabia,2,2,1.61,4.51,4.64,1.16,2.25,1.17,1.37,3.03,1.49,2.58,Oui,Oui,Non,Oui,Non,Home,72,"[7, 27, 66, 72]",True
1937acd024974e0e,coupe-du-monde,164855,19,2026-09-09T05:16:18Z,Cabo Verde,Bosnia-Herzegovina,1,1,2.49,3.56,2.65,1.44,1.49,1.26,1.64,2.22,1.55,2.41,Non,Oui,Non,Oui,Non,Away,73,"[64, 73]",True
ae0ceba717bc547c,coupe-du-monde,164855,19,2026-09-09T05:16:18Z,Senegal,Japan,1,1,2.67,3.56,2.48,1.5,1.43,1.26,1.65,2.21,1.56,2.4,Non,Oui,Non,Oui,Non,Home,57,"[57, 57]",True
6f8315762dc60743,coupe-du-monde,164855,19,2026-09-09T05:16:18Z,Morocco,Paraguay,1,1,1.54,4.02,6.22,1.09,2.4,1.21,1.77,2.02,1.91,1.86,Non,Oui,Non,Oui,Non,Home,61,"[8, 61]",True
2c284cbb5f4d21f4,coupe-du-monde,164855,19,2026-09-09T05:16:18Z,New Zealand,Mexico,1,2,5.07,4.2,1.6,2.25,1.14,1.19,1.54,2.43,1.64,2.21,Oui,Oui,Non,Non,Oui,Home,77,"[68, 68, 77]",True
b7e8b0992a708e0b,coupe-du-monde,164855,19,2026-09-09T05:16:18Z,Netherlands,Uzbekistan,0,1,1.62,4.36,4.71,1.16,2.22,1.18,1.43,2.77,1.54,2.44,Non,Non,Non,Non,Oui,Away,49,[49],True
6c950e40f0135888,coupe-du-monde,164855,19,2026-09-09T05:16:18Z,Ghana,Ecuador,4,1,3.45,3.79,1.98,1.77,1.27,1.23,1.56,2.38,1.54,2.44,Oui,Oui,Oui,Non,Non,Home,89,"[28, 44, 78, 79, 89]",True
291c8d191012e79d,coupe-du-monde,164855,21,2026-09-09T05:20:18Z,Switzerland,Croatia,1,0,2.4,3.47,2.82,1.39,1.53,1.27,1.72,2.08,1.61,2.29,Non,Non,Oui,Non,Non,Home,24,[24],True
695a178ab9e4b56f,coupe-du-monde,164855,21,2026-09-09T05:20:18Z,Brazil,IR Iran,2,0,1.74,4.13,4.13,1.2,2.03,1.2,1.46,2.66,1.52,2.5,Non,Non,Oui,Non,Non,Home,57,"[23, 57]",True
48a9ba44b3f816ef,coupe-du-monde,164855,21,2026-09-09T05:20:18Z,Jordan,Japan,0,3,4.49,3.81,1.74,2.02,1.17,1.23,1.68,2.15,1.69,2.14,Oui,Non,Non,Non,Oui,Away,76,"[42, 46, 76]",True
21baea5d10c0e715,coupe-du-monde,164855,21,2026-09-09T05:20:18Z,South Africa,Haiti,0,2,2.15,3.53,3.2,1.31,1.65,1.26,1.71,2.11,1.61,2.27,Non,Non,Non,Non,Oui,Away,67,"[56, 67]",True
b227c63e48c60e63,coupe-du-monde,164855,21,2026-09-09T05:20:18Z,New Zealand,Qatar,2,0,3.58,3.76,1.94,1.8,1.26,1.24,1.59,2.32,1.56,2.38,Non,Non,Oui,Non,Non,Home,76,"[29, 76]",True
014e5f7f84179dd5,coupe-du-monde,164855,21,2026-09-09T05:20:18Z,Canada,Panama,1,0,1.95,3.76,3.55,1.26,1.79,1.24,1.59,2.32,1.56,2.39,Non,Non,Oui,Non,Non,Home,9,[9],True
c5abb33c4a6eaffc,coupe-du-monde,164855,21,2026-09-09T05:20:18Z,Cabo Verde,Morocco,0,2,7.07,4.03,1.49,2.52,1.07,1.21,1.86,1.92,2.06,1.74,Non,Non,Non,Non,Oui,Away,56,"[15, 56]",True
d592af0214d20a8c,coupe-du-monde,164855,21,2026-09-09T05:20:18Z,Uruguay,Bosnia-Herzegovina,3,2,1.53,4.47,5.44,1.12,2.41,1.17,1.47,2.65,1.62,2.27,Oui,Oui,Oui,Non,Non,Home,81,"[27, 31, 45, 78, 81]",True
f2b9e3a85397e408,coupe-du-monde,164855,21,2026-09-09T05:20:18Z,Spain,Curacao,2,0,1.15,7.44,17.1,0.98,5.09,1.06,1.38,2.98,2.32,1.59,Non,Non,Oui,Non,Non,Home,40,"[1, 40]",True
e9d7707a8821127d,coupe-du-monde,164855,21,2026-09-09T05:20:18Z,Sweden,Uzbekistan,1,3,1.92,3.77,3.65,1.25,1.82,1.23,1.59,2.32,1.57,2.37,Oui,Oui,Non,Non,Oui,Home,59,"[12, 23, 34, 59]",True
68e20893739d73a0,coupe-du-monde,164855,21,2026-09-09T05:20:18Z,Norway,Turkiye,1,0,1.98,3.99,3.3,1.3,1.77,1.21,1.43,2.76,1.45,2.72,Non,Non,Oui,Non,Non,Home,63,[63],True
c3804b15b0e8e6fe,coupe-du-monde,164855,21,2026-09-09T05:20:18Z,Korea Republic,Austria,0,3,2.79,3.68,2.33,1.56,1.4,1.25,1.57,2.37,1.51,2.52,Oui,Non,Non,Non,Oui,Away,42,"[39, 41, 42]",True
cdb70002924dbd1b,coupe-du-monde,164855,21,2026-09-09T05:20:18Z,Scotland,France,1,2,7.13,5.35,1.36,3.0,1.07,1.12,1.35,3.14,1.65,2.21,Oui,Oui,Non,Non,Oui,Home,84,"[19, 25, 84]",True
f89de82a2d11fbf7,coupe-du-monde,164855,21,2026-09-09T05:20:18Z,Netherlands,Congo DR,3,0,1.58,4.35,5.05,1.14,2.29,1.18,1.47,2.62,1.59,2.32,Oui,Non,Oui,Non,Non,Home,80,"[20, 72, 80]",True
06e17fe0bbeb7284,coupe-du-monde,164855,21,2026-09-09T05:20:18Z,Mexico,Tunisia,0,1,2.07,3.59,3.35,1.29,1.7,1.26,1.69,2.14,1.61,2.28,Non,Non,Non,Non,Oui,Away,37,[37],True
9396e5a2490ff25c,coupe-du-monde,164855,21,2026-09-09T05:20:18Z,Ghana,Algeria,1,1,3.28,3.68,2.07,1.7,1.3,1.24,1.61,2.28,1.56,2.39,Non,Oui,Non,Oui,Non,Away,24,"[10, 24]",True
11e4c8a3060b4243,coupe-du-monde,164855,21,2026-09-09T05:20:18Z,USA,Belgium,2,4,2.99,3.9,2.13,1.66,1.35,1.22,1.45,2.69,1.44,2.72,Oui,Oui,Non,Non,Oui,Home,72,"[8, 13, 23, 56, 69, 72]",True
a7097a8a523df35f,coupe-du-monde,164855,21,2026-09-09T05:20:18Z,Argentina,Saudi Arabia,2,1,1.36,5.41,7.2,1.07,3.03,1.12,1.34,3.21,1.64,2.23,Oui,Oui,Oui,Non,Non,Home,69,"[61, 63, 69]",True
90db32a000500c82,coupe-du-monde,164855,21,2026-09-09T05:20:18Z,Czechia,Paraguay,1,0,2.29,3.6,2.89,1.38,1.57,1.25,1.63,2.24,1.55,2.41,Non,Non,Oui,Non,Non,Home,55,[55],True
f6ed7f7063bf656a,coupe-du-monde,164855,21,2026-09-09T05:20:18Z,Cote d'Ivoire,Ecuador,0,0,2.58,3.69,2.49,1.49,1.46,1.24,1.55,2.42,1.49,2.57,Non,Non,Non,Oui,Non,,,[],True
4e6f0e6d6e4d102c,coupe-du-monde,164855,21,2026-09-09T05:20:18Z,England,Australia,3,1,1.66,4.35,4.36,1.18,2.14,1.18,1.4,2.9,1.49,2.58,Oui,Oui,Oui,Non,Non,Away,83,"[19, 29, 75, 83]",True
0fb7e49140c39699,coupe-du-monde,164855,21,2026-09-09T05:20:18Z,Senegal,Colombia,2,1,2.58,3.64,2.52,1.48,1.46,1.25,1.59,2.33,1.52,2.5,Oui,Oui,Oui,Non,Non,Away,85,"[21, 55, 85]",True
b532cd1a73dcd8ec,coupe-du-monde,164855,21,2026-09-09T05:20:18Z,Egypt,Portugal,0,2,3.85,4.11,1.8,1.95,1.23,1.2,1.44,2.73,1.49,2.58,Non,Non,Non,Non,Oui,Away,38,"[30, 38]",True
b7adc6f9a101bbd9,coupe-du-monde,164855,21,2026-09-09T05:20:18Z,Germany,Iraq,2,2,1.62,4.37,4.66,1.16,2.21,1.18,1.42,2.81,1.52,2.48,Oui,Oui,Non,Oui,Non,Home,73,"[37, 43, 44, 73]",True
657b33f7d90a5eff,coupe-du-monde,164855,24,2026-09-09T05:26:18Z,Saudi Arabia,Senegal,2,2,3.93,3.81,1.84,1.9,1.22,1.23,1.61,2.28,1.6,2.3,Oui,Oui,Non,Oui,Non,Away,84,"[10, 58, 61, 84]",True
a04add1519957e3d,coupe-du-monde,164855,24,2026-09-09T05:26:18Z,Australia,Jordan,3,0,2.04,3.65,3.37,1.29,1.72,1.25,1.64,2.22,1.58,2.34,Oui,Non,Oui,Non,Non,Home,70,"[28, 67, 70]",True
ec9edd13a32fc92d,coupe-du-monde,164855,24,2026-09-09T05:26:18Z,Colombia,Netherlands,1,1,2.68,3.98,2.29,1.57,1.43,1.21,1.39,2.94,1.39,2.93,Non,Oui,Non,Oui,Non,Away,24,"[21, 24]",True
11ef12e1aca39613,coupe-du-monde,164855,24,2026-09-09T05:26:18Z,Turkiye,Switzerland,1,2,3.46,3.78,1.97,1.77,1.27,1.23,1.57,2.37,1.54,2.43,Oui,Oui,Non,Non,Oui,Home,73,"[55, 61, 73]",True
7a74f9a1ca0e6524,coupe-du-monde,164855,24,2026-09-09T05:26:18Z,Bosnia-Herzegovina,England,1,4,6.37,4.84,1.44,2.7,1.09,1.15,1.43,2.79,1.65,2.19,Oui,Oui,Non,Non,Oui,Away,86,"[36, 38, 45, 63, 86]",True
1b6e32f8b4962537,coupe-du-monde,164855,24,2026-09-09T05:26:18Z,Portugal,Tunisia,2,0,1.62,4.26,4.83,1.15,2.22,1.19,1.48,2.59,1.58,2.34,Non,Non,Oui,Non,Non,Home,60,"[37, 60]",True
b7c4cc01305d52b2,coupe-du-monde,164855,24,2026-09-09T05:26:18Z,Belgium,New Zealand,1,2,1.49,4.48,6.04,1.1,2.52,1.17,1.52,2.49,1.7,2.12,Oui,Oui,Non,Non,Oui,Away,85,"[28, 59, 85]",True
3162b6614c41b504,coupe-du-monde,164855,24,2026-09-09T05:26:18Z,Morocco,Argentina,1,1,2.55,3.43,2.66,1.43,1.47,1.28,1.76,2.03,1.62,2.25,Non,Oui,Non,Oui,Non,Home,59,"[21, 59]",True
0542a684cf9826cb,coupe-du-monde,164855,24,2026-09-09T05:26:18Z,Iraq,Norway,0,0,3.97,3.97,1.8,1.95,1.21,1.21,1.52,2.48,1.55,2.42,Non,Non,Non,Oui,Non,,,[],True
89565ac4cabacce2,coupe-du-monde,164855,24,2026-09-09T05:26:18Z,Germany,Czechia,3,0,1.86,4.14,3.57,1.26,1.88,1.2,1.4,2.91,1.43,2.75,Oui,Non,Oui,Non,Non,Home,61,"[51, 51, 61]",True
3dbc7d565c920153,coupe-du-monde,164855,24,2026-09-09T05:26:18Z,Congo DR,Uzbekistan,1,1,2.64,3.54,2.51,1.48,1.44,1.26,1.66,2.18,1.57,2.37,Non,Oui,Non,Oui,Non,Home,45,"[37, 45]",True
834b76e625932e6a,coupe-du-monde,164855,24,2026-09-09T05:26:18Z,Curacao,Ghana,0,3,4.04,3.79,1.82,1.92,1.21,1.23,1.63,2.23,1.62,2.25,Oui,Non,Non,Non,Oui,Away,81,"[9, 34, 81]",True
4ef42d213030a907,coupe-du-monde,164855,24,2026-09-09T05:26:18Z,Panama,Qatar,2,0,3.37,3.67,2.04,1.72,1.29,1.25,1.63,2.24,1.57,2.35,Non,Non,Oui,Non,Non,Home,33,"[10, 33]",True
790955eaf4f9d6a9,coupe-du-monde,164855,24,2026-09-09T05:26:18Z,Austria,Mexico,3,0,2.59,3.74,2.46,1.5,1.46,1.24,1.53,2.47,1.48,2.6,Oui,Non,Oui,Non,Non,Home,88,"[49, 76, 88]",True
3f6efe597edafdfd,coupe-du-monde,164855,24,2026-09-09T05:26:18Z,Algeria,Brazil,1,4,4.42,4.39,1.65,2.16,1.18,1.18,1.39,2.93,1.49,2.57,Oui,Oui,Non,Non,Oui,Home,70,"[24, 31, 46, 52, 70]",True
1ca3865349fe5af1,coupe-du-monde,164855,24,2026-09-09T05:26:18Z,Japan,Sweden,3,1,2.24,3.65,2.94,1.36,1.6,1.25,1.6,2.31,1.53,2.46,Oui,Oui,Oui,Non,Non,Away,67,"[25, 42, 58, 67]",True
8ba74eb774d60ed4,coupe-du-monde,164855,24,2026-09-09T05:26:18Z,Ecuador,Canada,3,1,2.27,3.77,2.83,1.39,1.59,1.24,1.51,2.51,1.47,2.62,Oui,Oui,Oui,Non,Non,Away,76,"[44, 45, 59, 76]",True
48b0f2b0d4b29bb6,coupe-du-monde,164855,24,2026-09-09T05:26:18Z,France,Cote d'Ivoire,1,2,1.44,5.01,6.03,1.1,2.69,1.14,1.35,3.14,1.57,2.36,Oui,Oui,Non,Non,Oui,Away,61,"[8, 46, 61]",True
beba0a9b37e8601f,coupe-du-monde,164855,24,2026-09-09T05:26:18Z,IR Iran,Egypt,2,0,2.61,3.44,2.58,1.46,1.45,1.28,1.74,2.06,1.61,2.28,Non,Non,Oui,Non,Non,Home,71,"[8, 71]",True
a002969987c1adb8,coupe-du-monde,164855,24,2026-09-09T05:26:18Z,Haiti,Korea Republic,2,1,4.62,4.05,1.68,2.12,1.16,1.21,1.56,2.38,1.62,2.26,Oui,Oui,Oui,Non,Non,Away,26,"[1, 4, 26]",True
44a3e930c4f5052d,coupe-du-monde,164855,24,2026-09-09T05:26:18Z,Spain,Uruguay,2,2,1.89,3.85,3.68,1.24,1.85,1.23,1.55,2.4,1.55,2.42,Oui,Oui,Non,Oui,Non,Home,67,"[37, 45, 48, 67]",True
6f85cea084bc0cf9,coupe-du-monde,164855,24,2026-09-09T05:26:18Z,Paraguay,South Africa,1,1,2.22,3.61,3.01,1.35,1.61,1.25,1.63,2.25,1.55,2.41,Non,Oui,Non,Oui,Non,Home,80,"[49, 80]",True
a6046fb484ef8e93,coupe-du-monde,164855,24,2026-09-09T05:26:18Z,Cabo Verde,Scotland,0,2,2.84,3.65,2.3,1.57,1.39,1.25,1.59,2.32,1.53,2.47,Non,Non,Non,Non,Oui,Away,81,"[8, 81]",True
43067ec430e2c52b,coupe-du-monde,164855,24,2026-09-09T05:26:18Z,Croatia,USA,2,2,2.36,3.77,2.7,1.42,1.54,1.24,1.51,2.53,1.47,2.64,Oui,Oui,Non,Oui,Non,Home,85,"[36, 43, 63, 85]",True
f96694070f2a60ac,coupe-du-monde,164855,26,2026-09-09T05:30:18Z,Congo DR,New Zealand,1,2,2.24,3.49,3.06,1.34,1.6,1.27,1.73,2.08,1.62,2.26,Oui,Oui,Non,Non,Oui,Home,61,"[37, 51, 61]",True
0702efbe76df8131,coupe-du-monde,164855,26,2026-09-09T05:30:18Z,Iraq,Senegal,1,3,4.11,3.78,1.81,1.93,1.2,1.23,1.65,2.21,1.64,2.22,Oui,Oui,Non,Non,Oui,Away,85,"[35, 37, 49, 85]",True
9caa51421cb1817a,coupe-du-monde,164855,26,2026-09-09T05:30:18Z,Cabo Verde,South Africa,4,0,2.31,3.51,2.93,1.37,1.57,1.27,1.7,2.12,1.6,2.31,Oui,Non,Oui,Non,Non,Home,82,"[11, 28, 46, 82]",True
0fa01d6c4270a3d0,coupe-du-monde,164855,26,2026-09-09T05:30:18Z,Croatia,Uzbekistan,1,1,1.76,3.92,4.24,1.19,2.0,1.22,1.59,2.32,1.61,2.28,Non,Oui,Non,Oui,Non,Home,89,"[88, 89]",True
f68659a1ccd38a29,coupe-du-monde,164855,26,2026-09-09T05:30:18Z,Japan,Belgium,0,1,2.62,3.69,2.45,1.51,1.45,1.24,1.55,2.4,1.5,2.55,Non,Non,Non,Non,Oui,Away,51,[51],True
e3fc738d89b05b38,coupe-du-monde,164855,26,2026-09-09T05:30:18Z,Morocco,England,3,1,2.39,3.35,2.92,1.37,1.53,1.29,1.85,1.93,1.68,2.14,Oui,Oui,Oui,Non,Non,Away,69,"[31, 47, 60, 69]",True
77760505228e86d6,coupe-du-monde,164855,26,2026-09-09T05:30:18Z,Uruguay,Scotland,3,3,1.73,4.04,4.27,1.19,2.04,1.21,1.52,2.48,1.57,2.37,Oui,Oui,Non,Oui,Non,Home,64,"[40, 41, 41, 49, 62, 64]",True
c2dffeb8da54cf0b,coupe-du-monde,164855,26,2026-09-09T05:30:18Z,France,Korea Republic,1,1,1.43,5.0,6.15,1.09,2.71,1.14,1.36,3.07,1.59,2.32,Non,Oui,Non,Oui,Non,Away,88,"[76, 88]",True
8240a70e067fdac0,coupe-du-monde,164855,26,2026-09-09T05:30:18Z,Czechia,Argentina,2,3,5.62,4.78,1.49,2.54,1.11,1.15,1.38,2.99,1.57,2.37,Oui,Oui,Non,Non,Oui,Home,69,"[8, 10, 27, 47, 69]",True
e57904dd7c409676,coupe-du-monde,164855,26,2026-09-09T05:30:18Z,Germany,Ghana,1,2,1.54,4.68,5.03,1.14,2.38,1.16,1.35,3.11,1.5,2.53,Oui,Oui,Non,Non,Oui,Away,70,"[27, 49, 70]",True
6b9cda2f5eb303d1,coupe-du-monde,164855,26,2026-09-09T05:30:18Z,Turkiye,Netherlands,1,1,3.52,4.21,1.86,1.88,1.27,1.19,1.37,3.04,1.42,2.82,Non,Oui,Non,Oui,Non,Home,24,"[7, 24]",True
213f80f43eee6605,coupe-du-monde,164855,26,2026-09-09T05:30:18Z,Australia,USA,2,2,2.66,3.81,2.37,1.54,1.43,1.23,1.48,2.59,1.45,2.69,Oui,Oui,Non,Oui,Non,Away,89,"[34, 43, 63, 89]",True
2e52a57171e65cc9,coupe-du-monde,164855,26,2026-09-09T05:30:18Z,Ecuador,Mexico,2,2,2.92,3.81,2.2,1.62,1.37,1.23,1.5,2.55,1.47,2.64,Oui,Oui,Non,Oui,Non,Away,58,"[36, 41, 43, 58]",True
4c2b0cd9acf6ce82,coupe-du-monde,164855,26,2026-09-09T05:30:18Z,Spain,Norway,3,1,1.64,4.28,4.65,1.16,2.19,1.19,1.46,2.67,1.55,2.4,Oui,Oui,Oui,Non,Non,Home,85,"[28, 42, 74, 85]",True
08fad69c7ecea3d6,coupe-du-monde,164855,26,2026-09-09T05:30:18Z,Bosnia-Herzegovina,Switzerland,1,2,4.97,4.01,1.64,2.18,1.14,1.21,1.62,2.26,1.69,2.14,Oui,Oui,Non,Non,Oui,Home,55,"[37, 41, 55]",True
e41de51584aba420,coupe-du-monde,164855,26,2026-09-09T05:30:18Z,Colombia,Sweden,1,2,2.2,3.8,2.92,1.37,1.62,1.23,1.5,2.54,1.47,2.63,Oui,Oui,Non,Non,Oui,Away,68,"[19, 25, 68]",True
3e88a549c0e30fc3,coupe-du-monde,164855,26,2026-09-09T05:30:18Z,Paraguay,Brazil,0,3,5.01,4.68,1.55,2.38,1.14,1.16,1.35,3.13,1.5,2.54,Oui,Non,Non,Non,Oui,Away,40,"[19, 26, 40]",True
bb800ddeeef89823,coupe-du-monde,164855,26,2026-09-09T05:30:18Z,Haiti,Egypt,0,2,5.0,3.92,1.65,2.16,1.14,1.22,1.68,2.16,1.73,2.08,Non,Non,Non,Non,Oui,Away,44,"[41, 44]",True
280c0113b7b35423,coupe-du-monde,164855,26,2026-09-09T05:30:18Z,Curacao,Cote d'Ivoire,1,5,5.64,4.28,1.54,2.39,1.11,1.19,1.57,2.37,1.71,2.1,Oui,Oui,Non,Non,Oui,Away,80,"[22, 29, 37, 69, 77, 80]",True
369dd006f6a73872,coupe-du-monde,164855,26,2026-09-09T05:30:18Z,IR Iran,Qatar,3,1,2.26,3.63,2.92,1.37,1.59,1.25,1.61,2.28,1.54,2.44,Oui,Oui,Oui,Non,Non,Home,49,"[13, 23, 49, 49]",True
fb421007eac90fd9,coupe-du-monde,164855,26,2026-09-09T05:30:18Z,Panama,Portugal,0,5,7.02,5.05,1.39,2.88,1.07,1.14,1.42,2.83,1.69,2.13,Oui,Non,Non,Non,Oui,Away,76,"[26, 45, 67, 67, 76]",True
318f5a60ac0f2fb2,coupe-du-monde,164855,26,2026-09-09T05:30:18Z,Algeria,Canada,1,1,2.45,3.67,2.63,1.44,1.5,1.25,1.57,2.37,1.51,2.53,Non,Oui,Non,Oui,Non,Home,85,"[47, 85]",True
b93ad4d4db96e902,coupe-du-monde,164855,26,2026-09-09T05:30:18Z,Saudi Arabia,Jordan,1,0,2.65,3.5,2.51,1.48,1.44,1.27,1.69,2.13,1.58,2.33,Non,Non,Oui,Non,Non,Home,49,[49],True
7fb362a3f767fd7d,coupe-du-monde,164855,26,2026-09-09T05:30:18Z,Austria,Tunisia,1,0,2.24,3.46,3.09,1.33,1.6,1.27,1.76,2.03,1.64,2.22,Non,Non,Oui,Non,Non,Home,49,[49],True
1dd8928054a53a6c,coupe-du-monde,164855,29,2026-09-09T05:36:18Z,South Africa,Argentina,2,1,8.22,5.62,1.32,3.27,1.05,1.11,1.35,3.11,1.72,2.09,Oui,Oui,Oui,Non,Non,Away,53,"[42, 45, 53]",True
8a40d86505b55230,coupe-du-monde,164855,29,2026-09-09T05:36:18Z,Qatar,Algeria,0,1,2.72,3.66,2.39,1.53,1.42,1.25,1.57,2.35,1.51,2.51,Non,Non,Non,Non,Oui,Away,32,[32],True
25e5ef99ae2d1e84,coupe-du-monde,164855,29,2026-09-09T05:36:18Z,Switzerland,Spain,1,2,4.52,3.87,1.72,2.05,1.17,1.22,1.64,2.21,1.67,2.17,Oui,Oui,Non,Non,Oui,Away,51,"[24, 32, 51]",True
aa43469b2b45c198,coupe-du-monde,164855,29,2026-09-09T05:36:18Z,Uzbekistan,Turkiye,1,1,3.02,3.81,2.14,1.65,1.35,1.23,1.5,2.54,1.48,2.62,Non,Oui,Non,Oui,Non,Home,37,"[31, 37]",True
faffbe8943a6d666,coupe-du-monde,164855,29,2026-09-09T05:36:18Z,Tunisia,Haiti,0,0,1.82,3.6,4.28,1.19,1.92,1.25,1.8,1.98,1.75,2.04,Non,Non,Non,Oui,Non,,,[],True
cb0fa43c650c2281,coupe-du-monde,164855,29,2026-09-09T05:36:18Z,Portugal,Ecuador,3,1,1.68,4.35,4.24,1.19,2.11,1.18,1.39,2.95,1.47,2.62,Oui,Oui,Oui,Non,Non,Away,84,"[8, 15, 49, 84]",True
632a108375a7dfff,coupe-du-monde,164855,29,2026-09-09T05:36:18Z,Egypt,Paraguay,2,3,2.1,3.65,3.22,1.31,1.68,1.25,1.62,2.26,1.56,2.39,Oui,Oui,Non,Non,Oui,Away,89,"[1, 26, 58, 72, 89]",True
9d876713d19af68a,coupe-du-monde,164855,29,2026-09-09T05:36:18Z,Canada,Curacao,3,1,1.59,4.18,5.19,1.13,2.27,1.2,1.56,2.38,1.67,2.17,Oui,Oui,Oui,Non,Non,Home,88,"[20, 74, 81, 88]",True
78d238b81956e658,coupe-du-monde,164855,29,2026-09-09T05:36:18Z,Sweden,Saudi Arabia,3,2,1.9,3.8,3.71,1.24,1.84,1.23,1.58,2.33,1.57,2.37,Oui,Oui,Oui,Non,Non,Away,86,"[32, 39, 41, 76, 86]",True
7dc4da61289e6e56,coupe-du-monde,164855,29,2026-09-09T05:36:18Z,Congo DR,Colombia,0,0,4.74,4.21,1.64,2.19,1.16,1.19,1.5,2.54,1.59,2.32,Non,Non,Non,Oui,Non,,,[],True
87fb7256cfa2763c,coupe-du-monde,164855,29,2026-09-09T05:36:18Z,USA,Bosnia-Herzegovina,2,1,1.84,4.03,3.71,1.24,1.9,1.21,1.46,2.67,1.49,2.58,Oui,Oui,Oui,Non,Non,Home,60,"[36, 43, 60]",True
8340f0510ed1bae6,coupe-du-monde,164855,29,2026-09-09T05:36:18Z,Panama,IR Iran,1,1,4.17,3.72,1.81,1.93,1.2,1.24,1.69,2.13,1.67,2.17,Non,Oui,Non,Oui,Non,Away,60,"[20, 60]",True
65b983dc1a353285,coupe-du-monde,164855,29,2026-09-09T05:36:18Z,England,Scotland,3,2,1.58,4.47,4.91,1.15,2.3,1.17,1.42,2.83,1.54,2.43,Oui,Oui,Oui,Non,Non,Away,66,"[9, 17, 53, 55, 66]",True
5f1b672fea0595e1,coupe-du-monde,164855,29,2026-09-09T05:36:18Z,Mexico,France,1,3,4.72,4.58,1.59,2.28,1.16,1.17,1.36,3.1,1.48,2.59,Oui,Oui,Non,Non,Oui,Away,69,"[16, 43, 48, 69]",True
b860bf7650e29971,coupe-du-monde,164855,29,2026-09-09T05:36:18Z,Korea Republic,Cabo Verde,1,0,2.06,3.77,3.23,1.31,1.71,1.23,1.54,2.43,1.51,2.51,Non,Non,Oui,Non,Non,Home,15,[15],True
c1d9fd3a22affd24,coupe-du-monde,164855,29,2026-09-09T05:36:18Z,Senegal,Czechia,0,0,2.14,3.62,3.16,1.32,1.65,1.25,1.64,2.23,1.57,2.37,Non,Non,Non,Oui,Non,,,[],True
affdff8018ab9c03,coupe-du-monde,164855,29,2026-09-09T05:36:18Z,Belgium,Australia,2,1,2.01,3.86,3.29,1.3,1.74,1.23,1.5,2.54,1.49,2.58,Oui,Oui,Oui,Non,Non,Home,62,"[28, 48, 62]",True
9bb61147f5fab92d,coupe-du-monde,164855,29,2026-09-09T05:36:18Z,Norway,Ghana,2,1,1.72,4.17,4.2,1.19,2.05,1.2,1.45,2.7,1.51,2.51,Oui,Oui,Oui,Non,Non,Home,90,"[86, 86, 90]",True
f5aa6c8f2f45b64f,coupe-du-monde,164855,29,2026-09-09T05:36:18Z,New Zealand,Austria,3,1,4.78,4.09,1.65,2.16,1.15,1.2,1.56,2.38,1.64,2.22,Oui,Oui,Oui,Non,Non,Away,51,"[34, 37, 50, 51]",True
c5c3e82a135eccc0,coupe-du-monde,164855,29,2026-09-09T05:36:18Z,Japan,Croatia,0,0,2.48,3.52,2.68,1.43,1.49,1.26,1.67,2.16,1.57,2.36,Non,Non,Non,Oui,Non,,,[],True
6ed57e674caa94c9,coupe-du-monde,164855,29,2026-09-09T05:36:18Z,Cote d'Ivoire,Uruguay,2,0,3.57,3.87,1.92,1.82,1.26,1.22,1.53,2.46,1.52,2.48,Non,Non,Oui,Non,Non,Home,85,"[85, 85]",True
818ef1fbd7d7b294,coupe-du-monde,164855,29,2026-09-09T05:36:18Z,Netherlands,Iraq,1,1,1.67,4.24,4.43,1.18,2.13,1.19,1.45,2.69,1.53,2.45,Non,Oui,Non,Oui,Non,Home,71,"[71, 71]",True
a847affbfe3e738d,coupe-du-monde,164855,29,2026-09-09T05:36:18Z,Brazil,Germany,4,0,2.16,4.22,2.78,1.4,1.65,1.19,1.3,3.43,1.34,3.19,Oui,Non,Oui,Non,Non,Home,88,"[5, 55, 55, 88]",True
260fb451362ce1ca,coupe-du-monde,164855,29,2026-09-09T05:36:18Z,Jordan,Morocco,0,1,7.44,4.04,1.47,2.57,1.06,1.21,1.89,1.89,2.12,1.7,Non,Non,Non,Non,Oui,Away,50,[50],True
49d1e7beaa6e1ecb,coupe-du-monde,164855,31,2026-09-09T05:40:18Z,Switzerland,Scotland,2,1,1.86,3.75,3.91,1.22,1.88,1.24,1.64,2.22,1.62,2.27,Oui,Oui,Oui,Non,Non,Home,69,"[16, 49, 69]",True
392e233fe0122df7,coupe-du-monde,164855,31,2026-09-09T05:40:18Z,Austria,Ecuador,1,1,2.27,3.76,2.82,1.39,1.58,1.24,1.51,2.5,1.48,2.62,Non,Oui,Non,Oui,Non,Away,19,"[6, 19]",True
c230013705646f23,coupe-du-monde,164855,31,2026-09-09T05:40:18Z,Brazil,Argentina,2,3,2.8,4.21,2.15,1.65,1.4,1.19,1.31,3.39,1.34,3.16,Oui,Oui,Non,Non,Oui,Home,85,"[10, 15, 36, 69, 85]",True
7614def3345f9074,coupe-du-monde,164855,31,2026-09-09T05:40:18Z,Uzbekistan,Bosnia-Herzegovina,4,0,2.59,3.66,2.49,1.49,1.46,1.25,1.57,2.37,1.5,2.53,Oui,Non,Oui,Non,Non,Home,87,"[41, 54, 69, 87]",True
bcd560ddfa342fe8,coupe-du-monde,164855,31,2026-09-09T05:40:18Z,Qatar,Paraguay,5,1,2.43,3.71,2.63,1.44,1.51,1.24,1.54,2.43,1.49,2.57,Oui,Oui,Oui,Non,Non,Home,86,"[23, 27, 38, 61, 68, 86]",True
5e7affb9bfc62627,coupe-du-monde,164855,31,2026-09-09T05:40:18Z,Portugal,Algeria,2,0,1.69,4.32,4.23,1.19,2.1,1.18,1.4,2.91,1.48,2.6,Non,Non,Oui,Non,Non,Home,56,"[51, 56]",True
11f35de578df262e,coupe-du-monde,164855,31,2026-09-09T05:40:18Z,Congo DR,Turkiye,0,1,3.2,3.77,2.07,1.7,1.31,1.23,1.54,2.43,1.51,2.51,Non,Non,Non,Non,Oui,Away,60,[60],True
0cb24a98d34d4ff8,coupe-du-monde,164855,31,2026-09-09T05:40:18Z,Belgium,Saudi Arabia,2,1,1.64,4.2,4.69,1.16,2.17,1.19,1.49,2.56,1.58,2.35,Oui,Oui,Oui,Non,Non,Away,89,"[53, 62, 89]",True
9df601554d736747,coupe-du-monde,164855,31,2026-09-09T05:40:18Z,Jordan,Czechia,3,1,3.33,3.6,2.07,1.7,1.29,1.25,1.67,2.17,1.6,2.31,Oui,Oui,Oui,Non,Non,Away,82,"[19, 32, 69, 82]",True
acdf7e9e54351c59,coupe-du-monde,164855,31,2026-09-09T05:40:18Z,Sweden,Iraq,2,0,2.05,3.6,3.39,1.28,1.71,1.25,1.68,2.15,1.61,2.28,Non,Non,Oui,Non,Non,Home,68,"[56, 68]",True
a267a23ec6d0e8e0,coupe-du-monde,164855,31,2026-09-09T05:40:18Z,Croatia,Colombia,0,4,2.47,3.74,2.58,1.46,1.5,1.24,1.52,2.49,1.47,2.62,Oui,Non,Non,Non,Oui,Away,77,"[34, 38, 55, 77]",True
74123787de63b9f9,coupe-du-monde,164855,31,2026-09-09T05:40:18Z,Korea Republic,Uruguay,0,0,3.91,3.97,1.81,1.94,1.22,1.21,1.52,2.5,1.54,2.44,Non,Non,Non,Oui,Non,,,[],True
6549c167dc319b6b,coupe-du-monde,164855,31,2026-09-09T05:40:18Z,Senegal,Ghana,3,2,1.77,3.87,4.25,1.19,1.99,1.22,1.61,2.28,1.62,2.25,Oui,Oui,Oui,Non,Non,Home,88,"[13, 40, 57, 72, 88]",True
9eb5123db1c53853,coupe-du-monde,164855,31,2026-09-09T05:40:18Z,New Zealand,IR Iran,2,1,4.33,3.85,1.76,2.0,1.18,1.23,1.63,2.23,1.65,2.21,Oui,Oui,Oui,Non,Non,Away,65,"[19, 59, 65]",True
a0a449137de497db,coupe-du-monde,164855,31,2026-09-09T05:40:18Z,USA,Morocco,1,3,4.38,3.64,1.8,1.95,1.18,1.25,1.78,2.0,1.75,2.05,Oui,Oui,Non,Non,Oui,Away,86,"[30, 33, 63, 86]",True
afff05b82d75a4d7,coupe-du-monde,164855,31,2026-09-09T05:40:18Z,Egypt,Cabo Verde,3,1,2.07,3.56,3.38,1.28,1.7,1.26,1.71,2.11,1.62,2.25,Oui,Oui,Oui,Non,Non,Home,71,"[44, 45, 47, 71]",True
8cee07d24ec09fbb,coupe-du-monde,164855,31,2026-09-09T05:40:18Z,Netherlands,Spain,0,1,4.28,4.17,1.71,2.07,1.19,1.2,1.46,2.66,1.53,2.47,Non,Non,Non,Non,Oui,Away,23,[23],True
29b72a3a8a6c4477,coupe-du-monde,164855,31,2026-09-09T05:40:18Z,Mexico,Curacao,2,1,1.4,4.81,7.34,1.06,2.85,1.15,1.52,2.5,1.81,1.97,Oui,Oui,Oui,Non,Non,Home,88,"[81, 82, 88]",True
26cf9edb804ab7e2,coupe-du-monde,164855,31,2026-09-09T05:40:18Z,Japan,Australia,2,0,2.14,3.7,3.1,1.33,1.65,1.24,1.57,2.36,1.52,2.48,Non,Non,Oui,Non,Non,Home,86,"[62, 86]",True
c9b9cf51fc8b72d9,coupe-du-monde,164855,31,2026-09-09T05:40:18Z,Cote d'Ivoire,Norway,1,2,3.05,3.85,2.12,1.67,1.34,1.23,1.48,2.6,1.46,2.65,Oui,Oui,Non,Non,Oui,Away,45,"[19, 24, 45]",True
f64060aa0ad861f7,coupe-du-monde,164855,31,2026-09-09T05:40:18Z,Panama,Haiti,2,0,2.31,3.41,3.0,1.35,1.57,1.28,1.79,1.99,1.65,2.2,Non,Non,Oui,Non,Non,Home,87,"[59, 87]",True
8ea74769d6df3a96,coupe-du-monde,164855,31,2026-09-09T05:40:18Z,Tunisia,France,1,2,6.15,4.56,1.47,2.57,1.09,1.17,1.5,2.55,1.69,2.13,Oui,Oui,Non,Non,Oui,Home,67,"[49, 65, 67]",True
5f47925d44702027,coupe-du-monde,164855,31,2026-09-09T05:40:18Z,England,South Africa,1,1,1.41,4.9,6.89,1.07,2.81,1.15,1.45,2.71,1.71,2.1,Non,Oui,Non,Oui,Non,Home,57,"[27, 57]",True
32ea39e23b1db09e,coupe-du-monde,164855,31,2026-09-09T05:40:18Z,Canada,Germany,3,1,4.01,4.31,1.73,2.04,1.21,1.19,1.37,3.01,1.45,2.71,Oui,Oui,Oui,Non,Non,Home,87,"[3, 79, 80, 87]",True
1595e800ba513efc,coupe-du-monde,164855,34,2026-09-09T05:46:18Z,Argentina,Egypt,3,1,1.59,4.47,4.82,1.15,2.28,1.17,1.4,2.88,1.52,2.48,Oui,Oui,Oui,Non,Non,Away,88,"[17, 20, 66, 88]",True
337ec39ee12e8f22,coupe-du-monde,164855,34,2026-09-09T05:46:18Z,Morocco,Belgium,1,0,2.03,3.4,3.67,1.25,1.73,1.28,1.88,1.89,1.75,2.05,Non,Non,Oui,Non,Non,Home,81,[81],True
166e3ffc875db647,coupe-du-monde,164855,34,2026-09-09T05:46:18Z,Saudi Arabia,Croatia,1,1,4.43,3.92,1.73,2.04,1.18,1.22,1.6,2.29,1.64,2.23,Non,Oui,Non,Oui,Non,Home,42,"[41, 42]",True
9cdb022618cfbf6c,coupe-du-monde,164855,34,2026-09-09T05:46:18Z,Scotland,USA,0,1,3.0,3.93,2.12,1.67,1.35,1.22,1.44,2.75,1.43,2.76,Non,Non,Non,Non,Oui,Away,16,[16],True
7acc2352c58dfe35,coupe-du-monde,164855,34,2026-09-09T05:46:18Z,Turkiye,Colombia,3,2,3.33,3.99,1.96,1.78,1.29,1.21,1.44,2.74,1.45,2.7,Oui,Oui,Oui,Non,Non,Home,73,"[22, 41, 42, 46, 73]",True
3d2a3ac97001e195,coupe-du-monde,164855,34,2026-09-09T05:46:18Z,England,Korea Republic,1,3,1.69,4.17,4.34,1.18,2.09,1.2,1.47,2.65,1.53,2.45,Oui,Oui,Non,Non,Oui,Home,83,"[22, 43, 64, 83]",True
22b1b19fbe95a1b9,coupe-du-monde,164855,34,2026-09-09T05:46:18Z,Bosnia-Herzegovina,Japan,0,3,4.4,4.0,1.72,2.06,1.18,1.21,1.55,2.4,1.6,2.31,Oui,Non,Non,Non,Oui,Away,84,"[41, 44, 84]",True
4cdb7167b7bbf110,coupe-du-monde,164855,34,2026-09-09T05:46:18Z,Senegal,Brazil,1,1,3.28,3.99,1.98,1.77,1.3,1.21,1.44,2.74,1.45,2.7,Non,Oui,Non,Oui,Non,Away,73,"[49, 73]",True
554c0f6faf66cd3c,coupe-du-monde,164855,34,2026-09-09T05:46:18Z,Cote d'Ivoire,Switzerland,0,4,3.23,3.64,2.1,1.68,1.31,1.25,1.63,2.24,1.56,2.38,Oui,Non,Non,Non,Oui,Away,78,"[25, 47, 58, 78]",True
6294df639c12c338,coupe-du-monde,164855,34,2026-09-09T05:46:18Z,Curacao,Portugal,1,4,10.62,6.38,1.24,3.91,1.02,1.09,1.34,3.21,1.87,1.9,Oui,Oui,Non,Non,Oui,Home,86,"[28, 33, 38, 77, 86]",True
6173fe55037a5765,coupe-du-monde,164855,34,2026-09-09T05:46:18Z,Algeria,IR Iran,1,4,2.69,3.55,2.46,1.5,1.43,1.26,1.65,2.2,1.56,2.39,Oui,Oui,Non,Non,Oui,Away,77,"[1, 9, 51, 60, 77]",True
fe32a6d5c18c0a03,coupe-du-monde,164855,34,2026-09-09T05:46:18Z,South Africa,Jordan,3,1,2.72,3.4,2.51,1.49,1.42,1.28,1.78,2.01,1.64,2.22,Oui,Oui,Oui,Non,Non,Home,90,"[9, 65, 75, 90]",True
ab4320028866dcc8,coupe-du-monde,164855,34,2026-09-09T05:46:18Z,Haiti,Ecuador,1,2,4.84,4.2,1.63,2.21,1.15,1.19,1.51,2.51,1.6,2.29,Oui,Oui,Non,Non,Oui,Away,71,"[38, 54, 71]",True
65987650b4c9efd3,coupe-du-monde,164855,34,2026-09-09T05:46:18Z,Cabo Verde,Tunisia,1,1,2.89,3.34,2.41,1.52,1.37,1.29,1.85,1.92,1.69,2.14,Non,Oui,Non,Oui,Non,Home,85,"[81, 85]",True
345cb4ed83d056dd,coupe-du-monde,164855,34,2026-09-09T05:46:18Z,Australia,New Zealand,4,0,1.78,3.86,4.18,1.2,1.97,1.23,1.61,2.28,1.62,2.26,Oui,Non,Oui,Non,Non,Home,79,"[39, 41, 72, 79]",True
c544dc94e60210c1,coupe-du-monde,164855,34,2026-09-09T05:46:18Z,Paraguay,Panama,1,2,2.11,3.59,3.25,1.3,1.67,1.26,1.67,2.16,1.6,2.31,Oui,Oui,Non,Non,Oui,Home,79,"[26, 71, 79]",True
3ed6872705f84361,coupe-du-monde,164855,34,2026-09-09T05:46:18Z,Norway,Canada,1,2,1.89,4.09,3.49,1.27,1.85,1.2,1.41,2.84,1.44,2.73,Oui,Oui,Non,Non,Oui,Home,58,"[2, 29, 58]",True
87043140cbcaa672,coupe-du-monde,164855,34,2026-09-09T05:46:18Z,France,Austria,3,0,1.55,4.53,5.18,1.13,2.37,1.17,1.42,2.83,1.56,2.39,Oui,Non,Oui,Non,Non,Home,49,"[20, 35, 49]",True
47febced92c96add,coupe-du-monde,164855,34,2026-09-09T05:46:18Z,Uruguay,Mexico,2,3,2.05,3.81,3.24,1.31,1.72,1.23,1.53,2.47,1.5,2.53,Oui,Oui,Non,Non,Oui,Home,72,"[13, 20, 47, 66, 72]",True
4c480a26dc7169fc,coupe-du-monde,164855,34,2026-09-09T05:46:18Z,Ghana,Netherlands,1,1,4.8,4.41,1.6,2.25,1.15,1.18,1.43,2.79,1.54,2.43,Non,Oui,Non,Oui,Non,Home,90,"[80, 90]",True
3d98fc097c46563d,coupe-du-monde,164855,34,2026-09-09T05:46:18Z,Iraq,Congo DR,2,1,2.34,3.55,2.85,1.38,1.55,1.26,1.66,2.19,1.57,2.37,Oui,Oui,Oui,Non,Non,Home,76,"[18, 62, 76]",True
2ee48a82f09e0231,coupe-du-monde,164855,34,2026-09-09T05:46:18Z,Spain,Uzbekistan,6,0,1.3,5.51,9.08,1.03,3.37,1.12,1.43,2.78,1.85,1.92,Oui,Non,Oui,Non,Non,Home,63,"[43, 44, 45, 47, 54, 63]",True
49ff8df960f957f4,coupe-du-monde,164855,34,2026-09-09T05:46:18Z,Czechia,Sweden,1,3,2.78,3.61,2.36,1.54,1.4,1.25,1.61,2.27,1.54,2.44,Oui,Oui,Non,Non,Oui,Away,89,"[30, 54, 73, 89]",True
24cf9a8b681382dc,coupe-du-monde,164855,34,2026-09-09T05:46:18Z,Germany,Qatar,0,4,1.73,4.36,3.96,1.22,2.04,1.18,1.35,3.11,1.43,2.76,Oui,Non,Non,Non,Oui,Away,88,"[5, 23, 30, 88]",True
a6799417c9748750,coupe-du-monde,164855,36,2026-09-09T05:50:18Z,Algeria,Haiti,4,1,1.69,3.97,4.66,1.16,2.1,1.21,1.61,2.29,1.65,2.19,Oui,Oui,Oui,Non,Non,Home,87,"[36, 40, 64, 81, 87]",True
30459a9f7e07885e,coupe-du-monde,164855,36,2026-09-09T05:50:18Z,Turkiye,New Zealand,0,0,1.78,3.95,4.08,1.2,1.97,1.22,1.55,2.42,1.57,2.37,Non,Non,Non,Oui,Non,,,[],True
3c1d3a65aaeb3ef1,coupe-du-monde,164855,36,2026-09-09T05:50:18Z,Germany,Portugal,1,4,2.74,4.24,2.18,1.63,1.41,1.19,1.29,3.53,1.33,3.26,Oui,Oui,Non,Non,Oui,Away,66,"[39, 40, 42, 60, 66]",True
3f00a172064cf9d2,coupe-du-monde,164855,36,2026-09-09T05:50:18Z,Iraq,Croatia,0,3,3.97,3.75,1.85,1.89,1.21,1.24,1.65,2.2,1.63,2.24,Oui,Non,Non,Non,Oui,Away,90,"[36, 65, 90]",True
8f5f90a9cc555465,coupe-du-monde,164855,36,2026-09-09T05:50:18Z,Ghana,Sweden,0,0,3.75,3.76,1.89,1.84,1.24,1.24,1.61,2.27,1.59,2.32,Non,Non,Non,Oui,Non,,,[],True
8d8e4c5711f3165c,coupe-du-monde,164855,36,2026-09-09T05:50:18Z,Brazil,Jordan,1,0,1.47,4.67,6.01,1.1,2.58,1.16,1.45,2.7,1.65,2.21,Non,Non,Oui,Non,Non,Home,56,[56],True
c13006bad5dec2f2,coupe-du-monde,164855,36,2026-09-09T05:50:18Z,Czechia,Belgium,1,2,3.48,3.82,1.96,1.79,1.27,1.23,1.55,2.42,1.53,2.47,Oui,Oui,Non,Non,Oui,Away,81,"[30, 55, 81]",True
6f103bbbc6dfc266,coupe-du-monde,164855,36,2026-09-09T05:50:18Z,Switzerland,Korea Republic,3,1,2.07,3.62,3.34,1.29,1.7,1.25,1.65,2.2,1.58,2.33,Oui,Oui,Oui,Non,Non,Home,79,"[33, 55, 75, 79]",True
0927d25218250dab,coupe-du-monde,164855,36,2026-09-09T05:50:18Z,Senegal,Canada,6,0,1.95,3.77,3.53,1.26,1.79,1.23,1.58,2.34,1.56,2.4,Oui,Non,Oui,Non,Non,Home,56,"[38, 40, 42, 47, 51, 56]",True
1cc52112a65abf22,coupe-du-monde,164855,36,2026-09-09T05:50:18Z,Cabo Verde,Panama,4,2,2.17,3.45,3.24,1.31,1.64,1.27,1.78,2.01,1.66,2.19,Oui,Oui,Oui,Non,Non,Home,81,"[22, 25, 26, 56, 59, 81]",True
4c929067060c0755,coupe-du-monde,164855,36,2026-09-09T05:50:18Z,Cote d'Ivoire,Netherlands,1,1,3.27,4.05,1.97,1.78,1.3,1.21,1.41,2.87,1.43,2.78,Non,Oui,Non,Oui,Non,Home,79,"[42, 79]",True
239a59c11d51758f,coupe-du-monde,164855,36,2026-09-09T05:50:18Z,Saudi Arabia,Australia,0,5,3.46,3.84,1.96,1.79,1.27,1.23,1.53,2.45,1.52,2.49,Oui,Non,Non,Non,Oui,Away,60,"[9, 14, 37, 52, 60]",True
581759bc0bac1643,coupe-du-monde,164855,36,2026-09-09T05:50:18Z,Curacao,Austria,1,3,6.54,4.54,1.46,2.63,1.08,1.17,1.55,2.42,1.77,2.02,Oui,Oui,Non,Non,Oui,Away,81,"[40, 74, 75, 81]",True
c34dbfe578e658c4,coupe-du-monde,164855,36,2026-09-09T05:50:18Z,Scotland,Uzbekistan,1,1,2.21,3.73,2.96,1.36,1.62,1.24,1.55,2.41,1.5,2.53,Non,Oui,Non,Oui,Non,Away,85,"[76, 85]",True
43335f151059b8fb,coupe-du-monde,164855,36,2026-09-09T05:50:18Z,Bosnia-Herzegovina,Colombia,3,1,4.19,4.11,1.73,2.04,1.19,1.2,1.48,2.6,1.53,2.45,Oui,Oui,Oui,Non,Non,Home,83,"[12, 17, 45, 83]",True
a9718cf430195935,coupe-du-monde,164855,36,2026-09-09T05:50:18Z,Uruguay,Tunisia,3,1,1.8,3.7,4.28,1.19,1.95,1.24,1.73,2.08,1.7,2.11,Oui,Oui,Oui,Non,Non,Home,63,"[29, 48, 56, 63]",True
88d8e0f353805f24,coupe-du-monde,164855,36,2026-09-09T05:50:18Z,Argentina,Qatar,2,1,1.46,5.02,5.72,1.11,2.63,1.14,1.32,3.28,1.53,2.46,Oui,Oui,Oui,Non,Non,Home,85,"[75, 84, 85]",True
6f9cb11848379200,coupe-du-monde,164855,36,2026-09-09T05:50:18Z,Norway,Mexico,1,2,2.4,3.86,2.61,1.45,1.53,1.23,1.45,2.69,1.43,2.76,Oui,Oui,Non,Non,Oui,Away,86,"[70, 86, 86]",True
5925003a5a98c7a3,coupe-du-monde,164855,36,2026-09-09T05:50:18Z,France,Ecuador,3,1,1.47,4.81,5.75,1.11,2.57,1.15,1.38,2.99,1.57,2.37,Oui,Oui,Oui,Non,Non,Home,85,"[29, 38, 77, 85]",True
30149f5f8ff4612b,coupe-du-monde,164855,36,2026-09-09T05:50:18Z,Spain,Congo DR,1,1,1.27,5.79,9.89,1.02,3.58,1.11,1.41,2.85,1.9,1.88,Non,Oui,Non,Oui,Non,Away,71,"[49, 71]",True
eeda8ec2cab73c3d,coupe-du-monde,164855,36,2026-09-09T05:50:18Z,Morocco,Japan,1,1,1.95,3.4,3.95,1.22,1.79,1.28,1.93,1.85,1.8,1.98,Non,Oui,Non,Oui,Non,Away,85,"[19, 85]",True
0fc21aef2a5ce7dd,coupe-du-monde,164855,36,2026-09-09T05:50:18Z,England,Egypt,1,1,1.74,4.08,4.19,1.2,2.03,1.2,1.49,2.57,1.54,2.44,Non,Oui,Non,Oui,Non,Away,52,"[38, 52]",True
cbc30a5aa77dfd20,coupe-du-monde,164855,36,2026-09-09T05:50:18Z,Paraguay,IR Iran,2,2,3.09,3.67,2.16,1.65,1.33,1.25,1.6,2.31,1.54,2.44,Oui,Oui,Non,Oui,Non,Away,82,"[7, 17, 82, 82]",True
a8c45500ed63a3a3,coupe-du-monde,164855,36,2026-09-09T05:50:18Z,South Africa,USA,2,2,4.31,4.09,1.71,2.06,1.19,1.2,1.5,2.55,1.55,2.4,Oui,Oui,Non,Oui,Non,Away,87,"[21, 75, 76, 87]",True
8bd77bfc9655beef,coupe-du-monde,164855,39,2026-09-09T05:56:18Z,USA,Korea Republic,1,3,2.26,3.85,2.8,1.4,1.59,1.23,1.46,2.67,1.44,2.73,Oui,Oui,Non,Non,Oui,Away,59,"[23, 41, 49, 59]",True
03943d0f4260880a,coupe-du-monde,164855,39,2026-09-09T05:56:18Z,Turkiye,Iraq,3,0,2.18,3.72,3.01,1.35,1.63,1.24,1.55,2.4,1.51,2.52,Oui,Non,Oui,Non,Non,Home,90,"[28, 82, 90]",True
700ef571975467fc,coupe-du-monde,164855,39,2026-09-09T05:56:18Z,Congo DR,Ghana,3,2,2.6,3.59,2.52,1.48,1.45,1.26,1.62,2.26,1.54,2.44,Oui,Oui,Oui,Non,Non,Away,67,"[5, 24, 44, 64, 67]",True
e9300d24a0e8e890,coupe-du-monde,164855,39,2026-09-09T05:56:18Z,Panama,Argentina,0,4,8.91,5.79,1.29,3.44,1.04,1.11,1.36,3.06,1.79,2.0,Oui,Non,Non,Non,Oui,Away,81,"[17, 19, 77, 81]",True
2626fc10271fd14b,coupe-du-monde,164855,39,2026-09-09T05:56:18Z,Netherlands,Canada,0,0,1.79,4.23,3.76,1.24,1.95,1.19,1.38,2.97,1.44,2.74,Non,Non,Non,Oui,Non,,,[],True
34fe50f3992af605,coupe-du-monde,164855,39,2026-09-09T05:56:18Z,Qatar,Senegal,5,1,3.52,3.83,1.94,1.8,1.26,1.23,1.55,2.42,1.53,2.46,Oui,Oui,Oui,Non,Non,Home,69,"[44, 45, 45, 52, 65, 69]",True
8f5978503081462a,coupe-du-monde,164855,39,2026-09-09T05:56:18Z,Egypt,Jordan,2,3,2.03,3.5,3.56,1.26,1.73,1.27,1.78,2.01,1.68,2.16,Oui,Oui,Non,Non,Oui,Away,87,"[42, 43, 44, 72, 87]",True
e9fd7bd1eacd544e,coupe-du-monde,164855,39,2026-09-09T05:56:18Z,Mexico,Switzerland,3,2,2.94,3.57,2.28,1.58,1.36,1.26,1.66,2.19,1.57,2.36,Oui,Oui,Oui,Non,Non,Away,79,"[22, 45, 56, 65, 79]",True
bf1196e851c50b25,coupe-du-monde,164855,39,2026-09-09T05:56:18Z,Saudi Arabia,Bosnia-Herzegovina,1,0,2.43,3.61,2.69,1.43,1.51,1.25,1.61,2.28,1.53,2.45,Non,Non,Oui,Non,Non,Home,55,[55],True
87dfed59b1493ca9,coupe-du-monde,164855,39,2026-09-09T05:56:18Z,Portugal,Norway,1,1,1.95,4.19,3.26,1.3,1.8,1.2,1.35,3.15,1.39,2.94,Non,Oui,Non,Oui,Non,Away,45,"[41, 45]",True
b6a391b403d83962,coupe-du-monde,164855,39,2026-09-09T05:56:18Z,Uzbekistan,Cote d'Ivoire,0,1,3.25,3.78,2.05,1.71,1.31,1.23,1.54,2.43,1.51,2.51,Non,Non,Non,Non,Oui,Away,15,[15],True
4ccb76998e80932c,coupe-du-monde,164855,39,2026-09-09T05:56:18Z,Belgium,South Africa,4,1,1.59,4.2,5.18,1.13,2.28,1.19,1.55,2.41,1.66,2.19,Oui,Oui,Oui,Non,Non,Away,79,"[11, 44, 54, 56, 79]",True
ff99f3d2486b7f12,coupe-du-monde,164855,39,2026-09-09T05:56:18Z,Croatia,Czechia,3,1,2.03,3.66,3.39,1.28,1.73,1.25,1.63,2.23,1.58,2.35,Oui,Oui,Oui,Non,Non,Home,76,"[22, 31, 68, 76]",True
b9832dcba0dbd917,coupe-du-monde,164855,39,2026-09-09T05:56:18Z,Sweden,Brazil,3,1,3.77,4.18,1.8,1.95,1.23,1.2,1.4,2.89,1.45,2.7,Oui,Oui,Oui,Non,Non,Home,69,"[6, 25, 46, 69]",True
b741f2ef6d54b5fe,coupe-du-monde,164855,39,2026-09-09T05:56:18Z,Haiti,Curacao,0,0,2.37,3.36,2.94,1.36,1.54,1.29,1.84,1.93,1.68,2.15,Non,Non,Non,Oui,Non,,,[],True
062335beb3cd5c4b,coupe-du-monde,164855,39,2026-09-09T05:56:18Z,Algeria,Paraguay,4,1,2.2,3.68,3.01,1.35,1.62,1.25,1.58,2.34,1.53,2.47,Oui,Oui,Oui,Non,Non,Away,86,"[21, 29, 56, 64, 86]",True
8b8bb7cf9edd6e2a,coupe-du-monde,164855,39,2026-09-09T05:56:18Z,Ecuador,Cabo Verde,2,0,2.1,3.7,3.19,1.32,1.68,1.24,1.59,2.32,1.54,2.44,Non,Non,Oui,Non,Non,Home,68,"[1, 68]",True
26b90577a121c009,coupe-du-monde,164855,39,2026-09-09T05:56:18Z,Tunisia,England,1,1,5.17,4.18,1.59,2.27,1.13,1.2,1.56,2.39,1.66,2.18,Non,Oui,Non,Oui,Non,Away,84,"[78, 84]",True
dbe2fdddbbd03de9,coupe-du-monde,164855,39,2026-09-09T05:56:18Z,New Zealand,France,0,3,11.42,6.46,1.22,4.05,1.01,1.08,1.35,3.12,1.93,1.84,Oui,Non,Non,Non,Oui,Away,88,"[86, 87, 88]",True
4f172053bf9e45f1,coupe-du-monde,164855,39,2026-09-09T05:56:18Z,Japan,Scotland,0,0,1.89,3.92,3.64,1.25,1.85,1.22,1.51,2.52,1.51,2.5,Non,Non,Non,Oui,Non,,,[],True
01fcaf9440779aaa,coupe-du-monde,164855,39,2026-09-09T05:56:18Z,Austria,Uruguay,0,3,3.41,3.82,1.98,1.77,1.28,1.23,1.54,2.44,1.52,2.49,Oui,Non,Non,Non,Oui,Away,82,"[77, 78, 82]",True
16af57a72a6dd7bd,coupe-du-monde,164855,39,2026-09-09T05:56:18Z,Australia,Morocco,1,0,4.95,3.68,1.7,2.07,1.14,1.24,1.84,1.94,1.83,1.94,Non,Non,Oui,Non,Non,Home,64,[64],True
e0fa3767f33d6f99,coupe-du-monde,164855,39,2026-09-09T05:56:18Z,Colombia,Spain,1,2,4.38,4.17,1.69,2.1,1.18,1.2,1.47,2.62,1.54,2.43,Oui,Oui,Non,Non,Oui,Away,62,"[20, 55, 62]",True
db74b3651f49044d,coupe-du-monde,164855,39,2026-09-09T05:56:18Z,IR Iran,Germany,0,0,3.43,3.98,1.93,1.81,1.28,1.21,1.46,2.66,1.47,2.62,Non,Non,Non,Oui,Non,,,[],True
647e1e2f94588be0,coupe-du-monde,164855,41,2026-09-09T06:00:18Z,Tunisia,Switzerland,1,1,3.94,3.44,1.94,1.8,1.22,1.28,1.89,1.88,1.78,2.01,Non,Oui,Non,Oui,Non,Away,69,"[22, 69]",True
666d9a50e9342500,coupe-du-monde,164855,41,2026-09-09T06:00:18Z,Mexico,Netherlands,1,2,2.83,3.99,2.19,1.63,1.39,1.21,1.4,2.91,1.4,2.89,Oui,Oui,Non,Non,Oui,Home,85,"[7, 56, 85]",True
1123109244bab99e,coupe-du-monde,164855,41,2026-09-09T06:00:18Z,Colombia,Scotland,3,0,1.9,4.06,3.47,1.27,1.84,1.21,1.42,2.8,1.45,2.7,Oui,Non,Oui,Non,Non,Home,44,"[2, 4, 44]",True
eaccdb144cbe5759,coupe-du-monde,164855,41,2026-09-09T06:00:18Z,IR Iran,Argentina,0,1,4.96,4.44,1.58,2.3,1.14,1.18,1.43,2.79,1.55,2.41,Non,Non,Non,Non,Oui,Away,39,[39],True
f0adf58dc9c28921,coupe-du-monde,164855,41,2026-09-09T06:00:18Z,Belgium,Brazil,2,2,2.88,3.99,2.16,1.64,1.38,1.21,1.4,2.9,1.4,2.87,Oui,Oui,Non,Oui,Non,Home,83,"[16, 57, 60, 83]",True
93e33468d03e683c,coupe-du-monde,164855,41,2026-09-09T06:00:18Z,Bosnia-Herzegovina,Iraq,1,2,2.69,3.59,2.44,1.51,1.43,1.26,1.62,2.26,1.54,2.44,Oui,Oui,Non,Non,Oui,Home,79,"[59, 70, 79]",True
840fe6fe9a41354d,coupe-du-monde,164855,41,2026-09-09T06:00:18Z,Haiti,Germany,0,3,7.49,5.33,1.35,3.06,1.06,1.12,1.37,3.02,1.69,2.14,Oui,Non,Non,Non,Oui,Away,84,"[54, 81, 84]",True
05dc39d40f1e5be6,coupe-du-monde,164855,41,2026-09-09T06:00:18Z,Turkiye,Spain,1,4,6.49,4.93,1.42,2.75,1.08,1.14,1.41,2.86,1.65,2.2,Oui,Oui,Non,Non,Oui,Away,56,"[31, 32, 35, 52, 56]",True
840b9eb9bf97756b,coupe-du-monde,164855,41,2026-09-09T06:00:18Z,Portugal,Senegal,2,0,1.99,3.94,3.29,1.3,1.76,1.22,1.46,2.66,1.46,2.65,Non,Non,Oui,Non,Non,Home,87,"[84, 87]",True
ce57141529670f81,coupe-du-monde,164855,41,2026-09-09T06:00:18Z,Sweden,Canada,1,1,2.16,3.77,3.01,1.35,1.64,1.23,1.52,2.48,1.49,2.57,Non,Oui,Non,Oui,Non,Away,79,"[56, 79]",True
c7c22f5eb848a0b6,coupe-du-monde,164855,41,2026-09-09T06:00:18Z,Saudi Arabia,Morocco,1,2,7.3,4.23,1.46,2.63,1.06,1.19,1.77,2.02,2.01,1.78,Oui,Oui,Non,Non,Oui,Away,74,"[7, 22, 74]",True
8ef1b46e01c8bf99,coupe-du-monde,164855,41,2026-09-09T06:00:18Z,Croatia,Ghana,2,1,1.75,3.92,4.27,1.19,2.01,1.22,1.59,2.32,1.61,2.27,Oui,Oui,Oui,Non,Non,Home,89,"[82, 84, 89]",True
fb15158ac1b9d46c,coupe-du-monde,164855,41,2026-09-09T06:00:18Z,Ecuador,Uruguay,2,1,3.63,3.9,1.89,1.84,1.25,1.22,1.52,2.49,1.52,2.49,Oui,Oui,Oui,Non,Non,Home,71,"[43, 59, 71]",True
347c7166f883b287,coupe-du-monde,164855,41,2026-09-09T06:00:18Z,Panama,England,1,0,7.35,5.01,1.38,2.92,1.06,1.14,1.45,2.69,1.75,2.04,Non,Non,Oui,Non,Non,Home,46,[46],True
869f86ebca2c1f42,coupe-du-monde,164855,41,2026-09-09T06:00:18Z,USA,Egypt,2,2,2.35,3.71,2.74,1.41,1.55,1.24,1.55,2.42,1.5,2.56,Oui,Oui,Non,Oui,Non,Away,77,"[11, 13, 66, 77]",True
aac5913cd9d66b1f,coupe-du-monde,164855,41,2026-09-09T06:00:18Z,Uzbekistan,Korea Republic,2,3,3.21,3.81,2.06,1.71,1.31,1.23,1.52,2.49,1.5,2.55,Oui,Oui,Non,Non,Oui,Away,87,"[1, 10, 13, 57, 87]",True
3c0d35f1fca8fe04,coupe-du-monde,164855,41,2026-09-09T06:00:18Z,Austria,Norway,2,2,2.67,3.86,2.35,1.55,1.43,1.23,1.45,2.7,1.43,2.77,Oui,Oui,Non,Oui,Non,Away,62,"[27, 52, 54, 62]",True
f9beb1f16f6850ad,coupe-du-monde,164855,41,2026-09-09T06:00:18Z,Congo DR,Cote d'Ivoire,1,1,3.72,3.82,1.89,1.85,1.24,1.23,1.57,2.35,1.56,2.38,Non,Oui,Non,Oui,Non,Home,89,"[86, 89]",True
49be6606fef83a4b,coupe-du-monde,164855,41,2026-09-09T06:00:18Z,Australia,Czechia,1,2,2.46,3.65,2.63,1.44,1.5,1.25,1.58,2.34,1.51,2.5,Oui,Oui,Non,Non,Oui,Away,51,"[22, 37, 51]",True
58760c32dacf11eb,coupe-du-monde,164855,41,2026-09-09T06:00:18Z,France,Curacao,1,2,1.15,7.77,16.76,0.98,5.21,1.05,1.33,3.23,2.24,1.63,Oui,Oui,Non,Non,Oui,Home,80,"[74, 79, 80]",True
9a55878a086423a8,coupe-du-monde,164855,41,2026-09-09T06:00:18Z,Japan,South Africa,1,1,1.64,4.05,4.9,1.15,2.18,1.21,1.59,2.32,1.66,2.18,Non,Oui,Non,Oui,Non,Home,44,"[16, 44]",True
98e6fc0c97220e5f,coupe-du-monde,164855,41,2026-09-09T06:00:18Z,Algeria,Cabo Verde,4,1,2.19,3.59,3.09,1.33,1.63,1.26,1.65,2.2,1.57,2.36,Oui,Oui,Oui,Non,Non,Home,70,"[35, 40, 44, 68, 70]",True
e27c19af93433b12,coupe-du-monde,164855,41,2026-09-09T06:00:18Z,New Zealand,Paraguay,1,0,3.46,3.7,2.0,1.75,1.27,1.24,1.62,2.26,1.57,2.35,Non,Non,Oui,Non,Non,Home,62,[62],True
66e97a0430172650,coupe-du-monde,164855,41,2026-09-09T06:00:18Z,Qatar,Jordan,1,1,2.26,3.54,2.98,1.36,1.59,1.26,1.68,2.15,1.58,2.33,Non,Oui,Non,Oui,Non,Away,69,"[22, 69]",True
162b7a1c9ec3b55d,coupe-du-monde,164855,44,2026-09-09T06:06:18Z,Korea Republic,Japan,2,1,3.12,3.7,2.13,1.66,1.33,1.24,1.58,2.35,1.53,2.47,Oui,Oui,Oui,Non,Non,Home,84,"[3, 44, 84]",True
11cc15c37ae79326,coupe-du-monde,164855,44,2026-09-09T06:06:18Z,Canada,Congo DR,1,2,2.05,3.72,3.31,1.3,1.72,1.24,1.59,2.33,1.54,2.43,Oui,Oui,Non,Non,Oui,Home,28,"[17, 20, 28]",True
3c24e03b20be4ad0,coupe-du-monde,164855,44,2026-09-09T06:06:18Z,Sweden,Qatar,3,3,2.16,3.74,3.03,1.34,1.64,1.24,1.54,2.43,1.5,2.54,Oui,Oui,Non,Oui,Non,Away,61,"[11, 40, 41, 47, 48, 61]",True
9fe5220844f11766,coupe-du-monde,164855,44,2026-09-09T06:06:18Z,Norway,Haiti,3,0,1.46,4.71,6.19,1.09,2.62,1.16,1.45,2.7,1.66,2.19,Oui,Non,Oui,Non,Non,Home,85,"[81, 85, 85]",True
7112eb02253de3ef,coupe-du-monde,164855,44,2026-09-09T06:06:18Z,Argentina,Algeria,0,1,1.57,4.55,4.96,1.14,2.33,1.17,1.39,2.95,1.52,2.48,Non,Non,Non,Non,Oui,Away,84,[84],True
f266138602ee9afd,coupe-du-monde,164855,44,2026-09-09T06:06:18Z,USA,Tunisia,1,1,2.2,3.6,3.06,1.34,1.62,1.25,1.64,2.23,1.56,2.39,Non,Oui,Non,Oui,Non,Away,57,"[51, 57]",True
f532cf2688fefc1e,coupe-du-monde,164855,44,2026-09-09T06:06:18Z,England,Ecuador,2,1,1.63,4.38,4.54,1.17,2.19,1.18,1.4,2.88,1.51,2.53,Oui,Oui,Oui,Non,Non,Home,44,"[43, 44, 44]",True
31757af0f55b573a,coupe-du-monde,164855,44,2026-09-09T06:06:18Z,Morocco,New Zealand,4,0,1.38,4.47,8.82,1.04,2.91,1.17,1.78,2.01,2.16,1.67,Oui,Non,Oui,Non,Non,Home,72,"[14, 54, 60, 72]",True
a6e50d9c94fcbff8,coupe-du-monde,164855,44,2026-09-09T06:06:18Z,Jordan,Panama,2,1,2.31,3.41,3.0,1.35,1.57,1.28,1.79,2.0,1.65,2.2,Oui,Oui,Oui,Non,Non,Away,88,"[49, 69, 88]",True
b3d72ad327842b4c,coupe-du-monde,164855,44,2026-09-09T06:06:18Z,Mexico,Uzbekistan,2,2,1.77,4.04,4.05,1.21,1.98,1.21,1.5,2.55,1.53,2.45,Oui,Oui,Non,Oui,Non,Home,71,"[19, 27, 48, 71]",True
0e408cbaf2fd245f,coupe-du-monde,164855,44,2026-09-09T06:06:18Z,Ghana,Turkiye,3,2,3.13,3.83,2.09,1.69,1.33,1.23,1.5,2.54,1.48,2.6,Oui,Oui,Oui,Non,Non,Home,83,"[7, 25, 65, 80, 83]",True
22c3a2c3d8353be0,coupe-du-monde,164855,44,2026-09-09T06:06:18Z,Scotland,Saudi Arabia,2,2,2.13,3.76,3.09,1.33,1.66,1.24,1.54,2.44,1.5,2.53,Oui,Oui,Non,Oui,Non,Home,68,"[21, 46, 62, 68]",True
d4734cc4278309a0,coupe-du-monde,164855,44,2026-09-09T06:06:18Z,South Africa,Australia,3,2,3.62,3.8,1.92,1.82,1.25,1.23,1.57,2.35,1.56,2.4,Oui,Oui,Oui,Non,Non,Away,78,"[28, 33, 35, 70, 78]",True
f0c0d35694c83dea,coupe-du-monde,164855,44,2026-09-09T06:06:18Z,Netherlands,Portugal,1,1,2.77,4.18,2.17,1.64,1.4,1.2,1.32,3.34,1.35,3.14,Non,Oui,Non,Oui,Non,Away,74,"[48, 74]",True
7b394fc262bb3f7b,coupe-du-monde,164855,44,2026-09-09T06:06:18Z,Czechia,Bosnia-Herzegovina,2,2,2.12,3.69,3.16,1.32,1.67,1.24,1.59,2.32,1.54,2.44,Oui,Oui,Non,Oui,Non,Away,67,"[17, 19, 21, 67]",True
dd75b659b74682d5,coupe-du-monde,164855,44,2026-09-09T06:06:18Z,Switzerland,Austria,0,1,2.2,3.56,3.08,1.33,1.62,1.26,1.68,2.16,1.59,2.32,Non,Non,Non,Non,Oui,Away,51,[51],True
5b45e35eadf74a0c,coupe-du-monde,164855,44,2026-09-09T06:06:18Z,Cote d'Ivoire,Colombia,2,4,3.1,3.93,2.07,1.7,1.33,1.22,1.45,2.71,1.45,2.72,Oui,Oui,Non,Non,Oui,Home,70,"[23, 33, 45, 56, 58, 70]",True
96acdb4e1368cdf4,coupe-du-monde,164855,44,2026-09-09T06:06:18Z,Egypt,Belgium,1,2,3.27,3.7,2.07,1.7,1.3,1.24,1.6,2.31,1.55,2.42,Oui,Oui,Non,Non,Oui,Home,87,"[6, 76, 87]",True
3842295cab4c67e2,coupe-du-monde,164855,44,2026-09-09T06:06:18Z,Germany,Paraguay,1,4,1.68,4.36,4.23,1.19,2.11,1.18,1.38,2.97,1.47,2.63,Oui,Oui,Non,Non,Oui,Away,56,"[20, 25, 34, 53, 56]",True
abbd81288e6aa411,coupe-du-monde,164855,44,2026-09-09T06:06:18Z,Brazil,Croatia,0,2,1.95,4.04,3.35,1.29,1.8,1.21,1.42,2.83,1.44,2.75,Non,Non,Non,Non,Oui,Away,86,"[84, 86]",True
01021dafeaccc456,coupe-du-monde,164855,44,2026-09-09T06:06:18Z,Uruguay,France,0,1,3.5,3.99,1.91,1.83,1.27,1.21,1.46,2.66,1.48,2.62,Non,Non,Non,Non,Oui,Away,65,[65],True
1d5ff8c4b69f3168,coupe-du-monde,164855,44,2026-09-09T06:06:18Z,Cabo Verde,Curacao,0,0,1.83,3.69,4.11,1.2,1.91,1.24,1.71,2.1,1.68,2.15,Non,Non,Non,Oui,Non,,,[],True
3f7fe4187c7685fe,coupe-du-monde,164855,44,2026-09-09T06:06:18Z,Spain,Iraq,0,0,1.34,5.19,8.27,1.05,3.13,1.13,1.46,2.65,1.83,1.95,Non,Non,Non,Oui,Non,,,[],True
d90eaa7fb4339c5b,coupe-du-monde,164855,44,2026-09-09T06:06:18Z,Senegal,IR Iran,3,1,2.21,3.54,3.08,1.34,1.61,1.26,1.7,2.13,1.6,2.3,Oui,Oui,Oui,Non,Non,Away,67,"[40, 43, 52, 67]",True
c6fc9e3fec70be49,coupe-du-monde,164855,46,2026-09-09T06:10:18Z,Qatar,Belgium,2,3,3.85,3.96,1.83,1.91,1.23,1.22,1.51,2.51,1.53,2.46,Oui,Oui,Non,Non,Oui,Away,74,"[24, 35, 43, 68, 74]",True
5b6942e6b4751f94,coupe-du-monde,164855,46,2026-09-09T06:10:18Z,Netherlands,Austria,2,0,2.19,3.89,2.89,1.37,1.63,1.22,1.45,2.72,1.43,2.76,Non,Non,Oui,Non,Non,Home,58,"[16, 58]",True
65189810e606bd6b,coupe-du-monde,164855,46,2026-09-09T06:10:18Z,Canada,Croatia,0,1,3.49,3.78,1.96,1.78,1.27,1.23,1.57,2.36,1.54,2.42,Non,Non,Non,Non,Oui,Away,52,[52],True
c21e27e5db91ff50,coupe-du-monde,164855,46,2026-09-09T06:10:18Z,Mexico,Congo DR,5,1,1.71,4.05,4.35,1.18,2.06,1.21,1.52,2.48,1.57,2.36,Oui,Oui,Oui,Non,Non,Away,62,"[20, 25, 31, 47, 57, 62]",True
22890d46448c1ad1,coupe-du-monde,164855,46,2026-09-09T06:10:18Z,Korea Republic,Colombia,1,3,2.94,3.84,2.18,1.64,1.36,1.23,1.48,2.6,1.46,2.67,Oui,Oui,Non,Non,Oui,Home,69,"[2, 39, 68, 69]",True
c3d5d05dc351bdb1,coupe-du-monde,164855,46,2026-09-09T06:10:18Z,England,Algeria,0,1,1.62,4.3,4.79,1.15,2.23,1.19,1.46,2.65,1.57,2.37,Non,Non,Non,Non,Oui,Away,39,[39],True
a81c49b073053168,coupe-du-monde,164855,46,2026-09-09T06:10:18Z,Argentina,Paraguay,1,2,1.41,5.16,6.46,1.08,2.82,1.13,1.35,3.16,1.6,2.3,Oui,Oui,Non,Non,Oui,Home,67,"[42, 65, 67]",True
2a5677323113b349,coupe-du-monde,164855,46,2026-09-09T06:10:18Z,Spain,New Zealand,5,0,1.23,6.22,11.51,1.01,3.96,1.09,1.4,2.9,1.99,1.79,Oui,Non,Oui,Non,Non,Home,82,"[38, 42, 66, 82, 82]",True
ab965ed695e9e6ce,coupe-du-monde,164855,46,2026-09-09T06:10:18Z,Czechia,Morocco,0,0,5.56,3.81,1.62,2.22,1.12,1.23,1.83,1.95,1.89,1.89,Non,Non,Non,Oui,Non,,,[],True
f3e921998c806cc3,coupe-du-monde,164855,46,2026-09-09T06:10:18Z,South Africa,Saudi Arabia,2,4,2.73,3.57,2.42,1.52,1.42,1.26,1.64,2.21,1.56,2.4,Oui,Oui,Non,Non,Oui,Home,82,"[22, 27, 33, 64, 73, 82]",True
2d6dc58e7b8c104d,coupe-du-monde,164855,46,2026-09-09T06:10:18Z,Brazil,Australia,3,0,1.68,4.46,4.15,1.2,2.11,1.17,1.34,3.18,1.44,2.75,Oui,Non,Oui,Non,Non,Home,79,"[10, 67, 79]",True
b7303f1e65a24cc0,coupe-du-monde,164855,46,2026-09-09T06:10:18Z,Egypt,Japan,1,3,3.39,3.67,2.03,1.73,1.28,1.25,1.63,2.25,1.57,2.36,Oui,Oui,Non,Non,Oui,Away,68,"[11, 19, 66, 68]",True
919ebb09e63e4843,coupe-du-monde,164855,46,2026-09-09T06:10:18Z,Ghana,Bosnia-Herzegovina,1,2,2.57,3.61,2.54,1.47,1.46,1.25,1.61,2.27,1.53,2.45,Oui,Oui,Non,Non,Oui,Away,69,"[28, 49, 69]",True
3e4ae03b4dd04628,coupe-du-monde,164855,46,2026-09-09T06:10:18Z,Uzbekistan,Tunisia,2,1,3.23,3.5,2.15,1.65,1.31,1.27,1.74,2.06,1.63,2.23,Oui,Oui,Oui,Non,Non,Home,78,"[27, 57, 78]",True
3551bf99691d4150,coupe-du-monde,164855,46,2026-09-09T06:10:18Z,Cote d'Ivoire,Turkiye,2,1,2.36,3.83,2.66,1.43,1.54,1.23,1.47,2.65,1.44,2.73,Oui,Oui,Oui,Non,Non,Home,85,"[16, 29, 85]",True
64e1044f8126bb43,coupe-du-monde,164855,46,2026-09-09T06:10:18Z,Senegal,Haiti,1,0,1.51,4.31,6.11,1.1,2.48,1.19,1.6,2.29,1.77,2.02,Non,Non,Oui,Non,Non,Home,25,[25],True
8cf6b2dd9be70eee,coupe-du-monde,164855,46,2026-09-09T06:10:18Z,Scotland,Iraq,2,0,2.37,3.65,2.74,1.41,1.54,1.25,1.59,2.33,1.52,2.49,Non,Non,Oui,Non,Non,Home,36,"[15, 36]",True
85e4e8c4e65abfd5,coupe-du-monde,164855,46,2026-09-09T06:10:18Z,Jordan,IR Iran,1,1,3.45,3.51,2.06,1.71,1.27,1.27,1.76,2.04,1.66,2.19,Non,Oui,Non,Oui,Non,Home,70,"[51, 70]",True
3ec3d7f0c878dd4e,coupe-du-monde,164855,46,2026-09-09T06:10:18Z,Uruguay,Curacao,2,0,1.28,5.63,10.04,1.02,3.54,1.11,1.45,2.69,1.95,1.83,Non,Non,Oui,Non,Non,Home,87,"[83, 87]",True
4cd24339b977778c,coupe-du-monde,164855,46,2026-09-09T06:10:18Z,Norway,France,0,2,4.37,4.47,1.65,2.17,1.18,1.17,1.36,3.08,1.46,2.65,Non,Non,Non,Non,Oui,Away,67,"[1, 67]",True
ab65d0d050b0695a,coupe-du-monde,164855,46,2026-09-09T06:10:18Z,USA,Panama,1,0,1.68,4.16,4.44,1.18,2.11,1.2,1.49,2.58,1.56,2.4,Non,Non,Oui,Non,Non,Home,78,[78],True
e61b6908a4d3ec3e,coupe-du-monde,164855,46,2026-09-09T06:10:18Z,Switzerland,Ecuador,2,1,1.98,3.69,3.53,1.26,1.77,1.24,1.63,2.23,1.59,2.33,Oui,Oui,Oui,Non,Non,Away,89,"[79, 87, 89]",True
14d8787135664a16,coupe-du-monde,164855,46,2026-09-09T06:10:18Z,Sweden,Portugal,1,3,3.73,4.16,1.81,1.93,1.24,1.2,1.41,2.85,1.46,2.68,Oui,Oui,Non,Non,Oui,Away,89,"[37, 69, 80, 89]",True
d327271e39840279,coupe-du-monde,164855,46,2026-09-09T06:10:18Z,Germany,Cabo Verde,2,1,1.67,4.27,4.4,1.18,2.13,1.19,1.43,2.77,1.51,2.5,Oui,Oui,Oui,Non,Non,Home,57,"[27, 37, 57]",True
d3c4228e4a94b5ab,coupe-du-monde,164855,49,2026-09-09T06:16:18Z,Colombia,Mexico,1,0,2.51,3.83,2.5,1.49,1.48,1.23,1.47,2.64,1.44,2.73,Non,Non,Oui,Non,Non,Home,78,[78],True
21a6b8be4c8cefb3,coupe-du-monde,164855,49,2026-09-09T06:16:18Z,Japan,Tunisia,1,1,1.92,3.59,3.85,1.23,1.82,1.26,1.75,2.05,1.68,2.15,Non,Oui,Non,Oui,Non,Home,82,"[56, 82]",True
31d9ff74a9fc849a,coupe-du-monde,164855,49,2026-09-09T06:16:18Z,Congo DR,Portugal,3,2,6.3,4.97,1.43,2.73,1.09,1.14,1.38,2.99,1.61,2.28,Oui,Oui,Oui,Non,Non,Away,65,"[26, 42, 46, 62, 65]",True
dd47108bf32d4d3a,coupe-du-monde,164855,49,2026-09-09T06:16:18Z,Croatia,Qatar,2,1,1.97,3.77,3.5,1.27,1.78,1.23,1.58,2.35,1.55,2.42,Oui,Oui,Oui,Non,Non,Away,43,"[41, 42, 43]",True
62ac285f94c79635,coupe-du-monde,164855,49,2026-09-09T06:16:18Z,Australia,Egypt,1,1,2.63,3.64,2.47,1.5,1.44,1.25,1.58,2.34,1.51,2.5,Non,Oui,Non,Oui,Non,Home,45,"[44, 45]",True
d7a9df053ad0c798,coupe-du-monde,164855,49,2026-09-09T06:16:18Z,Ecuador,USA,3,2,2.66,3.82,2.37,1.54,1.44,1.23,1.47,2.62,1.45,2.71,Oui,Oui,Oui,Non,Non,Away,89,"[15, 35, 82, 83, 89]",True
63a627a50e3c1b26,coupe-du-monde,164855,49,2026-09-09T06:16:18Z,Algeria,Jordan,2,3,2.14,3.56,3.19,1.31,1.65,1.26,1.68,2.15,1.6,2.31,Oui,Oui,Non,Non,Oui,Away,73,"[27, 41, 46, 69, 73]",True
bf3fcefbdab02fd6,coupe-du-monde,164855,49,2026-09-09T06:16:18Z,Iraq,Cote d'Ivoire,2,1,3.17,3.68,2.12,1.67,1.32,1.25,1.6,2.3,1.54,2.42,Oui,Oui,Oui,Non,Non,Home,44,"[23, 39, 44]",True
56dbf90f1253f9d2,coupe-du-monde,164855,49,2026-09-09T06:16:18Z,New Zealand,Uruguay,0,3,6.87,4.69,1.43,2.74,1.07,1.16,1.52,2.49,1.77,2.02,Oui,Non,Non,Non,Oui,Away,68,"[9, 55, 68]",True
ef0e7a28eded7fa8,coupe-du-monde,164855,49,2026-09-09T06:16:18Z,Germany,Argentina,0,2,3.21,4.39,1.92,1.82,1.31,1.18,1.28,3.61,1.34,3.18,Non,Non,Non,Non,Oui,Away,55,"[51, 55]",True
3983d31e2dd8a4e5,coupe-du-monde,164855,49,2026-09-09T06:16:18Z,Spain,Ghana,3,1,1.3,5.52,9.07,1.03,3.37,1.12,1.43,2.78,1.85,1.92,Oui,Oui,Oui,Non,Non,Away,90,"[1, 71, 89, 90]",True
688f755b007dfd8b,coupe-du-monde,164855,49,2026-09-09T06:16:18Z,Austria,Uzbekistan,1,1,1.78,3.95,4.1,1.2,1.98,1.22,1.55,2.42,1.57,2.36,Non,Oui,Non,Oui,Non,Away,35,"[21, 35]",True
68aab07289f2a094,coupe-du-monde,164855,49,2026-09-09T06:16:18Z,Morocco,South Africa,1,1,1.42,4.28,8.15,1.05,2.75,1.19,1.82,1.96,2.13,1.69,Non,Oui,Non,Oui,Non,Away,63,"[18, 63]",True
8999460ea9ffe5e7,coupe-du-monde,164855,49,2026-09-09T06:16:18Z,Cabo Verde,Norway,1,4,4.17,3.99,1.76,2.0,1.2,1.21,1.53,2.45,1.57,2.37,Oui,Oui,Non,Non,Oui,Home,60,"[16, 39, 42, 46, 60]",True
69d612d35b9d9986,coupe-du-monde,164855,49,2026-09-09T06:16:18Z,Czechia,Scotland,1,2,2.37,3.74,2.69,1.42,1.54,1.24,1.52,2.48,1.48,2.61,Oui,Oui,Non,Non,Oui,Home,85,"[49, 75, 85]",True
671d0198bd8cb87f,coupe-du-monde,164855,49,2026-09-09T06:16:18Z,Turkiye,Canada,2,2,2.4,3.82,2.62,1.45,1.53,1.23,1.47,2.63,1.44,2.72,Oui,Oui,Non,Oui,Non,Home,47,"[5, 17, 27, 47]",True
6dfb983f2b953e47,coupe-du-monde,164855,49,2026-09-09T06:16:18Z,Bosnia-Herzegovina,Brazil,3,3,6.04,5.01,1.44,2.69,1.1,1.14,1.35,3.13,1.57,2.36,Oui,Oui,Non,Oui,Non,Home,90,"[25, 33, 44, 72, 76, 90]",True
8c4e6c563a808e3d,coupe-du-monde,164855,49,2026-09-09T06:16:18Z,Haiti,Netherlands,1,1,6.64,4.95,1.41,2.78,1.08,1.14,1.42,2.83,1.67,2.17,Non,Oui,Non,Oui,Non,Home,88,"[4, 88]",True
5d268ca46e07637f,coupe-du-monde,164855,49,2026-09-09T06:16:18Z,Saudi Arabia,Korea Republic,2,2,3.4,3.83,1.98,1.77,1.28,1.23,1.53,2.46,1.51,2.5,Oui,Oui,Non,Oui,Non,Home,72,"[19, 22, 64, 72]",True
27ef44f36d034dc6,coupe-du-monde,164855,49,2026-09-09T06:16:18Z,IR Iran,Sweden,0,3,2.7,3.52,2.47,1.5,1.42,1.27,1.68,2.15,1.58,2.34,Oui,Non,Non,Non,Oui,Away,83,"[23, 75, 83]",True
58613451076143fd,coupe-du-monde,164855,49,2026-09-09T06:16:18Z,France,Switzerland,3,2,1.73,4.06,4.21,1.19,2.03,1.21,1.51,2.52,1.55,2.4,Oui,Oui,Oui,Non,Non,Home,70,"[3, 42, 43, 70, 70]",True
4b39fc36952ca824,coupe-du-monde,164855,49,2026-09-09T06:16:18Z,Curacao,England,0,4,12.18,6.63,1.21,4.21,1.0,1.08,1.36,3.1,1.99,1.79,Oui,Non,Non,Non,Oui,Away,88,"[18, 23, 72, 88]",True
7a35217baa10de99,coupe-du-monde,164855,49,2026-09-09T06:16:18Z,Paraguay,Senegal,4,0,3.57,3.74,1.95,1.79,1.26,1.24,1.61,2.28,1.57,2.36,Oui,Non,Oui,Non,Non,Home,84,"[40, 45, 72, 84]",True
b50ec3b01d79cefd,coupe-du-monde,164855,49,2026-09-09T06:16:18Z,Panama,Belgium,1,1,5.36,4.18,1.58,2.3,1.12,1.2,1.58,2.33,1.7,2.12,Non,Oui,Non,Oui,Non,Away,82,"[58, 82]",True
b71eb52562a9cf15,coupe-du-monde,164855,51,2026-09-09T06:20:18Z,Paraguay,Jordan,2,2,2.31,3.54,2.9,1.37,1.57,1.26,1.68,2.16,1.58,2.34,Oui,Oui,Non,Oui,Non,Home,81,"[14, 41, 68, 81]",True
e338702b632c3443,coupe-du-monde,164855,51,2026-09-09T06:20:18Z,Morocco,Brazil,1,1,2.3,3.49,2.96,1.36,1.57,1.27,1.72,2.09,1.61,2.28,Non,Oui,Non,Oui,Non,Away,33,"[18, 33]",True
6df0bcd56bf2ea9c,coupe-du-monde,164855,51,2026-09-09T06:20:18Z,Algeria,USA,0,5,3.06,3.87,2.1,1.68,1.34,1.22,1.47,2.63,1.46,2.67,Oui,Non,Non,Non,Oui,Away,74,"[28, 39, 43, 66, 74]",True
5c837bea152f3994,coupe-du-monde,164855,51,2026-09-09T06:20:18Z,Germany,England,1,2,2.92,4.08,2.12,1.67,1.37,1.2,1.36,3.08,1.38,2.98,Oui,Oui,Non,Non,Oui,Away,85,"[68, 75, 85]",True
ddac2d93b66bb23b,coupe-du-monde,164855,51,2026-09-09T06:20:18Z,France,Netherlands,2,3,1.69,4.41,4.12,1.2,2.09,1.18,1.35,3.11,1.44,2.72,Oui,Oui,Non,Non,Oui,Away,84,"[34, 38, 57, 75, 84]",True
ca6dd5c8c6d96b10,coupe-du-monde,164855,51,2026-09-09T06:20:18Z,New Zealand,Argentina,1,0,9.76,6.2,1.26,3.72,1.03,1.09,1.33,3.27,1.8,1.98,Non,Non,Oui,Non,Non,Home,38,[38],True
40a9b4867e282e09,coupe-du-monde,164855,51,2026-09-09T06:20:18Z,Japan,Panama,0,4,1.63,4.04,5.03,1.14,2.2,1.21,1.61,2.27,1.69,2.14,Oui,Non,Non,Non,Oui,Away,86,"[32, 37, 47, 86]",True
0757c7d51d1b246f,coupe-du-monde,164855,51,2026-09-09T06:20:18Z,Saudi Arabia,Egypt,1,4,3.43,3.69,2.01,1.74,1.28,1.24,1.62,2.26,1.57,2.36,Oui,Oui,Non,Non,Oui,Away,75,"[41, 44, 52, 69, 75]",True
05f1a3a1534a0508,coupe-du-monde,164855,51,2026-09-09T06:20:18Z,Spain,Cote d'Ivoire,3,0,1.47,4.6,6.16,1.09,2.58,1.16,1.49,2.58,1.69,2.14,Oui,Non,Oui,Non,Non,Home,65,"[30, 56, 65]",True
267ed6c7a7b8324d,coupe-du-monde,164855,51,2026-09-09T06:20:18Z,Uruguay,Norway,1,1,2.12,3.82,3.05,1.34,1.67,1.23,1.5,2.54,1.48,2.61,Non,Oui,Non,Oui,Non,Home,45,"[44, 45]",True
9b7d15b195faaf5a,coupe-du-monde,164855,51,2026-09-09T06:20:18Z,IR Iran,Belgium,2,1,3.22,3.66,2.1,1.68,1.31,1.25,1.62,2.26,1.56,2.39,Oui,Oui,Oui,Non,Non,Home,83,"[21, 74, 83]",True
82a91defab2173aa,coupe-du-monde,164855,51,2026-09-09T06:20:18Z,Bosnia-Herzegovina,Canada,0,1,2.94,3.7,2.22,1.61,1.36,1.24,1.56,2.38,1.51,2.51,Non,Non,Non,Non,Oui,Away,34,[34],True
31fa2aa608675141,coupe-du-monde,164855,51,2026-09-09T06:20:18Z,Colombia,Tunisia,4,1,1.98,3.72,3.49,1.27,1.77,1.24,1.61,2.28,1.57,2.37,Oui,Oui,Oui,Non,Non,Home,73,"[38, 39, 40, 62, 73]",True
db775b4002d8a414,coupe-du-monde,164855,51,2026-09-09T06:20:18Z,Cabo Verde,Senegal,1,3,3.86,3.76,1.87,1.87,1.22,1.24,1.63,2.24,1.61,2.28,Oui,Oui,Non,Non,Oui,Home,68,"[22, 61, 66, 68]",True
33f73fa323f1a06f,coupe-du-monde,164855,51,2026-09-09T06:20:18Z,Croatia,Portugal,1,4,3.35,4.03,1.95,1.8,1.29,1.21,1.42,2.8,1.44,2.73,Oui,Oui,Non,Non,Oui,Away,67,"[19, 27, 35, 66, 67]",True
9dbfa9ce2c568d77,coupe-du-monde,164855,51,2026-09-09T06:20:18Z,Turkiye,Mexico,0,4,3.29,3.97,1.99,1.76,1.3,1.21,1.44,2.72,1.45,2.69,Oui,Non,Non,Non,Oui,Away,54,"[24, 44, 53, 54]",True
d4d7983143055e26,coupe-du-monde,164855,51,2026-09-09T06:20:18Z,Ecuador,Uzbekistan,4,1,1.97,3.85,3.42,1.28,1.78,1.23,1.52,2.48,1.51,2.51,Oui,Oui,Oui,Non,Non,Away,85,"[27, 31, 54, 81, 85]",True
d2cb6779c424e34b,coupe-du-monde,164855,51,2026-09-09T06:20:18Z,Scotland,Ghana,4,0,2.14,3.79,3.04,1.34,1.65,1.23,1.51,2.51,1.48,2.59,Oui,Non,Oui,Non,Non,Home,50,"[30, 33, 34, 50]",True
89d6299206129809,coupe-du-monde,164855,51,2026-09-09T06:20:18Z,Iraq,Korea Republic,2,2,3.21,3.76,2.07,1.7,1.31,1.24,1.55,2.41,1.52,2.5,Oui,Oui,Non,Oui,Non,Away,90,"[6, 13, 32, 90]",True
dfd0fa832c948b30,coupe-du-monde,164855,51,2026-09-09T06:20:18Z,Australia,Qatar,0,3,2.24,3.76,2.88,1.38,1.6,1.24,1.52,2.47,1.49,2.58,Oui,Non,Non,Non,Oui,Away,67,"[60, 65, 67]",True
a5a9f422e5ae8ed8,coupe-du-monde,164855,51,2026-09-09T06:20:18Z,Haiti,Sweden,1,1,5.44,4.12,1.58,2.3,1.12,1.2,1.62,2.25,1.73,2.08,Non,Oui,Non,Oui,Non,Away,86,"[78, 86]",True
7052f28b77ffb1dd,coupe-du-monde,164855,51,2026-09-09T06:20:18Z,Austria,Congo DR,2,1,1.77,3.91,4.16,1.2,1.98,1.22,1.58,2.34,1.6,2.3,Oui,Oui,Oui,Non,Non,Home,74,"[24, 29, 74]",True
5ffdf5ec423acca9,coupe-du-monde,164855,51,2026-09-09T06:20:18Z,Czechia,South Africa,0,3,1.99,3.69,3.5,1.27,1.76,1.24,1.63,2.24,1.58,2.33,Oui,Non,Non,Non,Oui,Away,71,"[38, 55, 71]",True
074bce129933f1a6,coupe-du-monde,164855,51,2026-09-09T06:20:18Z,Curacao,Switzerland,2,2,8.62,4.87,1.35,3.06,1.04,1.15,1.59,2.32,1.97,1.81,Oui,Oui,Non,Oui,Non,Away,63,"[34, 50, 54, 63]",True
1600e3c9108265a3,coupe-du-monde,164855,54,2026-09-09T06:26:18Z,Korea Republic,Czechia,4,0,2.36,3.7,2.73,1.41,1.54,1.24,1.55,2.41,1.5,2.55,Oui,Non,Oui,Non,Non,Home,89,"[21, 51, 82, 89]",True
7c0ac50499f5d871,coupe-du-monde,164855,54,2026-09-09T06:26:18Z,USA,Curacao,4,0,1.45,4.71,6.38,1.09,2.66,1.16,1.47,2.63,1.69,2.13,Oui,Non,Oui,Non,Non,Home,85,"[16, 22, 78, 85]",True
99f8903184116222,coupe-du-monde,164855,54,2026-09-09T06:26:18Z,Belgium,Algeria,1,1,1.89,3.89,3.64,1.25,1.84,1.22,1.53,2.47,1.53,2.47,Non,Oui,Non,Oui,Non,Home,34,"[21, 34]",True
ca6b67ecef8f95db,coupe-du-monde,164855,54,2026-09-09T06:26:18Z,Brazil,Scotland,4,0,1.56,4.69,4.9,1.15,2.35,1.16,1.34,3.16,1.49,2.57,Oui,Non,Oui,Non,Non,Home,78,"[9, 28, 41, 78]",True
6def48380c0952dd,coupe-du-monde,164855,54,2026-09-09T06:26:18Z,Croatia,IR Iran,2,2,2.29,3.54,2.93,1.37,1.57,1.26,1.68,2.16,1.58,2.34,Oui,Oui,Non,Oui,Non,Away,86,"[31, 42, 64, 86]",True
03fb687273ffe566,coupe-du-monde,164855,54,2026-09-09T06:26:18Z,Netherlands,Cabo Verde,1,1,1.68,4.25,4.34,1.18,2.11,1.19,1.44,2.74,1.52,2.49,Non,Oui,Non,Oui,Non,Home,77,"[46, 77]",True
2b04057ac0cb183f,coupe-du-monde,164855,54,2026-09-09T06:26:18Z,Tunisia,Saudi Arabia,1,3,2.14,3.47,3.27,1.3,1.65,1.27,1.76,2.03,1.65,2.2,Oui,Oui,Non,Non,Oui,Away,73,"[10, 51, 60, 73]",True
c9986778fd56fe9f,coupe-du-monde,164855,54,2026-09-09T06:26:18Z,Uzbekistan,France,1,4,8.39,5.71,1.31,3.34,1.04,1.11,1.35,3.16,1.73,2.08,Oui,Oui,Non,Non,Oui,Home,62,"[28, 40, 46, 62, 62]",True
4fcde3e002730b55,coupe-du-monde,164855,54,2026-09-09T06:26:18Z,Portugal,Turkiye,2,2,1.65,4.49,4.34,1.18,2.17,1.17,1.35,3.14,1.45,2.69,Oui,Oui,Non,Oui,Non,Away,89,"[3, 4, 89, 89]",True
2f5b5333dae24db0,coupe-du-monde,164855,54,2026-09-09T06:26:18Z,Senegal,Argentina,0,3,4.1,4.18,1.73,2.03,1.2,1.2,1.44,2.75,1.5,2.55,Oui,Non,Non,Non,Oui,Away,84,"[55, 76, 84]",True
2262ffa286b29939,coupe-du-monde,164855,54,2026-09-09T06:26:18Z,Egypt,Morocco,1,1,4.92,3.55,1.74,2.02,1.15,1.26,1.94,1.84,1.9,1.88,Non,Oui,Non,Oui,Non,Home,85,"[46, 85]",True
39949ce60bcd2ed5,coupe-du-monde,164855,54,2026-09-09T06:26:18Z,Jordan,Germany,0,2,5.23,4.51,1.55,2.37,1.13,1.17,1.43,2.77,1.57,2.35,Non,Non,Non,Non,Oui,Away,84,"[50, 84]",True
c2bb2f445fc55ed3,coupe-du-monde,164855,54,2026-09-09T06:26:18Z,Qatar,Bosnia-Herzegovina,2,0,2.13,3.76,3.08,1.33,1.66,1.24,1.54,2.44,1.5,2.54,Non,Non,Oui,Non,Non,Home,84,"[76, 84]",True
fc810d634b1b3c07,coupe-du-monde,164855,54,2026-09-09T06:26:18Z,South Africa,New Zealand,0,3,2.29,3.54,2.93,1.36,1.57,1.26,1.67,2.16,1.58,2.34,Oui,Non,Non,Non,Oui,Away,61,"[6, 46, 61]",True
62ecb1b323c59726,coupe-du-monde,164855,54,2026-09-09T06:26:18Z,Congo DR,Haiti,1,1,2.14,3.51,3.25,1.31,1.66,1.27,1.73,2.07,1.63,2.24,Non,Oui,Non,Oui,Non,Away,60,"[57, 60]",True
5d4351157d2fbf7c,coupe-du-monde,164855,54,2026-09-09T06:26:18Z,Canada,Spain,1,1,7.34,5.09,1.37,2.95,1.06,1.14,1.43,2.79,1.72,2.08,Non,Oui,Non,Oui,Non,Away,85,"[50, 85]",True
2179860ef1ce16ad,coupe-du-monde,164855,54,2026-09-09T06:26:18Z,Austria,Colombia,1,5,2.66,3.83,2.37,1.54,1.44,1.23,1.47,2.64,1.44,2.72,Oui,Oui,Non,Non,Oui,Away,79,"[4, 15, 17, 56, 68, 79]",True
e2742e479317e35b,coupe-du-monde,164855,54,2026-09-09T06:26:18Z,Mexico,Iraq,0,0,1.85,3.91,3.77,1.23,1.89,1.22,1.53,2.46,1.54,2.44,Non,Non,Non,Oui,Non,,,[],True
4543c2ce728f47bb,coupe-du-monde,164855,54,2026-09-09T06:26:18Z,Japan,Ecuador,1,2,2.07,3.8,3.18,1.32,1.7,1.23,1.52,2.48,1.5,2.55,Oui,Oui,Non,Non,Oui,Away,82,"[10, 47, 82]",True
566c188309da3c18,coupe-du-monde,164855,54,2026-09-09T06:26:18Z,Cote d'Ivoire,Ghana,1,0,1.92,3.85,3.58,1.26,1.82,1.23,1.54,2.43,1.53,2.45,Non,Non,Oui,Non,Non,Home,51,[51],True
873eefaa00fafdf6,coupe-du-monde,164855,54,2026-09-09T06:26:18Z,Switzerland,Uruguay,2,3,2.88,3.52,2.34,1.55,1.38,1.27,1.69,2.13,1.59,2.32,Oui,Oui,Non,Non,Oui,Home,79,"[6, 44, 48, 62, 79]",True
4a75246495a54cfe,coupe-du-monde,164855,54,2026-09-09T06:26:18Z,Panama,Australia,0,4,3.98,3.84,1.82,1.92,1.21,1.23,1.6,2.31,1.6,2.31,Oui,Non,Non,Non,Oui,Away,68,"[8, 24, 67, 68]",True
054315b4b0364742,coupe-du-monde,164855,54,2026-09-09T06:26:18Z,England,Norway,0,1,1.95,4.01,3.37,1.29,1.8,1.21,1.43,2.76,1.45,2.7,Non,Non,Non,Non,Oui,Away,55,[55],True
7ca2895bf46fefaa,coupe-du-monde,164855,54,2026-09-09T06:26:18Z,Sweden,Paraguay,2,2,2.1,3.68,3.2,1.31,1.68,1.24,1.6,2.31,1.54,2.43,Oui,Oui,Non,Oui,Non,Away,81,"[42, 43, 71, 81]",True
c4a0df8c842088b3,coupe-du-monde,164855,56,2026-09-09T06:30:18Z,Brazil,South Africa,4,1,1.41,5.03,6.53,1.08,2.79,1.14,1.38,2.97,1.63,2.24,Oui,Oui,Oui,Non,Non,Home,68,"[21, 42, 46, 66, 68]",True
7d97c468e26c6dfd,coupe-du-monde,164855,56,2026-09-09T06:30:18Z,Canada,Scotland,1,1,2.5,3.77,2.53,1.48,1.49,1.24,1.51,2.53,1.47,2.64,Non,Oui,Non,Oui,Non,Home,44,"[43, 44]",True
903e5bb91f266da2,coupe-du-monde,164855,56,2026-09-09T06:30:18Z,Qatar,Morocco,0,4,5.87,3.9,1.58,2.3,1.1,1.22,1.8,1.98,1.9,1.87,Oui,Non,Non,Non,Oui,Away,73,"[35, 51, 71, 73]",True
d7c05f92e5c81d4d,coupe-du-monde,164855,56,2026-09-09T06:30:18Z,Portugal,Bosnia-Herzegovina,0,0,1.44,5.02,5.97,1.1,2.68,1.14,1.34,3.18,1.56,2.39,Non,Non,Non,Oui,Non,,,[],True
a90947507cca084e,coupe-du-monde,164855,56,2026-09-09T06:30:18Z,Egypt,Czechia,1,0,2.49,3.54,2.66,1.44,1.49,1.26,1.66,2.18,1.57,2.37,Non,Non,Oui,Non,Non,Home,62,[62],True
f73e6ac747206207,coupe-du-monde,164855,56,2026-09-09T06:30:18Z,Colombia,Ecuador,2,0,2.1,3.87,3.07,1.34,1.68,1.22,1.47,2.62,1.46,2.66,Non,Non,Oui,Non,Non,Home,41,"[29, 41]",True
1502f9f4aa09f37d,coupe-du-monde,164855,56,2026-09-09T06:30:18Z,Netherlands,Uruguay,0,3,2.91,3.9,2.17,1.64,1.37,1.22,1.44,2.72,1.43,2.76,Oui,Non,Non,Non,Oui,Away,85,"[60, 64, 85]",True
eb650b026c2da623,coupe-du-monde,164855,56,2026-09-09T06:30:18Z,Croatia,Haiti,3,2,1.47,4.49,6.4,1.09,2.59,1.17,1.55,2.41,1.76,2.04,Oui,Oui,Oui,Non,Non,Home,87,"[22, 42, 61, 81, 87]",True
027799aaa19db8c0,coupe-du-monde,164855,56,2026-09-09T06:30:18Z,USA,Germany,2,3,3.12,4.23,1.99,1.76,1.33,1.19,1.32,3.3,1.36,3.06,Oui,Oui,Non,Non,Oui,Away,85,"[29, 40, 46, 54, 85]",True
1bdd20e0d88ada1d,coupe-du-monde,164855,56,2026-09-09T06:30:18Z,Mexico,Spain,1,4,5.29,4.44,1.55,2.37,1.13,1.18,1.46,2.66,1.6,2.29,Oui,Oui,Non,Non,Oui,Away,70,"[13, 43, 45, 69, 70]",True
3b4f1e5b61407c25,coupe-du-monde,164855,56,2026-09-09T06:30:18Z,Switzerland,Norway,1,2,2.54,3.6,2.57,1.46,1.47,1.25,1.61,2.28,1.53,2.45,Oui,Oui,Non,Non,Oui,Away,79,"[33, 45, 79]",True
291788239788bd07,coupe-du-monde,164855,56,2026-09-09T06:30:18Z,Uzbekistan,Curacao,2,1,1.79,3.81,4.17,1.2,1.95,1.23,1.63,2.23,1.63,2.23,Oui,Oui,Oui,Non,Non,Away,63,"[32, 59, 63]",True
b95fb5bbbfc311dc,coupe-du-monde,164855,56,2026-09-09T06:30:18Z,Sweden,Cabo Verde,0,3,2.01,3.66,3.45,1.27,1.74,1.25,1.64,2.21,1.59,2.32,Oui,Non,Non,Non,Oui,Away,56,"[31, 49, 56]",True
08eb80f370761867,coupe-du-monde,164855,56,2026-09-09T06:30:18Z,Jordan,Argentina,0,5,7.74,5.38,1.34,3.12,1.05,1.12,1.38,2.98,1.72,2.1,Oui,Non,Non,Non,Oui,Away,75,"[15, 44, 56, 74, 75]",True
4181008b193b3c0f,coupe-du-monde,164855,56,2026-09-09T06:30:18Z,Korea Republic,Ghana,1,0,1.94,3.9,3.48,1.27,1.8,1.22,1.5,2.54,1.5,2.54,Non,Non,Oui,Non,Non,Home,16,[16],True
3a935cc44ab638d3,coupe-du-monde,164855,56,2026-09-09T06:30:18Z,Senegal,England,1,0,3.52,3.83,1.94,1.8,1.27,1.23,1.54,2.43,1.53,2.47,Non,Non,Oui,Non,Non,Home,59,[59],True
974264db4f83c002,coupe-du-monde,164855,56,2026-09-09T06:30:18Z,Austria,Turkiye,3,2,2.12,3.87,3.03,1.34,1.67,1.22,1.47,2.63,1.46,2.68,Oui,Oui,Oui,Non,Non,Home,77,"[33, 41, 59, 65, 77]",True
b573a575ce9505c9,coupe-du-monde,164855,56,2026-09-09T06:30:18Z,Tunisia,Iraq,1,0,2.36,3.34,2.97,1.36,1.54,1.29,1.86,1.92,1.69,2.13,Non,Non,Oui,Non,Non,Home,41,[41],True
cd9526e7b5e8516e,coupe-du-monde,164855,56,2026-09-09T06:30:18Z,IR Iran,Australia,2,2,2.52,3.56,2.61,1.45,1.48,1.26,1.64,2.21,1.55,2.4,Oui,Oui,Non,Oui,Non,Home,67,"[10, 11, 56, 67]",True
ac26ed522ea192eb,coupe-du-monde,164855,56,2026-09-09T06:30:18Z,Cote d'Ivoire,New Zealand,2,1,1.79,3.9,4.07,1.21,1.95,1.22,1.57,2.36,1.58,2.33,Oui,Oui,Oui,Non,Non,Away,84,"[56, 58, 84]",True
7cd839b5116dfeb7,coupe-du-monde,164855,56,2026-09-09T06:30:18Z,Panama,Saudi Arabia,0,2,3.04,3.52,2.24,1.6,1.34,1.26,1.7,2.11,1.6,2.29,Non,Non,Non,Non,Oui,Away,53,"[18, 53]",True
2cbff8ef4c1af496,coupe-du-monde,164855,56,2026-09-09T06:30:18Z,Japan,Algeria,1,1,2.02,3.76,3.34,1.29,1.73,1.24,1.56,2.38,1.53,2.46,Non,Oui,Non,Oui,Non,Away,72,"[59, 72]",True
64f1cbec5a64778c,coupe-du-monde,164855,56,2026-09-09T06:30:18Z,Congo DR,France,1,2,9.84,6.11,1.26,3.7,1.02,1.09,1.34,3.16,1.83,1.95,Oui,Oui,Non,Non,Oui,Home,86,"[62, 81, 86]",True
ba8e6a717fab0413,coupe-du-monde,164855,56,2026-09-09T06:30:18Z,Belgium,Paraguay,4,0,1.75,4.05,4.14,1.2,2.01,1.21,1.5,2.53,1.55,2.42,Oui,Non,Oui,Non,Non,Home,89,"[37, 58, 73, 89]",True
855965eb00c71cea,coupe-du-monde,164855,59,2026-09-09T06:36:18Z,Germany,Belgium,2,3,2.43,3.91,2.54,1.47,1.51,1.22,1.42,2.8,1.41,2.84,Oui,Oui,Non,Non,Oui,Away,63,"[14, 36, 45, 61, 63]",True
fc56af00d9ad3a67,coupe-du-monde,164855,59,2026-09-09T06:36:18Z,Brazil,Korea Republic,2,1,1.72,4.3,4.08,1.2,2.06,1.19,1.39,2.94,1.46,2.65,Oui,Oui,Oui,Non,Non,Home,78,"[46, 46, 78]",True
1e746e21c98c02b1,coupe-du-monde,164855,59,2026-09-09T06:36:18Z,Argentina,Sweden,1,2,1.61,4.41,4.68,1.16,2.23,1.18,1.41,2.85,1.52,2.48,Oui,Oui,Non,Non,Oui,Home,42,"[26, 37, 42]",True
7a6365208009756c,coupe-du-monde,164855,59,2026-09-09T06:36:18Z,Paraguay,Croatia,1,1,3.68,3.81,1.9,1.84,1.25,1.23,1.57,2.36,1.56,2.39,Non,Oui,Non,Oui,Non,Away,56,"[28, 56]",True
89c78819c10e442f,coupe-du-monde,164855,59,2026-09-09T06:36:18Z,Morocco,Panama,3,0,1.4,4.35,8.73,1.04,2.85,1.18,1.83,1.95,2.2,1.65,Oui,Non,Oui,Non,Non,Home,72,"[28, 38, 72]",True
1ebd05ead5258816,coupe-du-monde,164855,59,2026-09-09T06:36:18Z,England,Netherlands,2,3,2.09,4.08,2.97,1.36,1.69,1.2,1.37,3.05,1.39,2.95,Oui,Oui,Non,Non,Oui,Away,89,"[20, 33, 57, 67, 89]",True
870b709b70174887,coupe-du-monde,164855,59,2026-09-09T06:36:18Z,Iraq,Austria,0,2,3.67,3.77,1.92,1.82,1.25,1.24,1.6,2.3,1.58,2.35,Non,Non,Non,Non,Oui,Away,45,"[38, 45]",True
ca7eac7718559572,coupe-du-monde,164855,59,2026-09-09T06:36:18Z,Ghana,Mexico,1,3,4.15,4.09,1.74,2.02,1.2,1.2,1.48,2.6,1.53,2.46,Oui,Oui,Non,Non,Oui,Home,85,"[35, 53, 63, 85]",True
7146561cee30dcc2,coupe-du-monde,164855,59,2026-09-09T06:36:18Z,Bosnia-Herzegovina,IR Iran,0,3,3.6,3.7,1.95,1.79,1.26,1.24,1.63,2.24,1.59,2.32,Oui,Non,Non,Non,Oui,Away,78,"[33, 69, 78]",True
3df40f6ab47c9321,coupe-du-monde,164855,59,2026-09-09T06:36:18Z,Uruguay,Uzbekistan,4,1,1.56,4.31,5.31,1.13,2.33,1.19,1.52,2.49,1.64,2.21,Oui,Oui,Oui,Non,Non,Home,72,"[24, 29, 50, 62, 72]",True
49a006a6deedf5c2,coupe-du-monde,164855,59,2026-09-09T06:36:18Z,Cote d'Ivoire,Canada,2,1,2.31,3.71,2.79,1.4,1.56,1.24,1.54,2.42,1.49,2.56,Oui,Oui,Oui,Non,Non,Home,58,"[21, 22, 58]",True
c46a598ee036ef5f,coupe-du-monde,164855,59,2026-09-09T06:36:18Z,Scotland,Qatar,2,2,2.53,3.77,2.5,1.49,1.48,1.24,1.5,2.53,1.47,2.65,Oui,Oui,Non,Oui,Non,Away,67,"[34, 44, 55, 67]",True
37627d3ca9593a07,coupe-du-monde,164855,59,2026-09-09T06:36:18Z,Senegal,Jordan,0,1,1.81,3.68,4.26,1.19,1.94,1.24,1.74,2.07,1.71,2.11,Non,Non,Non,Non,Oui,Away,9,[9],True
a1ee5e132c8f7745,coupe-du-monde,164855,59,2026-09-09T06:36:18Z,Algeria,Australia,1,3,2.6,3.72,2.46,1.5,1.45,1.24,1.53,2.45,1.48,2.59,Oui,Oui,Non,Non,Oui,Away,78,"[27, 47, 64, 78]",True
304a817f1d87e09f,coupe-du-monde,164855,59,2026-09-09T06:36:18Z,Cabo Verde,Congo DR,0,0,2.46,3.5,2.73,1.42,1.5,1.27,1.7,2.13,1.59,2.33,Non,Non,Non,Oui,Non,,,[],True
1c49fc10934556f3,coupe-du-monde,164855,59,2026-09-09T06:36:18Z,Norway,USA,1,2,2.25,4.02,2.72,1.42,1.59,1.21,1.38,2.99,1.39,2.95,Oui,Oui,Non,Non,Oui,Away,80,"[21, 29, 80]",True
d785ba5bb0693ae3,coupe-du-monde,164855,59,2026-09-09T06:36:18Z,South Africa,Egypt,2,2,3.76,3.7,1.91,1.83,1.24,1.24,1.65,2.19,1.62,2.27,Oui,Oui,Non,Oui,Non,Away,77,"[20, 41, 74, 77]",True
45b226fd93b7b146,coupe-du-monde,164855,59,2026-09-09T06:36:18Z,France,Colombia,3,1,1.62,4.52,4.49,1.17,2.21,1.17,1.35,3.13,1.46,2.66,Oui,Oui,Oui,Non,Non,Home,74,"[11, 42, 53, 74]",True
df37640ba974a8db,coupe-du-monde,164855,59,2026-09-09T06:36:18Z,Turkiye,Haiti,2,2,1.68,4.07,4.58,1.17,2.12,1.21,1.54,2.43,1.6,2.29,Oui,Oui,Non,Oui,Non,Home,78,"[29, 63, 66, 78]",True
311743364f229fa4,coupe-du-monde,164855,59,2026-09-09T06:36:18Z,Czechia,Tunisia,4,1,2.55,3.39,2.69,1.43,1.47,1.28,1.79,1.99,1.65,2.21,Oui,Oui,Oui,Non,Non,Home,76,"[20, 27, 37, 74, 76]",True
73f6fd25566163cb,coupe-du-monde,164855,59,2026-09-09T06:36:18Z,Curacao,Japan,0,2,8.14,5.08,1.35,3.07,1.05,1.14,1.49,2.58,1.84,1.94,Non,Non,Non,Non,Oui,Away,77,"[50, 77]",True
09f2db0982963848,coupe-du-monde,164855,59,2026-09-09T06:36:18Z,New Zealand,Switzerland,0,1,5.89,4.16,1.54,2.39,1.1,1.2,1.66,2.19,1.8,1.98,Non,Non,Non,Non,Oui,Away,10,[10],True
da6af9d7b33388e3,coupe-du-monde,164855,59,2026-09-09T06:36:18Z,Saudi Arabia,Ecuador,1,2,3.48,3.84,1.95,1.79,1.27,1.23,1.53,2.45,1.52,2.49,Oui,Oui,Non,Non,Oui,Home,88,"[79, 82, 88]",True
2cdbfb8067bfebef,coupe-du-monde,164855,59,2026-09-09T06:36:18Z,Spain,Portugal,3,2,1.94,4.03,3.37,1.29,1.8,1.21,1.43,2.78,1.45,2.71,Oui,Oui,Oui,Non,Non,Home,88,"[29, 37, 41, 58, 88]",True
bde428b7cdc85ffb,coupe-du-monde,164855,61,2026-09-09T06:40:18Z,Switzerland,Netherlands,2,1,2.57,3.71,2.49,1.49,1.46,1.24,1.53,2.45,1.48,2.59,Oui,Oui,Oui,Non,Non,Home,66,"[30, 36, 66]",True
f8da06a84770108b,coupe-du-monde,164855,61,2026-09-09T06:40:18Z,Germany,Japan,0,2,2.18,3.94,2.87,1.38,1.63,1.22,1.42,2.8,1.42,2.81,Non,Non,Non,Non,Oui,Away,61,"[41, 61]",True
21eb6bb6660fe0b6,coupe-du-monde,164855,61,2026-09-09T06:40:18Z,Czechia,Panama,2,1,1.95,3.65,3.67,1.25,1.79,1.25,1.68,2.15,1.62,2.25,Oui,Oui,Oui,Non,Non,Away,90,"[41, 56, 90]",True
28baf748920fedaf,coupe-du-monde,164855,61,2026-09-09T06:40:18Z,Paraguay,Australia,0,2,2.94,3.73,2.21,1.61,1.36,1.24,1.54,2.44,1.49,2.56,Non,Non,Non,Non,Oui,Away,83,"[75, 83]",True
557df479ab733755,coupe-du-monde,164855,61,2026-09-09T06:40:18Z,France,Turkiye,0,2,1.43,5.1,6.01,1.1,2.71,1.14,1.32,3.29,1.54,2.42,Non,Non,Non,Non,Oui,Away,45,"[36, 45]",True
9023678d3c1ffc11,coupe-du-monde,164855,61,2026-09-09T06:40:18Z,Spain,Austria,2,3,1.57,4.31,5.28,1.13,2.33,1.19,1.51,2.51,1.64,2.23,Oui,Oui,Non,Non,Oui,Away,78,"[17, 34, 46, 67, 78]",True
d5dad0da190573b8,coupe-du-monde,164855,61,2026-09-09T06:40:18Z,Cabo Verde,Croatia,1,1,3.85,3.67,1.89,1.85,1.23,1.25,1.69,2.14,1.64,2.21,Non,Oui,Non,Oui,Non,Away,30,"[23, 30]",True
23463a46d938f829,coupe-du-monde,164855,61,2026-09-09T06:40:18Z,Saudi Arabia,Algeria,1,2,3.16,3.75,2.1,1.68,1.32,1.24,1.55,2.41,1.51,2.51,Oui,Oui,Non,Non,Oui,Away,73,"[5, 55, 73]",True
b8e8d515ebe190c9,coupe-du-monde,164855,61,2026-09-09T06:40:18Z,South Africa,Qatar,2,1,3.19,3.68,2.11,1.68,1.31,1.25,1.6,2.3,1.55,2.42,Oui,Oui,Oui,Non,Non,Home,82,"[54, 73, 82]",True
b74d6d465c5152f1,coupe-du-monde,164855,61,2026-09-09T06:40:18Z,Iraq,Ecuador,0,1,3.17,3.7,2.11,1.68,1.32,1.24,1.58,2.34,1.53,2.46,Non,Non,Non,Non,Oui,Away,51,[51],True
916dc791f1fbdf7b,coupe-du-monde,164855,61,2026-09-09T06:40:18Z,Uruguay,Congo DR,2,0,1.48,4.54,6.16,1.09,2.56,1.17,1.51,2.51,1.71,2.11,Non,Non,Oui,Non,Non,Home,37,"[25, 37]",True
4e3c95f77c9ec434,coupe-du-monde,164855,61,2026-09-09T06:40:18Z,Cote d'Ivoire,Mexico,1,4,2.89,3.81,2.21,1.62,1.37,1.23,1.49,2.56,1.47,2.64,Oui,Oui,Non,Non,Oui,Home,85,"[32, 35, 37, 76, 85]",True
62c1421ddba66226,coupe-du-monde,164855,61,2026-09-09T06:40:18Z,Curacao,Colombia,0,0,7.74,5.1,1.36,3.02,1.05,1.14,1.45,2.68,1.78,2.0,Non,Non,Non,Oui,Non,,,[],True
692d1a031ece7336,coupe-du-monde,164855,61,2026-09-09T06:40:18Z,Bosnia-Herzegovina,Haiti,2,1,2.02,3.6,3.48,1.27,1.74,1.25,1.69,2.14,1.62,2.26,Oui,Oui,Oui,Non,Non,Away,52,"[28, 44, 52]",True
450d88b19f75c584,coupe-du-monde,164855,61,2026-09-09T06:40:18Z,Brazil,Egypt,3,2,1.73,4.25,4.03,1.21,2.03,1.19,1.4,2.88,1.47,2.63,Oui,Oui,Oui,Non,Non,Away,71,"[35, 36, 42, 64, 71]",True
a309fa76723478bb,coupe-du-monde,164855,61,2026-09-09T06:40:18Z,England,Sweden,1,1,1.76,4.11,4.02,1.21,1.99,1.2,1.46,2.68,1.51,2.53,Non,Oui,Non,Oui,Non,Home,70,"[62, 70]",True
70e39d0d54b30b16,coupe-du-monde,164855,61,2026-09-09T06:40:18Z,New Zealand,Jordan,1,1,3.04,3.43,2.27,1.58,1.34,1.28,1.77,2.01,1.64,2.21,Non,Oui,Non,Oui,Non,Home,77,"[50, 77]",True
cc7202c6c068f581,coupe-du-monde,164855,61,2026-09-09T06:40:18Z,Senegal,USA,1,2,2.29,3.83,2.76,1.41,1.58,1.23,1.47,2.63,1.45,2.71,Oui,Oui,Non,Non,Oui,Away,83,"[18, 50, 83]",True
0ca0dcaa27e25407,coupe-du-monde,164855,61,2026-09-09T06:40:18Z,Ghana,Tunisia,0,0,3.12,3.48,2.21,1.61,1.33,1.27,1.75,2.05,1.63,2.23,Non,Non,Non,Oui,Non,,,[],True
d09ac15f7a4652b5,coupe-du-monde,164855,61,2026-09-09T06:40:18Z,Argentina,Belgium,3,0,1.9,4.11,3.45,1.27,1.84,1.2,1.4,2.9,1.43,2.77,Oui,Non,Oui,Non,Non,Home,83,"[77, 78, 83]",True
30d0cf46b5a44678,coupe-du-monde,164855,61,2026-09-09T06:40:18Z,Scotland,Portugal,2,3,4.72,4.67,1.58,2.31,1.16,1.16,1.33,3.24,1.47,2.64,Oui,Oui,Non,Non,Oui,Away,59,"[9, 34, 44, 53, 59]",True
c2c2223a027d580a,coupe-du-monde,164855,61,2026-09-09T06:40:18Z,Korea Republic,Canada,0,3,2.31,3.73,2.78,1.4,1.56,1.24,1.53,2.46,1.48,2.59,Oui,Non,Non,Non,Oui,Away,57,"[26, 41, 57]",True
deb4925ee1e85605,coupe-du-monde,164855,61,2026-09-09T06:40:18Z,Norway,Uzbekistan,2,0,1.75,4.13,4.06,1.21,2.01,1.2,1.45,2.69,1.51,2.53,Non,Non,Oui,Non,Non,Home,83,"[23, 83]",True
526ae30a84a60103,coupe-du-monde,164855,61,2026-09-09T06:40:18Z,Morocco,IR Iran,3,0,1.7,3.57,5.25,1.13,2.08,1.26,1.98,1.8,1.96,1.82,Oui,Non,Oui,Non,Non,Home,82,"[59, 78, 82]",True
d4675a479e4ce7bb,coupe-du-monde,164855,64,2026-09-09T06:46:18Z,Australia,Germany,1,3,3.55,4.17,1.86,1.88,1.26,1.2,1.39,2.95,1.43,2.76,Oui,Oui,Non,Non,Oui,Away,90,"[9, 77, 84, 90]",True
9ad0ff62f2d0b361,coupe-du-monde,164855,64,2026-09-09T06:46:18Z,Algeria,Morocco,3,0,5.5,3.74,1.64,2.18,1.12,1.24,1.88,1.9,1.91,1.86,Oui,Non,Oui,Non,Non,Home,71,"[33, 68, 71]",True
89562411e8fa29a8,coupe-du-monde,164855,64,2026-09-09T06:46:18Z,Ecuador,Czechia,1,3,2.45,3.68,2.64,1.44,1.51,1.25,1.56,2.38,1.5,2.53,Oui,Oui,Non,Non,Oui,Away,77,"[36, 72, 74, 77]",True
a676e966e6ba77e6,coupe-du-monde,164855,64,2026-09-09T06:46:18Z,Tunisia,Brazil,1,2,4.44,4.15,1.69,2.1,1.18,1.2,1.49,2.58,1.56,2.4,Oui,Oui,Non,Non,Oui,Home,45,"[42, 44, 45]",True
b760954f845a0e00,coupe-du-monde,164855,64,2026-09-09T06:46:18Z,France,Iraq,2,2,1.35,5.33,7.61,1.06,3.08,1.12,1.38,2.97,1.71,2.1,Oui,Oui,Non,Oui,Non,Home,71,"[30, 44, 56, 71]",True
7b27a74a12d6890a,coupe-du-monde,164855,64,2026-09-09T06:46:18Z,Haiti,Spain,0,3,13.96,6.8,1.19,4.49,0.99,1.08,1.39,2.94,2.15,1.68,Oui,Non,Non,Non,Oui,Away,90,"[25, 26, 90]",True
c68a09a704693bb4,coupe-du-monde,164855,64,2026-09-09T06:46:18Z,Colombia,Uruguay,0,1,3.1,3.84,2.1,1.68,1.33,1.23,1.49,2.57,1.47,2.62,Non,Non,Non,Non,Oui,Away,5,[5],True
3ca4357f579919e3,coupe-du-monde,164855,64,2026-09-09T06:46:18Z,Turkiye,Cabo Verde,3,0,2.11,3.77,3.11,1.33,1.67,1.23,1.53,2.46,1.5,2.54,Oui,Non,Oui,Non,Non,Home,83,"[36, 53, 83]",True
781bf1f249e098df,coupe-du-monde,164855,64,2026-09-09T06:46:18Z,Belgium,Senegal,0,2,2.37,3.65,2.74,1.41,1.54,1.25,1.59,2.33,1.52,2.49,Non,Non,Non,Non,Oui,Away,50,"[12, 50]",True
6e6161a017a9e33c,coupe-du-monde,164855,64,2026-09-09T06:46:18Z,Mexico,Canada,4,1,1.92,3.98,3.47,1.27,1.82,1.21,1.46,2.67,1.47,2.62,Oui,Oui,Oui,Non,Non,Home,71,"[42, 44, 45, 66, 71]",True
04fa55e904135073,coupe-du-monde,164855,64,2026-09-09T06:46:18Z,Portugal,Cote d'Ivoire,3,0,1.7,4.35,4.16,1.2,2.09,1.18,1.37,3.01,1.46,2.67,Oui,Non,Oui,Non,Non,Home,45,"[36, 37, 45]",True
157dadd4fa5d2621,coupe-du-monde,164855,64,2026-09-09T06:46:18Z,Austria,Ghana,1,1,1.82,3.95,3.9,1.22,1.93,1.22,1.52,2.48,1.54,2.43,Non,Oui,Non,Oui,Non,Home,22,"[5, 22]",True
d0195624acc5b0b3,coupe-du-monde,164855,64,2026-09-09T06:46:18Z,Croatia,Argentina,2,3,4.02,4.17,1.75,2.01,1.21,1.2,1.44,2.74,1.49,2.56,Oui,Oui,Non,Non,Oui,Home,71,"[19, 31, 35, 61, 71]",True
9afc5841d5af31b7,coupe-du-monde,164855,64,2026-09-09T06:46:18Z,Sweden,Jordan,4,0,1.91,3.65,3.83,1.23,1.83,1.25,1.7,2.12,1.65,2.2,Oui,Non,Oui,Non,Non,Home,73,"[36, 42, 56, 73]",True
ba2038d176c273f8,coupe-du-monde,164855,64,2026-09-09T06:46:18Z,Panama,South Africa,0,2,2.73,3.43,2.49,1.49,1.41,1.28,1.76,2.03,1.63,2.25,Non,Non,Non,Non,Oui,Away,83,"[79, 83]",True
aa8770f4197a185e,coupe-du-monde,164855,64,2026-09-09T06:46:18Z,IR Iran,Scotland,0,2,2.23,3.64,2.96,1.36,1.6,1.25,1.6,2.29,1.54,2.44,Non,Non,Non,Non,Oui,Away,82,"[46, 82]",True
dcca3fe9d3c7f213,coupe-du-monde,164855,64,2026-09-09T06:46:18Z,USA,Netherlands,2,2,2.88,4.02,2.16,1.65,1.38,1.21,1.39,2.95,1.4,2.9,Oui,Oui,Non,Oui,Non,Away,84,"[21, 60, 74, 84]",True
fdd0a559979a947b,coupe-du-monde,164855,64,2026-09-09T06:46:18Z,Congo DR,England,0,1,7.2,5.11,1.38,2.93,1.07,1.14,1.41,2.85,1.7,2.12,Non,Non,Non,Non,Oui,Away,25,[25],True
c337c26e94db3c15,coupe-du-monde,164855,64,2026-09-09T06:46:18Z,Uzbekistan,Switzerland,0,2,4.56,3.9,1.71,2.06,1.17,1.22,1.63,2.23,1.66,2.18,Non,Non,Non,Non,Oui,Away,74,"[5, 74]",True
fec0650108061aae,coupe-du-monde,164855,64,2026-09-09T06:46:18Z,Saudi Arabia,Curacao,0,1,1.85,3.75,3.98,1.21,1.89,1.24,1.65,2.2,1.63,2.24,Non,Non,Non,Non,Oui,Away,55,[55],True
5e685d48e635b2bd,coupe-du-monde,164855,64,2026-09-09T06:46:18Z,Egypt,New Zealand,2,0,1.74,3.82,4.45,1.18,2.02,1.23,1.67,2.18,1.68,2.16,Non,Non,Oui,Non,Non,Home,87,"[1, 87]",True
83fd07c3aadbce08,coupe-du-monde,164855,64,2026-09-09T06:46:18Z,Bosnia-Herzegovina,Paraguay,2,0,2.82,3.68,2.31,1.57,1.39,1.25,1.57,2.37,1.51,2.51,Non,Non,Oui,Non,Non,Home,86,"[8, 86]",True
e8a348bb37521d71,coupe-du-monde,164855,64,2026-09-09T06:46:18Z,Japan,Norway,1,1,2.38,3.77,2.67,1.43,1.53,1.23,1.5,2.54,1.46,2.65,Non,Oui,Non,Oui,Non,Home,78,"[69, 78]",True
b3e03e557e3110f2,coupe-du-monde,164855,64,2026-09-09T06:46:18Z,Qatar,Korea Republic,4,1,2.85,3.78,2.25,1.6,1.38,1.23,1.51,2.51,1.48,2.62,Oui,Oui,Oui,Non,Non,Home,72,"[24, 38, 57, 71, 72]",True
17811ad6fd10a4f6,coupe-du-monde,164855,66,2026-09-09T06:50:18Z,Algeria,Czechia,3,1,2.57,3.62,2.53,1.48,1.46,1.25,1.6,2.3,1.53,2.47,Oui,Oui,Oui,Non,Non,Home,81,"[42, 45, 64, 81]",True
45c22ddb36c30a79,coupe-du-monde,164855,66,2026-09-09T06:50:18Z,Iraq,Curacao,2,0,1.76,3.74,4.45,1.18,2.0,1.24,1.72,2.09,1.71,2.1,Non,Non,Oui,Non,Non,Home,62,"[47, 62]",True
962cae9267bb9545,coupe-du-monde,164855,66,2026-09-09T06:50:18Z,Portugal,Korea Republic,2,3,1.68,4.42,4.21,1.19,2.11,1.18,1.36,3.08,1.45,2.69,Oui,Oui,Non,Non,Oui,Away,87,"[35, 40, 67, 77, 87]",True
b5a29704062acc62,coupe-du-monde,164855,66,2026-09-09T06:50:18Z,Qatar,Egypt,1,1,2.85,3.64,2.3,1.57,1.38,1.25,1.6,2.3,1.53,2.46,Non,Oui,Non,Oui,Non,Home,88,"[75, 88]",True
393c70f6f4f7913a,coupe-du-monde,164855,66,2026-09-09T06:50:18Z,Austria,Cote d'Ivoire,1,3,2.2,3.78,2.94,1.36,1.62,1.23,1.51,2.51,1.48,2.61,Oui,Oui,Non,Non,Oui,Away,79,"[28, 37, 77, 79]",True
f7064bd39821df06,coupe-du-monde,164855,66,2026-09-09T06:50:18Z,Australia,Argentina,2,0,5.21,4.69,1.53,2.42,1.13,1.16,1.37,3.03,1.53,2.46,Non,Non,Oui,Non,Non,Home,77,"[71, 77]",True
e4c48fda25b9b440,coupe-du-monde,164855,66,2026-09-09T06:50:18Z,Turkiye,Uruguay,1,2,4.13,4.1,1.74,2.02,1.2,1.2,1.48,2.62,1.53,2.47,Oui,Oui,Non,Non,Oui,Away,80,"[68, 78, 80]",True
9d4c605d6a35f7fd,coupe-du-monde,164855,66,2026-09-09T06:50:18Z,Colombia,Norway,0,3,2.56,3.9,2.42,1.52,1.47,1.22,1.43,2.78,1.42,2.83,Oui,Non,Non,Non,Oui,Away,89,"[9, 84, 89]",True
ebacd858a61e6141,coupe-du-monde,164855,66,2026-09-09T06:50:18Z,Congo DR,Switzerland,0,4,5.18,3.94,1.63,2.19,1.13,1.22,1.69,2.13,1.76,2.04,Oui,Non,Non,Non,Oui,Away,48,"[20, 41, 43, 48]",True
fbbf3b0f62c36b8b,coupe-du-monde,164855,66,2026-09-09T06:50:18Z,IR Iran,South Africa,4,0,1.9,3.66,3.85,1.23,1.84,1.25,1.69,2.13,1.65,2.21,Oui,Non,Oui,Non,Non,Home,66,"[34, 36, 65, 66]",True
1b3818cc4f4b0ee0,coupe-du-monde,164855,66,2026-09-09T06:50:18Z,Belgium,Jordan,2,2,1.71,3.9,4.57,1.17,2.06,1.22,1.64,2.23,1.67,2.17,Oui,Oui,Non,Oui,Non,Home,72,"[35, 45, 59, 72]",True
9b6fb1a5d4bb708f,coupe-du-monde,164855,66,2026-09-09T06:50:18Z,Panama,Brazil,1,5,7.34,5.13,1.37,2.96,1.06,1.13,1.41,2.83,1.71,2.1,Oui,Oui,Non,Non,Oui,Away,73,"[27, 35, 38, 54, 62, 73]",True
9bbf95399256a7bb,coupe-du-monde,164855,66,2026-09-09T06:50:18Z,France,Spain,0,3,2.61,3.84,2.4,1.52,1.45,1.23,1.46,2.66,1.44,2.74,Oui,Non,Non,Non,Oui,Away,85,"[36, 43, 85]",True
3c241a2597783b4e,coupe-du-monde,164855,66,2026-09-09T06:50:18Z,Sweden,USA,2,2,2.59,3.79,2.44,1.51,1.46,1.23,1.49,2.58,1.45,2.69,Oui,Oui,Non,Oui,Non,Away,84,"[31, 52, 59, 84]",True
4f98784767f32c73,coupe-du-monde,164855,66,2026-09-09T06:50:18Z,Croatia,England,1,4,3.51,3.85,1.94,1.8,1.27,1.23,1.53,2.46,1.52,2.49,Oui,Oui,Non,Non,Oui,Away,66,"[5, 11, 18, 66, 66]",True
015ee42aac34ec40,coupe-du-monde,164855,66,2026-09-09T06:50:18Z,Tunisia,Canada,2,0,2.59,3.48,2.59,1.46,1.46,1.27,1.71,2.1,1.6,2.3,Non,Non,Oui,Non,Non,Home,44,"[29, 44]",True
5af9d4f1ae832781,coupe-du-monde,164855,66,2026-09-09T06:50:18Z,Haiti,Scotland,3,1,4.28,3.96,1.74,2.02,1.19,1.22,1.57,2.37,1.6,2.3,Oui,Oui,Oui,Non,Non,Away,61,"[6, 26, 56, 61]",True
76bed03f3e1fde5b,coupe-du-monde,164855,66,2026-09-09T06:50:18Z,Saudi Arabia,Germany,0,4,4.95,4.64,1.56,2.35,1.14,1.16,1.36,3.07,1.5,2.53,Oui,Non,Non,Non,Oui,Away,52,"[24, 44, 50, 52]",True
69e1e872894967f0,coupe-du-monde,164855,66,2026-09-09T06:50:18Z,Bosnia-Herzegovina,Cabo Verde,2,1,2.83,3.59,2.34,1.55,1.39,1.26,1.63,2.23,1.55,2.41,Oui,Oui,Oui,Non,Non,Away,63,"[54, 62, 63]",True
70bc50fe6fcda77c,coupe-du-monde,164855,66,2026-09-09T06:50:18Z,Japan,Senegal,2,2,2.47,3.51,2.7,1.42,1.5,1.27,1.69,2.14,1.58,2.34,Oui,Oui,Non,Oui,Non,Home,65,"[27, 39, 45, 65]",True
86cd659b86f4a8e0,coupe-du-monde,164855,66,2026-09-09T06:50:18Z,Paraguay,Morocco,1,1,6.14,3.93,1.55,2.35,1.09,1.22,1.81,1.97,1.93,1.84,Non,Oui,Non,Oui,Non,Away,82,"[53, 82]",True
817d2b4dee970764,coupe-du-monde,164855,66,2026-09-09T06:50:18Z,Mexico,New Zealand,1,2,1.58,4.28,5.12,1.14,2.29,1.19,1.51,2.52,1.62,2.25,Oui,Oui,Non,Non,Oui,Home,81,"[28, 31, 81]",True
83ab9689a1642f3d,coupe-du-monde,164855,66,2026-09-09T06:50:18Z,Uzbekistan,Netherlands,1,0,4.5,4.37,1.64,2.17,1.17,1.18,1.41,2.87,1.5,2.53,Non,Non,Oui,Non,Non,Home,64,[64],True
507a8e3e3bfbb6e5,coupe-du-monde,164855,66,2026-09-09T06:50:18Z,Ecuador,Ghana,2,0,1.99,3.82,3.37,1.29,1.76,1.23,1.53,2.46,1.51,2.51,Non,Non,Oui,Non,Non,Home,27,"[17, 27]",True
52cad1281167832f,coupe-du-monde,164855,69,2026-09-09T06:56:18Z,Ghana,France,0,2,8.38,5.72,1.31,3.34,1.04,1.11,1.34,3.16,1.73,2.08,Non,Non,Non,Non,Oui,Away,30,"[19, 30]",True
8d86a2896e4da52e,coupe-du-monde,164855,69,2026-09-09T06:56:18Z,Spain,Cabo Verde,5,0,1.35,5.07,8.36,1.04,3.1,1.14,1.51,2.52,1.88,1.9,Oui,Non,Oui,Non,Non,Home,78,"[32, 37, 72, 74, 78]",True
f726fe250ee5ddb0,coupe-du-monde,164855,69,2026-09-09T06:56:18Z,Mexico,Portugal,2,1,3.48,4.21,1.87,1.87,1.27,1.19,1.36,3.08,1.41,2.86,Oui,Oui,Oui,Non,Non,Home,72,"[19, 52, 72]",True
e000ca59a670142a,coupe-du-monde,164855,69,2026-09-09T06:56:18Z,Switzerland,Colombia,0,2,2.47,3.65,2.63,1.44,1.5,1.25,1.58,2.34,1.51,2.5,Non,Non,Non,Non,Oui,Away,25,"[24, 25]",True
8cba23ddf997c143,coupe-du-monde,164855,69,2026-09-09T06:56:18Z,Netherlands,Japan,1,2,2.33,3.88,2.67,1.43,1.55,1.22,1.44,2.73,1.43,2.79,Oui,Oui,Non,Non,Oui,Home,77,"[5, 69, 77]",True
5e01beb2f39e9bb6,coupe-du-monde,164855,69,2026-09-09T06:56:18Z,Senegal,Australia,2,2,2.05,3.74,3.28,1.3,1.71,1.24,1.57,2.36,1.53,2.45,Oui,Oui,Non,Oui,Non,Away,57,"[24, 40, 51, 57]",True
cc865e2bf8e32d2f,coupe-du-monde,164855,69,2026-09-09T06:56:18Z,USA,Congo DR,1,3,1.74,4.05,4.2,1.19,2.02,1.21,1.51,2.52,1.55,2.4,Oui,Oui,Non,Non,Oui,Away,90,"[16, 63, 68, 90]",True
51abdfd1af5dd917,coupe-du-monde,164855,69,2026-09-09T06:56:18Z,Canada,Austria,2,1,3.2,3.78,2.07,1.7,1.31,1.23,1.54,2.44,1.51,2.52,Oui,Oui,Oui,Non,Non,Away,56,"[37, 43, 56]",True
4253a19c370e7209,coupe-du-monde,164855,69,2026-09-09T06:56:18Z,New Zealand,Uzbekistan,2,0,3.03,3.63,2.2,1.62,1.34,1.25,1.62,2.27,1.55,2.42,Non,Non,Oui,Non,Non,Home,75,"[73, 75]",True
3615d849f1255201,coupe-du-monde,164855,69,2026-09-09T06:56:18Z,Cote d'Ivoire,Haiti,2,0,1.6,4.16,5.14,1.13,2.26,1.2,1.56,2.38,1.66,2.18,Non,Non,Oui,Non,Non,Home,90,"[84, 90]",True
51d109df61f42670,coupe-du-monde,164855,69,2026-09-09T06:56:18Z,Jordan,Croatia,0,1,4.26,3.78,1.78,1.97,1.19,1.23,1.67,2.17,1.67,2.18,Non,Non,Non,Non,Oui,Away,7,[7],True
1083f1bc3292b7b9,coupe-du-monde,164855,69,2026-09-09T06:56:18Z,Sweden,Belgium,0,0,3.12,3.72,2.12,1.67,1.33,1.24,1.56,2.39,1.52,2.5,Non,Non,Non,Oui,Non,,,[],True
8a04c5db64ab1778,coupe-du-monde,164855,69,2026-09-09T06:56:18Z,Scotland,Paraguay,2,1,2.43,3.72,2.63,1.44,1.51,1.24,1.53,2.46,1.48,2.6,Oui,Oui,Oui,Non,Non,Away,82,"[22, 78, 82]",True
fef2e1d1a3c1b046,coupe-du-monde,164855,69,2026-09-09T06:56:18Z,South Africa,Algeria,0,2,3.48,3.7,1.99,1.76,1.27,1.24,1.62,2.26,1.58,2.35,Non,Non,Non,Non,Oui,Away,90,"[59, 90]",True
f73530bd7117a2ba,coupe-du-monde,164855,69,2026-09-09T06:56:18Z,Egypt,Panama,0,0,1.85,3.59,4.15,1.2,1.89,1.26,1.79,2.0,1.73,2.07,Non,Non,Non,Oui,Non,,,[],True
d7df63c5e2c237bb,coupe-du-monde,164855,69,2026-09-09T06:56:18Z,Norway,Saudi Arabia,1,2,1.76,4.08,4.05,1.21,1.99,1.2,1.48,2.61,1.52,2.48,Oui,Oui,Non,Non,Oui,Away,68,"[30, 63, 68]",True
589958d99f76fd7c,coupe-du-monde,164855,69,2026-09-09T06:56:18Z,Czechia,Curacao,3,1,1.54,4.22,5.73,1.11,2.39,1.19,1.6,2.29,1.74,2.05,Oui,Oui,Oui,Non,Non,Home,52,"[27, 37, 46, 52]",True
295f2465a5c242b8,coupe-du-monde,164855,69,2026-09-09T06:56:18Z,Qatar,Tunisia,0,0,2.59,3.47,2.59,1.45,1.46,1.27,1.71,2.1,1.6,2.31,Non,Non,Non,Oui,Non,,,[],True
4d261f83bfd82a5e,coupe-du-monde,164855,69,2026-09-09T06:56:18Z,Brazil,Ecuador,3,1,1.66,4.46,4.28,1.19,2.14,1.17,1.35,3.12,1.45,2.69,Oui,Oui,Oui,Non,Non,Home,75,"[2, 53, 74, 75]",True
93d08826fe61a8b0,coupe-du-monde,164855,69,2026-09-09T06:56:18Z,England,Turkiye,0,0,1.63,4.42,4.51,1.17,2.19,1.18,1.39,2.93,1.5,2.56,Non,Non,Non,Oui,Non,,,[],True
5ed0fc8d3c56c274,coupe-du-monde,164855,69,2026-09-09T06:56:18Z,Uruguay,Iraq,1,1,1.59,4.18,5.2,1.13,2.28,1.2,1.56,2.38,1.67,2.17,Non,Oui,Non,Oui,Non,Home,68,"[53, 68]",True
9b2d666209c9e7fb,coupe-du-monde,164855,69,2026-09-09T06:56:18Z,Germany,Morocco,2,2,3.53,3.62,2.0,1.76,1.26,1.25,1.68,2.15,1.62,2.26,Oui,Oui,Non,Oui,Non,Away,65,"[42, 45, 64, 65]",True
86d7667c1ddb686c,coupe-du-monde,164855,69,2026-09-09T06:56:18Z,Korea Republic,IR Iran,2,3,2.54,3.59,2.58,1.46,1.47,1.26,1.62,2.26,1.54,2.44,Oui,Oui,Non,Non,Oui,Home,84,"[4, 10, 69, 84, 84]",True
27cc55b8d453fdba,coupe-du-monde,164855,69,2026-09-09T06:56:18Z,Argentina,Bosnia-Herzegovina,3,0,1.35,5.43,7.47,1.06,3.09,1.12,1.35,3.12,1.67,2.16,Oui,Non,Oui,Non,Non,Home,69,"[9, 57, 69]",True
5f6471f7506274c4,coupe-du-monde,164855,71,2026-09-09T07:00:18Z,Senegal,Saudi Arabia,3,1,1.81,3.84,4.06,1.21,1.94,1.23,1.61,2.29,1.61,2.28,Oui,Oui,Oui,Non,Non,Away,50,"[16, 23, 50, 50]",True
c2a054d4c1a6d766,coupe-du-monde,164855,71,2026-09-09T07:00:18Z,Jordan,Australia,2,0,3.57,3.66,1.97,1.77,1.26,1.25,1.65,2.2,1.6,2.3,Non,Non,Oui,Non,Non,Home,65,"[59, 65]",True
83778ef15fe11e8e,coupe-du-monde,164855,71,2026-09-09T07:00:18Z,Netherlands,Colombia,2,2,2.37,4.0,2.57,1.46,1.54,1.21,1.38,3.0,1.38,2.97,Oui,Oui,Non,Oui,Non,Away,66,"[2, 23, 53, 66]",True
f61ca724b9871c74,coupe-du-monde,164855,71,2026-09-09T07:00:18Z,Switzerland,Turkiye,0,0,1.98,3.76,3.47,1.27,1.77,1.24,1.58,2.35,1.55,2.42,Non,Non,Non,Oui,Non,,,[],True
274e7170eafbab48,coupe-du-monde,164855,71,2026-09-09T07:00:18Z,England,Bosnia-Herzegovina,0,2,1.43,4.93,6.39,1.09,2.73,1.14,1.4,2.89,1.64,2.23,Non,Non,Non,Non,Oui,Away,58,"[39, 58]",True
703f6063e3e20793,coupe-du-monde,164855,71,2026-09-09T07:00:18Z,Tunisia,Portugal,0,1,4.93,4.29,1.6,2.25,1.15,1.19,1.48,2.59,1.59,2.32,Non,Non,Non,Non,Oui,Away,64,[64],True
18d501538ba4194e,coupe-du-monde,164855,71,2026-09-09T07:00:18Z,New Zealand,Belgium,1,2,5.74,4.41,1.52,2.45,1.11,1.18,1.52,2.49,1.68,2.15,Oui,Oui,Non,Non,Oui,Away,44,"[43, 44, 44]",True
c1fed60cb7c9e60a,coupe-du-monde,164855,71,2026-09-09T07:00:18Z,Argentina,Morocco,2,0,2.59,3.4,2.63,1.44,1.46,1.28,1.78,2.0,1.64,2.22,Non,Non,Oui,Non,Non,Home,65,"[23, 65]",True
ffea71de2a7fd3ba,coupe-du-monde,164855,71,2026-09-09T07:00:18Z,Norway,Iraq,3,1,1.8,4.0,3.91,1.22,1.94,1.21,1.5,2.53,1.53,2.46,Oui,Oui,Oui,Non,Non,Away,50,"[27, 28, 38, 50]",True
fa8ce7b2ace6fc1a,coupe-du-monde,164855,71,2026-09-09T07:00:18Z,Czechia,Germany,0,1,3.74,4.21,1.8,1.94,1.24,1.19,1.39,2.95,1.44,2.74,Non,Non,Non,Non,Oui,Away,14,[14],True
54866ce5ca73b155,coupe-du-monde,164855,71,2026-09-09T07:00:18Z,Uzbekistan,Congo DR,2,1,2.5,3.59,2.63,1.44,1.49,1.26,1.62,2.25,1.54,2.43,Oui,Oui,Oui,Non,Non,Away,35,"[4, 19, 35]",True
20a57ced68e2de32,coupe-du-monde,164855,71,2026-09-09T07:00:18Z,Ghana,Curacao,3,0,1.82,3.75,4.1,1.2,1.92,1.24,1.67,2.18,1.65,2.2,Oui,Non,Oui,Non,Non,Home,74,"[52, 68, 74]",True
34ed155715a3d684,coupe-du-monde,164855,71,2026-09-09T07:00:18Z,Qatar,Panama,4,1,1.96,3.74,3.55,1.26,1.79,1.24,1.6,2.29,1.57,2.36,Oui,Oui,Oui,Non,Non,Away,70,"[22, 27, 65, 67, 70]",True
a4894bfd7e2765a3,coupe-du-monde,164855,71,2026-09-09T07:00:18Z,Mexico,Austria,1,2,2.45,3.73,2.6,1.45,1.51,1.24,1.53,2.47,1.48,2.6,Oui,Oui,Non,Non,Oui,Away,77,"[43, 70, 77]",True
7c5eb68b7f3527a6,coupe-du-monde,164855,71,2026-09-09T07:00:18Z,Brazil,Algeria,1,3,1.63,4.42,4.53,1.17,2.2,1.18,1.39,2.94,1.49,2.56,Oui,Oui,Non,Non,Oui,Away,84,"[29, 45, 77, 84]",True
b7020db5b7630fd3,coupe-du-monde,164855,71,2026-09-09T07:00:18Z,Sweden,Japan,3,1,2.94,3.65,2.24,1.6,1.36,1.25,1.6,2.31,1.53,2.46,Oui,Oui,Oui,Non,Non,Home,69,"[21, 49, 56, 69]",True
ccf00b78dbd99645,coupe-du-monde,164855,71,2026-09-09T07:00:18Z,Canada,Ecuador,1,3,2.83,3.8,2.26,1.59,1.39,1.23,1.49,2.56,1.46,2.65,Oui,Oui,Non,Non,Oui,Home,77,"[18, 49, 74, 77]",True
82a6f8f1e84b15c5,coupe-du-monde,164855,71,2026-09-09T07:00:18Z,Cote d'Ivoire,France,0,4,5.79,4.83,1.47,2.58,1.11,1.15,1.38,2.98,1.58,2.35,Oui,Non,Non,Non,Oui,Away,85,"[33, 36, 40, 85]",True
93f10ebe07ddc549,coupe-du-monde,164855,71,2026-09-09T07:00:18Z,Egypt,IR Iran,1,3,2.68,3.48,2.5,1.49,1.43,1.27,1.71,2.11,1.59,2.31,Oui,Oui,Non,Non,Oui,Away,47,"[9, 16, 40, 47]",True
742da0d18f23b248,coupe-du-monde,164855,71,2026-09-09T07:00:18Z,Korea Republic,Haiti,1,0,1.61,4.12,5.13,1.13,2.24,1.2,1.59,2.32,1.68,2.15,Non,Non,Oui,Non,Non,Home,48,[48],True
24ef4c1f89404e45,coupe-du-monde,164855,71,2026-09-09T07:00:18Z,Uruguay,Spain,3,0,3.87,3.87,1.84,1.9,1.22,1.22,1.56,2.38,1.57,2.37,Oui,Non,Oui,Non,Non,Home,41,"[2, 23, 41]",True
7fe6d84d665c98c3,coupe-du-monde,164855,71,2026-09-09T07:00:18Z,South Africa,Paraguay,1,2,2.96,3.57,2.26,1.59,1.36,1.26,1.65,2.2,1.57,2.37,Oui,Oui,Non,Non,Oui,Away,59,"[23, 40, 59]",True
607bb3b8916b8981,coupe-du-monde,164855,71,2026-09-09T07:00:18Z,Scotland,Cabo Verde,0,1,2.34,3.65,2.78,1.4,1.55,1.25,1.58,2.33,1.52,2.49,Non,Non,Non,Non,Oui,Away,72,[72],True
a3874d9587ce311c,coupe-du-monde,164855,71,2026-09-09T07:00:18Z,USA,Croatia,1,2,2.73,3.7,2.36,1.54,1.41,1.24,1.55,2.42,1.5,2.56,Oui,Oui,Non,Non,Oui,Away,87,"[18, 76, 87]",True
e7a1bd7fd702d6e2,coupe-du-monde,164855,74,2026-09-09T07:06:18Z,Bosnia-Herzegovina,Jordan,1,2,2.5,3.5,2.68,1.43,1.49,1.27,1.7,2.13,1.59,2.33,Oui,Oui,Non,Non,Oui,Away,56,"[20, 50, 56]",True
f8122a71111e41a4,coupe-du-monde,164855,74,2026-09-09T07:06:18Z,Algeria,Egypt,2,0,2.75,3.52,2.43,1.51,1.41,1.27,1.69,2.14,1.58,2.33,Non,Non,Oui,Non,Non,Home,28,"[22, 28]",True
954185fee520c8a2,coupe-du-monde,164855,74,2026-09-09T07:06:18Z,Uruguay,Ghana,2,1,1.57,4.34,5.23,1.13,2.33,1.18,1.5,2.56,1.62,2.25,Oui,Oui,Oui,Non,Non,Home,61,"[51, 61, 61]",True
0f20364872b6add2,coupe-du-monde,164855,74,2026-09-09T07:06:18Z,Ecuador,Qatar,2,1,2.3,3.81,2.75,1.41,1.57,1.23,1.48,2.59,1.46,2.68,Oui,Oui,Oui,Non,Non,Away,76,"[29, 30, 76]",True
35a4588c55c2fa8c,coupe-du-monde,164855,74,2026-09-09T07:06:18Z,Czechia,Norway,1,1,3.25,3.85,2.03,1.73,1.31,1.23,1.5,2.53,1.49,2.57,Non,Oui,Non,Oui,Non,Away,67,"[18, 67]",True
d4c26f32ffa8a3ca,coupe-du-monde,164855,74,2026-09-09T07:06:18Z,IR Iran,Tunisia,2,0,2.35,3.35,2.98,1.36,1.55,1.29,1.85,1.92,1.69,2.14,Non,Non,Oui,Non,Non,Home,30,"[21, 30]",True
8796f46d9647d940,coupe-du-monde,164855,74,2026-09-09T07:06:18Z,Japan,Congo DR,4,1,1.6,4.14,5.12,1.13,2.25,1.2,1.57,2.36,1.67,2.17,Oui,Oui,Oui,Non,Non,Home,78,"[10, 38, 57, 69, 78]",True
3f9169b73b3579e9,coupe-du-monde,164855,74,2026-09-09T07:06:18Z,Spain,England,3,0,1.99,3.92,3.3,1.3,1.76,1.22,1.47,2.64,1.47,2.64,Oui,Non,Oui,Non,Non,Home,72,"[22, 49, 72]",True
6bd291c50a26ad77,coupe-du-monde,164855,74,2026-09-09T07:06:18Z,Panama,New Zealand,1,0,2.46,3.39,2.79,1.4,1.5,1.28,1.8,1.99,1.65,2.21,Non,Non,Oui,Non,Non,Home,27,[27],True
c08dea54a2d996e0,coupe-du-monde,164855,74,2026-09-09T07:06:18Z,Paraguay,Korea Republic,1,4,2.91,3.71,2.24,1.6,1.37,1.24,1.56,2.39,1.51,2.52,Oui,Oui,Non,Non,Oui,Away,68,"[23, 24, 35, 66, 68]",True
e05625c3618756b4,coupe-du-monde,164855,74,2026-09-09T07:06:18Z,Haiti,Mexico,1,1,6.03,4.49,1.49,2.53,1.1,1.17,1.52,2.49,1.71,2.11,Non,Oui,Non,Oui,Non,Away,86,"[51, 86]",True
3c360cd21f66edfb,coupe-du-monde,164855,74,2026-09-09T07:06:18Z,Australia,Sweden,1,0,2.76,3.66,2.35,1.54,1.41,1.25,1.58,2.34,1.52,2.49,Non,Non,Oui,Non,Non,Home,49,[49],True
526d6c1c82dbb809,coupe-du-monde,164855,74,2026-09-09T07:06:18Z,Croatia,Belgium,5,0,2.91,3.61,2.28,1.58,1.37,1.25,1.62,2.26,1.55,2.42,Oui,Non,Oui,Non,Non,Home,82,"[31, 43, 54, 57, 82]",True
d512321e5f12fc02,coupe-du-monde,164855,74,2026-09-09T07:06:18Z,Cabo Verde,Cote d'Ivoire,4,2,3.24,3.74,2.07,1.7,1.31,1.24,1.57,2.37,1.53,2.47,Oui,Oui,Oui,Non,Non,Home,62,"[2, 12, 20, 48, 54, 62]",True
a86c74c94fa303d3,coupe-du-monde,164855,74,2026-09-09T07:06:18Z,Scotland,Argentina,1,3,5.5,4.85,1.49,2.53,1.12,1.15,1.35,3.14,1.53,2.45,Oui,Oui,Non,Non,Oui,Away,87,"[8, 18, 73, 87]",True
9e19886c37b3f360,coupe-du-monde,164855,74,2026-09-09T07:06:18Z,Germany,South Africa,2,3,1.54,4.57,5.24,1.13,2.4,1.17,1.41,2.84,1.56,2.38,Oui,Oui,Non,Non,Oui,Away,83,"[17, 23, 59, 65, 83]",True
40f451beaf9fefff,coupe-du-monde,164855,74,2026-09-09T07:06:18Z,Curacao,Brazil,1,3,11.66,6.57,1.22,4.12,1.01,1.08,1.34,3.17,1.94,1.84,Oui,Oui,Non,Non,Oui,Away,87,"[24, 74, 82, 87]",True
e4997c2e4972c259,coupe-du-monde,164855,74,2026-09-09T07:06:18Z,Austria,Portugal,1,3,3.73,4.18,1.81,1.93,1.24,1.2,1.4,2.9,1.45,2.7,Oui,Oui,Non,Non,Oui,Away,89,"[22, 26, 52, 89]",True
1f95874882703aa6,coupe-du-monde,164855,74,2026-09-09T07:06:18Z,Saudi Arabia,Netherlands,0,2,4.81,4.44,1.6,2.26,1.15,1.18,1.42,2.83,1.53,2.45,Non,Non,Non,Non,Oui,Away,63,"[11, 63]",True
8b222fcadb58d8c8,coupe-du-monde,164855,74,2026-09-09T07:06:18Z,Iraq,Switzerland,1,1,4.23,3.78,1.79,1.96,1.19,1.23,1.67,2.17,1.66,2.18,Non,Oui,Non,Oui,Non,Home,57,"[46, 57]",True
685943200e06144c,coupe-du-monde,164855,74,2026-09-09T07:06:18Z,Colombia,Uzbekistan,2,1,1.7,4.16,4.31,1.19,2.08,1.2,1.47,2.63,1.54,2.44,Oui,Oui,Oui,Non,Non,Home,63,"[32, 35, 63]",True
0d247d46841795e9,coupe-du-monde,164855,74,2026-09-09T07:06:18Z,Turkiye,USA,0,1,3.04,3.95,2.09,1.69,1.34,1.22,1.43,2.77,1.43,2.76,Non,Non,Non,Non,Oui,Away,65,[65],True
733b255bd4ec17dd,coupe-du-monde,164855,74,2026-09-09T07:06:18Z,France,Canada,3,2,1.36,5.39,7.24,1.06,3.03,1.12,1.34,3.16,1.65,2.21,Oui,Oui,Oui,Non,Non,Home,86,"[28, 30, 60, 78, 86]",True
3defc99c5cdb1dd4,coupe-du-monde,164855,74,2026-09-09T07:06:18Z,Morocco,Senegal,1,2,1.99,3.29,3.96,1.22,1.76,1.3,2.05,1.75,1.87,1.9,Oui,Oui,Non,Non,Oui,Away,77,"[2, 59, 77]",True
33394bc9d98fa665,coupe-du-monde,164855,76,2026-09-09T07:10:18Z,Argentina,South Africa,0,1,1.31,5.61,8.3,1.04,3.29,1.11,1.36,3.07,1.74,2.06,Non,Non,Non,Non,Oui,Away,2,[2],True
6bc900a165b6bed6,coupe-du-monde,164855,76,2026-09-09T07:10:18Z,Algeria,Qatar,0,0,2.4,3.65,2.7,1.42,1.52,1.25,1.58,2.34,1.51,2.5,Non,Non,Non,Oui,Non,,,[],True
f660389115a83817,coupe-du-monde,164855,76,2026-09-09T07:10:18Z,Spain,Switzerland,2,0,1.78,3.76,4.29,1.19,1.97,1.24,1.68,2.15,1.67,2.16,Non,Non,Oui,Non,Non,Home,67,"[55, 67]",True
60296e4df670d1b3,coupe-du-monde,164855,76,2026-09-09T07:10:18Z,Turkiye,Uzbekistan,1,0,2.11,3.86,3.07,1.34,1.68,1.23,1.48,2.61,1.46,2.66,Non,Non,Oui,Non,Non,Home,59,[59],True
2ad2e0c9d5e85fe0,coupe-du-monde,164855,76,2026-09-09T07:10:18Z,Haiti,Tunisia,0,0,4.23,3.61,1.83,1.91,1.19,1.25,1.78,2.0,1.73,2.07,Non,Non,Non,Oui,Non,,,[],True
b72b5dd8c2e53f57,coupe-du-monde,164855,76,2026-09-09T07:10:18Z,Ecuador,Portugal,2,2,4.03,4.36,1.72,2.06,1.21,1.18,1.36,3.07,1.44,2.72,Oui,Oui,Non,Oui,Non,Home,58,"[30, 41, 51, 58]",True
21ba48801ceb555c,coupe-du-monde,164855,76,2026-09-09T07:10:18Z,Paraguay,Egypt,1,2,3.06,3.66,2.18,1.63,1.34,1.25,1.6,2.3,1.54,2.44,Oui,Oui,Non,Non,Oui,Home,30,"[22, 26, 30]",True
d68342cf0f3f4529,coupe-du-monde,164855,76,2026-09-09T07:10:18Z,Curacao,Canada,0,2,5.04,4.19,1.6,2.25,1.14,1.19,1.54,2.44,1.64,2.22,Non,Non,Non,Non,Oui,Away,68,"[65, 68]",True
5caa201ed12a0498,coupe-du-monde,164855,76,2026-09-09T07:10:18Z,Saudi Arabia,Sweden,0,0,3.76,3.74,1.9,1.84,1.24,1.24,1.63,2.25,1.6,2.3,Non,Non,Non,Oui,Non,,,[],True
52115fe4072ae94c,coupe-du-monde,164855,76,2026-09-09T07:10:18Z,Colombia,Congo DR,1,0,1.65,4.17,4.63,1.16,2.16,1.2,1.5,2.54,1.58,2.34,Non,Non,Oui,Non,Non,Home,55,[55],True
6bf6a45e25182572,coupe-du-monde,164855,76,2026-09-09T07:10:18Z,Bosnia-Herzegovina,USA,0,3,3.88,4.01,1.81,1.93,1.22,1.21,1.49,2.57,1.52,2.49,Oui,Non,Non,Non,Oui,Away,62,"[23, 50, 62]",True
0efffb9ee63ff61e,coupe-du-monde,164855,76,2026-09-09T07:10:18Z,IR Iran,Panama,1,1,1.83,3.7,4.12,1.2,1.91,1.24,1.7,2.11,1.68,2.16,Non,Oui,Non,Oui,Non,Away,80,"[60, 80]",True
0a6d13e8a3cf656a,coupe-du-monde,164855,76,2026-09-09T07:10:18Z,Scotland,England,0,3,5.03,4.54,1.56,2.34,1.14,1.17,1.4,2.89,1.54,2.44,Oui,Non,Non,Non,Oui,Away,40,"[29, 40, 40]",True
da3c4c15e8295092,coupe-du-monde,164855,76,2026-09-09T07:10:18Z,France,Mexico,1,0,1.64,4.42,4.47,1.17,2.18,1.18,1.38,2.98,1.48,2.59,Non,Non,Oui,Non,Non,Home,60,[60],True
ad4e1037d36d239c,coupe-du-monde,164855,76,2026-09-09T07:10:18Z,Cabo Verde,Korea Republic,1,3,3.34,3.74,2.03,1.73,1.29,1.24,1.58,2.34,1.54,2.43,Oui,Oui,Non,Non,Oui,Away,65,"[25, 49, 58, 65]",True
a3153afda62734f6,coupe-du-monde,164855,76,2026-09-09T07:10:18Z,Czechia,Senegal,0,2,3.34,3.7,2.04,1.72,1.29,1.24,1.6,2.29,1.56,2.39,Non,Non,Non,Non,Oui,Away,43,"[2, 43]",True
caa794211f383258,coupe-du-monde,164855,76,2026-09-09T07:10:18Z,Australia,Belgium,1,1,3.25,3.82,2.04,1.73,1.3,1.23,1.52,2.5,1.5,2.55,Non,Oui,Non,Oui,Non,Away,48,"[25, 48]",True
38393e6f55ab4962,coupe-du-monde,164855,76,2026-09-09T07:10:18Z,Ghana,Norway,1,3,4.15,4.07,1.74,2.02,1.2,1.21,1.49,2.57,1.54,2.44,Oui,Oui,Non,Non,Oui,Away,70,"[2, 12, 69, 70]",True
218a27a29430c155,coupe-du-monde,164855,76,2026-09-09T07:10:18Z,Austria,New Zealand,2,0,1.63,4.14,4.9,1.15,2.2,1.2,1.54,2.43,1.63,2.24,Non,Non,Oui,Non,Non,Home,88,"[72, 88]",True
fe72335d1a4e55ea,coupe-du-monde,164855,76,2026-09-09T07:10:18Z,Croatia,Japan,2,0,2.72,3.57,2.43,1.52,1.42,1.26,1.64,2.23,1.55,2.41,Non,Non,Oui,Non,Non,Home,85,"[48, 85]",True
c645572764a1ebbd,coupe-du-monde,164855,76,2026-09-09T07:10:18Z,Uruguay,Cote d'Ivoire,3,2,1.8,3.98,3.95,1.22,1.95,1.21,1.52,2.49,1.54,2.43,Oui,Oui,Oui,Non,Non,Away,55,"[10, 22, 43, 50, 55]",True
9d0f256064267796,coupe-du-monde,164855,76,2026-09-09T07:10:18Z,Iraq,Netherlands,0,2,4.35,4.3,1.67,2.12,1.18,1.19,1.42,2.83,1.5,2.54,Non,Non,Non,Non,Oui,Away,84,"[75, 84]",True
fc13fa54f47d8e03,coupe-du-monde,164855,76,2026-09-09T07:10:18Z,Germany,Brazil,2,1,2.76,4.28,2.15,1.65,1.41,1.19,1.28,3.59,1.32,3.28,Oui,Oui,Oui,Non,Non,Home,87,"[17, 78, 87]",True
1fc2e43dad3f169c,coupe-du-monde,164855,76,2026-09-09T07:10:18Z,Morocco,Jordan,3,0,1.49,3.98,7.24,1.06,2.52,1.21,1.91,1.86,2.12,1.7,Oui,Non,Oui,Non,Non,Home,86,"[3, 63, 86]",True
e66f7d557677c73c,coupe-du-monde,164855,79,2026-09-09T07:16:18Z,Cote d'Ivoire,England,2,2,4.22,4.21,1.71,2.07,1.19,1.19,1.44,2.74,1.51,2.52,Oui,Oui,Non,Oui,Non,Home,56,"[23, 44, 50, 56]",True
f6c3ae64c1abbf65,coupe-du-monde,164855,79,2026-09-09T07:16:18Z,Senegal,South Africa,1,1,1.7,3.91,4.62,1.16,2.08,1.22,1.64,2.23,1.67,2.17,Non,Oui,Non,Oui,Non,Home,86,"[86, 86]",True
df177a181a83250f,coupe-du-monde,164855,79,2026-09-09T07:16:18Z,IR Iran,Ecuador,1,4,2.56,3.59,2.56,1.47,1.47,1.26,1.62,2.26,1.54,2.44,Oui,Oui,Non,Non,Oui,Away,66,"[39, 44, 50, 60, 66]",True
4a1578a989a0de1c,coupe-du-monde,164855,79,2026-09-09T07:16:18Z,Japan,Turkiye,2,2,2.02,3.88,3.24,1.31,1.73,1.22,1.49,2.58,1.48,2.61,Oui,Oui,Non,Oui,Non,Away,81,"[1, 19, 53, 81]",True
49ba80724bb1aebe,coupe-du-monde,164855,79,2026-09-09T07:16:18Z,Mexico,Cabo Verde,1,2,1.91,3.8,3.66,1.25,1.83,1.23,1.57,2.35,1.56,2.39,Oui,Oui,Non,Non,Oui,Home,88,"[6, 37, 88]",True
6c7486dd103ecc37,coupe-du-monde,164855,79,2026-09-09T07:16:18Z,Netherlands,Czechia,1,0,1.83,4.09,3.7,1.24,1.91,1.2,1.43,2.77,1.47,2.64,Non,Non,Oui,Non,Non,Home,61,[61],True
a807c417d312a733,coupe-du-monde,164855,79,2026-09-09T07:16:18Z,Uzbekistan,Iraq,3,0,2.7,3.55,2.45,1.51,1.42,1.26,1.65,2.2,1.56,2.39,Oui,Non,Oui,Non,Non,Home,84,"[60, 62, 84]",True
b10e0705a2a1c757,coupe-du-monde,164855,79,2026-09-09T07:16:18Z,Jordan,Scotland,3,2,3.01,3.61,2.22,1.61,1.35,1.25,1.63,2.24,1.56,2.4,Oui,Oui,Oui,Non,Non,Away,82,"[7, 19, 57, 81, 82]",True
1d1f7dcf2a977606,coupe-du-monde,164855,79,2026-09-09T07:16:18Z,Belgium,Bosnia-Herzegovina,5,0,1.61,4.28,4.84,1.15,2.23,1.19,1.48,2.6,1.58,2.34,Oui,Non,Oui,Non,Non,Home,75,"[30, 33, 54, 54, 75]",True
0201ce5b149ddcbf,coupe-du-monde,164855,79,2026-09-09T07:16:18Z,Brazil,Norway,0,2,1.95,4.22,3.22,1.31,1.79,1.19,1.33,3.24,1.37,3.01,Non,Non,Non,Non,Oui,Away,72,"[20, 72]",True
0e87a362f064d249,coupe-du-monde,164855,79,2026-09-09T07:16:18Z,Canada,Uruguay,2,1,4.14,4.05,1.75,2.01,1.2,1.21,1.5,2.54,1.54,2.42,Oui,Oui,Oui,Non,Non,Home,28,"[24, 25, 28]",True
fadd3b4966ba967f,coupe-du-monde,164855,79,2026-09-09T07:16:18Z,New Zealand,Colombia,3,3,5.47,4.48,1.53,2.42,1.12,1.17,1.47,2.65,1.62,2.26,Oui,Oui,Non,Oui,Non,Home,70,"[33, 35, 45, 52, 56, 70]",True
7d818d741049c5fc,coupe-du-monde,164855,79,2026-09-09T07:16:18Z,Tunisia,Paraguay,1,1,2.42,3.48,2.78,1.4,1.52,1.27,1.72,2.09,1.6,2.29,Non,Oui,Non,Oui,Non,Home,88,"[50, 88]",True
57b1f5ef1dcd829b,coupe-du-monde,164855,79,2026-09-09T07:16:18Z,Egypt,Germany,1,2,3.33,3.98,1.97,1.78,1.29,1.21,1.45,2.71,1.46,2.68,Oui,Oui,Non,Non,Oui,Home,77,"[17, 56, 77]",True
5a8c4a7c110fb57c,coupe-du-monde,164855,79,2026-09-09T07:16:18Z,USA,Spain,0,2,5.41,4.62,1.52,2.45,1.12,1.16,1.41,2.84,1.58,2.35,Non,Non,Non,Non,Oui,Away,75,"[51, 75]",True
1ab69515d97f3b62,coupe-du-monde,164855,79,2026-09-09T07:16:18Z,Austria,Haiti,1,1,1.52,4.37,5.77,1.11,2.44,1.18,1.54,2.44,1.69,2.13,Non,Oui,Non,Oui,Non,Away,40,"[11, 40]",True
57b61b56e705be27,coupe-du-monde,164855,79,2026-09-09T07:16:18Z,Portugal,France,1,2,3.23,4.19,1.95,1.79,1.31,1.19,1.34,3.18,1.38,2.97,Oui,Oui,Non,Non,Oui,Away,86,"[9, 32, 86]",True
11a491ed21fb0032,coupe-du-monde,164855,79,2026-09-09T07:16:18Z,Qatar,Curacao,2,0,1.58,4.17,5.32,1.13,2.29,1.2,1.58,2.33,1.69,2.13,Non,Non,Oui,Non,Non,Home,65,"[53, 65]",True
622f6f78778cd4b9,coupe-du-monde,164855,79,2026-09-09T07:16:18Z,Panama,Algeria,0,1,3.73,3.65,1.93,1.81,1.24,1.25,1.69,2.14,1.63,2.23,Non,Non,Non,Non,Oui,Away,55,[55],True
17ea84538b3346d4,coupe-du-monde,164855,79,2026-09-09T07:16:18Z,Congo DR,Saudi Arabia,1,1,2.76,3.53,2.41,1.52,1.41,1.26,1.67,2.16,1.57,2.35,Non,Oui,Non,Oui,Non,Home,76,"[50, 76]",True
bf048879d608c00c,coupe-du-monde,164855,79,2026-09-09T07:16:18Z,Switzerland,Ghana,2,1,1.66,3.99,4.82,1.15,2.14,1.21,1.62,2.26,1.68,2.16,Oui,Oui,Oui,Non,Non,Home,69,"[3, 61, 69]",True
3894e0c67ccc2589,coupe-du-monde,164855,79,2026-09-09T07:16:18Z,Korea Republic,Argentina,0,1,4.78,4.58,1.58,2.3,1.15,1.17,1.36,3.07,1.49,2.57,Non,Non,Non,Non,Oui,Away,23,[23],True
ee02895b17450f52,coupe-du-monde,164855,79,2026-09-09T07:16:18Z,Croatia,Australia,1,2,2.19,3.67,3.03,1.35,1.63,1.25,1.59,2.32,1.53,2.46,Oui,Oui,Non,Non,Oui,Away,61,"[25, 58, 61]",True
dcc670dfec29a64f,coupe-du-monde,164855,79,2026-09-09T07:16:18Z,Sweden,Morocco,1,2,4.72,3.53,1.77,1.98,1.16,1.26,1.94,1.84,1.88,1.9,Oui,Oui,Non,Non,Oui,Away,90,"[37, 85, 90]",True
920e879cff64405b,coupe-du-monde,164855,81,2026-09-09T07:20:18Z,Egypt,Argentina,2,2,4.89,4.45,1.58,2.29,1.15,1.17,1.41,2.83,1.54,2.44,Oui,Oui,Non,Oui,Non,Home,78,"[22, 28, 37, 78]",True
b5dba205be09997f,coupe-du-monde,164855,81,2026-09-09T07:20:18Z,Belgium,Morocco,1,1,3.76,3.4,2.0,1.75,1.24,1.28,1.9,1.87,1.77,2.03,Non,Oui,Non,Oui,Non,Home,41,"[18, 41]",True
e047f7b6a5ab9ed9,coupe-du-monde,164855,81,2026-09-09T07:20:18Z,Croatia,Saudi Arabia,2,3,1.77,3.89,4.2,1.19,1.98,1.22,1.6,2.3,1.61,2.27,Oui,Oui,Non,Non,Oui,Away,81,"[16, 27, 46, 62, 81]",True
38922a54d988e362,coupe-du-monde,164855,81,2026-09-09T07:20:18Z,USA,Scotland,4,1,2.1,3.92,3.05,1.34,1.68,1.22,1.45,2.72,1.44,2.73,Oui,Oui,Oui,Non,Non,Away,49,"[22, 31, 40, 47, 49]",True
299f33a29ae52388,coupe-du-monde,164855,81,2026-09-09T07:20:18Z,Colombia,Turkiye,1,0,2.04,3.95,3.16,1.32,1.72,1.22,1.44,2.73,1.44,2.72,Non,Non,Oui,Non,Non,Home,27,[27],True
09afbd27d84e054a,coupe-du-monde,164855,81,2026-09-09T07:20:18Z,Korea Republic,England,1,2,4.44,4.31,1.66,2.15,1.18,1.19,1.42,2.79,1.51,2.5,Oui,Oui,Non,Non,Oui,Away,70,"[29, 33, 70]",True
ab5b06d10f55fc8d,coupe-du-monde,164855,81,2026-09-09T07:20:18Z,Japan,Bosnia-Herzegovina,2,2,1.75,3.99,4.22,1.19,2.01,1.21,1.54,2.43,1.58,2.34,Oui,Oui,Non,Oui,Non,Home,74,"[27, 37, 47, 74]",True
a543321ffde79d48,coupe-du-monde,164855,81,2026-09-09T07:20:18Z,Brazil,Senegal,0,2,1.95,3.98,3.38,1.28,1.79,1.21,1.45,2.7,1.46,2.66,Non,Non,Non,Non,Oui,Away,30,"[29, 30]",True
1b683e882d6d81b2,coupe-du-monde,164855,81,2026-09-09T07:20:18Z,Switzerland,Cote d'Ivoire,1,0,2.05,3.64,3.35,1.29,1.71,1.25,1.64,2.21,1.58,2.33,Non,Non,Oui,Non,Non,Home,2,[2],True
aa682b1da06a1938,coupe-du-monde,164855,81,2026-09-09T07:20:18Z,Portugal,Curacao,3,3,1.22,6.67,11.44,1.01,4.14,1.08,1.32,3.31,1.9,1.87,Oui,Oui,Non,Oui,Non,Home,76,"[23, 40, 43, 54, 61, 76]",True
e803119624b2d8b0,coupe-du-monde,164855,81,2026-09-09T07:20:18Z,IR Iran,Algeria,4,0,2.46,3.53,2.69,1.42,1.5,1.26,1.67,2.17,1.57,2.36,Oui,Non,Oui,Non,Non,Home,87,"[41, 45, 71, 87]",True
1a935202d9998e82,coupe-du-monde,164855,81,2026-09-09T07:20:18Z,Jordan,South Africa,3,0,2.41,3.46,2.8,1.4,1.52,1.27,1.73,2.07,1.61,2.27,Oui,Non,Oui,Non,Non,Home,67,"[40, 62, 67]",True
fa521a75b7fe68f9,coupe-du-monde,164855,81,2026-09-09T07:20:18Z,Ecuador,Haiti,4,0,1.61,4.15,5.02,1.14,2.23,1.2,1.56,2.39,1.65,2.2,Oui,Non,Oui,Non,Non,Home,84,"[12, 53, 54, 84]",True
99cf84e54f7ca14a,coupe-du-monde,164855,81,2026-09-09T07:20:18Z,Tunisia,Cabo Verde,1,0,2.32,3.36,3.01,1.35,1.56,1.29,1.84,1.94,1.68,2.15,Non,Non,Oui,Non,Non,Home,57,[57],True
1d89bb17b4adbf5f,coupe-du-monde,164855,81,2026-09-09T07:20:18Z,New Zealand,Australia,1,3,4.06,3.87,1.8,1.94,1.21,1.22,1.59,2.31,1.6,2.3,Oui,Oui,Non,Non,Oui,Away,53,"[14, 27, 39, 53]",True
46cb624fca708548,coupe-du-monde,164855,81,2026-09-09T07:20:18Z,Panama,Paraguay,0,2,3.17,3.53,2.17,1.64,1.32,1.26,1.71,2.11,1.61,2.28,Non,Non,Non,Non,Oui,Away,86,"[55, 86]",True
20e131bb77eabec0,coupe-du-monde,164855,81,2026-09-09T07:20:18Z,Canada,Norway,1,1,3.52,4.07,1.89,1.85,1.27,1.2,1.42,2.81,1.45,2.7,Non,Oui,Non,Oui,Non,Away,65,"[64, 65]",True
5ae4a2f0ef3b053e,coupe-du-monde,164855,81,2026-09-09T07:20:18Z,Austria,France,1,1,5.27,4.66,1.53,2.43,1.13,1.16,1.38,2.97,1.54,2.43,Non,Oui,Non,Oui,Non,Away,82,"[58, 82]",True
b1fa9f4794f8fc7f,coupe-du-monde,164855,81,2026-09-09T07:20:18Z,Mexico,Uruguay,0,1,3.26,3.85,2.03,1.73,1.3,1.23,1.5,2.54,1.49,2.58,Non,Non,Non,Non,Oui,Away,36,[36],True
1de0721044b53d1d,coupe-du-monde,164855,81,2026-09-09T07:20:18Z,Netherlands,Ghana,2,4,1.6,4.45,4.74,1.16,2.25,1.17,1.4,2.88,1.52,2.49,Oui,Oui,Non,Non,Oui,Home,90,"[30, 33, 42, 46, 69, 90]",True
8e9d3ccc74b5a305,coupe-du-monde,164855,81,2026-09-09T07:20:18Z,Congo DR,Iraq,2,2,2.78,3.52,2.4,1.53,1.4,1.27,1.68,2.15,1.58,2.34,Oui,Oui,Non,Oui,Non,Home,60,"[26, 38, 59, 60]",True
21a42063f6db55a3,coupe-du-monde,164855,81,2026-09-09T07:20:18Z,Uzbekistan,Spain,1,1,9.2,5.56,1.3,3.4,1.03,1.12,1.43,2.78,1.87,1.91,Non,Oui,Non,Oui,Non,Home,89,"[78, 89]",True
742dd837046b269e,coupe-du-monde,164855,81,2026-09-09T07:20:18Z,Sweden,Czechia,2,2,2.36,3.63,2.77,1.4,1.54,1.25,1.6,2.3,1.53,2.47,Oui,Oui,Non,Oui,Non,Home,84,"[5, 16, 79, 84]",True
a9569f582c215492,coupe-du-monde,164855,81,2026-09-09T07:20:18Z,Qatar,Germany,1,0,3.98,4.34,1.73,2.04,1.21,1.18,1.36,3.09,1.44,2.75,Non,Non,Oui,Non,Non,Home,41,[41],True
aae870a01acb1d0d,coupe-du-monde,164855,84,2026-09-09T07:26:18Z,Brazil,Netherlands,2,1,2.05,4.2,3.0,1.35,1.72,1.19,1.32,3.3,1.36,3.08,Oui,Oui,Oui,Non,Non,Away,38,"[14, 36, 38]",True
edb901c023d5b401,coupe-du-monde,164855,84,2026-09-09T07:26:18Z,Czechia,Congo DR,3,1,2.01,3.7,3.43,1.28,1.75,1.24,1.61,2.28,1.56,2.38,Oui,Oui,Oui,Non,Non,Home,88,"[20, 26, 40, 88]",True
24c082f90db99f64,coupe-du-monde,164855,84,2026-09-09T07:26:18Z,Scotland,Belgium,2,2,3.74,3.93,1.86,1.88,1.24,1.22,1.51,2.5,1.52,2.47,Oui,Oui,Non,Oui,Non,Home,66,"[27, 46, 48, 66]",True
5b23b360a2e37b7a,coupe-du-monde,164855,84,2026-09-09T07:26:18Z,Saudi Arabia,Turkiye,0,2,3.17,3.87,2.06,1.71,1.32,1.22,1.48,2.59,1.47,2.62,Non,Non,Non,Non,Oui,Away,61,"[12, 61]",True
c352aa5d681b1df8,coupe-du-monde,164855,84,2026-09-09T07:26:18Z,Paraguay,Ecuador,1,3,2.94,3.69,2.23,1.6,1.36,1.24,1.57,2.36,1.52,2.5,Oui,Oui,Non,Non,Oui,Away,87,"[44, 55, 58, 87]",True
9d050096e091f1a5,coupe-du-monde,164855,84,2026-09-09T07:26:18Z,South Africa,Sweden,0,1,3.86,3.72,1.88,1.86,1.23,1.24,1.66,2.19,1.62,2.25,Non,Non,Non,Non,Oui,Away,28,[28],True
d264e264184ff45d,coupe-du-monde,164855,84,2026-09-09T07:26:18Z,Norway,Qatar,3,0,1.85,4.05,3.67,1.25,1.89,1.21,1.45,2.71,1.48,2.61,Oui,Non,Oui,Non,Non,Home,80,"[6, 68, 80]",True
515e08df5581060a,coupe-du-monde,164855,84,2026-09-09T07:26:18Z,Germany,Panama,2,3,1.47,4.74,6.0,1.1,2.6,1.16,1.42,2.8,1.62,2.26,Oui,Oui,Non,Non,Oui,Home,86,"[5, 30, 44, 47, 86]",True
22eb3101ed619bae,coupe-du-monde,164855,84,2026-09-09T07:26:18Z,Algeria,New Zealand,2,1,1.84,3.78,3.97,1.21,1.9,1.23,1.63,2.25,1.61,2.27,Oui,Oui,Oui,Non,Non,Home,45,"[25, 37, 45]",True
4e89bb120556c8ad,coupe-du-monde,164855,84,2026-09-09T07:26:18Z,France,Haiti,1,0,1.19,6.98,13.29,1.0,4.49,1.07,1.34,3.18,2.05,1.75,Non,Non,Oui,Non,Non,Home,73,[73],True
aad1c9ab63ca87fb,coupe-du-monde,164855,84,2026-09-09T07:26:18Z,Ghana,Uzbekistan,2,0,2.5,3.64,2.59,1.46,1.49,1.25,1.59,2.33,1.52,2.49,Non,Non,Oui,Non,Non,Home,29,"[23, 29]",True
49d02c4dd0f77a7d,coupe-du-monde,164855,84,2026-09-09T07:26:18Z,Switzerland,Canada,2,1,1.91,3.75,3.72,1.24,1.83,1.24,1.62,2.26,1.59,2.32,Oui,Oui,Oui,Non,Non,Away,82,"[55, 81, 82]",True
180182edee29ee24,coupe-du-monde,164855,84,2026-09-09T07:26:18Z,Korea Republic,Jordan,0,0,1.98,3.71,3.51,1.27,1.77,1.24,1.62,2.26,1.58,2.35,Non,Non,Non,Oui,Non,,,[],True
819a46f3408e5f97,coupe-du-monde,164855,84,2026-09-09T07:26:18Z,Cote d'Ivoire,USA,0,2,2.8,3.89,2.25,1.6,1.4,1.22,1.44,2.72,1.43,2.76,Non,Non,Non,Non,Oui,Away,18,"[17, 18]",True
981c2e311e1ce39d,coupe-du-monde,164855,84,2026-09-09T07:26:18Z,Spain,Japan,2,2,1.72,3.99,4.37,1.18,2.05,1.21,1.56,2.4,1.6,2.31,Oui,Oui,Non,Oui,Non,Away,67,"[10, 64, 64, 67]",True
dd43ed19118feb55,coupe-du-monde,164855,84,2026-09-09T07:26:18Z,England,Mexico,0,0,1.92,3.99,3.45,1.27,1.82,1.21,1.45,2.7,1.47,2.65,Non,Non,Non,Oui,Non,,,[],True
680b2dec9b7c49be,coupe-du-monde,164855,84,2026-09-09T07:26:18Z,Uruguay,Portugal,2,0,2.67,3.88,2.34,1.55,1.43,1.22,1.44,2.73,1.43,2.79,Non,Non,Oui,Non,Non,Home,79,"[60, 79]",True
390ba294523408d8,coupe-du-monde,164855,84,2026-09-09T07:26:18Z,Senegal,Egypt,1,2,2.23,3.48,3.09,1.33,1.61,1.27,1.74,2.06,1.63,2.25,Oui,Oui,Non,Non,Oui,Away,85,"[6, 52, 85]",True
e66507c97b1b6aec,coupe-du-monde,164855,84,2026-09-09T07:26:18Z,Bosnia-Herzegovina,Australia,3,1,3.49,3.83,1.95,1.79,1.27,1.23,1.54,2.42,1.53,2.46,Oui,Oui,Oui,Non,Non,Home,75,"[23, 37, 70, 75]",True
20c627a3219603a9,coupe-du-monde,164855,84,2026-09-09T07:26:18Z,Curacao,IR Iran,1,1,5.71,4.13,1.56,2.35,1.11,1.2,1.65,2.21,1.77,2.02,Non,Oui,Non,Oui,Non,Away,58,"[25, 58]",True
687318462b5efe9f,coupe-du-monde,164855,84,2026-09-09T07:26:18Z,Morocco,Croatia,2,0,1.97,3.27,4.08,1.2,1.78,1.3,2.09,1.72,1.91,1.86,Non,Non,Oui,Non,Non,Home,36,"[21, 36]",True
d6abaa8ef03301fe,coupe-du-monde,164855,84,2026-09-09T07:26:18Z,Argentina,Tunisia,1,1,1.53,4.44,5.51,1.12,2.41,1.18,1.48,2.59,1.63,2.24,Non,Oui,Non,Oui,Non,Away,84,"[18, 84]",True
3eb3ba32e45338d1,coupe-du-monde,164855,84,2026-09-09T07:26:18Z,Iraq,Colombia,0,2,4.02,4.01,1.78,1.97,1.21,1.21,1.51,2.53,1.54,2.44,Non,Non,Non,Non,Oui,Away,68,"[48, 68]",True
7fedb0d7be9c5d9d,coupe-du-monde,164855,84,2026-09-09T07:26:18Z,Cabo Verde,Austria,1,2,3.63,3.74,1.94,1.81,1.25,1.24,1.61,2.27,1.58,2.34,Oui,Oui,Non,Non,Oui,Away,50,"[16, 34, 50]",True
2ad1861b8bb51555,coupe-du-monde,164855,86,2026-09-09T07:30:18Z,Korea Republic,USA,1,2,2.73,3.87,2.3,1.57,1.42,1.22,1.45,2.71,1.43,2.77,Oui,Oui,Non,Non,Oui,Home,43,"[10, 42, 43]",True
dd02badadbcca556,coupe-du-monde,164855,86,2026-09-09T07:30:18Z,Iraq,Turkiye,1,0,2.81,3.71,2.3,1.57,1.39,1.24,1.54,2.42,1.49,2.56,Non,Non,Oui,Non,Non,Home,15,[15],True
528aed51a256f117,coupe-du-monde,164855,86,2026-09-09T07:30:18Z,Ghana,Congo DR,3,1,2.39,3.57,2.77,1.41,1.53,1.26,1.64,2.22,1.55,2.4,Oui,Oui,Oui,Non,Non,Away,65,"[17, 50, 52, 65]",True
d65517c77f9700d8,coupe-du-monde,164855,86,2026-09-09T07:30:18Z,Argentina,Panama,2,3,1.28,5.83,9.12,1.03,3.49,1.1,1.36,3.07,1.79,1.99,Oui,Oui,Non,Non,Oui,Home,89,"[43, 45, 45, 88, 89]",True
6fa74e76251e7562,coupe-du-monde,164855,86,2026-09-09T07:30:18Z,Canada,Netherlands,3,2,3.63,4.19,1.83,1.91,1.25,1.2,1.38,2.96,1.43,2.76,Oui,Oui,Oui,Non,Non,Away,90,"[17, 18, 45, 77, 90]",True
24a29d370870fd50,coupe-du-monde,164855,86,2026-09-09T07:30:18Z,Senegal,Qatar,4,2,1.91,3.82,3.64,1.25,1.83,1.23,1.56,2.38,1.55,2.41,Oui,Oui,Oui,Non,Non,Home,67,"[28, 34, 38, 49, 58, 67]",True
a0d8515d0b180eed,coupe-du-monde,164855,86,2026-09-09T07:30:18Z,Jordan,Egypt,2,0,3.46,3.47,2.07,1.7,1.27,1.27,1.8,1.99,1.68,2.15,Non,Non,Oui,Non,Non,Home,49,"[10, 49]",True
c9b5279a822e5688,coupe-du-monde,164855,86,2026-09-09T07:30:18Z,Switzerland,Mexico,1,2,2.36,3.59,2.79,1.4,1.54,1.26,1.62,2.25,1.54,2.43,Oui,Oui,Non,Non,Oui,Home,89,"[86, 87, 89]",True
c037c1e322927063,coupe-du-monde,164855,86,2026-09-09T07:30:18Z,Bosnia-Herzegovina,Saudi Arabia,1,2,2.53,3.63,2.57,1.46,1.48,1.25,1.59,2.32,1.52,2.49,Oui,Oui,Non,Non,Oui,Away,70,"[10, 54, 70]",True
f9c973440661be00,coupe-du-monde,164855,86,2026-09-09T07:30:18Z,Norway,Portugal,0,1,3.21,4.14,1.97,1.77,1.31,1.2,1.36,3.07,1.4,2.91,Non,Non,Non,Non,Oui,Away,60,[60],True
67e697ee19f7d9da,coupe-du-monde,164855,86,2026-09-09T07:30:18Z,Cote d'Ivoire,Uzbekistan,2,2,2.04,3.78,3.28,1.3,1.73,1.23,1.55,2.42,1.52,2.49,Oui,Oui,Non,Oui,Non,Away,72,"[13, 21, 45, 72]",True
9cc2a485759310e1,coupe-du-monde,164855,86,2026-09-09T07:30:18Z,South Africa,Belgium,1,4,5.26,4.25,1.58,2.31,1.13,1.19,1.54,2.44,1.65,2.2,Oui,Oui,Non,Non,Oui,Away,77,"[2, 34, 55, 63, 77]",True
968e10d10815d7b6,coupe-du-monde,164855,86,2026-09-09T07:30:18Z,Czechia,Croatia,0,0,3.24,3.66,2.09,1.69,1.31,1.25,1.62,2.26,1.56,2.38,Non,Non,Non,Oui,Non,,,[],True
7faa339b7fc52258,coupe-du-monde,164855,86,2026-09-09T07:30:18Z,Brazil,Sweden,1,1,1.8,4.13,3.84,1.23,1.95,1.2,1.43,2.78,1.47,2.62,Non,Oui,Non,Oui,Non,Away,63,"[42, 63]",True
8a5cbc2964e72956,coupe-du-monde,164855,86,2026-09-09T07:30:18Z,Curacao,Haiti,3,2,2.95,3.43,2.33,1.55,1.36,1.28,1.77,2.02,1.64,2.22,Oui,Oui,Oui,Non,Non,Away,86,"[22, 45, 55, 67, 86]",True
92bc7bed67e78fe2,coupe-du-monde,164855,86,2026-09-09T07:30:18Z,Paraguay,Algeria,0,0,2.86,3.68,2.28,1.58,1.38,1.24,1.57,2.37,1.51,2.51,Non,Non,Non,Oui,Non,,,[],True
7eb002bf5a02ed7a,coupe-du-monde,164855,86,2026-09-09T07:30:18Z,Cabo Verde,Ecuador,3,2,3.38,3.73,2.02,1.74,1.28,1.24,1.59,2.33,1.55,2.41,Oui,Oui,Oui,Non,Non,Away,66,"[4, 45, 51, 54, 66]",True
8fd0b64592a59521,coupe-du-monde,164855,86,2026-09-09T07:30:18Z,England,Tunisia,3,2,1.61,4.14,5.07,1.14,2.24,1.2,1.57,2.36,1.66,2.18,Oui,Oui,Oui,Non,Non,Away,89,"[18, 22, 28, 63, 89]",True
cc4010643c73c47d,coupe-du-monde,164855,86,2026-09-09T07:30:18Z,France,New Zealand,1,2,1.23,6.27,11.09,1.01,3.93,1.09,1.37,3.03,1.93,1.84,Oui,Oui,Non,Non,Oui,Away,66,"[28, 36, 66]",True
fcc27ddb20d9259c,coupe-du-monde,164855,86,2026-09-09T07:30:18Z,Scotland,Japan,2,3,3.62,3.92,1.89,1.85,1.25,1.22,1.51,2.51,1.52,2.5,Oui,Oui,Non,Non,Oui,Away,77,"[9, 31, 55, 65, 77]",True
cd70c1027bebd140,coupe-du-monde,164855,86,2026-09-09T07:30:18Z,Uruguay,Austria,6,0,1.94,3.83,3.54,1.26,1.81,1.23,1.55,2.42,1.53,2.45,Oui,Non,Oui,Non,Non,Home,86,"[44, 45, 45, 71, 75, 86]",True
beef66ac006cfb24,coupe-du-monde,164855,86,2026-09-09T07:30:18Z,Morocco,Australia,2,0,1.65,3.77,5.31,1.13,2.17,1.23,1.82,1.96,1.86,1.92,Non,Non,Oui,Non,Non,Home,87,"[84, 87]",True
bf7c35a8b958b58b,coupe-du-monde,164855,86,2026-09-09T07:30:18Z,Spain,Colombia,4,2,1.61,4.33,4.81,1.15,2.24,1.18,1.46,2.67,1.56,2.38,Oui,Oui,Oui,Non,Non,Away,89,"[27, 40, 42, 69, 85, 89]",True
57e8ddf69fac1573,coupe-du-monde,164855,86,2026-09-09T07:30:18Z,Germany,IR Iran,1,2,1.96,4.01,3.34,1.29,1.79,1.21,1.43,2.78,1.44,2.72,Oui,Oui,Non,Non,Oui,Away,63,"[12, 54, 63]",True
7cea4ab80b751f0e,coupe-du-monde,164855,89,2026-09-09T07:36:18Z,Algeria,Germany,0,2,3.71,4.14,1.82,1.92,1.24,1.2,1.41,2.84,1.46,2.68,Non,Non,Non,Non,Oui,Away,49,"[26, 49]",True
1e07c88fc24582cb,coupe-du-monde,164855,89,2026-09-09T07:36:18Z,Uzbekistan,Canada,2,1,2.93,3.79,2.2,1.62,1.37,1.23,1.5,2.53,1.47,2.62,Oui,Oui,Oui,Non,Non,Home,90,"[26, 47, 90]",True
0dbe4b428840d71b,coupe-du-monde,164855,89,2026-09-09T07:36:18Z,New Zealand,Iraq,2,1,3.23,3.59,2.12,1.67,1.31,1.26,1.66,2.18,1.59,2.32,Oui,Oui,Oui,Non,Non,Away,47,"[20, 43, 47]",True
9276f9941f16c598,coupe-du-monde,164855,89,2026-09-09T07:36:18Z,Ecuador,Argentina,3,1,5.05,4.57,1.56,2.35,1.14,1.17,1.39,2.93,1.53,2.45,Oui,Oui,Oui,Non,Non,Home,61,"[32, 38, 41, 61]",True
dec571943b9c97a7,coupe-du-monde,164855,89,2026-09-09T07:36:18Z,Portugal,Switzerland,4,1,2.14,3.83,3.01,1.35,1.65,1.23,1.49,2.57,1.47,2.64,Oui,Oui,Oui,Non,Non,Home,84,"[28, 32, 41, 82, 84]",True
e85d8cb90da80278,coupe-du-monde,164855,89,2026-09-09T07:36:18Z,Colombia,Ghana,1,4,1.7,4.16,4.33,1.18,2.08,1.2,1.47,2.64,1.53,2.45,Oui,Oui,Non,Non,Oui,Home,75,"[13, 16, 25, 48, 75]",True
1b5f4cd87adf2f02,coupe-du-monde,164855,89,2026-09-09T07:36:18Z,Turkiye,Czechia,1,0,2.44,3.75,2.61,1.45,1.51,1.24,1.51,2.51,1.47,2.63,Non,Non,Oui,Non,Non,Home,37,[37],True
535476e49b2de18f,coupe-du-monde,164855,89,2026-09-09T07:36:18Z,Haiti,Uruguay,0,1,8.38,5.15,1.34,3.13,1.04,1.13,1.48,2.59,1.86,1.92,Non,Non,Non,Non,Oui,Away,29,[29],True
82daadb70fa9bcae,coupe-du-monde,164855,89,2026-09-09T07:36:18Z,Sweden,Egypt,3,1,2.56,3.55,2.58,1.46,1.47,1.26,1.66,2.19,1.56,2.38,Oui,Oui,Oui,Non,Non,Away,87,"[21, 28, 33, 87]",True
42ad847dd35e6e40,coupe-du-monde,164855,89,2026-09-09T07:36:18Z,Austria,England,0,0,3.9,4.05,1.8,1.95,1.22,1.21,1.47,2.62,1.51,2.52,Non,Non,Non,Oui,Non,,,[],True
0f0edc8dc3564c83,coupe-du-monde,164855,89,2026-09-09T07:36:18Z,Bosnia-Herzegovina,Morocco,0,3,7.51,4.28,1.44,2.68,1.06,1.19,1.76,2.03,2.03,1.77,Oui,Non,Non,Non,Oui,Away,61,"[47, 54, 61]",True
9c79addd9725daf2,coupe-du-monde,164855,89,2026-09-09T07:36:18Z,Australia,Scotland,0,3,2.36,3.71,2.72,1.42,1.54,1.24,1.54,2.44,1.49,2.58,Oui,Non,Non,Non,Oui,Away,80,"[19, 43, 80]",True
2938cd9be0584d54,coupe-du-monde,164855,89,2026-09-09T07:36:18Z,Saudi Arabia,Spain,2,3,9.49,5.68,1.28,3.49,1.03,1.11,1.41,2.84,1.87,1.91,Oui,Oui,Non,Non,Oui,Home,72,"[21, 25, 46, 61, 72]",True
ecfe40e56f3b4dc4,coupe-du-monde,164855,89,2026-09-09T07:36:18Z,Tunisia,Jordan,1,1,2.22,3.4,3.16,1.32,1.61,1.28,1.82,1.96,1.68,2.15,Non,Oui,Non,Oui,Non,Home,76,"[76, 76]",True
6183e603717cd740,coupe-du-monde,164855,89,2026-09-09T07:36:18Z,Qatar,Netherlands,3,1,3.82,4.22,1.78,1.97,1.23,1.19,1.4,2.91,1.45,2.68,Oui,Oui,Oui,Non,Non,Home,87,"[24, 33, 60, 87]",True
5245375e86bc9cec,coupe-du-monde,164855,89,2026-09-09T07:36:18Z,IR Iran,Norway,0,2,2.99,3.75,2.18,1.63,1.35,1.24,1.54,2.43,1.5,2.54,Non,Non,Non,Non,Oui,Away,89,"[47, 89]",True
b63fdae4476d564c,coupe-du-monde,164855,89,2026-09-09T07:36:18Z,Mexico,USA,2,2,2.29,3.89,2.72,1.42,1.57,1.22,1.44,2.75,1.42,2.8,Oui,Oui,Non,Oui,Non,Home,74,"[43, 48, 72, 74]",True
db8b7fb7f25fa32b,coupe-du-monde,164855,89,2026-09-09T07:36:18Z,Panama,Senegal,2,3,5.16,4.02,1.62,2.22,1.13,1.21,1.64,2.22,1.72,2.09,Oui,Oui,Non,Non,Oui,Away,75,"[27, 31, 52, 60, 75]",True
b89203cdce64a04d,coupe-du-monde,164855,89,2026-09-09T07:36:18Z,Paraguay,Curacao,1,1,1.68,3.94,4.71,1.16,2.1,1.22,1.63,2.24,1.67,2.16,Non,Oui,Non,Oui,Non,Home,31,"[4, 31]",True
9b337fea61179cd4,coupe-du-monde,164855,89,2026-09-09T07:36:18Z,Croatia,South Africa,1,1,1.73,3.9,4.45,1.17,2.04,1.22,1.62,2.26,1.65,2.21,Non,Oui,Non,Oui,Non,Away,83,"[51, 83]",True
4f8ac63f8be24836,coupe-du-monde,164855,89,2026-09-09T07:36:18Z,Japan,Cote d'Ivoire,3,2,2.04,3.79,3.26,1.3,1.72,1.23,1.53,2.45,1.51,2.52,Oui,Oui,Oui,Non,Non,Home,84,"[27, 34, 75, 83, 84]",True
82c71c8563e972c5,coupe-du-monde,164855,89,2026-09-09T07:36:18Z,Belgium,Korea Republic,0,3,1.96,3.85,3.44,1.28,1.78,1.23,1.52,2.48,1.51,2.51,Oui,Non,Non,Non,Oui,Away,88,"[9, 61, 88]",True
147ad63a392e45f4,coupe-du-monde,164855,89,2026-09-09T07:36:18Z,France,Cabo Verde,4,0,1.34,5.35,7.94,1.05,3.14,1.12,1.4,2.89,1.75,2.05,Oui,Non,Oui,Non,Non,Home,86,"[2, 78, 79, 86]",True
526566673ce12d2b,coupe-du-monde,164855,89,2026-09-09T07:36:18Z,Congo DR,Brazil,1,1,6.57,5.07,1.41,2.81,1.08,1.14,1.38,3.0,1.63,2.24,Non,Oui,Non,Oui,Non,Away,38,"[7, 38]",True
d6eb7b14816aa841,coupe-du-monde,164855,91,2026-09-09T07:40:18Z,Japan,Korea Republic,1,0,2.06,3.74,3.25,1.3,1.71,1.24,1.57,2.37,1.53,2.46,Non,Non,Oui,Non,Non,Home,77,[77],True
782181fec7f2fcb2,coupe-du-monde,164855,91,2026-09-09T07:40:18Z,Congo DR,Canada,3,2,3.31,3.76,2.03,1.73,1.3,1.24,1.56,2.39,1.53,2.47,Oui,Oui,Oui,Non,Non,Away,72,"[23, 44, 59, 70, 72]",True
f055f98dd6a0331b,coupe-du-monde,164855,91,2026-09-09T07:40:18Z,Qatar,Sweden,0,2,3.02,3.75,2.17,1.64,1.35,1.24,1.54,2.44,1.5,2.54,Non,Non,Non,Non,Oui,Away,74,"[68, 74]",True
8454959fdebf58db,coupe-du-monde,164855,91,2026-09-09T07:40:18Z,Haiti,Norway,0,4,6.13,4.66,1.47,2.6,1.09,1.16,1.47,2.65,1.67,2.17,Oui,Non,Non,Non,Oui,Away,68,"[1, 41, 60, 68]",True
ba443d9d601a0d93,coupe-du-monde,164855,91,2026-09-09T07:40:18Z,Algeria,Argentina,1,4,5.37,4.69,1.51,2.46,1.12,1.16,1.38,2.97,1.55,2.42,Oui,Oui,Non,Non,Oui,Away,74,"[22, 27, 33, 55, 74]",True
b7caf86c1c3edcca,coupe-du-monde,164855,91,2026-09-09T07:40:18Z,Tunisia,USA,1,0,3.17,3.67,2.12,1.67,1.32,1.25,1.6,2.29,1.55,2.42,Non,Non,Oui,Non,Non,Home,65,[65],True
b8ea22273f59f923,coupe-du-monde,164855,91,2026-09-09T07:40:18Z,Ecuador,England,1,3,4.45,4.31,1.66,2.15,1.18,1.19,1.43,2.79,1.52,2.5,Oui,Oui,Non,Non,Oui,Away,66,"[22, 44, 60, 66]",True
7d30d1da9b2aefcc,coupe-du-monde,164855,91,2026-09-09T07:40:18Z,New Zealand,Morocco,1,3,10.12,4.76,1.33,3.18,1.02,1.15,1.74,2.06,2.24,1.63,Oui,Oui,Non,Non,Oui,Away,76,"[23, 42, 48, 76]",True
df03b6827d319397,coupe-du-monde,164855,91,2026-09-09T07:40:18Z,Panama,Jordan,0,2,2.94,3.34,2.38,1.54,1.36,1.29,1.85,1.92,1.69,2.14,Non,Non,Non,Non,Oui,Away,79,"[37, 79]",True
2c7108a2d92120c1,coupe-du-monde,164855,91,2026-09-09T07:40:18Z,Uzbekistan,Mexico,4,1,3.93,3.95,1.81,1.93,1.22,1.22,1.53,2.47,1.55,2.42,Oui,Oui,Oui,Non,Non,Away,81,"[5, 18, 38, 54, 81]",True
e7486f545938e870,coupe-du-monde,164855,91,2026-09-09T07:40:18Z,Turkiye,Ghana,3,1,2.1,3.81,3.11,1.33,1.68,1.23,1.51,2.52,1.48,2.59,Oui,Oui,Oui,Non,Non,Home,88,"[16, 69, 79, 88]",True
87f66a961463f84b,coupe-du-monde,164855,91,2026-09-09T07:40:18Z,Saudi Arabia,Scotland,1,0,3.08,3.74,2.14,1.66,1.33,1.24,1.55,2.41,1.51,2.52,Non,Non,Oui,Non,Non,Home,76,[76],True
428c31a19e57b5b5,coupe-du-monde,164855,91,2026-09-09T07:40:18Z,Australia,South Africa,1,1,1.93,3.76,3.64,1.25,1.82,1.24,1.59,2.31,1.57,2.37,Non,Oui,Non,Oui,Non,Away,63,"[9, 63]",True
3bf85d403b06153d,coupe-du-monde,164855,91,2026-09-09T07:40:18Z,Portugal,Netherlands,3,0,2.15,4.2,2.8,1.4,1.65,1.19,1.31,3.4,1.34,3.18,Oui,Non,Oui,Non,Non,Home,64,"[24, 62, 64]",True
7137917cb9d02e43,coupe-du-monde,164855,91,2026-09-09T07:40:18Z,Bosnia-Herzegovina,Czechia,1,5,3.25,3.76,2.06,1.71,1.3,1.24,1.56,2.39,1.52,2.48,Oui,Oui,Non,Non,Oui,Home,87,"[44, 45, 45, 50, 53, 87]",True
6ec205b34cfc6b6a,coupe-du-monde,164855,91,2026-09-09T07:40:18Z,Austria,Switzerland,4,0,2.99,3.61,2.23,1.61,1.35,1.25,1.63,2.24,1.55,2.4,Oui,Non,Oui,Non,Non,Home,81,"[22, 46, 73, 81]",True
19841b110b651894,coupe-du-monde,164855,91,2026-09-09T07:40:18Z,Colombia,Cote d'Ivoire,1,2,2.08,3.88,3.12,1.33,1.7,1.22,1.48,2.62,1.46,2.65,Oui,Oui,Non,Non,Oui,Away,68,"[23, 53, 68]",True
6e9cc9921a34837d,coupe-du-monde,164855,91,2026-09-09T07:40:18Z,Belgium,Egypt,2,2,2.08,3.71,3.24,1.31,1.7,1.24,1.59,2.33,1.54,2.43,Oui,Oui,Non,Oui,Non,Home,73,"[23, 38, 70, 73]",True
81e68af3bb531465,coupe-du-monde,164855,91,2026-09-09T07:40:18Z,Paraguay,Germany,0,1,4.4,4.42,1.65,2.16,1.18,1.18,1.38,2.99,1.48,2.61,Non,Non,Non,Non,Oui,Away,29,[29],True
6af84bcf5d8d7d47,coupe-du-monde,164855,91,2026-09-09T07:40:18Z,Croatia,Brazil,0,1,3.33,3.94,1.98,1.77,1.29,1.22,1.46,2.66,1.47,2.65,Non,Non,Non,Non,Oui,Away,43,[43],True
8a79700da8a545b5,coupe-du-monde,164855,91,2026-09-09T07:40:18Z,France,Uruguay,5,1,1.86,4.04,3.64,1.25,1.88,1.21,1.45,2.71,1.47,2.62,Oui,Oui,Oui,Non,Non,Away,79,"[10, 17, 43, 64, 78, 79]",True
4cdaf6e992bde8c3,coupe-du-monde,164855,91,2026-09-09T07:40:18Z,Curacao,Cabo Verde,3,2,4.47,3.76,1.75,2.01,1.17,1.24,1.71,2.11,1.71,2.11,Oui,Oui,Oui,Non,Non,Home,82,"[6, 16, 52, 53, 82]",True
252b1040fa09e05d,coupe-du-monde,164855,91,2026-09-09T07:40:18Z,Iraq,Spain,1,1,8.32,5.19,1.34,3.14,1.04,1.13,1.47,2.65,1.83,1.95,Non,Oui,Non,Oui,Non,Away,87,"[72, 87]",True
5535d6b453f77dcf,coupe-du-monde,164855,91,2026-09-09T07:40:18Z,IR Iran,Senegal,0,1,3.04,3.47,2.26,1.59,1.34,1.27,1.74,2.06,1.62,2.25,Non,Non,Non,Non,Oui,Away,79,[79],True
dfb181ac955a5d23,coupe-du-monde,164855,94,2026-09-09T07:46:18Z,Netherlands,IR Iran,2,1,1.93,3.98,3.44,1.28,1.81,1.21,1.46,2.67,1.47,2.63,Oui,Oui,Oui,Non,Non,Home,57,"[28, 31, 57]",True
62242c2b4c62b182,coupe-du-monde,164855,94,2026-09-09T07:46:18Z,Uruguay,Cabo Verde,2,1,1.65,4.07,4.83,1.15,2.17,1.21,1.57,2.35,1.65,2.21,Oui,Oui,Oui,Non,Non,Away,81,"[9, 42, 81]",True
ba0c3395f1ed045c,coupe-du-monde,164855,94,2026-09-09T07:46:18Z,Brazil,Turkiye,1,0,1.63,4.5,4.44,1.18,2.19,1.17,1.35,3.12,1.46,2.66,Non,Non,Oui,Non,Non,Home,10,[10],True
569e736f2b8731ef,coupe-du-monde,164855,94,2026-09-09T07:46:18Z,Uzbekistan,Portugal,0,0,6.08,4.93,1.44,2.67,1.1,1.14,1.37,3.02,1.59,2.32,Non,Non,Non,Oui,Non,,,[],True
c6f4e1f4168745b5,coupe-du-monde,164855,94,2026-09-09T07:46:18Z,Mexico,Japan,0,2,2.79,3.72,2.31,1.56,1.4,1.24,1.54,2.43,1.49,2.56,Non,Non,Non,Non,Oui,Away,88,"[86, 88]",True
2e056b04e4cdd85a,coupe-du-monde,164855,94,2026-09-09T07:46:18Z,Switzerland,Haiti,2,1,1.44,4.49,7.13,1.07,2.7,1.17,1.62,2.26,1.87,1.9,Oui,Oui,Oui,Non,Non,Home,83,"[13, 62, 83]",True
aa5477a74a3365e3,coupe-du-monde,164855,94,2026-09-09T07:46:18Z,England,France,1,1,3.15,4.02,2.03,1.73,1.32,1.21,1.41,2.87,1.42,2.81,Non,Oui,Non,Oui,Non,Away,36,"[23, 36]",True
9130a915a24db552,coupe-du-monde,164855,94,2026-09-09T07:46:18Z,Jordan,Ecuador,3,1,3.41,3.64,2.03,1.73,1.28,1.25,1.65,2.2,1.59,2.32,Oui,Oui,Oui,Non,Non,Home,78,"[3, 56, 56, 78]",True
7b72caaa5c11259e,coupe-du-monde,164855,94,2026-09-09T07:46:18Z,Egypt,Croatia,1,1,2.98,3.54,2.26,1.59,1.35,1.26,1.68,2.15,1.59,2.33,Non,Oui,Non,Oui,Non,Home,73,"[48, 73]",True
4b37d7a15a94f6db,coupe-du-monde,164855,94,2026-09-09T07:46:18Z,Ghana,Iraq,2,0,2.7,3.52,2.46,1.5,1.42,1.26,1.68,2.16,1.57,2.36,Non,Non,Oui,Non,Non,Home,89,"[62, 89]",True
d45fd417ca1ec3cb,coupe-du-monde,164855,94,2026-09-09T07:46:18Z,Canada,Colombia,1,0,3.66,4.09,1.84,1.9,1.25,1.2,1.43,2.79,1.46,2.66,Non,Non,Oui,Non,Non,Home,25,[25],True
79e410654d0317dc,coupe-du-monde,164855,94,2026-09-09T07:46:18Z,Czechia,Spain,1,4,6.39,4.7,1.45,2.66,1.09,1.16,1.47,2.62,1.7,2.12,Oui,Oui,Non,Non,Oui,Home,90,"[9, 29, 58, 72, 90]",True
ee54f564dbcffa6b,coupe-du-monde,164855,94,2026-09-09T07:46:18Z,Norway,Paraguay,2,1,1.84,4.03,3.71,1.24,1.89,1.21,1.46,2.65,1.49,2.57,Oui,Oui,Oui,Non,Non,Home,85,"[12, 58, 85]",True
56db0be630f636f8,coupe-du-monde,164855,94,2026-09-09T07:46:18Z,Senegal,Algeria,0,0,2.11,3.63,3.21,1.31,1.67,1.25,1.63,2.24,1.56,2.38,Non,Non,Non,Oui,Non,,,[],True
2e5b9e12dc506364,coupe-du-monde,164855,94,2026-09-09T07:46:18Z,South Africa,Bosnia-Herzegovina,0,0,2.63,3.52,2.53,1.48,1.44,1.27,1.68,2.15,1.58,2.35,Non,Non,Non,Oui,Non,,,[],True
878dcbe5465a117a,coupe-du-monde,164855,94,2026-09-09T07:46:18Z,Scotland,Morocco,0,0,5.9,3.98,1.57,2.33,1.1,1.21,1.76,2.04,1.87,1.91,Non,Non,Non,Oui,Non,,,[],True
a401504635f3adb9,coupe-du-monde,164855,94,2026-09-09T07:46:18Z,Cote d'Ivoire,Saudi Arabia,3,3,1.97,3.89,3.39,1.28,1.78,1.22,1.5,2.55,1.49,2.57,Oui,Oui,Non,Oui,Non,Home,55,"[30, 32, 45, 50, 50, 55]",True
cdbc140e050e8b11,coupe-du-monde,164855,94,2026-09-09T07:46:18Z,Qatar,Congo DR,2,0,2.11,3.72,3.16,1.32,1.68,1.24,1.57,2.36,1.53,2.47,Non,Non,Oui,Non,Non,Home,89,"[62, 89]",True
3beba051231f1107,coupe-du-monde,164855,94,2026-09-09T07:46:18Z,Argentina,Curacao,2,0,1.16,7.56,14.43,0.99,4.87,1.06,1.3,3.43,2.07,1.73,Non,Non,Oui,Non,Non,Home,83,"[61, 83]",True
2ba46cb634f77c25,coupe-du-monde,164855,94,2026-09-09T07:46:18Z,Germany,New Zealand,3,1,1.41,5.07,6.6,1.08,2.81,1.14,1.38,3.0,1.63,2.24,Oui,Oui,Oui,Non,Non,Away,90,"[36, 45, 50, 90]",True
94e0e52b537193c6,coupe-du-monde,164855,94,2026-09-09T07:46:18Z,Sweden,Panama,3,0,1.8,3.75,4.18,1.2,1.94,1.24,1.68,2.16,1.66,2.18,Oui,Non,Oui,Non,Non,Home,53,"[23, 45, 53]",True
8b6fac64b5c761f3,coupe-du-monde,164855,94,2026-09-09T07:46:18Z,USA,Austria,0,0,2.57,3.79,2.46,1.5,1.46,1.23,1.49,2.57,1.46,2.68,Non,Non,Non,Oui,Non,,,[],True
299ef736b9e05f1f,coupe-du-monde,164855,94,2026-09-09T07:46:18Z,Tunisia,Belgium,1,3,3.69,3.62,1.95,1.79,1.24,1.25,1.7,2.12,1.64,2.22,Oui,Oui,Non,Non,Oui,Away,80,"[11, 18, 38, 80]",True
1e50b293caf65460,coupe-du-monde,164855,94,2026-09-09T07:46:18Z,Korea Republic,Australia,4,0,2.59,3.68,2.49,1.49,1.46,1.24,1.55,2.4,1.5,2.55,Oui,Non,Oui,Non,Non,Home,69,"[4, 53, 63, 69]",True
