match_key,league,season_id,round_number,expected_start,home_team,away_team,home_score,away_score,odds_1,odds_X,odds_2,odds_dc_1x,odds_dc_x2,odds_dc_12,odds_over_2_5,odds_under_2_5,odds_btts_yes,odds_btts_no,over_2_5,btts,home_win,draw,away_win,first_goal_team,last_goal_minute,goal_timeline,had_odds
d5356d80f7d6eca3,coupe-du-monde,164838,1,2026-09-09T01:29:18Z,Congo DR,Norway,1,0,4.77,4.29,1.62,2.22,1.15,1.19,1.47,2.64,1.57,2.37,Non,Non,Oui,Non,Non,Home,25,[25],True
545feb56615b9a88,coupe-du-monde,164838,1,2026-09-09T01:29:18Z,Colombia,Netherlands,0,1,2.68,4.07,2.27,1.58,1.43,1.21,1.35,3.12,1.37,3.04,Non,Non,Non,Non,Oui,Away,59,[59],True
d8444aaf48e93baa,coupe-du-monde,164838,1,2026-09-09T01:29:18Z,Austria,Turkiye,3,1,2.18,3.8,2.96,1.36,1.64,1.23,1.5,2.54,1.47,2.63,Oui,Oui,Oui,Non,Non,Away,82,"[19, 27, 42, 82]",True
81e5215dbf19b668,coupe-du-monde,164838,1,2026-09-09T01:29:18Z,Egypt,Ecuador,1,2,2.51,3.6,2.61,1.45,1.48,1.26,1.62,2.26,1.54,2.44,Oui,Oui,Non,Non,Oui,Home,75,"[9, 25, 75]",True
70c9f4ce82fe83c6,coupe-du-monde,164838,1,2026-09-09T01:29:18Z,Saudi Arabia,Uzbekistan,2,2,2.56,3.64,2.53,1.48,1.46,1.25,1.58,2.34,1.51,2.51,Oui,Oui,Non,Oui,Non,Away,65,"[35, 43, 57, 65]",True
24f1b423abe4feb9,coupe-du-monde,164838,1,2026-09-09T01:29:18Z,Tunisia,Sweden,3,2,3.1,3.47,2.23,1.61,1.33,1.27,1.75,2.05,1.63,2.24,Oui,Oui,Oui,Non,Non,Home,88,"[22, 28, 73, 87, 88]",True
1dced147bc3dbf46,coupe-du-monde,164838,1,2026-09-09T01:29:18Z,South Africa,Portugal,0,5,6.69,5.11,1.4,2.84,1.08,1.14,1.37,3.01,1.64,2.23,Oui,Non,Non,Non,Oui,Away,61,"[18, 34, 48, 57, 61]",True
9b5ee0d89514a212,coupe-du-monde,164838,1,2026-09-09T01:29:18Z,Spain,Australia,1,2,1.47,4.67,6.12,1.09,2.6,1.16,1.46,2.67,1.66,2.18,Oui,Oui,Non,Non,Oui,Home,63,"[57, 59, 63]",True
3d9040376a66c938,coupe-du-monde,164838,1,2026-09-09T01:29:18Z,IR Iran,Korea Republic,2,1,2.53,3.54,2.61,1.45,1.48,1.26,1.66,2.19,1.56,2.38,Oui,Oui,Oui,Non,Non,Away,84,"[48, 53, 84]",True
3bc2a71bc6d62fb0,coupe-du-monde,164838,1,2026-09-09T01:29:18Z,Uruguay,Morocco,2,2,3.26,3.24,2.25,1.59,1.3,1.31,2.0,1.79,1.79,2.0,Oui,Oui,Non,Oui,Non,Away,78,"[33, 38, 67, 78]",True
b7563d8f50b9ec2e,coupe-du-monde,164838,1,2026-09-09T01:29:18Z,Canada,Czechia,2,1,2.7,3.73,2.37,1.54,1.42,1.24,1.53,2.46,1.48,2.59,Oui,Oui,Oui,Non,Non,Away,78,"[24, 62, 78]",True
80ca951de99d5cd4,coupe-du-monde,164838,1,2026-09-09T01:29:18Z,Algeria,Bosnia-Herzegovina,2,0,2.14,3.66,3.12,1.33,1.65,1.25,1.6,2.29,1.54,2.43,Non,Non,Oui,Non,Non,Home,84,"[56, 84]",True
ad8b225dcd0cf00c,coupe-du-monde,164838,1,2026-09-09T01:29:18Z,Belgium,Scotland,2,1,1.83,4.01,3.8,1.23,1.91,1.21,1.49,2.59,1.51,2.51,Oui,Oui,Oui,Non,Non,Home,89,"[73, 81, 89]",True
0ac9b67b4758edb3,coupe-du-monde,164838,1,2026-09-09T01:29:18Z,Germany,Switzerland,1,1,2.48,3.79,2.55,1.47,1.49,1.23,1.49,2.57,1.46,2.68,Non,Oui,Non,Oui,Non,Home,90,"[69, 90]",True
65f24dc3fb9439dd,coupe-du-monde,164838,1,2026-09-09T01:29:18Z,Paraguay,Haiti,2,1,1.83,3.84,3.95,1.22,1.91,1.23,1.59,2.32,1.59,2.32,Oui,Oui,Oui,Non,Non,Away,86,"[13, 80, 86]",True
d355d0f3e5b73732,coupe-du-monde,164838,1,2026-09-09T01:29:18Z,Qatar,Cabo Verde,1,2,2.34,3.68,2.76,1.41,1.55,1.24,1.56,2.38,1.51,2.53,Oui,Oui,Non,Non,Oui,Home,77,"[8, 32, 77]",True
8ca28a5f8815c8e5,coupe-du-monde,164838,1,2026-09-09T01:29:18Z,Panama,Argentina,1,4,9.15,5.76,1.29,3.47,1.03,1.11,1.38,2.98,1.82,1.96,Oui,Oui,Non,Non,Oui,Away,89,"[7, 33, 74, 84, 89]",True
e880479b57515ae4,coupe-du-monde,164838,1,2026-09-09T01:29:18Z,Curacao,Jordan,1,3,3.95,3.52,1.91,1.83,1.22,1.26,1.81,1.97,1.73,2.08,Oui,Oui,Non,Non,Oui,Home,69,"[41, 50, 54, 69]",True
7e2e83347ae7d3f6,coupe-du-monde,164838,1,2026-09-09T01:29:18Z,Iraq,Croatia,2,1,4.03,3.8,1.82,1.92,1.21,1.23,1.63,2.24,1.62,2.26,Oui,Oui,Oui,Non,Non,Home,71,"[3, 19, 71]",True
d695587f3ab11b9a,coupe-du-monde,164838,1,2026-09-09T01:29:18Z,New Zealand,Cote d'Ivoire,1,5,4.27,3.92,1.75,2.01,1.19,1.22,1.59,2.33,1.61,2.28,Oui,Oui,Non,Non,Oui,Away,77,"[23, 27, 29, 68, 69, 77]",True
7fa723ccd0dd1759,coupe-du-monde,164838,1,2026-09-09T01:29:18Z,Japan,Ghana,3,0,1.68,4.04,4.6,1.17,2.11,1.21,1.57,2.37,1.62,2.25,Oui,Non,Oui,Non,Non,Home,65,"[41, 62, 65]",True
e1cb0a2aa7b6b9cf,coupe-du-monde,164838,1,2026-09-09T01:29:18Z,England,Brazil,1,2,2.35,4.1,2.56,1.47,1.55,1.2,1.34,3.2,1.36,3.09,Oui,Oui,Non,Non,Oui,Away,49,"[17, 48, 49]",True
39b6a00eec8d3c51,coupe-du-monde,164838,1,2026-09-09T01:29:18Z,France,Senegal,0,1,1.69,4.13,4.42,1.18,2.1,1.2,1.5,2.55,1.56,2.38,Non,Non,Non,Non,Oui,Away,39,[39],True
71211261b42c69bc,coupe-du-monde,164838,1,2026-09-09T01:29:18Z,Mexico,USA,3,2,2.26,3.89,2.77,1.4,1.59,1.22,1.44,2.73,1.43,2.78,Oui,Oui,Oui,Non,Non,Away,72,"[32, 38, 46, 53, 72]",True
491cdca69f410994,coupe-du-monde,164838,2,2026-09-09T01:31:18Z,Korea Republic,Uruguay,1,2,3.91,3.91,1.82,1.92,1.22,1.22,1.55,2.42,1.56,2.39,Oui,Oui,Non,Non,Oui,Away,50,"[23, 46, 50]",True
a73b2e29e0d87e84,coupe-du-monde,164838,2,2026-09-09T01:31:18Z,Scotland,Curacao,1,1,1.64,4.04,4.9,1.15,2.17,1.21,1.6,2.3,1.67,2.17,Non,Oui,Non,Oui,Non,Home,88,"[84, 88]",True
2d182dbfe1b42540,coupe-du-monde,164838,2,2026-09-09T01:31:18Z,Senegal,Saudi Arabia,1,1,1.75,3.97,4.2,1.19,2.0,1.21,1.55,2.41,1.58,2.34,Non,Oui,Non,Oui,Non,Home,81,"[22, 81]",True
a387b3be1b1fc640,coupe-du-monde,164838,2,2026-09-09T01:31:18Z,Iraq,Algeria,2,0,3.12,3.67,2.14,1.65,1.33,1.25,1.6,2.3,1.54,2.43,Non,Non,Oui,Non,Non,Home,73,"[7, 73]",True
d142cf71746a1e60,coupe-du-monde,164838,2,2026-09-09T01:31:18Z,Jordan,Japan,0,4,4.45,3.87,1.73,2.03,1.18,1.22,1.64,2.22,1.66,2.18,Oui,Non,Non,Non,Oui,Away,90,"[37, 42, 70, 90]",True
5c5d927c2d5fe4dc,coupe-du-monde,164838,2,2026-09-09T01:31:18Z,Netherlands,Austria,3,3,2.16,3.94,2.92,1.37,1.65,1.22,1.42,2.79,1.42,2.8,Oui,Oui,Non,Oui,Non,Home,73,"[7, 11, 15, 58, 61, 73]",True
76d8814f07674d33,coupe-du-monde,164838,2,2026-09-09T01:31:18Z,Bosnia-Herzegovina,New Zealand,1,0,2.21,3.62,3.02,1.35,1.62,1.25,1.62,2.25,1.55,2.4,Non,Non,Oui,Non,Non,Home,80,[80],True
cf963229a780da73,coupe-du-monde,164838,2,2026-09-09T01:31:18Z,Brazil,Germany,1,1,2.12,4.21,2.85,1.38,1.67,1.19,1.31,3.39,1.34,3.16,Non,Oui,Non,Oui,Non,Home,90,"[6, 90]",True
c8a82cb70a5d977a,coupe-du-monde,164838,2,2026-09-09T01:31:18Z,Uzbekistan,Tunisia,2,1,3.01,3.44,2.29,1.58,1.35,1.28,1.77,2.02,1.64,2.22,Oui,Oui,Oui,Non,Non,Away,65,"[25, 38, 65]",True
614adfefec3ae12f,coupe-du-monde,164838,2,2026-09-09T01:31:18Z,Ecuador,IR Iran,0,3,2.69,3.55,2.46,1.5,1.43,1.26,1.66,2.19,1.56,2.38,Oui,Non,Non,Non,Oui,Away,80,"[41, 49, 80]",True
def0086f2e4448d7,coupe-du-monde,164838,2,2026-09-09T01:31:18Z,Czechia,Mexico,2,2,3.17,3.83,2.07,1.7,1.32,1.23,1.51,2.52,1.49,2.58,Oui,Oui,Non,Oui,Non,Away,61,"[28, 29, 58, 61]",True
5b5c4615ccac758c,coupe-du-monde,164838,2,2026-09-09T01:31:18Z,Norway,Portugal,2,3,3.2,4.16,1.97,1.77,1.31,1.2,1.35,3.13,1.39,2.95,Oui,Oui,Non,Non,Oui,Away,81,"[17, 35, 38, 76, 81]",True
fbacc9320656127e,coupe-du-monde,164838,2,2026-09-09T01:31:18Z,Australia,Qatar,0,0,2.29,3.77,2.8,1.4,1.58,1.24,1.51,2.51,1.48,2.62,Non,Non,Non,Oui,Non,,,[],True
29b505da6572c230,coupe-du-monde,164838,2,2026-09-09T01:31:18Z,Cote d'Ivoire,France,2,4,5.45,4.73,1.5,2.48,1.12,1.16,1.38,2.99,1.55,2.41,Oui,Oui,Non,Non,Oui,Away,81,"[8, 23, 40, 54, 77, 81]",True
0286445cf56b3e60,coupe-du-monde,164838,2,2026-09-09T01:31:18Z,Ghana,Congo DR,4,0,2.43,3.53,2.74,1.41,1.51,1.26,1.68,2.16,1.58,2.35,Oui,Non,Oui,Non,Non,Home,89,"[32, 54, 72, 89]",True
0d65d398f4e44d7b,coupe-du-monde,164838,2,2026-09-09T01:31:18Z,Sweden,Canada,1,2,2.21,3.75,2.94,1.36,1.62,1.24,1.53,2.45,1.49,2.56,Oui,Oui,Non,Non,Oui,Home,87,"[43, 51, 87]",True
ea225b3a64f7db7f,coupe-du-monde,164838,2,2026-09-09T01:31:18Z,Morocco,Colombia,2,0,1.93,3.47,3.96,1.22,1.81,1.27,1.87,1.91,1.76,2.03,Non,Non,Oui,Non,Non,Home,83,"[81, 83]",True
298fa075853db995,coupe-du-monde,164838,2,2026-09-09T01:31:18Z,Switzerland,Paraguay,2,1,1.79,3.8,4.21,1.19,1.96,1.23,1.65,2.21,1.65,2.21,Oui,Oui,Oui,Non,Non,Home,70,"[14, 66, 70]",True
b51c174f3219d1cc,coupe-du-monde,164838,2,2026-09-09T01:31:18Z,Turkiye,Spain,3,0,6.48,4.93,1.42,2.75,1.08,1.15,1.41,2.84,1.66,2.19,Oui,Non,Oui,Non,Non,Home,67,"[44, 50, 67]",True
fd428a9423e27788,coupe-du-monde,164838,2,2026-09-09T01:31:18Z,Croatia,England,2,2,3.43,3.83,1.97,1.77,1.28,1.23,1.54,2.45,1.52,2.49,Oui,Oui,Non,Oui,Non,Away,81,"[3, 30, 58, 81]",True
d21d6065e17b6b0d,coupe-du-monde,164838,2,2026-09-09T01:31:18Z,USA,Belgium,1,2,2.98,3.91,2.13,1.66,1.35,1.22,1.45,2.71,1.44,2.74,Oui,Oui,Non,Non,Oui,Away,67,"[19, 49, 67]",True
2409006807f2fc54,coupe-du-monde,164838,2,2026-09-09T01:31:18Z,Cabo Verde,Panama,2,0,2.32,3.43,2.97,1.36,1.56,1.28,1.77,2.02,1.64,2.22,Non,Non,Oui,Non,Non,Home,57,"[33, 57]",True
dea56fd859a3e7aa,coupe-du-monde,164838,2,2026-09-09T01:31:18Z,Haiti,Egypt,2,2,5.08,3.95,1.64,2.18,1.14,1.22,1.68,2.16,1.74,2.06,Oui,Oui,Non,Oui,Non,Away,83,"[17, 40, 75, 83]",True
2a1623bf0e0b6c4d,coupe-du-monde,164838,2,2026-09-09T01:31:18Z,Argentina,South Africa,2,0,1.32,5.6,7.92,1.05,3.22,1.11,1.34,3.17,1.7,2.13,Non,Non,Oui,Non,Non,Home,78,"[12, 78]",True
4455e8b582a0ec1a,coupe-du-monde,164838,4,2026-09-09T01:35:18Z,Czechia,Curacao,3,1,1.59,4.12,5.26,1.13,2.27,1.2,1.6,2.3,1.7,2.12,Oui,Oui,Oui,Non,Non,Away,81,"[25, 66, 76, 81]",True
e9c99192149206b0,coupe-du-monde,164838,4,2026-09-09T01:35:18Z,Australia,Argentina,1,5,5.04,4.66,1.55,2.38,1.14,1.16,1.36,3.07,1.51,2.51,Oui,Oui,Non,Non,Oui,Away,77,"[5, 38, 43, 53, 72, 77]",True
3c56f7ca19c2b28c,coupe-du-monde,164838,4,2026-09-09T01:35:18Z,Scotland,Congo DR,1,1,2.09,3.67,3.23,1.31,1.69,1.25,1.61,2.27,1.56,2.39,Non,Oui,Non,Oui,Non,Away,76,"[13, 76]",True
ce8051ef20ab81a5,coupe-du-monde,164838,4,2026-09-09T01:35:18Z,Sweden,Belgium,1,1,3.21,3.72,2.09,1.69,1.31,1.24,1.58,2.35,1.53,2.45,Non,Oui,Non,Oui,Non,Home,87,"[84, 87]",True
6944e7fdd25fb6a1,coupe-du-monde,164838,4,2026-09-09T01:35:18Z,Senegal,Canada,1,2,1.93,3.85,3.56,1.26,1.81,1.23,1.54,2.44,1.53,2.46,Oui,Oui,Non,Non,Oui,Home,89,"[15, 43, 89]",True
cf80d175c41848e8,coupe-du-monde,164838,4,2026-09-09T01:35:18Z,Ghana,Norway,2,1,4.25,4.15,1.71,2.06,1.19,1.2,1.47,2.63,1.53,2.45,Oui,Oui,Oui,Non,Non,Home,59,"[10, 55, 59]",True
02c99ddfc8481004,coupe-du-monde,164838,4,2026-09-09T01:35:18Z,Korea Republic,Austria,3,1,2.81,3.77,2.28,1.58,1.39,1.23,1.51,2.52,1.47,2.63,Oui,Oui,Oui,Non,Non,Home,77,"[14, 18, 53, 77]",True
939bb4b46df7c92e,coupe-du-monde,164838,4,2026-09-09T01:35:18Z,Jordan,Portugal,2,2,6.08,4.78,1.46,2.63,1.1,1.15,1.42,2.82,1.62,2.25,Oui,Oui,Non,Oui,Non,Home,66,"[2, 28, 44, 66]",True
084e16092e398a88,coupe-du-monde,164838,4,2026-09-09T01:35:18Z,Ecuador,Colombia,1,5,3.03,3.88,2.12,1.67,1.34,1.22,1.46,2.65,1.45,2.69,Oui,Oui,Non,Non,Oui,Away,81,"[33, 37, 44, 48, 79, 81]",True
db91159fc520f9fa,coupe-du-monde,164838,4,2026-09-09T01:35:18Z,Algeria,Germany,1,1,3.59,4.17,1.84,1.9,1.26,1.2,1.38,2.97,1.43,2.78,Non,Oui,Non,Oui,Non,Away,28,"[27, 28]",True
8abff879117a6686,coupe-du-monde,164838,4,2026-09-09T01:35:18Z,Iraq,France,0,3,7.72,5.28,1.35,3.08,1.05,1.13,1.4,2.89,1.73,2.07,Oui,Non,Non,Non,Oui,Away,76,"[7, 20, 76]",True
81465529f02327d9,coupe-du-monde,164838,4,2026-09-09T01:35:18Z,USA,Japan,0,4,2.85,3.84,2.23,1.61,1.38,1.23,1.48,2.61,1.45,2.69,Oui,Non,Non,Non,Oui,Away,73,"[16, 32, 61, 73]",True
0129bc1d0690789f,coupe-du-monde,164838,4,2026-09-09T01:35:18Z,Croatia,Paraguay,1,1,1.9,3.81,3.69,1.24,1.84,1.23,1.58,2.35,1.56,2.38,Non,Oui,Non,Oui,Non,Away,60,"[39, 60]",True
23f4a0ea351cc450,coupe-du-monde,164838,4,2026-09-09T01:35:18Z,Cote d'Ivoire,Tunisia,3,1,2.48,3.43,2.74,1.41,1.49,1.28,1.75,2.04,1.62,2.25,Oui,Oui,Oui,Non,Non,Home,64,"[30, 39, 47, 64]",True
f7e5898fe6eb83cc,coupe-du-monde,164838,4,2026-09-09T01:35:18Z,Brazil,Egypt,2,1,1.71,4.22,4.22,1.19,2.07,1.19,1.43,2.76,1.5,2.53,Oui,Oui,Oui,Non,Non,Home,88,"[59, 61, 88]",True
ee78baaf337bc9ee,coupe-du-monde,164838,4,2026-09-09T01:35:18Z,Bosnia-Herzegovina,Saudi Arabia,0,0,2.65,3.62,2.46,1.5,1.44,1.25,1.6,2.3,1.53,2.47,Non,Non,Non,Oui,Non,,,[],True
e23b69c8af04ccd2,coupe-du-monde,164838,4,2026-09-09T01:35:18Z,Haiti,Uruguay,1,2,8.14,5.12,1.35,3.09,1.05,1.13,1.48,2.61,1.84,1.94,Oui,Oui,Non,Non,Oui,Away,57,"[18, 34, 57]",True
94129aa229d04732,coupe-du-monde,164838,4,2026-09-09T01:35:18Z,Netherlands,Qatar,2,2,1.78,4.2,3.83,1.23,1.97,1.19,1.4,2.91,1.45,2.69,Oui,Oui,Non,Oui,Non,Home,59,"[5, 50, 50, 59]",True
eac8569c9bed7729,coupe-du-monde,164838,4,2026-09-09T01:35:18Z,Morocco,Spain,1,3,3.15,3.2,2.32,1.56,1.32,1.31,2.04,1.76,1.81,1.98,Oui,Oui,Non,Non,Oui,Home,52,"[38, 40, 42, 52]",True
c5c4b35e5a8556b5,coupe-du-monde,164838,4,2026-09-09T01:35:18Z,Turkiye,Panama,2,2,1.93,3.79,3.58,1.26,1.81,1.23,1.58,2.35,1.55,2.4,Oui,Oui,Non,Oui,Non,Home,76,"[4, 8, 15, 76]",True
663ed336c3d1c195,coupe-du-monde,164838,4,2026-09-09T01:35:18Z,Cabo Verde,South Africa,1,0,2.3,3.5,2.94,1.36,1.57,1.27,1.71,2.11,1.6,2.3,Non,Non,Oui,Non,Non,Home,86,[86],True
b56a68e61192bad5,coupe-du-monde,164838,4,2026-09-09T01:35:18Z,England,New Zealand,3,0,1.34,5.28,8.03,1.05,3.13,1.13,1.43,2.79,1.78,2.01,Oui,Non,Oui,Non,Non,Home,88,"[13, 77, 88]",True
23d7699af9f9b0d6,coupe-du-monde,164838,4,2026-09-09T01:35:18Z,Uzbekistan,Mexico,0,1,4.32,4.12,1.71,2.07,1.18,1.2,1.49,2.58,1.55,2.42,Non,Non,Non,Non,Oui,Away,69,[69],True
ebb186820b8cbe16,coupe-du-monde,164838,4,2026-09-09T01:35:18Z,Switzerland,IR Iran,2,0,2.13,3.48,3.31,1.29,1.66,1.27,1.76,2.03,1.65,2.2,Non,Non,Oui,Non,Non,Home,88,"[49, 88]",True
f3167bf9c3335e0c,coupe-du-monde,164838,7,2026-09-09T01:41:18Z,Canada,Iraq,1,1,2.21,3.7,2.95,1.36,1.61,1.24,1.56,2.38,1.51,2.51,Non,Oui,Non,Oui,Non,Away,47,"[10, 47]",True
0b13225861dc5948,coupe-du-monde,164838,7,2026-09-09T01:41:18Z,Portugal,Czechia,0,0,1.64,4.41,4.44,1.18,2.17,1.18,1.38,2.97,1.48,2.6,Non,Non,Non,Oui,Non,,,[],True
890fbfb0571b4113,coupe-du-monde,164838,7,2026-09-09T01:41:18Z,Congo DR,Sweden,0,2,3.85,3.81,1.86,1.88,1.23,1.23,1.59,2.31,1.58,2.33,Non,Non,Non,Non,Oui,Away,62,"[51, 62]",True
747265da249d4297,coupe-du-monde,164838,7,2026-09-09T01:41:18Z,Uruguay,Croatia,3,1,2.11,3.65,3.21,1.31,1.68,1.25,1.62,2.26,1.56,2.39,Oui,Oui,Oui,Non,Non,Away,86,"[1, 63, 72, 86]",True
bba9811153852514,coupe-du-monde,164838,7,2026-09-09T01:41:18Z,Argentina,Morocco,3,1,2.63,3.46,2.56,1.47,1.44,1.27,1.73,2.07,1.61,2.28,Oui,Oui,Oui,Non,Non,Home,87,"[7, 16, 81, 87]",True
0098766e939cf1eb,coupe-du-monde,164838,7,2026-09-09T01:41:18Z,South Africa,Jordan,5,0,2.7,3.38,2.54,1.47,1.42,1.28,1.8,1.99,1.65,2.21,Oui,Non,Oui,Non,Non,Home,80,"[40, 41, 41, 59, 80]",True
fd0c25723a8ee293,coupe-du-monde,164838,7,2026-09-09T01:41:18Z,Qatar,Ecuador,1,3,2.77,3.76,2.31,1.57,1.4,1.24,1.51,2.52,1.47,2.63,Oui,Oui,Non,Non,Oui,Home,65,"[11, 39, 65, 65]",True
ec6aaa0fff919343,coupe-du-monde,164838,7,2026-09-09T01:41:18Z,Spain,Haiti,3,1,1.18,7.02,14.64,0.99,4.66,1.07,1.38,3.0,2.17,1.67,Oui,Oui,Oui,Non,Non,Home,79,"[9, 16, 54, 79]",True
32d5ed81394ec304,coupe-du-monde,164838,7,2026-09-09T01:41:18Z,Belgium,Cote d'Ivoire,3,0,2.01,3.85,3.3,1.3,1.74,1.23,1.51,2.52,1.49,2.56,Oui,Non,Oui,Non,Non,Home,57,"[16, 37, 57]",True
48b6e76f6d1e79bc,coupe-du-monde,164838,7,2026-09-09T01:41:18Z,Mexico,Bosnia-Herzegovina,3,1,1.75,4.08,4.1,1.2,2.01,1.2,1.48,2.6,1.53,2.47,Oui,Oui,Oui,Non,Non,Away,53,"[30, 35, 36, 53]",True
b58a4148afc1cfe3,coupe-du-monde,164838,7,2026-09-09T01:41:18Z,Saudi Arabia,Germany,1,3,5.07,4.63,1.55,2.38,1.14,1.16,1.37,3.01,1.52,2.49,Oui,Oui,Non,Non,Oui,Away,77,"[43, 45, 50, 77]",True
ba92049544d7932a,coupe-du-monde,164838,7,2026-09-09T01:41:18Z,Cabo Verde,Netherlands,1,1,4.51,4.3,1.65,2.16,1.17,1.19,1.44,2.75,1.53,2.47,Non,Oui,Non,Oui,Non,Home,82,"[7, 82]",True
b419f5a70b1ad049,coupe-du-monde,164838,7,2026-09-09T01:41:18Z,Austria,Switzerland,1,0,2.88,3.56,2.32,1.56,1.38,1.26,1.66,2.19,1.57,2.37,Non,Non,Oui,Non,Non,Home,52,[52],True
975216c083ccdb1a,coupe-du-monde,164838,7,2026-09-09T01:41:18Z,Colombia,Brazil,0,4,3.28,4.18,1.94,1.8,1.3,1.2,1.35,3.12,1.39,2.93,Oui,Non,Non,Non,Oui,Away,89,"[31, 40, 51, 89]",True
a20178de32605186,coupe-du-monde,164838,7,2026-09-09T01:41:18Z,Panama,Korea Republic,1,2,4.12,3.84,1.8,1.95,1.2,1.23,1.62,2.26,1.62,2.26,Oui,Oui,Non,Non,Oui,Home,75,"[26, 44, 75]",True
1f455ecbcfaa92ac,coupe-du-monde,164838,7,2026-09-09T01:41:18Z,Japan,Uzbekistan,0,0,1.68,4.05,4.59,1.17,2.11,1.21,1.55,2.41,1.61,2.28,Non,Non,Non,Oui,Non,,,[],True
3ad75964a528fe7a,coupe-du-monde,164838,7,2026-09-09T01:41:18Z,Tunisia,England,0,4,5.15,4.15,1.6,2.26,1.13,1.2,1.57,2.36,1.67,2.17,Oui,Non,Non,Non,Oui,Away,70,"[26, 62, 67, 70]",True
de05b893856f894c,coupe-du-monde,164838,7,2026-09-09T01:41:18Z,Australia,Turkiye,2,1,2.37,3.81,2.66,1.43,1.54,1.23,1.48,2.61,1.45,2.71,Oui,Oui,Oui,Non,Non,Home,43,"[24, 37, 43]",True
197b709cfe1adb18,coupe-du-monde,164838,7,2026-09-09T01:41:18Z,Egypt,New Zealand,1,1,1.77,3.81,4.32,1.18,1.99,1.23,1.66,2.18,1.66,2.18,Non,Oui,Non,Oui,Non,Away,43,"[39, 43]",True
df325adb0b939661,coupe-du-monde,164838,7,2026-09-09T01:41:18Z,Norway,USA,1,0,2.24,3.9,2.8,1.4,1.6,1.22,1.44,2.75,1.43,2.79,Non,Non,Oui,Non,Non,Home,20,[20],True
9b0641d0c864c914,coupe-du-monde,164838,7,2026-09-09T01:41:18Z,Ghana,Scotland,2,2,3.01,3.75,2.17,1.64,1.35,1.24,1.53,2.45,1.5,2.56,Oui,Oui,Non,Oui,Non,Home,66,"[29, 47, 48, 66]",True
e8b570657239cac9,coupe-du-monde,164838,7,2026-09-09T01:41:18Z,Paraguay,France,0,4,7.11,5.29,1.37,2.98,1.07,1.13,1.36,3.1,1.65,2.21,Oui,Non,Non,Non,Oui,Away,84,"[19, 63, 78, 84]",True
079c2a01acd5d419,coupe-du-monde,164838,7,2026-09-09T01:41:18Z,IR Iran,Algeria,1,1,2.47,3.57,2.67,1.43,1.5,1.26,1.64,2.22,1.55,2.4,Non,Oui,Non,Oui,Non,Away,66,"[16, 66]",True
abe5e46fa74efd44,coupe-du-monde,164838,7,2026-09-09T01:41:18Z,Curacao,Senegal,2,4,7.51,4.76,1.4,2.86,1.06,1.16,1.55,2.41,1.85,1.93,Oui,Oui,Non,Non,Oui,Home,88,"[19, 20, 32, 63, 64, 88]",True
7ef9689aec00a589,coupe-du-monde,164838,9,2026-09-09T01:45:18Z,Panama,Haiti,0,0,2.3,3.42,3.0,1.35,1.57,1.28,1.79,2.0,1.65,2.2,Non,Non,Non,Oui,Non,,,[],True
0ddb9b0d33f54d9b,coupe-du-monde,164838,9,2026-09-09T01:45:18Z,Cabo Verde,Korea Republic,2,3,3.14,3.7,2.13,1.67,1.32,1.24,1.59,2.33,1.53,2.45,Oui,Oui,Non,Non,Oui,Home,86,"[18, 29, 44, 76, 86]",True
acebc6a8d01801fd,coupe-du-monde,164838,9,2026-09-09T01:45:18Z,Uruguay,New Zealand,2,2,1.43,4.65,6.85,1.07,2.72,1.16,1.53,2.46,1.78,2.01,Oui,Oui,Non,Oui,Non,Away,86,"[7, 54, 60, 86]",True
2bfa0e7ac6cdd226,coupe-du-monde,164838,9,2026-09-09T01:45:18Z,Argentina,Ecuador,1,2,1.57,4.59,4.84,1.15,2.31,1.17,1.36,3.06,1.5,2.55,Oui,Oui,Non,Non,Oui,Home,82,"[11, 58, 82]",True
21ebed2637b2cb88,coupe-du-monde,164838,9,2026-09-09T01:45:18Z,Qatar,Switzerland,1,4,3.86,3.82,1.85,1.88,1.23,1.23,1.59,2.31,1.59,2.33,Oui,Oui,Non,Non,Oui,Away,76,"[8, 24, 36, 58, 76]",True
ab025c239e61da9b,coupe-du-monde,164838,9,2026-09-09T01:45:18Z,IR Iran,France,2,2,5.53,4.48,1.52,2.43,1.12,1.17,1.47,2.64,1.62,2.25,Oui,Oui,Non,Oui,Non,Away,57,"[41, 44, 48, 57]",True
4328b0b666025cc2,coupe-du-monde,164838,9,2026-09-09T01:45:18Z,South Africa,Scotland,1,3,3.25,3.72,2.07,1.7,1.3,1.24,1.58,2.34,1.54,2.44,Oui,Oui,Non,Non,Oui,Away,81,"[1, 66, 72, 81]",True
74c0ff90042aa265,coupe-du-monde,164838,9,2026-09-09T01:45:18Z,Congo DR,Senegal,0,1,4.3,3.87,1.76,2.0,1.19,1.22,1.62,2.26,1.63,2.23,Non,Non,Non,Non,Oui,Away,43,[43],True
bed1f0e5daba03a4,coupe-du-monde,164838,9,2026-09-09T01:45:18Z,Spain,Brazil,1,1,1.96,4.01,3.33,1.29,1.79,1.21,1.43,2.77,1.45,2.71,Non,Oui,Non,Oui,Non,Away,61,"[13, 61]",True
863428565bee853d,coupe-du-monde,164838,9,2026-09-09T01:45:18Z,Mexico,England,1,1,3.5,4.01,1.91,1.83,1.27,1.21,1.45,2.7,1.47,2.64,Non,Oui,Non,Oui,Non,Home,86,"[52, 86]",True
a6d048cc7f6b89e9,coupe-du-monde,164838,9,2026-09-09T01:45:18Z,Curacao,Bosnia-Herzegovina,0,3,4.13,3.79,1.81,1.94,1.2,1.23,1.65,2.21,1.64,2.22,Oui,Non,Non,Non,Oui,Away,62,"[49, 50, 62]",True
448e17b6570ab01e,coupe-du-monde,164838,9,2026-09-09T01:45:18Z,Canada,Germany,1,3,3.96,4.34,1.73,2.03,1.22,1.18,1.36,3.06,1.44,2.73,Oui,Oui,Non,Non,Oui,Away,82,"[1, 52, 77, 82]",True
76f93086a6c16295,coupe-du-monde,164838,9,2026-09-09T01:45:18Z,Jordan,USA,1,1,3.99,3.93,1.8,1.94,1.21,1.22,1.54,2.42,1.56,2.38,Non,Oui,Non,Oui,Non,Home,36,"[27, 36]",True
6d0bd9366029c8c7,coupe-du-monde,164838,9,2026-09-09T01:45:18Z,Norway,Sweden,1,1,2.25,3.8,2.84,1.39,1.59,1.23,1.5,2.55,1.47,2.65,Non,Oui,Non,Oui,Non,Home,40,"[38, 40]",True
59e8eb567291426c,coupe-du-monde,164838,9,2026-09-09T01:45:18Z,Japan,Cote d'Ivoire,1,0,2.12,3.75,3.1,1.33,1.67,1.24,1.55,2.42,1.51,2.52,Non,Non,Oui,Non,Non,Home,3,[3],True
411663dfb3daa381,coupe-du-monde,164838,9,2026-09-09T01:45:18Z,Belgium,Iraq,2,0,1.67,4.07,4.63,1.16,2.13,1.21,1.55,2.41,1.61,2.27,Non,Non,Oui,Non,Non,Home,81,"[36, 81]",True
130c8b0b802f0583,coupe-du-monde,164838,9,2026-09-09T01:45:18Z,Tunisia,Paraguay,3,2,2.44,3.42,2.8,1.4,1.51,1.28,1.77,2.02,1.63,2.23,Oui,Oui,Oui,Non,Non,Home,87,"[28, 36, 66, 71, 87]",True
80e8fc1bc1aefea5,coupe-du-monde,164838,9,2026-09-09T01:45:18Z,Austria,Croatia,2,1,2.71,3.63,2.41,1.52,1.42,1.25,1.6,2.3,1.53,2.47,Oui,Oui,Oui,Non,Non,Home,88,"[10, 81, 88]",True
78eab63e3cdad5e5,coupe-du-monde,164838,9,2026-09-09T01:45:18Z,Colombia,Algeria,3,0,2.05,3.89,3.17,1.32,1.71,1.22,1.47,2.63,1.46,2.65,Oui,Non,Oui,Non,Non,Home,63,"[25, 29, 63]",True
6d79c5f6455ced4f,coupe-du-monde,164838,9,2026-09-09T01:45:18Z,Australia,Morocco,1,2,5.01,3.7,1.69,2.09,1.14,1.24,1.83,1.95,1.83,1.94,Oui,Oui,Non,Non,Oui,Away,89,"[20, 65, 89]",True
2250d7485cb5224d,coupe-du-monde,164838,9,2026-09-09T01:45:18Z,Egypt,Saudi Arabia,0,2,2.02,3.65,3.43,1.28,1.73,1.25,1.65,2.21,1.59,2.32,Non,Non,Non,Non,Oui,Away,52,"[46, 52]",True
6ff606ba6f6d25c4,coupe-du-monde,164838,9,2026-09-09T01:45:18Z,Ghana,Czechia,2,0,3.15,3.69,2.12,1.67,1.32,1.24,1.58,2.34,1.53,2.46,Non,Non,Oui,Non,Non,Home,77,"[53, 77]",True
f4ada93749b003d4,coupe-du-monde,164838,9,2026-09-09T01:45:18Z,Turkiye,Netherlands,2,1,3.66,4.18,1.83,1.91,1.25,1.2,1.39,2.95,1.44,2.75,Oui,Oui,Oui,Non,Non,Home,82,"[47, 62, 82]",True
3022d40e21f83d7a,coupe-du-monde,164838,9,2026-09-09T01:45:18Z,Portugal,Uzbekistan,2,3,1.46,4.86,5.85,1.1,2.61,1.15,1.37,3.02,1.57,2.36,Oui,Oui,Non,Non,Oui,Away,80,"[6, 14, 56, 56, 80]",True
79db7f04dc0df9cc,coupe-du-monde,164838,12,2026-09-09T01:51:18Z,Korea Republic,Netherlands,1,2,3.45,4.09,1.9,1.84,1.28,1.2,1.4,2.88,1.44,2.75,Oui,Oui,Non,Non,Oui,Home,78,"[49, 70, 78]",True
7d551244c8f8c500,coupe-du-monde,164838,12,2026-09-09T01:51:18Z,Croatia,Panama,1,2,1.63,4.01,5.05,1.14,2.19,1.21,1.63,2.24,1.7,2.12,Oui,Oui,Non,Non,Oui,Home,60,"[43, 58, 60]",True
6eea2fd344549929,coupe-du-monde,164838,12,2026-09-09T01:51:18Z,Iraq,Congo DR,1,2,2.3,3.55,2.91,1.37,1.57,1.26,1.67,2.18,1.57,2.36,Oui,Oui,Non,Non,Oui,Away,90,"[11, 66, 90]",True
abf8c0a6bc5043ce,coupe-du-monde,164838,12,2026-09-09T01:51:18Z,Ecuador,Turkiye,2,0,2.29,3.78,2.78,1.4,1.57,1.23,1.5,2.54,1.47,2.65,Non,Non,Oui,Non,Non,Home,56,"[52, 56]",True
8bc084cd2412b3ee,coupe-du-monde,164838,12,2026-09-09T01:51:18Z,Senegal,Ghana,1,1,1.75,3.91,4.28,1.19,2.01,1.22,1.59,2.32,1.61,2.27,Non,Oui,Non,Oui,Non,Home,84,"[10, 84]",True
15d5426b14f604e5,coupe-du-monde,164838,12,2026-09-09T01:51:18Z,Bosnia-Herzegovina,Portugal,1,4,5.9,5.01,1.45,2.66,1.1,1.14,1.34,3.19,1.55,2.4,Oui,Oui,Non,Non,Oui,Away,90,"[24, 32, 37, 64, 90]",True
7e0b3121e3fb737a,coupe-du-monde,164838,12,2026-09-09T01:51:18Z,Switzerland,Cabo Verde,1,2,1.83,3.67,4.16,1.2,1.91,1.25,1.73,2.07,1.7,2.13,Oui,Oui,Non,Non,Oui,Away,53,"[48, 51, 53]",True
aa5d0f4acdff799f,coupe-du-monde,164838,12,2026-09-09T01:51:18Z,Czechia,USA,2,1,2.83,3.85,2.24,1.6,1.39,1.23,1.47,2.64,1.45,2.71,Oui,Oui,Oui,Non,Non,Away,50,"[30, 36, 50]",True
5f2844b1f2df6b6f,coupe-du-monde,164838,12,2026-09-09T01:51:18Z,Haiti,Australia,3,2,5.08,4.2,1.6,2.26,1.14,1.19,1.54,2.43,1.64,2.22,Oui,Oui,Oui,Non,Non,Away,80,"[20, 35, 43, 49, 80]",True
93e8f43aa5900431,coupe-du-monde,164838,12,2026-09-09T01:51:18Z,England,Japan,2,0,1.97,3.93,3.35,1.29,1.77,1.22,1.47,2.62,1.47,2.62,Non,Non,Oui,Non,Non,Home,33,"[23, 33]",True
9ff359918b2f76a5,coupe-du-monde,164838,12,2026-09-09T01:51:18Z,Saudi Arabia,Colombia,2,1,4.17,4.12,1.73,2.03,1.2,1.2,1.48,2.61,1.53,2.46,Oui,Oui,Oui,Non,Non,Away,78,"[15, 28, 78]",True
f09e694f920398fe,coupe-du-monde,164838,12,2026-09-09T01:51:18Z,Paraguay,Belgium,1,2,4.03,4.02,1.78,1.98,1.21,1.21,1.5,2.54,1.54,2.45,Oui,Oui,Non,Non,Oui,Home,90,"[80, 88, 90]",True
124b3b792086ef3e,coupe-du-monde,164838,12,2026-09-09T01:51:18Z,Egypt,Mexico,1,4,2.98,3.68,2.21,1.62,1.36,1.25,1.58,2.35,1.52,2.49,Oui,Oui,Non,Non,Oui,Home,68,"[30, 31, 53, 61, 68]",True
d03bd40d153effb3,coupe-du-monde,164838,12,2026-09-09T01:51:18Z,Algeria,Qatar,2,2,2.4,3.72,2.67,1.43,1.53,1.24,1.54,2.45,1.49,2.58,Oui,Oui,Non,Oui,Non,Home,83,"[24, 61, 64, 83]",True
a4e75fdbe49eb288,coupe-du-monde,164838,12,2026-09-09T01:51:18Z,Brazil,Argentina,2,2,2.86,4.23,2.11,1.67,1.38,1.19,1.3,3.44,1.34,3.18,Oui,Oui,Non,Oui,Non,Home,90,"[4, 57, 78, 90]",True
60cddbc2e0b12215,coupe-du-monde,164838,12,2026-09-09T01:51:18Z,New Zealand,Spain,0,4,12.08,6.24,1.22,4.04,1.0,1.09,1.42,2.83,2.05,1.75,Oui,Non,Non,Non,Oui,Away,53,"[14, 38, 52, 53]",True
caf8da815155c72d,coupe-du-monde,164838,12,2026-09-09T01:51:18Z,Morocco,South Africa,2,1,1.41,4.39,8.29,1.04,2.82,1.18,1.78,2.01,2.11,1.71,Oui,Oui,Oui,Non,Non,Away,56,"[19, 43, 56]",True
ef473b49dbbc789d,coupe-du-monde,164838,12,2026-09-09T01:51:18Z,Tunisia,Uruguay,1,1,4.53,3.84,1.73,2.04,1.17,1.23,1.67,2.17,1.68,2.15,Non,Oui,Non,Oui,Non,Away,85,"[23, 85]",True
161058ab5671d665,coupe-du-monde,164838,12,2026-09-09T01:51:18Z,Uzbekistan,Jordan,1,1,2.63,3.46,2.56,1.47,1.45,1.27,1.73,2.08,1.61,2.29,Non,Oui,Non,Oui,Non,Away,43,"[11, 43]",True
c1a5da1b1d9e755d,coupe-du-monde,164838,12,2026-09-09T01:51:18Z,IR Iran,Canada,1,2,2.25,3.69,2.9,1.37,1.6,1.24,1.56,2.38,1.51,2.51,Oui,Oui,Non,Non,Oui,Away,60,"[18, 21, 60]",True
59675232179f037a,coupe-du-monde,164838,12,2026-09-09T01:51:18Z,Germany,Curacao,3,1,1.28,5.85,9.3,1.03,3.53,1.1,1.37,3.05,1.81,1.97,Oui,Oui,Oui,Non,Non,Home,83,"[38, 50, 72, 83]",True
3ff3091d68fc1169,coupe-du-monde,164838,12,2026-09-09T01:51:18Z,Sweden,Scotland,3,0,2.13,3.74,3.09,1.33,1.66,1.24,1.55,2.42,1.51,2.52,Oui,Non,Oui,Non,Non,Home,90,"[5, 70, 90]",True
a27003ce8add0fc2,coupe-du-monde,164838,12,2026-09-09T01:51:18Z,Cote d'Ivoire,Norway,2,1,3.1,3.9,2.08,1.69,1.33,1.22,1.46,2.66,1.45,2.69,Oui,Oui,Oui,Non,Non,Home,88,"[20, 52, 88]",True
b77db6e0dc9215ad,coupe-du-monde,164838,12,2026-09-09T01:51:18Z,France,Austria,4,0,1.57,4.5,4.96,1.14,2.32,1.17,1.41,2.87,1.54,2.45,Oui,Non,Oui,Non,Non,Home,82,"[43, 44, 53, 82]",True
921ef5b1b729fc59,coupe-du-monde,164838,14,2026-09-09T01:55:18Z,France,Qatar,3,1,1.37,5.35,7.06,1.07,2.98,1.12,1.34,3.17,1.64,2.22,Oui,Oui,Oui,Non,Non,Home,89,"[16, 74, 87, 89]",True
9fd85de96e62d5f4,coupe-du-monde,164838,14,2026-09-09T01:55:18Z,IR Iran,Belgium,3,0,3.17,3.68,2.11,1.67,1.32,1.24,1.6,2.31,1.54,2.43,Oui,Non,Oui,Non,Non,Home,90,"[50, 76, 90]",True
6dc217e1b06090b0,coupe-du-monde,164838,14,2026-09-09T01:55:18Z,New Zealand,Panama,2,1,2.74,3.34,2.52,1.48,1.41,1.29,1.84,1.94,1.67,2.16,Oui,Oui,Oui,Non,Non,Home,67,"[26, 49, 67]",True
fc0067606f830b38,coupe-du-monde,164838,14,2026-09-09T01:55:18Z,Sweden,Czechia,1,2,2.42,3.61,2.7,1.42,1.52,1.25,1.61,2.28,1.53,2.45,Oui,Oui,Non,Non,Oui,Away,86,"[15, 40, 86]",True
f2b1a04986b62d79,coupe-du-monde,164838,14,2026-09-09T01:55:18Z,Haiti,Netherlands,1,3,7.05,5.12,1.38,2.91,1.07,1.14,1.4,2.9,1.68,2.15,Oui,Oui,Non,Non,Oui,Away,79,"[38, 40, 41, 79]",True
5649ecec015c7179,coupe-du-monde,164838,14,2026-09-09T01:55:18Z,Ecuador,Morocco,2,2,5.4,3.77,1.64,2.18,1.12,1.24,1.84,1.94,1.88,1.89,Oui,Oui,Non,Oui,Non,Away,80,"[11, 49, 70, 80]",True
a9044c1871f940fa,coupe-du-monde,164838,14,2026-09-09T01:55:18Z,Cote d'Ivoire,Jordan,0,4,2.01,3.65,3.48,1.27,1.75,1.25,1.65,2.2,1.59,2.31,Oui,Non,Non,Non,Oui,Away,78,"[26, 31, 50, 78]",True
77132d2e44c78577,coupe-du-monde,164838,14,2026-09-09T01:55:18Z,Canada,Colombia,2,1,3.58,4.0,1.89,1.85,1.26,1.21,1.46,2.65,1.48,2.59,Oui,Oui,Oui,Non,Non,Home,70,"[27, 50, 70]",True
7419e6b30209aa52,coupe-du-monde,164838,14,2026-09-09T01:55:18Z,Germany,Congo DR,1,1,1.48,4.74,5.73,1.11,2.55,1.16,1.4,2.89,1.59,2.32,Non,Oui,Non,Oui,Non,Home,82,"[69, 82]",True
5439653fb85df390,coupe-du-monde,164838,14,2026-09-09T01:55:18Z,Egypt,Curacao,2,3,1.53,4.21,5.95,1.1,2.42,1.19,1.63,2.23,1.78,2.01,Oui,Oui,Non,Non,Oui,Home,89,"[2, 11, 65, 72, 89]",True
f104d7f76d287c0b,coupe-du-monde,164838,14,2026-09-09T01:55:18Z,Uruguay,Mexico,0,1,2.03,3.83,3.25,1.3,1.73,1.23,1.51,2.5,1.5,2.56,Non,Non,Non,Non,Oui,Away,60,[60],True
fa4bf84cef5ec744,coupe-du-monde,164838,14,2026-09-09T01:55:18Z,Korea Republic,South Africa,1,1,1.91,3.81,3.65,1.25,1.83,1.23,1.58,2.35,1.56,2.39,Non,Oui,Non,Oui,Non,Home,88,"[46, 88]",True
46cfa6e4230cd283,coupe-du-monde,164838,14,2026-09-09T01:55:18Z,Uzbekistan,USA,2,2,3.71,4.08,1.83,1.91,1.24,1.2,1.44,2.73,1.48,2.61,Oui,Oui,Non,Oui,Non,Away,85,"[10, 17, 74, 85]",True
cf864700d7351fb8,coupe-du-monde,164838,14,2026-09-09T01:55:18Z,England,Portugal,1,2,2.36,4.05,2.57,1.46,1.54,1.21,1.36,3.08,1.37,3.01,Oui,Oui,Non,Non,Oui,Home,62,"[37, 45, 62]",True
08f9b991e007c0b3,coupe-du-monde,164838,14,2026-09-09T01:55:18Z,Tunisia,Austria,1,5,3.25,3.56,2.12,1.67,1.31,1.26,1.69,2.13,1.61,2.29,Oui,Oui,Non,Non,Oui,Home,71,"[23, 28, 43, 57, 63, 71]",True
067cf1c299a68491,coupe-du-monde,164838,14,2026-09-09T01:55:18Z,Croatia,Cabo Verde,1,1,1.85,3.74,3.96,1.22,1.89,1.24,1.65,2.19,1.63,2.24,Non,Oui,Non,Oui,Non,Home,79,"[77, 79]",True
9d979759b37af49e,coupe-du-monde,164838,14,2026-09-09T01:55:18Z,Paraguay,Japan,1,3,4.09,3.91,1.79,1.96,1.2,1.22,1.57,2.36,1.59,2.33,Oui,Oui,Non,Non,Oui,Away,83,"[6, 77, 78, 83]",True
b22807016057e615,coupe-du-monde,164838,14,2026-09-09T01:55:18Z,Brazil,Australia,4,1,1.71,4.33,4.11,1.2,2.07,1.18,1.38,2.99,1.46,2.67,Oui,Oui,Oui,Non,Non,Away,85,"[13, 43, 50, 79, 85]",True
77327bfb3cc4224e,coupe-du-monde,164838,14,2026-09-09T01:55:18Z,Bosnia-Herzegovina,Ghana,0,0,2.48,3.63,2.62,1.45,1.49,1.25,1.59,2.31,1.52,2.48,Non,Non,Non,Oui,Non,,,[],True
d0981fc3c54fb14a,coupe-du-monde,164838,14,2026-09-09T01:55:18Z,Switzerland,Turkiye,1,1,1.93,3.83,3.55,1.26,1.81,1.23,1.54,2.43,1.53,2.46,Non,Oui,Non,Oui,Non,Home,83,"[72, 83]",True
1405048558bd1059,coupe-du-monde,164838,14,2026-09-09T01:55:18Z,Iraq,Norway,0,2,3.89,3.94,1.82,1.92,1.22,1.22,1.53,2.46,1.55,2.42,Non,Non,Non,Non,Oui,Away,47,"[17, 47]",True
8c763b5446fb5bad,coupe-du-monde,164838,14,2026-09-09T01:55:18Z,Senegal,Scotland,2,2,2.01,3.77,3.36,1.29,1.74,1.24,1.56,2.38,1.53,2.46,Oui,Oui,Non,Oui,Non,Away,81,"[17, 54, 58, 81]",True
af1e564783c2555e,coupe-du-monde,164838,14,2026-09-09T01:55:18Z,Saudi Arabia,Spain,1,4,8.96,5.5,1.3,3.34,1.03,1.12,1.43,2.78,1.85,1.92,Oui,Oui,Non,Non,Oui,Away,87,"[3, 45, 68, 83, 87]",True
3723f7c012ddbe43,coupe-du-monde,164838,14,2026-09-09T01:55:18Z,Algeria,Argentina,1,2,4.85,4.5,1.58,2.29,1.15,1.17,1.39,2.91,1.52,2.48,Oui,Oui,Non,Non,Oui,Home,82,"[41, 56, 82]",True
a5e553557400d05d,coupe-du-monde,164838,17,2026-09-09T02:01:18Z,Morocco,Brazil,1,0,2.23,3.51,3.06,1.34,1.6,1.27,1.71,2.1,1.61,2.28,Non,Non,Oui,Non,Non,Home,78,[78],True
bb4c9bfc51e6e409,coupe-du-monde,164838,17,2026-09-09T02:01:18Z,Scotland,Iraq,2,0,2.22,3.7,2.94,1.36,1.61,1.24,1.56,2.38,1.51,2.51,Non,Non,Oui,Non,Non,Home,84,"[71, 84]",True
18f18c97b4e88d01,coupe-du-monde,164838,17,2026-09-09T02:01:18Z,Norway,Paraguay,1,2,1.91,3.98,3.52,1.27,1.83,1.21,1.46,2.66,1.48,2.61,Oui,Oui,Non,Non,Oui,Home,70,"[62, 65, 70]",True
f58802f8228194a0,coupe-du-monde,164838,17,2026-09-09T02:01:18Z,Panama,Tunisia,1,2,3.65,3.36,2.05,1.72,1.25,1.29,1.93,1.85,1.77,2.01,Oui,Oui,Non,Non,Oui,Away,75,"[7, 69, 75]",True
6201a74227c8613d,coupe-du-monde,164838,17,2026-09-09T02:01:18Z,Spain,Mexico,3,2,1.6,4.33,4.92,1.15,2.26,1.18,1.46,2.65,1.57,2.35,Oui,Oui,Oui,Non,Non,Away,81,"[39, 44, 45, 56, 81]",True
e6430e0d7a89d917,coupe-du-monde,164838,17,2026-09-09T02:01:18Z,USA,Bosnia-Herzegovina,2,3,1.86,4.01,3.65,1.25,1.87,1.21,1.46,2.66,1.49,2.58,Oui,Oui,Non,Non,Oui,Home,70,"[10, 34, 41, 62, 70]",True
bc6499fa60ab8bcd,coupe-du-monde,164838,17,2026-09-09T02:01:18Z,Netherlands,Croatia,2,1,2.27,3.79,2.82,1.39,1.59,1.23,1.5,2.55,1.47,2.65,Oui,Oui,Oui,Non,Non,Away,35,"[6, 22, 35]",True
44b0bb04df43e34c,coupe-du-monde,164838,17,2026-09-09T02:01:18Z,South Africa,Uzbekistan,0,1,2.67,3.55,2.47,1.5,1.43,1.26,1.65,2.2,1.56,2.39,Non,Non,Non,Non,Oui,Away,25,[25],True
8106417045ce9832,coupe-du-monde,164838,17,2026-09-09T02:01:18Z,Cabo Verde,France,2,1,7.89,5.31,1.34,3.12,1.05,1.13,1.4,2.88,1.75,2.05,Oui,Oui,Oui,Non,Non,Home,79,"[8, 54, 79]",True
cd2fb433e23cdd59,coupe-du-monde,164838,17,2026-09-09T02:01:18Z,Ghana,Germany,0,5,4.84,4.52,1.58,2.29,1.15,1.17,1.39,2.95,1.51,2.5,Oui,Non,Non,Non,Oui,Away,84,"[16, 17, 57, 60, 84]",True
7c5fe155e3fe1049,coupe-du-monde,164838,17,2026-09-09T02:01:18Z,Curacao,Colombia,1,0,7.63,5.07,1.37,2.99,1.06,1.14,1.45,2.69,1.77,2.01,Non,Non,Oui,Non,Non,Home,83,[83],True
983cb916a6eca2f1,coupe-du-monde,164838,17,2026-09-09T02:01:18Z,Japan,Uruguay,0,2,2.8,3.64,2.33,1.56,1.4,1.25,1.59,2.32,1.52,2.48,Non,Non,Non,Non,Oui,Away,88,"[74, 88]",True
1631028514f8c0fe,coupe-du-monde,164838,17,2026-09-09T02:01:18Z,Czechia,Cote d'Ivoire,0,1,2.55,3.66,2.53,1.48,1.47,1.25,1.57,2.37,1.5,2.53,Non,Non,Non,Non,Oui,Away,26,[26],True
ad3ec77ad03d725e,coupe-du-monde,164838,17,2026-09-09T02:01:18Z,Portugal,Egypt,0,2,1.74,4.2,4.04,1.21,2.02,1.19,1.42,2.8,1.48,2.59,Non,Non,Non,Non,Oui,Away,50,"[2, 50]",True
a6cff9cdf56438f6,coupe-du-monde,164838,17,2026-09-09T02:01:18Z,Austria,Belgium,0,3,3.01,3.76,2.17,1.64,1.35,1.24,1.53,2.46,1.49,2.56,Oui,Non,Non,Non,Oui,Away,38,"[20, 32, 38]",True
b43640b278d6a6b1,coupe-du-monde,164838,17,2026-09-09T02:01:18Z,Qatar,Canada,3,3,2.47,3.72,2.59,1.46,1.5,1.24,1.53,2.46,1.48,2.59,Oui,Oui,Non,Oui,Non,Home,90,"[8, 9, 22, 71, 75, 90]",True
8ad463f4779545d2,coupe-du-monde,164838,17,2026-09-09T02:01:18Z,Korea Republic,Switzerland,1,2,3.48,3.63,2.01,1.74,1.27,1.25,1.67,2.17,1.6,2.29,Oui,Oui,Non,Non,Oui,Away,90,"[76, 78, 90]",True
4fd81e1d23228558,coupe-du-monde,164838,17,2026-09-09T02:01:18Z,Congo DR,IR Iran,1,1,3.57,3.63,1.98,1.77,1.26,1.25,1.68,2.14,1.62,2.26,Non,Oui,Non,Oui,Non,Home,90,"[59, 90]",True
8d6adf8a8345a22c,coupe-du-monde,164838,17,2026-09-09T02:01:18Z,Jordan,England,1,1,6.54,4.73,1.44,2.69,1.08,1.16,1.48,2.62,1.71,2.11,Non,Oui,Non,Oui,Non,Away,58,"[48, 58]",True
345438adb4fbf9be,coupe-du-monde,164838,17,2026-09-09T02:01:18Z,Argentina,Saudi Arabia,6,0,1.34,5.49,7.62,1.06,3.13,1.12,1.35,3.15,1.68,2.16,Oui,Non,Oui,Non,Non,Home,80,"[21, 23, 44, 47, 70, 80]",True
da2c6dcb411def29,coupe-du-monde,164838,17,2026-09-09T02:01:18Z,Ecuador,Haiti,0,0,1.65,4.04,4.82,1.15,2.16,1.21,1.59,2.32,1.66,2.19,Non,Non,Non,Oui,Non,,,[],True
049a67db6b34c59b,coupe-du-monde,164838,17,2026-09-09T02:01:18Z,Sweden,Senegal,1,0,2.7,3.56,2.44,1.51,1.42,1.26,1.65,2.2,1.56,2.39,Non,Non,Oui,Non,Non,Home,59,[59],True
28ef12eb783d9d11,coupe-du-monde,164838,17,2026-09-09T02:01:18Z,Turkiye,Algeria,2,4,2.58,3.74,2.47,1.5,1.46,1.24,1.52,2.48,1.48,2.61,Oui,Oui,Non,Non,Oui,Away,90,"[22, 27, 30, 84, 84, 90]",True
9f48fea0f5e65358,coupe-du-monde,164838,17,2026-09-09T02:01:18Z,Australia,New Zealand,3,1,1.8,3.85,4.08,1.2,1.94,1.23,1.6,2.31,1.6,2.3,Oui,Oui,Oui,Non,Non,Home,84,"[2, 30, 47, 84]",True
c3c2cc96f4526fb0,coupe-du-monde,164838,19,2026-09-09T02:05:18Z,Jordan,Paraguay,1,2,2.89,3.56,2.3,1.57,1.37,1.26,1.65,2.2,1.57,2.37,Oui,Oui,Non,Non,Oui,Away,79,"[9, 46, 79]",True
94916d1574d1985c,coupe-du-monde,164838,19,2026-09-09T02:05:18Z,Ecuador,Brazil,1,1,4.01,4.26,1.74,2.03,1.21,1.19,1.39,2.93,1.46,2.66,Non,Oui,Non,Oui,Non,Home,34,"[22, 34]",True
e483415ab21d5f61,coupe-du-monde,164838,19,2026-09-09T02:05:18Z,Korea Republic,Croatia,1,1,3.21,3.71,2.09,1.69,1.31,1.24,1.58,2.33,1.54,2.44,Non,Oui,Non,Oui,Non,Away,35,"[30, 35]",True
84f37b5c1b8f2948,coupe-du-monde,164838,19,2026-09-09T02:05:18Z,Panama,Mexico,1,2,4.64,4.02,1.68,2.11,1.16,1.21,1.58,2.35,1.63,2.23,Oui,Oui,Non,Non,Oui,Away,66,"[41, 45, 66]",True
de1eacb582fa100f,coupe-du-monde,164838,19,2026-09-09T02:05:18Z,Sweden,Bosnia-Herzegovina,1,1,1.99,3.72,3.45,1.27,1.76,1.24,1.6,2.3,1.56,2.38,Non,Oui,Non,Oui,Non,Home,55,"[23, 55]",True
374dc9e3ada81416,coupe-du-monde,164838,19,2026-09-09T02:05:18Z,Cabo Verde,Tunisia,2,2,3.03,3.37,2.31,1.57,1.34,1.29,1.83,1.95,1.68,2.15,Oui,Oui,Non,Oui,Non,Home,80,"[2, 44, 47, 80]",True
d1b96ce61f5b7c16,coupe-du-monde,164838,19,2026-09-09T02:05:18Z,Czechia,Iraq,1,1,2.27,3.57,2.95,1.36,1.59,1.26,1.66,2.19,1.57,2.37,Non,Oui,Non,Oui,Non,Away,37,"[30, 37]",True
deca98593d8fab62,coupe-du-monde,164838,19,2026-09-09T02:05:18Z,Portugal,Uruguay,3,2,2.28,3.93,2.72,1.42,1.58,1.22,1.42,2.8,1.42,2.82,Oui,Oui,Oui,Non,Non,Home,89,"[42, 44, 45, 50, 89]",True
afbf9d5e98c7fc5a,coupe-du-monde,164838,19,2026-09-09T02:05:18Z,Ghana,Egypt,2,2,3.46,3.68,2.0,1.75,1.27,1.24,1.63,2.24,1.58,2.34,Oui,Oui,Non,Oui,Non,Away,90,"[13, 42, 49, 90]",True
bb25e827ddbaefd9,coupe-du-monde,164838,19,2026-09-09T02:05:18Z,South Africa,Senegal,2,1,4.34,3.82,1.76,2.0,1.18,1.23,1.65,2.2,1.66,2.19,Oui,Oui,Oui,Non,Non,Home,66,"[15, 46, 66]",True
21b6e699c24311e8,coupe-du-monde,164838,19,2026-09-09T02:05:18Z,Scotland,Germany,2,2,3.79,4.21,1.79,1.96,1.23,1.19,1.39,2.92,1.45,2.7,Oui,Oui,Non,Oui,Non,Home,67,"[4, 14, 55, 67]",True
b57e20e532968b2f,coupe-du-monde,164838,19,2026-09-09T02:05:18Z,USA,England,3,1,3.7,4.21,1.81,1.93,1.24,1.19,1.38,2.98,1.43,2.76,Oui,Oui,Oui,Non,Non,Away,86,"[22, 59, 79, 86]",True
2a0d7d7cc0d7ef2b,coupe-du-monde,164838,19,2026-09-09T02:05:18Z,Turkiye,France,1,2,5.98,5.13,1.43,2.71,1.1,1.13,1.32,3.31,1.55,2.42,Oui,Oui,Non,Non,Oui,Home,42,"[14, 36, 42]",True
60eaf3aadc3ed0a8,coupe-du-monde,164838,19,2026-09-09T02:05:18Z,Uzbekistan,Cote d'Ivoire,2,1,3.38,3.86,1.98,1.77,1.28,1.23,1.51,2.52,1.5,2.55,Oui,Oui,Oui,Non,Non,Away,69,"[24, 67, 69]",True
7587f64653071d33,coupe-du-monde,164838,19,2026-09-09T02:05:18Z,Qatar,Belgium,2,0,3.73,3.97,1.85,1.89,1.24,1.21,1.5,2.56,1.51,2.51,Non,Non,Oui,Non,Non,Home,76,"[57, 76]",True
fde550d2ac4fdd2c,coupe-du-monde,164838,19,2026-09-09T02:05:18Z,Morocco,Algeria,1,0,1.66,3.7,5.36,1.12,2.15,1.24,1.88,1.89,1.9,1.87,Non,Non,Oui,Non,Non,Home,20,[20],True
cdeccc7c848d15cd,coupe-du-monde,164838,19,2026-09-09T02:05:18Z,Japan,Austria,1,0,2.23,3.66,2.96,1.36,1.61,1.25,1.59,2.32,1.53,2.46,Non,Non,Oui,Non,Non,Home,20,[20],True
cad4bc4876fd2294,coupe-du-monde,164838,19,2026-09-09T02:05:18Z,Congo DR,Colombia,3,2,4.77,4.22,1.63,2.2,1.15,1.19,1.5,2.55,1.59,2.32,Oui,Oui,Oui,Non,Non,Home,90,"[29, 33, 34, 77, 90]",True
7f677e917da37787,coupe-du-monde,164838,19,2026-09-09T02:05:18Z,Spain,Curacao,6,0,1.14,7.93,18.12,0.98,5.41,1.05,1.34,3.16,2.35,1.58,Oui,Non,Oui,Non,Non,Home,75,"[35, 38, 42, 50, 62, 75]",True
13b006690eab98ab,coupe-du-monde,164838,19,2026-09-09T02:05:18Z,Haiti,Switzerland,1,3,7.33,4.55,1.42,2.76,1.06,1.17,1.61,2.27,1.89,1.89,Oui,Oui,Non,Non,Oui,Away,70,"[42, 43, 49, 70]",True
6474b05497f02e69,coupe-du-monde,164838,19,2026-09-09T02:05:18Z,Netherlands,New Zealand,2,1,1.44,4.89,6.19,1.09,2.68,1.15,1.39,2.92,1.62,2.27,Oui,Oui,Oui,Non,Non,Home,40,"[35, 38, 40]",True
a07baf87fea9fd0b,coupe-du-monde,164838,19,2026-09-09T02:05:18Z,Australia,Saudi Arabia,3,0,1.99,3.81,3.4,1.28,1.76,1.23,1.55,2.42,1.53,2.47,Oui,Non,Oui,Non,Non,Home,53,"[38, 48, 53]",True
8af81f993bca1502,coupe-du-monde,164838,19,2026-09-09T02:05:18Z,Norway,IR Iran,1,0,2.17,3.7,3.04,1.34,1.64,1.24,1.57,2.36,1.52,2.49,Non,Non,Oui,Non,Non,Home,85,[85],True
2492520eb003a8b3,coupe-du-monde,164838,19,2026-09-09T02:05:18Z,Argentina,Canada,2,2,1.48,4.88,5.6,1.11,2.56,1.15,1.35,3.14,1.54,2.44,Oui,Oui,Non,Oui,Non,Home,70,"[28, 43, 58, 70]",True
a6e8ed6a9dc86881,coupe-du-monde,164838,22,2026-09-09T02:11:18Z,Japan,Panama,2,0,1.55,4.22,5.6,1.11,2.36,1.19,1.59,2.32,1.72,2.09,Non,Non,Oui,Non,Non,Home,84,"[75, 84]",True
5ddbfef386521922,coupe-du-monde,164838,22,2026-09-09T02:11:18Z,Paraguay,Czechia,0,2,2.99,3.63,2.22,1.61,1.35,1.25,1.61,2.28,1.54,2.43,Non,Non,Non,Non,Oui,Away,67,"[60, 67]",True
d09ef6f2c95e3cd0,coupe-du-monde,164838,22,2026-09-09T02:11:18Z,Egypt,USA,1,2,2.59,3.68,2.49,1.49,1.46,1.25,1.56,2.39,1.5,2.55,Oui,Oui,Non,Non,Oui,Away,83,"[23, 49, 83]",True
67f70a05c4eab86b,coupe-du-monde,164838,22,2026-09-09T02:11:18Z,New Zealand,Ecuador,1,2,4.29,3.92,1.75,2.01,1.19,1.22,1.59,2.33,1.61,2.27,Oui,Oui,Non,Non,Oui,Away,82,"[17, 26, 82]",True
59b305ee47e0a2e1,coupe-du-monde,164838,22,2026-09-09T02:11:18Z,Brazil,South Africa,3,1,1.41,5.06,6.55,1.08,2.8,1.14,1.38,3.0,1.63,2.24,Oui,Oui,Oui,Non,Non,Home,65,"[25, 29, 64, 65]",True
f265a0349e67096b,coupe-du-monde,164838,22,2026-09-09T02:11:18Z,Algeria,Haiti,2,1,1.69,3.92,4.67,1.16,2.09,1.22,1.63,2.23,1.67,2.16,Oui,Oui,Oui,Non,Non,Home,86,"[74, 86, 86]",True
6ab4a35d5ff64208,coupe-du-monde,164838,22,2026-09-09T02:11:18Z,Uruguay,Jordan,1,2,1.57,4.16,5.43,1.12,2.31,1.2,1.61,2.29,1.72,2.09,Oui,Oui,Non,Non,Oui,Home,76,"[8, 34, 76]",True
924c17d0b6c80ae7,coupe-du-monde,164838,22,2026-09-09T02:11:18Z,Croatia,Switzerland,1,1,2.79,3.45,2.43,1.51,1.4,1.28,1.75,2.05,1.62,2.25,Non,Oui,Non,Oui,Non,Home,83,"[58, 83]",True
1fc8eb5690ea0621,coupe-du-monde,164838,22,2026-09-09T02:11:18Z,England,Uzbekistan,1,2,1.44,4.87,6.25,1.09,2.69,1.15,1.41,2.87,1.63,2.24,Oui,Oui,Non,Non,Oui,Away,66,"[59, 60, 66]",True
8bb127af93ac59f0,coupe-du-monde,164838,22,2026-09-09T02:11:18Z,Qatar,Congo DR,1,1,2.12,3.67,3.16,1.32,1.67,1.25,1.6,2.3,1.54,2.42,Non,Oui,Non,Oui,Non,Away,73,"[54, 73]",True
aec298114ff372ba,coupe-du-monde,164838,22,2026-09-09T02:11:18Z,Iraq,Senegal,1,0,4.17,3.82,1.79,1.96,1.2,1.23,1.63,2.24,1.63,2.23,Non,Non,Oui,Non,Non,Home,56,[56],True
32086252428d850c,coupe-du-monde,164838,22,2026-09-09T02:11:18Z,Spain,Portugal,2,2,1.86,4.13,3.59,1.26,1.88,1.2,1.4,2.89,1.44,2.73,Oui,Oui,Non,Oui,Non,Away,89,"[7, 71, 82, 89]",True
220c2aa59a709903,coupe-du-monde,164838,22,2026-09-09T02:11:18Z,IR Iran,Scotland,3,1,2.27,3.6,2.92,1.37,1.58,1.25,1.62,2.25,1.55,2.42,Oui,Oui,Oui,Non,Non,Home,49,"[19, 42, 45, 49]",True
e7ba0816f8cae491,coupe-du-monde,164838,22,2026-09-09T02:11:18Z,Canada,Turkiye,2,0,2.57,3.82,2.44,1.51,1.46,1.23,1.48,2.61,1.45,2.71,Non,Non,Oui,Non,Non,Home,43,"[32, 43]",True
1640f14c00527492,coupe-du-monde,164838,22,2026-09-09T02:11:18Z,Austria,Norway,1,0,2.7,3.76,2.36,1.54,1.42,1.24,1.51,2.51,1.47,2.63,Non,Non,Oui,Non,Non,Home,65,[65],True
986b2686ad01cd4d,coupe-du-monde,164838,22,2026-09-09T02:11:18Z,Germany,Sweden,0,0,1.99,3.99,3.26,1.3,1.76,1.21,1.43,2.77,1.44,2.73,Non,Non,Non,Oui,Non,,,[],True
870cb35d9d76c7b5,coupe-du-monde,164838,22,2026-09-09T02:11:18Z,Tunisia,Netherlands,2,3,3.69,3.81,1.9,1.84,1.24,1.23,1.58,2.35,1.56,2.38,Oui,Oui,Non,Non,Oui,Home,86,"[16, 20, 60, 80, 86]",True
7e309e2a6916433c,coupe-du-monde,164838,22,2026-09-09T02:11:18Z,Belgium,Cabo Verde,2,1,1.69,4.09,4.44,1.18,2.09,1.2,1.52,2.49,1.58,2.35,Oui,Oui,Oui,Non,Non,Away,47,"[6, 44, 47]",True
726617776025165c,coupe-du-monde,164838,22,2026-09-09T02:11:18Z,Bosnia-Herzegovina,Cote d'Ivoire,0,1,3.36,3.87,1.99,1.76,1.29,1.22,1.5,2.53,1.49,2.56,Non,Non,Non,Non,Oui,Away,87,[87],True
1992a2c98454b9ee,coupe-du-monde,164838,22,2026-09-09T02:11:18Z,Colombia,Ghana,1,0,1.68,4.24,4.37,1.18,2.11,1.19,1.44,2.73,1.52,2.49,Non,Non,Oui,Non,Non,Home,50,[50],True
abf5a1f2c0d83cbd,coupe-du-monde,164838,22,2026-09-09T02:11:18Z,France,Korea Republic,2,1,1.48,4.86,5.65,1.11,2.56,1.15,1.36,3.07,1.55,2.4,Oui,Oui,Oui,Non,Non,Away,80,"[47, 50, 80]",True
0b8b6f59adcb009c,coupe-du-monde,164838,22,2026-09-09T02:11:18Z,Mexico,Australia,3,1,2.18,3.83,2.94,1.36,1.63,1.23,1.48,2.59,1.46,2.66,Oui,Oui,Oui,Non,Non,Home,85,"[21, 34, 57, 85]",True
b44e493b32eab387,coupe-du-monde,164838,22,2026-09-09T02:11:18Z,Saudi Arabia,Morocco,0,1,7.13,4.11,1.48,2.56,1.07,1.2,1.82,1.96,2.03,1.76,Non,Non,Non,Non,Oui,Away,23,[23],True
ed06076ec66d55cb,coupe-du-monde,164838,22,2026-09-09T02:11:18Z,Curacao,Argentina,0,4,14.56,7.58,1.16,4.89,0.99,1.06,1.3,3.42,2.08,1.72,Oui,Non,Non,Non,Oui,Away,76,"[29, 34, 72, 76]",True
66e2d8de57e2b4d7,coupe-du-monde,164838,24,2026-09-09T02:15:18Z,Tunisia,Korea Republic,0,5,2.94,3.5,2.3,1.57,1.36,1.27,1.7,2.11,1.6,2.3,Oui,Non,Non,Non,Oui,Away,77,"[7, 17, 47, 66, 77]",True
d5217cd2ca6f522a,coupe-du-monde,164838,24,2026-09-09T02:15:18Z,Belgium,Turkiye,1,2,1.89,4.01,3.54,1.26,1.84,1.21,1.46,2.68,1.48,2.61,Oui,Oui,Non,Non,Oui,Away,87,"[23, 40, 87]",True
a4cebf70e103f93c,coupe-du-monde,164838,24,2026-09-09T02:15:18Z,Qatar,Norway,1,0,3.49,4.09,1.89,1.85,1.27,1.2,1.41,2.85,1.44,2.73,Non,Non,Oui,Non,Non,Home,79,[79],True
e807f922ff026185,coupe-du-monde,164838,24,2026-09-09T02:15:18Z,Iraq,Bosnia-Herzegovina,2,2,2.45,3.59,2.68,1.43,1.51,1.26,1.62,2.26,1.54,2.44,Oui,Oui,Non,Oui,Non,Away,84,"[41, 43, 62, 84]",True
204011ef047af916,coupe-du-monde,164838,24,2026-09-09T02:15:18Z,Colombia,Scotland,0,3,1.95,3.97,3.4,1.28,1.8,1.21,1.46,2.67,1.47,2.63,Oui,Non,Non,Non,Oui,Away,67,"[26, 65, 67]",True
af1481867543f51e,coupe-du-monde,164838,24,2026-09-09T02:15:18Z,England,Cote d'Ivoire,2,1,1.69,4.2,4.33,1.18,2.09,1.19,1.45,2.69,1.52,2.48,Oui,Oui,Oui,Non,Non,Home,80,"[73, 78, 80]",True
d309be9eaab3b719,coupe-du-monde,164838,24,2026-09-09T02:15:18Z,Panama,Portugal,0,5,6.86,5.02,1.4,2.85,1.07,1.14,1.41,2.85,1.68,2.15,Oui,Non,Non,Non,Oui,Away,76,"[19, 34, 45, 64, 76]",True
eb1ff389570462d5,coupe-du-monde,164838,24,2026-09-09T02:15:18Z,Curacao,Australia,1,3,5.66,4.3,1.54,2.4,1.11,1.19,1.56,2.39,1.7,2.12,Oui,Oui,Non,Non,Oui,Away,74,"[20, 27, 68, 74]",True
8c1f40a9aea308bb,coupe-du-monde,164838,24,2026-09-09T02:15:18Z,Mexico,Netherlands,1,2,2.81,3.96,2.21,1.61,1.39,1.22,1.41,2.85,1.41,2.85,Oui,Oui,Non,Non,Oui,Away,69,"[4, 65, 69]",True
079233121994571b,coupe-du-monde,164838,24,2026-09-09T02:15:18Z,Japan,Cabo Verde,3,2,1.84,3.78,3.94,1.22,1.9,1.23,1.62,2.25,1.61,2.28,Oui,Oui,Oui,Non,Non,Home,82,"[27, 40, 73, 81, 82]",True
8606e8f0e48320be,coupe-du-monde,164838,24,2026-09-09T02:15:18Z,New Zealand,Switzerland,3,2,5.89,4.1,1.55,2.37,1.1,1.2,1.68,2.15,1.81,1.97,Oui,Oui,Oui,Non,Non,Home,88,"[4, 27, 33, 61, 88]",True
3626fe4420fdc842,coupe-du-monde,164838,24,2026-09-09T02:15:18Z,IR Iran,Czechia,0,2,2.42,3.5,2.77,1.4,1.52,1.27,1.69,2.13,1.59,2.33,Non,Non,Non,Non,Oui,Away,62,"[49, 62]",True
1a313da57ac5f6dd,coupe-du-monde,164838,24,2026-09-09T02:15:18Z,Canada,Morocco,3,0,5.84,3.92,1.58,2.3,1.1,1.22,1.79,2.0,1.89,1.89,Oui,Non,Oui,Non,Non,Home,76,"[56, 70, 76]",True
f5d9dd87ece461ee,coupe-du-monde,164838,24,2026-09-09T02:15:18Z,Croatia,South Africa,0,2,1.68,3.94,4.75,1.16,2.11,1.22,1.64,2.22,1.69,2.14,Non,Non,Non,Non,Oui,Away,39,"[34, 39]",True
d944d96522d62275,coupe-du-monde,164838,24,2026-09-09T02:15:18Z,Germany,Senegal,2,2,2.25,3.81,2.83,1.39,1.59,1.23,1.49,2.58,1.46,2.67,Oui,Oui,Non,Oui,Non,Away,75,"[29, 49, 67, 75]",True
274e612e4203eb20,coupe-du-monde,164838,24,2026-09-09T02:15:18Z,France,Haiti,2,0,1.18,7.29,13.87,0.99,4.69,1.06,1.32,3.31,2.06,1.74,Non,Non,Oui,Non,Non,Home,48,"[34, 48]",True
d7ae3a755b73b966,coupe-du-monde,164838,24,2026-09-09T02:15:18Z,Saudi Arabia,Ecuador,1,1,3.23,3.75,2.07,1.7,1.31,1.24,1.56,2.39,1.52,2.48,Non,Oui,Non,Oui,Non,Home,66,"[4, 66]",True
29c917a3de750018,coupe-du-monde,164838,24,2026-09-09T02:15:18Z,Congo DR,Argentina,0,5,8.12,5.65,1.32,3.27,1.05,1.11,1.34,3.16,1.71,2.11,Oui,Non,Non,Non,Oui,Away,77,"[32, 41, 44, 54, 77]",True
d1028902681eb09d,coupe-du-monde,164838,24,2026-09-09T02:15:18Z,Algeria,Brazil,1,2,4.3,4.32,1.68,2.12,1.19,1.18,1.4,2.88,1.49,2.58,Oui,Oui,Non,Non,Oui,Away,80,"[5, 59, 80]",True
8c1d4d607a985910,coupe-du-monde,164838,24,2026-09-09T02:15:18Z,Uruguay,USA,1,2,1.87,4.0,3.64,1.25,1.87,1.21,1.47,2.64,1.49,2.58,Oui,Oui,Non,Non,Oui,Away,81,"[2, 78, 81]",True
c6baf0df0235aec8,coupe-du-monde,164838,24,2026-09-09T02:15:18Z,Austria,Jordan,0,1,1.85,3.8,3.91,1.22,1.89,1.23,1.61,2.28,1.6,2.3,Non,Non,Non,Non,Oui,Away,7,[7],True
826843aec49bf6e8,coupe-du-monde,164838,24,2026-09-09T02:15:18Z,Spain,Ghana,2,0,1.28,5.7,9.69,1.03,3.52,1.11,1.42,2.81,1.89,1.89,Non,Non,Oui,Non,Non,Home,88,"[64, 88]",True
b2b36dcf1460f0cb,coupe-du-monde,164838,24,2026-09-09T02:15:18Z,Paraguay,Uzbekistan,2,2,2.29,3.65,2.87,1.38,1.58,1.25,1.59,2.32,1.53,2.47,Oui,Oui,Non,Oui,Non,Home,75,"[22, 29, 54, 75]",True
8f15ae6af6017843,coupe-du-monde,164838,24,2026-09-09T02:15:18Z,Egypt,Sweden,1,0,2.71,3.52,2.45,1.5,1.42,1.26,1.67,2.17,1.57,2.36,Non,Non,Oui,Non,Non,Home,28,[28],True
cb5969020a7089a2,coupe-du-monde,164838,27,2026-09-09T02:21:18Z,Ecuador,Mexico,1,1,2.99,3.81,2.16,1.64,1.35,1.23,1.5,2.55,1.47,2.63,Non,Oui,Non,Oui,Non,Away,82,"[14, 82]",True
ebc070c2fb0eac79,coupe-du-monde,164838,27,2026-09-09T02:21:18Z,USA,Spain,0,1,5.58,4.55,1.51,2.46,1.11,1.17,1.45,2.7,1.62,2.27,Non,Non,Non,Non,Oui,Away,72,[72],True
70a53e7f3097ab59,coupe-du-monde,164838,27,2026-09-09T02:21:18Z,Sweden,Colombia,0,1,2.82,3.79,2.26,1.59,1.39,1.23,1.5,2.54,1.47,2.65,Non,Non,Non,Non,Oui,Away,40,[40],True
8632ae2eca57f724,coupe-du-monde,164838,27,2026-09-09T02:21:18Z,Jordan,Panama,0,0,2.37,3.39,2.92,1.37,1.54,1.28,1.81,1.97,1.66,2.18,Non,Non,Non,Oui,Non,,,[],True
20e09076cda76581,coupe-du-monde,164838,27,2026-09-09T02:21:18Z,Cote d'Ivoire,Egypt,1,2,2.58,3.6,2.53,1.48,1.46,1.25,1.62,2.27,1.54,2.44,Oui,Oui,Non,Non,Oui,Home,82,"[17, 76, 82]",True
fa6f84566f74aa03,coupe-du-monde,164838,27,2026-09-09T02:21:18Z,Korea Republic,Belgium,0,2,3.46,3.94,1.93,1.81,1.27,1.22,1.48,2.61,1.48,2.59,Non,Non,Non,Non,Oui,Away,42,"[28, 42]",True
a4e0a03fe6bd2612,coupe-du-monde,164838,27,2026-09-09T02:21:18Z,Australia,Portugal,4,1,4.23,4.41,1.68,2.12,1.19,1.18,1.36,3.06,1.46,2.68,Oui,Oui,Oui,Non,Non,Home,79,"[19, 36, 58, 71, 79]",True
c693a32de8191620,coupe-du-monde,164838,27,2026-09-09T02:21:18Z,Cabo Verde,Norway,2,1,4.0,4.03,1.78,1.97,1.21,1.21,1.49,2.56,1.53,2.46,Oui,Oui,Oui,Non,Non,Home,82,"[24, 72, 82]",True
8a62f6b3c19c53c8,coupe-du-monde,164838,27,2026-09-09T02:21:18Z,Senegal,IR Iran,1,2,2.18,3.55,3.13,1.33,1.63,1.26,1.69,2.14,1.6,2.3,Oui,Oui,Non,Non,Oui,Home,78,"[23, 42, 78]",True
c85b0c022c81956a,coupe-du-monde,164838,27,2026-09-09T02:21:18Z,Turkiye,Congo DR,3,2,1.97,3.89,3.39,1.28,1.78,1.22,1.5,2.55,1.49,2.57,Oui,Oui,Oui,Non,Non,Home,73,"[7, 22, 51, 72, 73]",True
d2ada8084bdfaa3b,coupe-du-monde,164838,27,2026-09-09T02:21:18Z,Scotland,Qatar,3,2,2.45,3.77,2.58,1.46,1.51,1.23,1.5,2.54,1.46,2.66,Oui,Oui,Oui,Non,Non,Home,85,"[3, 9, 45, 50, 85]",True
edf1feada3eb0a14,coupe-du-monde,164838,27,2026-09-09T02:21:18Z,Brazil,Saudi Arabia,0,1,1.43,5.06,6.22,1.09,2.74,1.14,1.35,3.13,1.58,2.33,Non,Non,Non,Non,Oui,Away,73,[73],True
96611d428ec7279f,coupe-du-monde,164838,27,2026-09-09T02:21:18Z,South Africa,England,0,3,6.84,4.87,1.41,2.79,1.07,1.15,1.45,2.69,1.71,2.1,Oui,Non,Non,Non,Oui,Away,90,"[70, 78, 90]",True
dbbe2b9a6069503b,coupe-du-monde,164838,27,2026-09-09T02:21:18Z,Netherlands,Japan,1,3,2.38,3.86,2.62,1.45,1.53,1.23,1.45,2.71,1.43,2.78,Oui,Oui,Non,Non,Oui,Away,73,"[15, 27, 54, 73]",True
891abcc330c56aea,coupe-du-monde,164838,27,2026-09-09T02:21:18Z,Ghana,Argentina,4,1,7.69,5.6,1.33,3.18,1.06,1.11,1.33,3.25,1.67,2.18,Oui,Oui,Oui,Non,Non,Home,64,"[6, 31, 55, 62, 64]",True
baf44f9fa38c898f,coupe-du-monde,164838,27,2026-09-09T02:21:18Z,Iraq,Germany,3,2,4.61,4.42,1.62,2.21,1.16,1.18,1.4,2.89,1.51,2.52,Oui,Oui,Oui,Non,Non,Home,60,"[24, 33, 48, 51, 60]",True
5d32e86c0ac5e169,coupe-du-monde,164838,27,2026-09-09T02:21:18Z,Croatia,France,0,3,4.45,4.17,1.68,2.11,1.18,1.2,1.48,2.6,1.55,2.4,Oui,Non,Non,Non,Oui,Away,89,"[60, 73, 89]",True
f7f74e45196917ae,coupe-du-monde,164838,27,2026-09-09T02:21:18Z,Uzbekistan,Uruguay,1,3,5.84,4.55,1.49,2.51,1.1,1.17,1.47,2.62,1.65,2.2,Oui,Oui,Non,Non,Oui,Away,86,"[2, 43, 82, 86]",True
1229fe165930f8bb,coupe-du-monde,164838,27,2026-09-09T02:21:18Z,Algeria,New Zealand,0,1,1.83,3.81,4.0,1.21,1.91,1.23,1.62,2.26,1.61,2.27,Non,Non,Non,Non,Oui,Away,3,[3],True
2bb49364bfd3fd72,coupe-du-monde,164838,27,2026-09-09T02:21:18Z,Morocco,Curacao,3,2,1.24,5.48,13.78,0.99,3.85,1.12,1.68,2.16,2.49,1.52,Oui,Oui,Oui,Non,Non,Home,87,"[44, 45, 67, 77, 87]",True
ce6f77f63932786d,coupe-du-monde,164838,27,2026-09-09T02:21:18Z,Switzerland,Tunisia,1,0,1.97,3.41,3.84,1.23,1.77,1.28,1.9,1.87,1.78,2.01,Non,Non,Oui,Non,Non,Home,53,[53],True
7140831a26c3b59d,coupe-du-monde,164838,27,2026-09-09T02:21:18Z,Czechia,Austria,2,2,3.05,3.7,2.16,1.64,1.34,1.24,1.57,2.36,1.52,2.48,Oui,Oui,Non,Oui,Non,Home,47,"[35, 38, 40, 47]",True
a5ffb3a6c7e2b99a,coupe-du-monde,164838,27,2026-09-09T02:21:18Z,Bosnia-Herzegovina,Paraguay,2,2,2.87,3.68,2.27,1.58,1.38,1.24,1.57,2.36,1.51,2.51,Oui,Oui,Non,Oui,Non,Home,77,"[24, 56, 75, 77]",True
a1c7c8956f5115da,coupe-du-monde,164838,27,2026-09-09T02:21:18Z,Haiti,Canada,0,2,3.97,3.86,1.82,1.92,1.21,1.23,1.58,2.33,1.59,2.33,Non,Non,Non,Non,Oui,Away,44,"[30, 44]",True
42045ca5fb64eeb6,coupe-du-monde,164838,30,2026-09-09T02:27:18Z,Tunisia,Algeria,1,1,2.78,3.47,2.43,1.51,1.4,1.27,1.72,2.09,1.6,2.3,Non,Oui,Non,Oui,Non,Home,79,"[59, 79]",True
f88a3e61eff1a296,coupe-du-monde,164838,30,2026-09-09T02:27:18Z,Spain,Uzbekistan,1,0,1.28,5.75,9.62,1.03,3.53,1.11,1.4,2.88,1.87,1.91,Non,Non,Oui,Non,Non,Home,64,[64],True
08107ca9d3917b66,coupe-du-monde,164838,30,2026-09-09T02:27:18Z,Canada,Croatia,1,3,3.43,3.77,1.99,1.76,1.28,1.24,1.57,2.36,1.54,2.43,Oui,Oui,Non,Non,Oui,Away,78,"[29, 30, 49, 78]",True
cda850b6eea56855,coupe-du-monde,164838,30,2026-09-09T02:27:18Z,Belgium,Switzerland,3,0,2.56,3.53,2.59,1.46,1.47,1.26,1.67,2.17,1.57,2.36,Oui,Non,Oui,Non,Non,Home,81,"[43, 55, 81]",True
5a44974cfcafd3a6,coupe-du-monde,164838,30,2026-09-09T02:27:18Z,Ghana,Turkiye,1,2,3.19,3.91,2.04,1.72,1.32,1.22,1.46,2.66,1.46,2.67,Oui,Oui,Non,Non,Oui,Home,82,"[74, 75, 82]",True
1cd5ca22182e04cd,coupe-du-monde,164838,30,2026-09-09T02:27:18Z,Uruguay,Bosnia-Herzegovina,0,1,1.53,4.42,5.53,1.12,2.41,1.18,1.5,2.55,1.65,2.2,Non,Non,Non,Non,Oui,Away,76,[76],True
6b97f870f1dd4bfd,coupe-du-monde,164838,30,2026-09-09T02:27:18Z,Qatar,Sweden,0,3,3.16,3.72,2.11,1.68,1.32,1.24,1.57,2.36,1.53,2.47,Oui,Non,Non,Non,Oui,Away,87,"[9, 48, 87]",True
199268f74825db5b,coupe-du-monde,164838,30,2026-09-09T02:27:18Z,Saudi Arabia,New Zealand,0,3,2.15,3.57,3.17,1.32,1.65,1.26,1.67,2.16,1.59,2.32,Oui,Non,Non,Non,Oui,Away,64,"[12, 55, 64]",True
1569ee23446c23ee,coupe-du-monde,164838,30,2026-09-09T02:27:18Z,Paraguay,Germany,2,3,4.11,4.32,1.71,2.07,1.2,1.18,1.39,2.96,1.46,2.65,Oui,Oui,Non,Non,Oui,Home,86,"[44, 45, 49, 62, 86]",True
71d72e8fa1cb957d,coupe-du-monde,164838,30,2026-09-09T02:27:18Z,Austria,Senegal,1,3,2.76,3.6,2.39,1.53,1.41,1.25,1.62,2.26,1.54,2.44,Oui,Oui,Non,Non,Oui,Away,74,"[6, 57, 60, 74]",True
24c399616eb124d7,coupe-du-monde,164838,30,2026-09-09T02:27:18Z,Curacao,Haiti,3,2,2.95,3.38,2.36,1.54,1.36,1.28,1.82,1.96,1.67,2.17,Oui,Oui,Oui,Non,Non,Home,87,"[10, 25, 41, 67, 87]",True
023e755f83932f1e,coupe-du-monde,164838,30,2026-09-09T02:27:18Z,Panama,Czechia,2,0,3.7,3.63,1.95,1.8,1.24,1.25,1.7,2.12,1.64,2.22,Non,Non,Oui,Non,Non,Home,34,"[33, 34]",True
50d475caea84ebcf,coupe-du-monde,164838,30,2026-09-09T02:27:18Z,France,South Africa,4,0,1.29,5.75,8.97,1.03,3.44,1.11,1.37,3.02,1.79,1.99,Oui,Non,Oui,Non,Non,Home,71,"[42, 45, 62, 71]",True
4e929b017ce12387,coupe-du-monde,164838,30,2026-09-09T02:27:18Z,Japan,Ecuador,3,1,2.1,3.74,3.16,1.32,1.68,1.24,1.56,2.39,1.52,2.49,Oui,Oui,Oui,Non,Non,Home,89,"[33, 45, 50, 89]",True
2bf80ff0acde1ae9,coupe-du-monde,164838,30,2026-09-09T02:27:18Z,Cabo Verde,Scotland,3,1,2.76,3.61,2.37,1.54,1.41,1.25,1.61,2.27,1.54,2.44,Oui,Oui,Oui,Non,Non,Away,90,"[22, 44, 46, 90]",True
6227d5ce922a79c0,coupe-du-monde,164838,30,2026-09-09T02:27:18Z,Norway,Netherlands,1,3,2.61,4.0,2.35,1.55,1.45,1.21,1.38,2.98,1.39,2.95,Oui,Oui,Non,Non,Oui,Away,82,"[9, 59, 72, 82]",True
7f1dba5caa40fe79,coupe-du-monde,164838,30,2026-09-09T02:27:18Z,Egypt,England,0,1,4.27,4.05,1.73,2.04,1.19,1.21,1.51,2.5,1.56,2.39,Non,Non,Non,Non,Oui,Away,16,[16],True
3091b59c2ae31853,coupe-du-monde,164838,30,2026-09-09T02:27:18Z,Congo DR,Korea Republic,2,0,3.57,3.81,1.93,1.81,1.26,1.23,1.56,2.38,1.55,2.42,Non,Non,Oui,Non,Non,Home,59,"[19, 59]",True
c687755f15043575,coupe-du-monde,164838,30,2026-09-09T02:27:18Z,Colombia,Cote d'Ivoire,1,0,2.14,3.88,2.98,1.35,1.65,1.22,1.46,2.67,1.45,2.71,Non,Non,Oui,Non,Non,Home,71,[71],True
f8949c401387deb7,coupe-du-monde,164838,30,2026-09-09T02:27:18Z,Australia,Jordan,4,1,2.01,3.71,3.41,1.28,1.74,1.24,1.61,2.29,1.56,2.38,Oui,Oui,Oui,Non,Non,Away,90,"[3, 21, 80, 88, 90]",True
986f04c33b7e888b,coupe-du-monde,164838,30,2026-09-09T02:27:18Z,IR Iran,Iraq,4,1,2.13,3.51,3.28,1.3,1.66,1.27,1.74,2.06,1.64,2.23,Oui,Oui,Oui,Non,Non,Away,76,"[8, 11, 47, 69, 76]",True
a6963438cf58a7f0,coupe-du-monde,164838,30,2026-09-09T02:27:18Z,Argentina,USA,2,1,1.61,4.62,4.51,1.17,2.24,1.16,1.32,3.29,1.45,2.71,Oui,Oui,Oui,Non,Non,Home,88,"[47, 53, 88]",True
222ac6ce8517fe61,coupe-du-monde,164838,30,2026-09-09T02:27:18Z,Mexico,Brazil,3,0,3.47,4.18,1.88,1.86,1.27,1.2,1.37,3.02,1.42,2.82,Oui,Non,Oui,Non,Non,Home,58,"[52, 52, 58]",True
73ec4de443c9a8e7,coupe-du-monde,164838,30,2026-09-09T02:27:18Z,Portugal,Morocco,1,1,2.98,3.53,2.26,1.59,1.35,1.26,1.69,2.14,1.59,2.32,Non,Oui,Non,Oui,Non,Away,82,"[43, 82]",True
892aeaf4acb58c81,coupe-du-monde,164838,32,2026-09-09T02:31:18Z,Japan,Switzerland,1,0,2.79,3.49,2.41,1.52,1.4,1.27,1.71,2.11,1.6,2.31,Non,Non,Oui,Non,Non,Home,20,[20],True
8d773b098a813d8d,coupe-du-monde,164838,32,2026-09-09T02:31:18Z,Turkiye,Scotland,0,1,2.4,3.83,2.62,1.45,1.52,1.23,1.47,2.65,1.44,2.74,Non,Non,Non,Non,Oui,Away,22,[22],True
7665b1a742630454,coupe-du-monde,164838,32,2026-09-09T02:31:18Z,Portugal,Ecuador,3,1,1.73,4.32,4.02,1.21,2.04,1.18,1.37,3.01,1.45,2.7,Oui,Oui,Oui,Non,Non,Home,72,"[41, 44, 62, 72]",True
15b89f5b1a792c12,coupe-du-monde,164838,32,2026-09-09T02:31:18Z,Egypt,Paraguay,2,2,2.17,3.6,3.11,1.33,1.64,1.25,1.65,2.21,1.57,2.36,Oui,Oui,Non,Oui,Non,Away,52,"[1, 38, 46, 52]",True
a0c721c9df5d17a2,coupe-du-monde,164838,32,2026-09-09T02:31:18Z,Qatar,Senegal,2,2,3.32,3.73,2.04,1.73,1.29,1.24,1.58,2.34,1.54,2.44,Oui,Oui,Non,Oui,Non,Away,49,"[33, 35, 46, 49]",True
4e9192914102f1ce,coupe-du-monde,164838,32,2026-09-09T02:31:18Z,Colombia,Iraq,1,0,1.77,4.03,4.07,1.21,1.99,1.21,1.51,2.53,1.54,2.43,Non,Non,Oui,Non,Non,Home,39,[39],True
33bda282c9fbd28e,coupe-du-monde,164838,32,2026-09-09T02:31:18Z,Norway,Korea Republic,4,0,2.18,3.89,2.91,1.37,1.64,1.22,1.45,2.69,1.44,2.73,Oui,Non,Oui,Non,Non,Home,64,"[43, 44, 51, 64]",True
be35e720c07544db,coupe-du-monde,164838,32,2026-09-09T02:31:18Z,Mexico,Algeria,2,1,2.07,3.82,3.18,1.32,1.7,1.23,1.52,2.5,1.49,2.56,Oui,Oui,Oui,Non,Non,Home,44,"[36, 40, 44]",True
44b5b69f7b20e5b3,coupe-du-monde,164838,32,2026-09-09T02:31:18Z,Argentina,Sweden,1,3,1.64,4.35,4.53,1.17,2.18,1.18,1.41,2.84,1.51,2.52,Oui,Oui,Non,Non,Oui,Home,63,"[6, 16, 55, 63]",True
83072d06e6de443d,coupe-du-monde,164838,32,2026-09-09T02:31:18Z,Belgium,Croatia,0,0,2.34,3.7,2.76,1.41,1.55,1.24,1.55,2.4,1.5,2.54,Non,Non,Non,Oui,Non,,,[],True
964ed4205cc60c92,coupe-du-monde,164838,32,2026-09-09T02:31:18Z,Cabo Verde,Czechia,2,2,3.13,3.63,2.15,1.65,1.33,1.25,1.63,2.25,1.56,2.39,Oui,Oui,Non,Oui,Non,Away,87,"[24, 36, 55, 87]",True
d5fd66a19fd97822,coupe-du-monde,164838,32,2026-09-09T02:31:18Z,Tunisia,France,2,3,6.4,4.61,1.46,2.63,1.09,1.16,1.51,2.52,1.72,2.08,Oui,Oui,Non,Non,Oui,Home,80,"[20, 32, 49, 58, 80]",True
1546d2088baaab0f,coupe-du-monde,164838,32,2026-09-09T02:31:18Z,Congo DR,Haiti,1,3,2.06,3.61,3.37,1.29,1.71,1.25,1.67,2.18,1.6,2.31,Oui,Oui,Non,Non,Oui,Away,57,"[9, 22, 47, 57]",True
15479c7e3c1fa049,coupe-du-monde,164838,32,2026-09-09T02:31:18Z,Spain,Cote d'Ivoire,6,0,1.48,4.65,5.95,1.1,2.56,1.16,1.45,2.69,1.65,2.21,Oui,Non,Oui,Non,Non,Home,88,"[34, 40, 44, 58, 74, 88]",True
aa4ce8b05f29f9a1,coupe-du-monde,164838,32,2026-09-09T02:31:18Z,Australia,USA,1,1,2.79,3.86,2.26,1.59,1.4,1.23,1.46,2.67,1.44,2.73,Non,Oui,Non,Oui,Non,Away,73,"[25, 73]",True
1eb8d49f74215b72,coupe-du-monde,164838,32,2026-09-09T02:31:18Z,Curacao,Brazil,1,2,11.61,6.73,1.21,4.18,1.01,1.08,1.32,3.31,1.91,1.86,Oui,Oui,Non,Non,Oui,Away,71,"[37, 44, 71]",True
3533e132c06d00b6,coupe-du-monde,164838,32,2026-09-09T02:31:18Z,Canada,New Zealand,3,1,1.88,3.87,3.7,1.24,1.86,1.22,1.54,2.43,1.54,2.43,Oui,Oui,Oui,Non,Non,Away,83,"[19, 55, 62, 83]",True
98bf67c23c0ff411,coupe-du-monde,164838,32,2026-09-09T02:31:18Z,Ghana,Morocco,0,3,7.48,4.28,1.44,2.67,1.06,1.19,1.75,2.04,2.01,1.78,Oui,Non,Non,Non,Oui,Away,85,"[37, 55, 85]",True
a59c7f06e13153a3,coupe-du-monde,164838,32,2026-09-09T02:31:18Z,Uruguay,England,1,1,2.82,3.76,2.27,1.58,1.39,1.24,1.52,2.5,1.48,2.61,Non,Oui,Non,Oui,Non,Away,76,"[50, 76]",True
7042218a479ae313,coupe-du-monde,164838,32,2026-09-09T02:31:18Z,Saudi Arabia,South Africa,3,1,2.48,3.52,2.69,1.43,1.49,1.27,1.68,2.15,1.58,2.35,Oui,Oui,Oui,Non,Non,Away,85,"[41, 53, 59, 85]",True
8035b1728ab84e11,coupe-du-monde,164838,32,2026-09-09T02:31:18Z,Panama,Uzbekistan,1,1,2.94,3.47,2.32,1.56,1.36,1.27,1.74,2.07,1.62,2.26,Non,Oui,Non,Oui,Non,Home,43,"[5, 43]",True
9664537631cac809,coupe-du-monde,164838,32,2026-09-09T02:31:18Z,IR Iran,Germany,1,0,3.35,3.94,1.97,1.78,1.29,1.22,1.46,2.65,1.47,2.64,Non,Non,Oui,Non,Non,Home,40,[40],True
425f569ae7f4262c,coupe-du-monde,164838,32,2026-09-09T02:31:18Z,Austria,Bosnia-Herzegovina,2,1,1.82,3.91,3.92,1.22,1.92,1.22,1.55,2.42,1.56,2.39,Oui,Oui,Oui,Non,Non,Away,63,"[14, 62, 63]",True
853f02769929105f,coupe-du-monde,164838,32,2026-09-09T02:31:18Z,Jordan,Netherlands,1,1,4.93,4.3,1.6,2.26,1.14,1.19,1.48,2.6,1.59,2.32,Non,Oui,Non,Oui,Non,Home,87,"[64, 87]",True
a25cd4c9b3d38a3e,coupe-du-monde,164838,34,2026-09-09T02:35:18Z,Austria,England,0,2,3.71,4.01,1.85,1.89,1.24,1.21,1.47,2.64,1.49,2.56,Non,Non,Non,Non,Oui,Away,59,"[29, 59]",True
9438821b482ef2b5,coupe-du-monde,164838,34,2026-09-09T02:35:18Z,Netherlands,USA,2,0,2.11,4.07,2.94,1.36,1.67,1.21,1.37,3.03,1.39,2.94,Non,Non,Oui,Non,Non,Home,65,"[65, 65]",True
a3146b46888880a5,coupe-du-monde,164838,34,2026-09-09T02:35:18Z,Tunisia,South Africa,2,1,2.2,3.37,3.24,1.31,1.62,1.29,1.86,1.92,1.7,2.11,Oui,Oui,Oui,Non,Non,Away,86,"[82, 84, 86]",True
cccf99e4dc9225ae,coupe-du-monde,164838,34,2026-09-09T02:35:18Z,IR Iran,Egypt,0,2,2.53,3.53,2.62,1.45,1.48,1.26,1.67,2.16,1.57,2.36,Non,Non,Non,Non,Oui,Away,90,"[74, 90]",True
bd2ddb94809772d2,coupe-du-monde,164838,34,2026-09-09T02:35:18Z,Argentina,Senegal,2,2,1.81,4.1,3.78,1.23,1.93,1.2,1.44,2.74,1.48,2.61,Oui,Oui,Non,Oui,Non,Home,90,"[12, 33, 71, 90]",True
8d972388a4ceeb1d,coupe-du-monde,164838,34,2026-09-09T02:35:18Z,Panama,Cote d'Ivoire,2,2,4.01,3.84,1.82,1.93,1.21,1.23,1.6,2.29,1.6,2.29,Oui,Oui,Non,Oui,Non,Home,78,"[32, 44, 72, 78]",True
be5a7a18669da0a2,coupe-du-monde,164838,34,2026-09-09T02:35:18Z,Congo DR,Brazil,2,0,6.14,4.91,1.44,2.68,1.09,1.15,1.38,2.96,1.61,2.29,Non,Non,Oui,Non,Non,Home,78,"[23, 78]",True
7ee75e7aabe80fab,coupe-du-monde,164838,34,2026-09-09T02:35:18Z,Qatar,Bosnia-Herzegovina,2,0,2.18,3.7,3.02,1.35,1.63,1.24,1.57,2.37,1.52,2.5,Non,Non,Oui,Non,Non,Home,83,"[11, 83]",True
da01638649744e3b,coupe-du-monde,164838,34,2026-09-09T02:35:18Z,Cabo Verde,Uzbekistan,4,0,2.44,3.6,2.68,1.43,1.51,1.26,1.62,2.26,1.54,2.43,Oui,Non,Oui,Non,Non,Home,80,"[23, 67, 70, 80]",True
18497bee1f625a6c,coupe-du-monde,164838,34,2026-09-09T02:35:18Z,Colombia,Germany,1,2,2.78,4.02,2.21,1.61,1.4,1.21,1.38,2.98,1.39,2.94,Oui,Oui,Non,Non,Oui,Away,70,"[15, 54, 70]",True
bfdc02a16e19e22d,coupe-du-monde,164838,34,2026-09-09T02:35:18Z,Mexico,France,2,2,4.66,4.5,1.6,2.25,1.16,1.17,1.37,3.01,1.49,2.57,Oui,Oui,Non,Oui,Non,Away,83,"[32, 37, 76, 83]",True
4edec6073a62a07e,coupe-du-monde,164838,34,2026-09-09T02:35:18Z,Australia,Sweden,1,3,2.71,3.67,2.39,1.53,1.42,1.25,1.56,2.38,1.5,2.53,Oui,Oui,Non,Non,Oui,Home,89,"[13, 41, 71, 89]",True
f4adb668674b64da,coupe-du-monde,164838,34,2026-09-09T02:35:18Z,Belgium,New Zealand,1,2,1.49,4.53,5.93,1.1,2.52,1.17,1.49,2.57,1.68,2.16,Oui,Oui,Non,Non,Oui,Home,76,"[49, 59, 76]",True
3d58cc43449d3667,coupe-du-monde,164838,34,2026-09-09T02:35:18Z,Uruguay,Paraguay,3,1,1.62,4.22,4.9,1.15,2.22,1.19,1.51,2.51,1.61,2.29,Oui,Oui,Oui,Non,Non,Home,81,"[24, 37, 58, 81]",True
9103ebe6eb8d2767,coupe-du-monde,164838,34,2026-09-09T02:35:18Z,Curacao,Algeria,0,3,5.62,4.15,1.56,2.34,1.11,1.2,1.62,2.25,1.75,2.05,Oui,Non,Non,Non,Oui,Away,85,"[75, 76, 85]",True
940bb098b0fd2426,coupe-du-monde,164838,34,2026-09-09T02:35:18Z,Spain,Iraq,2,1,1.33,5.26,8.31,1.04,3.16,1.13,1.45,2.72,1.81,1.97,Oui,Oui,Oui,Non,Non,Away,52,"[22, 31, 52]",True
63aceac215b0115d,coupe-du-monde,164838,34,2026-09-09T02:35:18Z,Norway,Haiti,1,1,1.5,4.53,5.84,1.1,2.5,1.17,1.48,2.6,1.66,2.19,Non,Oui,Non,Oui,Non,Home,77,"[70, 77]",True
95024edf1cf2b71e,coupe-du-monde,164838,34,2026-09-09T02:35:18Z,Scotland,Morocco,0,4,5.88,3.98,1.57,2.33,1.1,1.21,1.75,2.04,1.87,1.91,Oui,Non,Non,Non,Oui,Away,56,"[21, 27, 43, 56]",True
25b9ab0ff1b189f5,coupe-du-monde,164838,34,2026-09-09T02:35:18Z,Japan,Croatia,1,2,2.41,3.55,2.75,1.41,1.52,1.26,1.65,2.2,1.56,2.39,Oui,Oui,Non,Non,Oui,Home,42,"[17, 24, 42]",True
4e5762efc071eee7,coupe-du-monde,164838,34,2026-09-09T02:35:18Z,Jordan,Korea Republic,0,0,3.45,3.58,2.04,1.72,1.27,1.26,1.7,2.12,1.62,2.25,Non,Non,Non,Oui,Non,,,[],True
3b56982de5742093,coupe-du-monde,164838,34,2026-09-09T02:35:18Z,Turkiye,Czechia,3,2,2.64,3.79,2.39,1.53,1.44,1.23,1.49,2.58,1.46,2.68,Oui,Oui,Oui,Non,Non,Home,64,"[25, 38, 42, 55, 64]",True
d50bd52deddef977,coupe-du-monde,164838,34,2026-09-09T02:35:18Z,Ghana,Ecuador,1,1,3.39,3.82,1.99,1.76,1.28,1.23,1.53,2.45,1.51,2.5,Non,Oui,Non,Oui,Non,Home,76,"[68, 76]",True
27fdb84e5fad21a4,coupe-du-monde,164838,34,2026-09-09T02:35:18Z,Canada,Saudi Arabia,2,1,2.17,3.75,3.02,1.35,1.64,1.24,1.54,2.44,1.5,2.55,Oui,Oui,Oui,Non,Non,Home,37,"[23, 24, 37]",True
995ddea345eba7bf,coupe-du-monde,164838,34,2026-09-09T02:35:18Z,Portugal,Switzerland,2,1,2.24,3.76,2.88,1.38,1.6,1.24,1.52,2.48,1.48,2.59,Oui,Oui,Oui,Non,Non,Home,76,"[13, 69, 76]",True
f51acc1e194e0ca6,coupe-du-monde,164838,37,2026-09-09T02:41:18Z,Cote d'Ivoire,Australia,1,2,2.67,3.73,2.4,1.53,1.43,1.24,1.53,2.46,1.48,2.59,Oui,Oui,Non,Non,Oui,Home,42,"[19, 41, 42]",True
ea6209247d56b303,coupe-du-monde,164838,37,2026-09-09T02:41:18Z,Saudi Arabia,Curacao,3,2,1.83,3.73,4.05,1.21,1.91,1.24,1.67,2.17,1.65,2.21,Oui,Oui,Oui,Non,Non,Away,87,"[28, 32, 49, 79, 87]",True
98a5611b4a60f361,coupe-du-monde,164838,37,2026-09-09T02:41:18Z,Bosnia-Herzegovina,Cabo Verde,1,2,2.75,3.63,2.37,1.54,1.41,1.25,1.6,2.31,1.52,2.47,Oui,Oui,Non,Non,Oui,Home,48,"[27, 35, 48]",True
2a105f4c669a83ad,coupe-du-monde,164838,37,2026-09-09T02:41:18Z,Brazil,Ghana,1,1,1.45,4.91,6.03,1.1,2.66,1.15,1.37,3.01,1.59,2.32,Non,Oui,Non,Oui,Non,Home,36,"[11, 36]",True
10dc3e2af3621673,coupe-du-monde,164838,37,2026-09-09T02:41:18Z,Ecuador,USA,1,1,2.75,3.88,2.28,1.58,1.41,1.22,1.45,2.71,1.43,2.77,Non,Oui,Non,Oui,Non,Away,14,"[1, 14]",True
11135a528e0b0bcb,coupe-du-monde,164838,37,2026-09-09T02:41:18Z,Canada,Mexico,0,2,3.38,3.9,1.97,1.78,1.28,1.22,1.49,2.56,1.49,2.57,Non,Non,Non,Non,Oui,Away,79,"[5, 79]",True
2fd7fdd9e450e132,coupe-du-monde,164838,37,2026-09-09T02:41:18Z,Switzerland,Jordan,2,0,1.73,3.75,4.65,1.16,2.04,1.24,1.75,2.05,1.75,2.05,Non,Non,Oui,Non,Non,Home,84,"[79, 84]",True
cbeda26d8356caab,coupe-du-monde,164838,37,2026-09-09T02:41:18Z,Haiti,Scotland,1,3,4.23,3.9,1.76,1.99,1.19,1.22,1.6,2.31,1.61,2.27,Oui,Oui,Non,Non,Oui,Away,71,"[25, 26, 45, 71]",True
115e7610cd6fa134,coupe-du-monde,164838,37,2026-09-09T02:41:18Z,Korea Republic,Czechia,1,1,2.35,3.71,2.74,1.41,1.55,1.24,1.54,2.43,1.49,2.56,Non,Oui,Non,Oui,Non,Home,33,"[21, 33]",True
75b46e8590c78a3d,coupe-du-monde,164838,37,2026-09-09T02:41:18Z,Algeria,Portugal,0,0,4.2,4.32,1.69,2.09,1.19,1.18,1.39,2.92,1.48,2.61,Non,Non,Non,Oui,Non,,,[],True
e629850d3a07b68b,coupe-du-monde,164838,37,2026-09-09T02:41:18Z,Iraq,Argentina,2,1,6.86,5.18,1.39,2.9,1.07,1.13,1.37,3.03,1.65,2.21,Oui,Oui,Oui,Non,Non,Home,89,"[72, 75, 89]",True
1e5c6460a26a7bea,coupe-du-monde,164838,37,2026-09-09T02:41:18Z,England,Panama,2,2,1.39,4.96,7.26,1.06,2.89,1.14,1.46,2.67,1.75,2.05,Oui,Oui,Non,Oui,Non,Home,81,"[37, 40, 41, 81]",True
7658b98efc2f372a,coupe-du-monde,164838,37,2026-09-09T02:41:18Z,Uzbekistan,Netherlands,2,1,4.59,4.43,1.62,2.21,1.17,1.18,1.39,2.92,1.5,2.54,Oui,Oui,Oui,Non,Non,Away,42,"[24, 27, 42]",True
f115798fad38b948,coupe-du-monde,164838,37,2026-09-09T02:41:18Z,France,Japan,0,0,1.72,4.18,4.19,1.19,2.06,1.2,1.45,2.7,1.52,2.5,Non,Non,Non,Oui,Non,,,[],True
3c26ffa26505074e,coupe-du-monde,164838,37,2026-09-09T02:41:18Z,New Zealand,Congo DR,1,1,2.92,3.51,2.31,1.56,1.37,1.27,1.71,2.11,1.6,2.3,Non,Oui,Non,Oui,Non,Away,71,"[59, 71]",True
c8d6ca90ab435449,coupe-du-monde,164838,37,2026-09-09T02:41:18Z,Senegal,Turkiye,1,0,2.03,3.76,3.31,1.29,1.73,1.24,1.56,2.39,1.53,2.47,Non,Non,Oui,Non,Non,Home,38,[38],True
ab702f582bdd542d,coupe-du-monde,164838,37,2026-09-09T02:41:18Z,Egypt,Austria,1,2,2.83,3.55,2.35,1.55,1.39,1.26,1.66,2.19,1.57,2.37,Oui,Oui,Non,Non,Oui,Home,76,"[16, 64, 76]",True
0202417453b84de4,coupe-du-monde,164838,37,2026-09-09T02:41:18Z,IR Iran,Colombia,3,3,3.06,3.72,2.16,1.65,1.34,1.24,1.56,2.39,1.51,2.51,Oui,Oui,Non,Oui,Non,Home,89,"[17, 20, 29, 76, 79, 89]",True
a4b7022bd79257b4,coupe-du-monde,164838,37,2026-09-09T02:41:18Z,Croatia,Norway,3,1,2.54,3.69,2.53,1.48,1.47,1.24,1.55,2.41,1.5,2.56,Oui,Oui,Oui,Non,Non,Home,50,"[27, 39, 42, 50]",True
9b9fa297eebcfd82,coupe-du-monde,164838,37,2026-09-09T02:41:18Z,Tunisia,Belgium,0,2,3.68,3.67,1.94,1.8,1.25,1.25,1.66,2.18,1.62,2.27,Non,Non,Non,Non,Oui,Away,86,"[21, 86]",True
e1e3d4e0853b4866,coupe-du-monde,164838,37,2026-09-09T02:41:18Z,South Africa,Uruguay,0,4,6.01,4.36,1.51,2.48,1.1,1.18,1.57,2.36,1.74,2.06,Oui,Non,Non,Non,Oui,Away,57,"[13, 49, 55, 57]",True
cf5816ac0c9a22e1,coupe-du-monde,164838,37,2026-09-09T02:41:18Z,Germany,Qatar,1,0,1.73,4.26,4.02,1.21,2.03,1.19,1.4,2.9,1.47,2.65,Non,Non,Oui,Non,Non,Home,16,[16],True
cbacbeb508ace8ec,coupe-du-monde,164838,37,2026-09-09T02:41:18Z,Paraguay,Spain,1,2,7.88,5.22,1.35,3.08,1.05,1.13,1.43,2.76,1.78,2.01,Oui,Oui,Non,Non,Oui,Away,68,"[53, 59, 68]",True
ae8aaaac074c41b5,coupe-du-monde,164838,37,2026-09-09T02:41:18Z,Sweden,Morocco,0,1,4.6,3.47,1.8,1.94,1.16,1.27,1.97,1.81,1.88,1.89,Non,Non,Non,Non,Oui,Away,39,[39],True
ecec4f8b8ea18cd3,coupe-du-monde,164838,40,2026-09-09T02:47:18Z,Morocco,Cote d'Ivoire,4,0,1.66,3.75,5.26,1.13,2.15,1.24,1.83,1.95,1.86,1.92,Oui,Non,Oui,Non,Non,Home,77,"[2, 73, 73, 77]",True
cdcc0ade664e6163,coupe-du-monde,164838,40,2026-09-09T02:47:18Z,Norway,France,1,2,4.54,4.51,1.62,2.22,1.17,1.17,1.36,3.06,1.48,2.61,Oui,Oui,Non,Non,Oui,Away,55,"[42, 43, 55]",True
5a9466c5f06f530f,coupe-du-monde,164838,40,2026-09-09T02:47:18Z,Ghana,New Zealand,2,2,2.17,3.65,3.08,1.34,1.64,1.25,1.61,2.29,1.54,2.43,Oui,Oui,Non,Oui,Non,Home,65,"[26, 37, 52, 65]",True
e95a2036e53c6ec3,coupe-du-monde,164838,40,2026-09-09T02:47:18Z,Belgium,South Africa,4,1,1.6,4.24,5.03,1.14,2.26,1.19,1.51,2.5,1.62,2.26,Oui,Oui,Oui,Non,Non,Away,85,"[33, 37, 71, 72, 85]",True
616dfc1ac5123c30,coupe-du-monde,164838,40,2026-09-09T02:47:18Z,Australia,England,2,2,4.25,4.22,1.7,2.08,1.19,1.19,1.44,2.75,1.51,2.52,Oui,Oui,Non,Oui,Non,Home,82,"[8, 12, 18, 82]",True
b30f5f73de6845ba,coupe-du-monde,164838,40,2026-09-09T02:47:18Z,Netherlands,Bosnia-Herzegovina,4,1,1.61,4.43,4.72,1.16,2.24,1.18,1.4,2.88,1.51,2.5,Oui,Oui,Oui,Non,Non,Home,68,"[34, 45, 49, 52, 68]",True
e6855a08d552c5b3,coupe-du-monde,164838,40,2026-09-09T02:47:18Z,Korea Republic,Senegal,2,3,3.18,3.69,2.11,1.68,1.32,1.24,1.59,2.31,1.54,2.43,Oui,Oui,Non,Non,Oui,Home,68,"[9, 19, 57, 62, 68]",True
4afe278522f39973,coupe-du-monde,164838,40,2026-09-09T02:47:18Z,Portugal,Saudi Arabia,2,2,1.46,4.91,5.87,1.1,2.63,1.15,1.37,3.05,1.57,2.36,Oui,Oui,Non,Oui,Non,Away,74,"[16, 30, 47, 74]",True
be98cd5e4bf8084d,coupe-du-monde,164838,40,2026-09-09T02:47:18Z,Sweden,Haiti,0,0,1.6,4.1,5.27,1.13,2.26,1.2,1.61,2.27,1.71,2.1,Non,Non,Non,Oui,Non,,,[],True
8c2a679ee7014692,coupe-du-monde,164838,40,2026-09-09T02:47:18Z,Panama,Egypt,2,1,3.9,3.65,1.89,1.85,1.22,1.25,1.71,2.1,1.66,2.18,Oui,Oui,Oui,Non,Non,Home,83,"[20, 73, 83]",True
609f504b6b1f714d,coupe-du-monde,164838,40,2026-09-09T02:47:18Z,Ecuador,Uzbekistan,2,4,2.02,3.8,3.3,1.3,1.73,1.23,1.53,2.45,1.51,2.51,Oui,Oui,Non,Non,Oui,Home,88,"[30, 40, 45, 50, 71, 88]",True
f886c7fdfb081dbc,coupe-du-monde,164838,40,2026-09-09T02:47:18Z,Curacao,Mexico,1,3,6.6,4.67,1.44,2.68,1.08,1.16,1.5,2.53,1.74,2.07,Oui,Oui,Non,Non,Oui,Away,60,"[5, 17, 59, 60]",True
5ce710dcaf4c7c31,coupe-du-monde,164838,40,2026-09-09T02:47:18Z,Jordan,Algeria,1,4,3.36,3.62,2.06,1.71,1.29,1.25,1.66,2.19,1.59,2.31,Oui,Oui,Non,Non,Oui,Away,87,"[43, 44, 47, 86, 87]",True
87afd8d84315a581,coupe-du-monde,164838,40,2026-09-09T02:47:18Z,Japan,Canada,2,0,1.88,3.93,3.66,1.25,1.86,1.22,1.51,2.51,1.52,2.49,Non,Non,Oui,Non,Non,Home,86,"[16, 86]",True
6ad423edc8bb0766,coupe-du-monde,164838,40,2026-09-09T02:47:18Z,USA,Brazil,1,2,3.72,4.31,1.79,1.96,1.24,1.19,1.35,3.15,1.41,2.83,Oui,Oui,Non,Non,Oui,Away,79,"[38, 74, 79]",True
cc26e7a000b68edc,coupe-du-monde,164838,40,2026-09-09T02:47:18Z,Czechia,Switzerland,4,0,3.55,3.62,1.99,1.76,1.26,1.25,1.68,2.15,1.62,2.27,Oui,Non,Oui,Non,Non,Home,70,"[32, 35, 51, 70]",True
b55068b53ca1792b,coupe-du-monde,164838,40,2026-09-09T02:47:18Z,Congo DR,Tunisia,1,3,3.24,3.4,2.18,1.63,1.31,1.28,1.83,1.95,1.69,2.14,Oui,Oui,Non,Non,Oui,Away,48,"[24, 29, 44, 48]",True
966529ac451fe6eb,coupe-du-monde,164838,40,2026-09-09T02:47:18Z,Austria,Colombia,2,2,2.8,3.78,2.28,1.58,1.4,1.23,1.51,2.53,1.47,2.63,Oui,Oui,Non,Oui,Non,Away,81,"[4, 23, 50, 81]",True
fc7107a77c072e50,coupe-du-monde,164838,40,2026-09-09T02:47:18Z,Qatar,IR Iran,0,2,2.93,3.71,2.22,1.61,1.36,1.24,1.55,2.4,1.51,2.53,Non,Non,Non,Non,Oui,Away,75,"[30, 75]",True
f3f522070b916866,coupe-du-monde,164838,40,2026-09-09T02:47:18Z,Argentina,Paraguay,3,1,1.44,4.99,6.01,1.1,2.67,1.14,1.35,3.12,1.57,2.37,Oui,Oui,Oui,Non,Non,Away,84,"[27, 65, 77, 84]",True
5102b4ae11e856b1,coupe-du-monde,164838,40,2026-09-09T02:47:18Z,Turkiye,Iraq,2,1,2.14,3.73,3.07,1.34,1.65,1.24,1.55,2.41,1.51,2.51,Oui,Oui,Oui,Non,Non,Away,84,"[75, 76, 84]",True
629a57e4577b9272,coupe-du-monde,164838,40,2026-09-09T02:47:18Z,Scotland,Croatia,2,4,3.35,3.77,2.01,1.74,1.29,1.23,1.56,2.39,1.53,2.46,Oui,Oui,Non,Non,Oui,Home,48,"[24, 26, 40, 47, 47, 48]",True
57a103273d8134dd,coupe-du-monde,164838,40,2026-09-09T02:47:18Z,Cabo Verde,Germany,0,3,4.86,4.46,1.59,2.28,1.15,1.17,1.41,2.85,1.53,2.45,Oui,Non,Non,Non,Oui,Away,62,"[24, 35, 62]",True
befa3a06294c4209,coupe-du-monde,164838,40,2026-09-09T02:47:18Z,Spain,Uruguay,4,1,1.88,3.9,3.7,1.24,1.86,1.22,1.53,2.47,1.53,2.46,Oui,Oui,Oui,Non,Non,Home,62,"[16, 44, 50, 61, 62]",True
8678838b2b38484f,coupe-du-monde,164838,42,2026-09-09T02:51:18Z,Netherlands,England,1,5,3.2,4.06,2.0,1.76,1.31,1.21,1.4,2.91,1.42,2.83,Oui,Oui,Non,Non,Oui,Away,81,"[6, 8, 8, 53, 65, 81]",True
644ee662e112cd8b,coupe-du-monde,164838,42,2026-09-09T02:51:18Z,Czechia,Croatia,1,3,3.23,3.62,2.11,1.67,1.31,1.25,1.64,2.22,1.57,2.36,Oui,Oui,Non,Non,Oui,Away,82,"[24, 65, 68, 82]",True
2b454c0f6c05954a,coupe-du-monde,164838,42,2026-09-09T02:51:18Z,Ecuador,Cote d'Ivoire,3,0,2.51,3.8,2.51,1.48,1.48,1.23,1.48,2.59,1.45,2.69,Oui,Non,Oui,Non,Non,Home,62,"[56, 60, 62]",True
22c85705f7c3c415,coupe-du-monde,164838,42,2026-09-09T02:51:18Z,Japan,Belgium,2,1,2.59,3.64,2.51,1.48,1.46,1.25,1.59,2.33,1.52,2.49,Oui,Oui,Oui,Non,Non,Away,29,"[23, 25, 29]",True
5d04e4a4cf2b771f,coupe-du-monde,164838,42,2026-09-09T02:51:18Z,Qatar,Colombia,1,3,3.59,4.08,1.86,1.87,1.26,1.2,1.42,2.8,1.45,2.68,Oui,Oui,Non,Non,Oui,Away,86,"[23, 25, 36, 86]",True
fd0a8536804f9775,coupe-du-monde,164838,42,2026-09-09T02:51:18Z,Ghana,Saudi Arabia,1,1,2.53,3.61,2.57,1.46,1.48,1.25,1.6,2.29,1.53,2.47,Non,Oui,Non,Oui,Non,Home,77,"[34, 77]",True
db5cd2da911aba43,coupe-du-monde,164838,42,2026-09-09T02:51:18Z,USA,Algeria,0,0,2.18,3.85,2.94,1.36,1.63,1.23,1.47,2.62,1.45,2.68,Non,Non,Non,Oui,Non,,,[],True
2e6934953f6727ce,coupe-du-monde,164838,42,2026-09-09T02:51:18Z,Korea Republic,Bosnia-Herzegovina,0,1,1.97,3.8,3.46,1.27,1.78,1.23,1.55,2.4,1.53,2.45,Non,Non,Non,Non,Oui,Away,51,[51],True
7e7d759745bbc5b1,coupe-du-monde,164838,42,2026-09-09T02:51:18Z,Sweden,Brazil,1,2,3.84,4.15,1.79,1.96,1.23,1.2,1.42,2.81,1.47,2.64,Oui,Oui,Non,Non,Oui,Away,74,"[49, 65, 74]",True
c46f7cc297b9c8a6,coupe-du-monde,164838,42,2026-09-09T02:51:18Z,Uzbekistan,Switzerland,0,5,4.85,4.01,1.65,2.16,1.15,1.21,1.61,2.28,1.67,2.16,Oui,Non,Non,Non,Oui,Away,90,"[37, 42, 42, 51, 90]",True
11566e021fbe1be8,coupe-du-monde,164838,42,2026-09-09T02:51:18Z,Panama,Uruguay,1,2,6.9,4.55,1.44,2.69,1.07,1.17,1.57,2.35,1.82,1.96,Oui,Oui,Non,Non,Oui,Away,76,"[5, 75, 76]",True
21ac3d2a928d2a63,coupe-du-monde,164838,42,2026-09-09T02:51:18Z,Congo DR,Mexico,1,2,4.32,3.97,1.73,2.03,1.18,1.21,1.57,2.37,1.6,2.3,Oui,Oui,Non,Non,Oui,Home,89,"[2, 66, 89]",True
57d28665ecd0dfd0,coupe-du-monde,164838,42,2026-09-09T02:51:18Z,Scotland,New Zealand,1,1,1.85,3.85,3.86,1.22,1.89,1.23,1.57,2.36,1.57,2.36,Non,Oui,Non,Oui,Non,Away,70,"[56, 70]",True
3d0d0b5b66f43e71,coupe-du-monde,164838,42,2026-09-09T02:51:18Z,Morocco,Iraq,1,1,1.52,3.98,6.55,1.08,2.43,1.21,1.83,1.94,1.99,1.8,Non,Oui,Non,Oui,Non,Home,90,"[70, 90]",True
15b9eeb0117b8608,coupe-du-monde,164838,42,2026-09-09T02:51:18Z,Curacao,South Africa,2,1,3.78,3.65,1.92,1.82,1.23,1.25,1.69,2.13,1.64,2.22,Oui,Oui,Oui,Non,Non,Home,82,"[21, 48, 82]",True
3ff47484538c68ee,coupe-du-monde,164838,42,2026-09-09T02:51:18Z,Norway,Tunisia,3,2,1.95,3.73,3.58,1.26,1.79,1.24,1.61,2.27,1.58,2.35,Oui,Oui,Oui,Non,Non,Away,80,"[31, 35, 45, 50, 80]",True
d463f5f19feccd02,coupe-du-monde,164838,42,2026-09-09T02:51:18Z,Jordan,France,1,2,8.18,5.35,1.33,3.18,1.05,1.12,1.42,2.82,1.78,2.0,Oui,Oui,Non,Non,Oui,Away,79,"[24, 77, 79]",True
819e15239c9906e6,coupe-du-monde,164838,42,2026-09-09T02:51:18Z,Cabo Verde,Egypt,1,2,3.3,3.64,2.07,1.7,1.3,1.25,1.64,2.23,1.57,2.35,Oui,Oui,Non,Non,Oui,Away,76,"[56, 71, 76]",True
9fe4425ee5867f3c,coupe-du-monde,164838,42,2026-09-09T02:51:18Z,Haiti,Senegal,1,2,6.17,4.35,1.5,2.5,1.09,1.18,1.59,2.32,1.77,2.02,Oui,Oui,Non,Non,Oui,Away,90,"[31, 34, 90]",True
a0a4aab190694138,coupe-du-monde,164838,42,2026-09-09T02:51:18Z,Australia,Paraguay,1,0,2.19,3.7,3.0,1.35,1.63,1.24,1.56,2.39,1.51,2.51,Non,Non,Oui,Non,Non,Home,27,[27],True
da77637b5afe84fb,coupe-du-monde,164838,42,2026-09-09T02:51:18Z,Argentina,IR Iran,3,2,1.63,4.32,4.65,1.16,2.2,1.18,1.45,2.72,1.54,2.43,Oui,Oui,Oui,Non,Non,Home,87,"[43, 44, 72, 79, 87]",True
b6cac52cd0c4ce57,coupe-du-monde,164838,42,2026-09-09T02:51:18Z,Turkiye,Germany,1,2,3.67,4.26,1.81,1.93,1.25,1.19,1.36,3.09,1.42,2.82,Oui,Oui,Non,Non,Oui,Away,85,"[58, 60, 85]",True
08357ad4c4145e17,coupe-du-monde,164838,42,2026-09-09T02:51:18Z,Portugal,Canada,1,2,1.63,4.5,4.46,1.17,2.2,1.17,1.36,3.08,1.47,2.63,Oui,Oui,Non,Non,Oui,Away,89,"[7, 53, 89]",True
ccfcf4af946645ac,coupe-du-monde,164838,42,2026-09-09T02:51:18Z,Spain,Austria,1,1,1.61,4.23,4.93,1.14,2.24,1.19,1.51,2.52,1.61,2.28,Non,Oui,Non,Oui,Non,Away,68,"[31, 68]",True
128763ca8bfb773e,coupe-du-monde,164838,44,2026-09-09T02:55:18Z,Australia,IR Iran,1,1,2.61,3.62,2.5,1.49,1.45,1.25,1.6,2.3,1.53,2.47,Non,Oui,Non,Oui,Non,Away,89,"[74, 89]",True
4bed0ba7729fa786,coupe-du-monde,164838,44,2026-09-09T02:55:18Z,USA,France,2,3,5.03,4.66,1.55,2.38,1.14,1.16,1.36,3.08,1.51,2.52,Oui,Oui,Non,Non,Oui,Away,83,"[17, 32, 66, 66, 83]",True
12d3da7c7ce98d9d,coupe-du-monde,164838,44,2026-09-09T02:55:18Z,Morocco,Germany,0,0,2.04,3.59,3.45,1.27,1.73,1.26,1.7,2.13,1.62,2.26,Non,Non,Non,Oui,Non,,,[],True
0146dc66f7130fed,coupe-du-monde,164838,44,2026-09-09T02:55:18Z,Qatar,Spain,2,2,7.46,5.06,1.37,2.96,1.06,1.14,1.45,2.71,1.76,2.04,Oui,Oui,Non,Oui,Non,Away,82,"[26, 61, 80, 82]",True
b969cdabc497b277,coupe-du-monde,164838,44,2026-09-09T02:55:18Z,Haiti,Bosnia-Herzegovina,0,3,3.57,3.69,1.96,1.78,1.26,1.24,1.64,2.23,1.59,2.32,Oui,Non,Non,Non,Oui,Away,83,"[25, 53, 83]",True
ed1756bba1e95796,coupe-du-monde,164838,44,2026-09-09T02:55:18Z,Ecuador,Iraq,1,1,2.19,3.65,3.04,1.34,1.63,1.25,1.6,2.29,1.54,2.43,Non,Oui,Non,Oui,Non,Away,78,"[57, 78]",True
40e402a6f0fb9afc,coupe-du-monde,164838,44,2026-09-09T02:55:18Z,Cabo Verde,Uruguay,2,1,4.86,4.13,1.63,2.19,1.15,1.2,1.55,2.41,1.63,2.24,Oui,Oui,Oui,Non,Non,Home,74,"[25, 41, 74]",True
e95f51a0b677f015,coupe-du-monde,164838,44,2026-09-09T02:55:18Z,Uzbekistan,Croatia,0,6,4.35,3.92,1.74,2.02,1.18,1.22,1.59,2.31,1.62,2.26,Oui,Non,Non,Non,Oui,Away,68,"[11, 30, 43, 57, 67, 68]",True
c349cd3478cfd278,coupe-du-monde,164838,44,2026-09-09T02:55:18Z,Norway,Mexico,3,0,2.36,3.83,2.66,1.43,1.54,1.23,1.47,2.64,1.44,2.73,Oui,Non,Oui,Non,Non,Home,42,"[41, 42, 42]",True
3dd25109c71e8a06,coupe-du-monde,164838,44,2026-09-09T02:55:18Z,Argentina,Colombia,2,2,1.82,4.27,3.61,1.25,1.92,1.19,1.35,3.11,1.41,2.84,Oui,Oui,Non,Oui,Non,Home,76,"[20, 26, 29, 76]",True
dd5e1c2cc1815642,coupe-du-monde,164838,44,2026-09-09T02:55:18Z,Ghana,Canada,0,3,3.05,3.72,2.16,1.65,1.34,1.24,1.56,2.39,1.51,2.5,Oui,Non,Non,Non,Oui,Away,60,"[21, 57, 60]",True
7953badb09806e86,coupe-du-monde,164838,44,2026-09-09T02:55:18Z,Czechia,New Zealand,2,0,1.81,3.79,4.12,1.2,1.94,1.23,1.65,2.21,1.64,2.22,Non,Non,Oui,Non,Non,Home,60,"[19, 60]",True
91f1cf033e7394f3,coupe-du-monde,164838,44,2026-09-09T02:55:18Z,Turkiye,Egypt,2,2,2.67,3.7,2.41,1.52,1.43,1.24,1.55,2.42,1.49,2.56,Oui,Oui,Non,Oui,Non,Away,67,"[19, 22, 56, 67]",True
b234b0faf9761222,coupe-du-monde,164838,44,2026-09-09T02:55:18Z,Netherlands,Paraguay,0,3,1.74,4.2,4.07,1.21,2.03,1.19,1.43,2.79,1.49,2.58,Oui,Non,Non,Non,Oui,Away,83,"[29, 55, 83]",True
e469eb880a2e36f8,coupe-du-monde,164838,44,2026-09-09T02:55:18Z,Sweden,Algeria,3,0,2.22,3.65,2.97,1.36,1.61,1.25,1.6,2.3,1.54,2.45,Oui,Non,Oui,Non,Non,Home,42,"[30, 35, 42]",True
d400890656b4d99e,coupe-du-monde,164838,44,2026-09-09T02:55:18Z,Portugal,Belgium,0,2,2.06,4.04,3.06,1.34,1.71,1.21,1.39,2.95,1.4,2.87,Non,Non,Non,Non,Oui,Away,8,"[5, 8]",True
23d32fb7627af7fa,coupe-du-monde,164838,44,2026-09-09T02:55:18Z,Jordan,Tunisia,0,3,3.31,3.37,2.17,1.64,1.29,1.29,1.86,1.91,1.71,2.1,Oui,Non,Non,Non,Oui,Away,59,"[28, 52, 59]",True
2d1eeee355da947b,coupe-du-monde,164838,44,2026-09-09T02:55:18Z,Korea Republic,England,3,3,4.32,4.31,1.68,2.12,1.18,1.19,1.41,2.85,1.5,2.55,Oui,Oui,Non,Oui,Non,Away,90,"[33, 40, 41, 73, 76, 90]",True
5159ba43a54f947e,coupe-du-monde,164838,44,2026-09-09T02:55:18Z,Japan,South Africa,3,1,1.62,4.14,4.93,1.14,2.21,1.2,1.55,2.4,1.64,2.22,Oui,Oui,Oui,Non,Non,Home,63,"[29, 45, 58, 63]",True
eb75bac344b7f70f,coupe-du-monde,164838,44,2026-09-09T02:55:18Z,Senegal,Brazil,0,3,3.23,3.97,2.01,1.75,1.31,1.21,1.44,2.73,1.45,2.71,Oui,Non,Non,Non,Oui,Away,44,"[25, 44, 44]",True
f3e45dfd237e96e6,coupe-du-monde,164838,44,2026-09-09T02:55:18Z,Panama,Austria,2,2,4.6,3.89,1.71,2.07,1.17,1.22,1.65,2.21,1.68,2.16,Oui,Oui,Non,Oui,Non,Away,90,"[5, 81, 82, 90]",True
f26e8e6ab827b4b9,coupe-du-monde,164838,44,2026-09-09T02:55:18Z,Congo DR,Curacao,1,2,1.89,3.69,3.86,1.23,1.85,1.24,1.68,2.16,1.64,2.23,Oui,Oui,Non,Non,Oui,Home,39,"[18, 19, 39]",True
0122679f4d7dd938,coupe-du-monde,164838,44,2026-09-09T02:55:18Z,Scotland,Saudi Arabia,1,3,2.16,3.72,3.04,1.34,1.64,1.24,1.56,2.39,1.51,2.51,Oui,Oui,Non,Non,Oui,Away,83,"[23, 41, 60, 83]",True
80226c31b0df0b23,coupe-du-monde,164838,44,2026-09-09T02:55:18Z,Switzerland,Cote d'Ivoire,1,0,2.04,3.66,3.36,1.29,1.72,1.25,1.63,2.24,1.57,2.36,Non,Non,Oui,Non,Non,Home,80,[80],True
0f9fd9f97ee4c078,coupe-du-monde,164838,47,2026-09-09T03:01:18Z,Saudi Arabia,Sweden,0,0,3.91,3.84,1.84,1.9,1.22,1.23,1.58,2.33,1.58,2.34,Non,Non,Non,Oui,Non,,,[],True
36c958839a671763,coupe-du-monde,164838,47,2026-09-09T03:01:18Z,Germany,Haiti,2,2,1.34,5.49,7.67,1.06,3.14,1.12,1.35,3.13,1.68,2.15,Oui,Oui,Non,Oui,Non,Away,78,"[8, 54, 66, 78]",True
633a3944617592d3,coupe-du-monde,164838,47,2026-09-09T03:01:18Z,England,Switzerland,1,3,2.05,3.7,3.3,1.3,1.71,1.24,1.6,2.3,1.55,2.41,Oui,Oui,Non,Non,Oui,Away,89,"[21, 48, 54, 89]",True
a4f5c0f5296cbe61,coupe-du-monde,164838,47,2026-09-09T03:01:18Z,Egypt,Korea Republic,2,1,2.61,3.57,2.52,1.48,1.45,1.26,1.63,2.24,1.55,2.42,Oui,Oui,Oui,Non,Non,Home,71,"[10, 52, 71]",True
07cc787ae31e7a5b,coupe-du-monde,164838,47,2026-09-09T03:01:18Z,Spain,Cabo Verde,1,1,1.33,5.26,8.63,1.04,3.21,1.13,1.47,2.64,1.87,1.91,Non,Oui,Non,Oui,Non,Home,85,"[84, 85]",True
17872f9607d704cf,coupe-du-monde,164838,47,2026-09-09T03:01:18Z,New Zealand,Senegal,1,2,5.2,4.16,1.59,2.27,1.13,1.2,1.58,2.35,1.68,2.15,Oui,Oui,Non,Non,Oui,Home,77,"[74, 76, 77]",True
0f5adec91541eb3e,coupe-du-monde,164838,47,2026-09-09T03:01:18Z,Austria,Australia,0,0,2.27,3.74,2.83,1.39,1.58,1.24,1.53,2.46,1.49,2.58,Non,Non,Non,Oui,Non,,,[],True
800c7c5390c06b61,coupe-du-monde,164838,47,2026-09-09T03:01:18Z,South Africa,Panama,1,0,2.43,3.36,2.84,1.39,1.51,1.29,1.82,1.95,1.67,2.17,Non,Non,Oui,Non,Non,Home,49,[49],True
4d5d8d9499503c38,coupe-du-monde,164838,47,2026-09-09T03:01:18Z,Uruguay,Netherlands,4,1,2.24,3.86,2.82,1.39,1.6,1.23,1.46,2.67,1.44,2.73,Oui,Oui,Oui,Non,Non,Home,64,"[3, 31, 36, 52, 64]",True
89956805d381515e,coupe-du-monde,164838,47,2026-09-09T03:01:18Z,Japan,Norway,4,1,2.49,3.7,2.57,1.46,1.49,1.24,1.55,2.42,1.49,2.57,Oui,Oui,Oui,Non,Non,Home,75,"[22, 31, 33, 65, 75]",True
4c01b31f35e82d1f,coupe-du-monde,164838,47,2026-09-09T03:01:18Z,Qatar,Argentina,1,4,5.65,4.93,1.47,2.58,1.11,1.15,1.34,3.19,1.53,2.45,Oui,Oui,Non,Non,Oui,Away,85,"[31, 37, 60, 74, 85]",True
f10d75833f8f7940,coupe-du-monde,164838,47,2026-09-09T03:01:18Z,Algeria,Cote d'Ivoire,1,4,2.62,3.64,2.48,1.5,1.45,1.25,1.59,2.33,1.52,2.49,Oui,Oui,Non,Non,Oui,Away,90,"[26, 31, 69, 87, 90]",True
0df4198a05b62c65,coupe-du-monde,164838,47,2026-09-09T03:01:18Z,France,Uzbekistan,3,0,1.31,5.68,8.15,1.05,3.28,1.11,1.34,3.18,1.71,2.11,Oui,Non,Oui,Non,Non,Home,90,"[3, 85, 90]",True
49689a038058c890,coupe-du-monde,164838,47,2026-09-09T03:01:18Z,Paraguay,Ecuador,1,0,2.95,3.69,2.22,1.61,1.36,1.24,1.57,2.37,1.51,2.5,Non,Non,Oui,Non,Non,Home,5,[5],True
b04b27c94f36f6c0,coupe-du-monde,164838,47,2026-09-09T03:01:18Z,Mexico,Scotland,5,1,2.06,3.83,3.2,1.31,1.71,1.23,1.51,2.52,1.49,2.58,Oui,Oui,Oui,Non,Non,Home,87,"[6, 13, 26, 67, 86, 87]",True
d94f87e85411c5f3,coupe-du-monde,164838,47,2026-09-09T03:01:18Z,Colombia,Turkiye,1,2,1.99,4.0,3.26,1.3,1.76,1.21,1.43,2.77,1.44,2.72,Oui,Oui,Non,Non,Oui,Away,83,"[64, 66, 83]",True
3b0c975026d8fd16,coupe-du-monde,164838,47,2026-09-09T03:01:18Z,Canada,USA,0,2,3.2,4.0,2.01,1.74,1.31,1.21,1.42,2.8,1.43,2.76,Non,Non,Non,Non,Oui,Away,68,"[17, 68]",True
5117357cbf29f01b,coupe-du-monde,164838,47,2026-09-09T03:01:18Z,Tunisia,Czechia,3,0,2.65,3.44,2.55,1.47,1.44,1.28,1.75,2.05,1.62,2.26,Oui,Non,Oui,Non,Non,Home,82,"[71, 74, 82]",True
b77ec97523b01ead,coupe-du-monde,164838,47,2026-09-09T03:01:18Z,Iraq,Brazil,0,3,5.5,4.61,1.51,2.46,1.12,1.16,1.42,2.81,1.59,2.33,Oui,Non,Non,Non,Oui,Away,68,"[5, 68, 68]",True
124240298f8ea4e9,coupe-du-monde,164838,47,2026-09-09T03:01:18Z,IR Iran,Morocco,0,3,4.91,3.56,1.74,2.03,1.15,1.26,1.93,1.85,1.89,1.89,Oui,Non,Non,Non,Oui,Away,54,"[18, 43, 54]",True
977cf603c31e9644,coupe-du-monde,164838,47,2026-09-09T03:01:18Z,Congo DR,Portugal,0,2,6.77,5.14,1.39,2.87,1.08,1.13,1.37,3.03,1.64,2.23,Non,Non,Non,Non,Oui,Away,77,"[70, 77]",True
133bc31a07fa60ac,coupe-du-monde,164838,47,2026-09-09T03:01:18Z,Croatia,Bosnia-Herzegovina,0,1,1.71,3.97,4.45,1.17,2.06,1.21,1.58,2.35,1.62,2.26,Non,Non,Non,Non,Oui,Away,15,[15],True
3f404667ff7808f0,coupe-du-monde,164838,47,2026-09-09T03:01:18Z,Belgium,Jordan,1,0,1.67,3.97,4.74,1.16,2.12,1.21,1.62,2.26,1.67,2.16,Non,Non,Oui,Non,Non,Home,16,[16],True
7d94b66d60ac6ca7,coupe-du-monde,164838,47,2026-09-09T03:01:18Z,Curacao,Ghana,2,0,4.18,3.71,1.81,1.93,1.2,1.24,1.71,2.11,1.68,2.15,Non,Non,Oui,Non,Non,Home,31,"[28, 31]",True
62b09c23af996b4d,coupe-du-monde,164838,49,2026-09-09T03:05:18Z,Congo DR,Ghana,2,2,2.69,3.58,2.45,1.51,1.43,1.26,1.63,2.25,1.54,2.43,Oui,Oui,Non,Oui,Non,Home,80,"[8, 20, 65, 80]",True
5d0b0a597fe857e3,coupe-du-monde,164838,49,2026-09-09T03:05:18Z,Canada,Sweden,0,3,3.01,3.72,2.18,1.63,1.35,1.24,1.55,2.4,1.51,2.52,Oui,Non,Non,Non,Oui,Away,63,"[13, 56, 63]",True
ae681cc60d1f8f49,coupe-du-monde,164838,49,2026-09-09T03:05:18Z,Colombia,Morocco,0,0,3.91,3.57,1.91,1.83,1.22,1.26,1.78,2.01,1.7,2.11,Non,Non,Non,Oui,Non,,,[],True
e415c622e9bde7c0,coupe-du-monde,164838,49,2026-09-09T03:05:18Z,Paraguay,Switzerland,1,2,4.07,3.82,1.81,1.94,1.21,1.23,1.62,2.27,1.61,2.27,Oui,Oui,Non,Non,Oui,Away,86,"[24, 33, 86]",True
75e8ddd97978da27,coupe-du-monde,164838,49,2026-09-09T03:05:18Z,Spain,Turkiye,4,1,1.45,4.77,6.18,1.09,2.64,1.15,1.43,2.77,1.64,2.21,Oui,Oui,Oui,Non,Non,Home,86,"[23, 38, 45, 55, 86]",True
f1dd76153cfcefef,coupe-du-monde,164838,49,2026-09-09T03:05:18Z,South Africa,Argentina,1,3,8.15,5.66,1.31,3.28,1.05,1.11,1.34,3.18,1.71,2.11,Oui,Oui,Non,Non,Oui,Away,70,"[21, 50, 57, 70]",True
edb482df545229ca,coupe-du-monde,164838,49,2026-09-09T03:05:18Z,England,Croatia,4,1,1.89,3.89,3.64,1.25,1.85,1.22,1.52,2.48,1.52,2.48,Oui,Oui,Oui,Non,Non,Away,75,"[36, 45, 46, 50, 75]",True
4be8ee80ac5b47bb,coupe-du-monde,164838,49,2026-09-09T03:05:18Z,Belgium,USA,2,1,2.14,3.94,2.94,1.36,1.65,1.22,1.43,2.78,1.43,2.79,Oui,Oui,Oui,Non,Non,Home,56,"[34, 40, 56]",True
7b89d841160a6605,coupe-du-monde,164838,49,2026-09-09T03:05:18Z,Panama,Cabo Verde,3,3,3.11,3.45,2.23,1.61,1.33,1.27,1.77,2.03,1.64,2.22,Oui,Oui,Non,Oui,Non,Home,78,"[44, 45, 45, 56, 76, 78]",True
694a7bff31eaf052,coupe-du-monde,164838,49,2026-09-09T03:05:18Z,Egypt,Haiti,3,1,1.67,3.92,4.82,1.15,2.12,1.22,1.65,2.2,1.7,2.12,Oui,Oui,Oui,Non,Non,Away,64,"[16, 50, 55, 64]",True
653dccc5fb44f5f2,coupe-du-monde,164838,49,2026-09-09T03:05:18Z,Qatar,Australia,1,2,2.86,3.79,2.24,1.6,1.38,1.23,1.5,2.54,1.47,2.63,Oui,Oui,Non,Non,Oui,Away,78,"[50, 66, 78]",True
d6916567e64cf34e,coupe-du-monde,164838,49,2026-09-09T03:05:18Z,France,Cote d'Ivoire,3,1,1.44,4.98,6.06,1.1,2.68,1.14,1.36,3.07,1.58,2.34,Oui,Oui,Oui,Non,Non,Home,88,"[23, 40, 82, 88]",True
da47cba9af3dff64,coupe-du-monde,164838,49,2026-09-09T03:05:18Z,Portugal,Norway,3,2,1.98,4.15,3.19,1.31,1.77,1.2,1.35,3.11,1.39,2.95,Oui,Oui,Oui,Non,Non,Home,81,"[43, 45, 51, 52, 81]",True
2f1304d50e9a62c7,coupe-du-monde,164838,49,2026-09-09T03:05:18Z,Mexico,Czechia,1,1,2.07,3.79,3.19,1.31,1.7,1.23,1.53,2.46,1.5,2.53,Non,Oui,Non,Oui,Non,Home,79,"[53, 79]",True
b244ef2b863211dd,coupe-du-monde,164838,49,2026-09-09T03:05:18Z,IR Iran,Ecuador,1,2,2.44,3.62,2.68,1.43,1.51,1.25,1.6,2.29,1.53,2.47,Oui,Oui,Non,Non,Oui,Away,70,"[19, 61, 70]",True
9df92d9e8474ff9a,coupe-du-monde,164838,49,2026-09-09T03:05:18Z,Tunisia,Uzbekistan,1,0,2.23,3.48,3.08,1.33,1.6,1.27,1.74,2.06,1.63,2.24,Non,Non,Oui,Non,Non,Home,56,[56],True
2ead067a47ccc8d8,coupe-du-monde,164838,49,2026-09-09T03:05:18Z,Germany,Brazil,4,1,2.78,4.24,2.15,1.65,1.4,1.19,1.3,3.45,1.34,3.19,Oui,Oui,Oui,Non,Non,Home,60,"[25, 44, 47, 55, 60]",True
10b8f28767ce69ce,coupe-du-monde,164838,49,2026-09-09T03:05:18Z,New Zealand,Bosnia-Herzegovina,1,5,3.05,3.58,2.21,1.61,1.34,1.26,1.66,2.18,1.58,2.35,Oui,Oui,Non,Non,Oui,Away,55,"[40, 44, 44, 50, 54, 55]",True
70eaa3c7303bd136,coupe-du-monde,164838,49,2026-09-09T03:05:18Z,Austria,Netherlands,1,0,2.96,3.94,2.13,1.66,1.36,1.22,1.43,2.79,1.42,2.8,Non,Non,Oui,Non,Non,Home,49,[49],True
b070a92fad0436a1,coupe-du-monde,164838,49,2026-09-09T03:05:18Z,Japan,Jordan,0,0,1.76,3.84,4.35,1.18,2.0,1.23,1.64,2.22,1.65,2.2,Non,Non,Non,Oui,Non,,,[],True
dbf7d2710899a69e,coupe-du-monde,164838,49,2026-09-09T03:05:18Z,Algeria,Iraq,2,0,2.23,3.56,3.02,1.35,1.6,1.26,1.66,2.18,1.57,2.35,Non,Non,Oui,Non,Non,Home,82,"[66, 82]",True
806c8a11740704dc,coupe-du-monde,164838,49,2026-09-09T03:05:18Z,Saudi Arabia,Senegal,1,3,4.43,3.97,1.72,2.05,1.18,1.21,1.58,2.35,1.62,2.27,Oui,Oui,Non,Non,Oui,Home,51,"[19, 20, 50, 51]",True
e2c34ad28a650f79,coupe-du-monde,164838,49,2026-09-09T03:05:18Z,Curacao,Scotland,1,0,5.07,4.17,1.61,2.25,1.14,1.2,1.55,2.4,1.65,2.2,Non,Non,Oui,Non,Non,Home,47,[47],True
0af29974a29307eb,coupe-du-monde,164838,49,2026-09-09T03:05:18Z,Uruguay,Korea Republic,1,1,1.86,3.89,3.77,1.23,1.88,1.22,1.54,2.44,1.54,2.43,Non,Oui,Non,Oui,Non,Home,83,"[26, 83]",True
c5a7027f5f63b2c5,coupe-du-monde,164838,52,2026-09-09T03:11:18Z,Switzerland,Uruguay,1,4,3.01,3.53,2.25,1.59,1.35,1.26,1.69,2.13,1.6,2.31,Oui,Oui,Non,Non,Oui,Away,86,"[14, 26, 48, 69, 86]",True
976bb33ffcda848c,coupe-du-monde,164838,52,2026-09-09T03:11:18Z,Croatia,Egypt,2,1,2.2,3.55,3.08,1.33,1.62,1.26,1.68,2.15,1.59,2.32,Oui,Oui,Oui,Non,Non,Home,71,"[68, 68, 71]",True
614ba9b67e36cf5c,coupe-du-monde,164838,52,2026-09-09T03:11:18Z,Australia,Cabo Verde,0,0,2.08,3.7,3.24,1.31,1.7,1.24,1.59,2.32,1.54,2.43,Non,Non,Non,Oui,Non,,,[],True
b0c77ed25f1f77cd,coupe-du-monde,164838,52,2026-09-09T03:11:18Z,England,France,1,2,3.02,4.05,2.08,1.7,1.35,1.21,1.39,2.96,1.4,2.88,Oui,Oui,Non,Non,Oui,Away,74,"[42, 49, 74]",True
4ffb6c15cacb6639,coupe-du-monde,164838,52,2026-09-09T03:11:18Z,Uzbekistan,Belgium,0,1,4.66,4.16,1.65,2.16,1.16,1.2,1.51,2.51,1.59,2.32,Non,Non,Non,Non,Oui,Away,46,[46],True
cb3f2d591494fc68,coupe-du-monde,164838,52,2026-09-09T03:11:18Z,Czechia,Japan,1,4,3.39,3.68,2.03,1.73,1.28,1.24,1.62,2.26,1.57,2.37,Oui,Oui,Non,Non,Oui,Away,83,"[16, 26, 47, 51, 83]",True
1db99522fd062725,coupe-du-monde,164838,52,2026-09-09T03:11:18Z,Ghana,South Africa,2,1,2.51,3.54,2.64,1.44,1.49,1.26,1.66,2.19,1.56,2.38,Oui,Oui,Oui,Non,Non,Home,75,"[2, 56, 75]",True
152f98d0a8c27ed5,coupe-du-monde,164838,52,2026-09-09T03:11:18Z,Brazil,IR Iran,3,2,1.76,4.19,3.96,1.22,2.0,1.2,1.42,2.82,1.48,2.62,Oui,Oui,Oui,Non,Non,Away,70,"[13, 14, 49, 61, 70]",True
848804aea6c9d52c,coupe-du-monde,164838,52,2026-09-09T03:11:18Z,Turkiye,Argentina,0,4,5.11,4.83,1.52,2.44,1.14,1.15,1.32,3.3,1.48,2.59,Oui,Non,Non,Non,Oui,Away,64,"[1, 15, 55, 64]",True
9a18d57ad64d45d6,coupe-du-monde,164838,52,2026-09-09T03:11:18Z,Morocco,Qatar,2,0,1.58,3.93,5.77,1.11,2.29,1.22,1.77,2.02,1.87,1.91,Non,Non,Oui,Non,Non,Home,85,"[82, 85]",True
c7b25640fe02cf4e,coupe-du-monde,164838,52,2026-09-09T03:11:18Z,Netherlands,Panama,4,0,1.53,4.48,5.46,1.12,2.42,1.17,1.47,2.65,1.62,2.26,Oui,Non,Oui,Non,Non,Home,80,"[1, 47, 66, 80]",True
2864c1fee963af24,coupe-du-monde,164838,52,2026-09-09T03:11:18Z,Senegal,Mexico,1,3,2.43,3.72,2.64,1.44,1.51,1.24,1.54,2.45,1.49,2.58,Oui,Oui,Non,Non,Oui,Home,90,"[24, 37, 85, 90]",True
01644513dd9bb77e,coupe-du-monde,164838,52,2026-09-09T03:11:18Z,USA,Congo DR,5,0,1.75,4.12,4.05,1.21,2.0,1.2,1.46,2.67,1.51,2.52,Oui,Non,Oui,Non,Non,Home,74,"[9, 24, 36, 65, 74]",True
3de3a4c153d8b55b,coupe-du-monde,164838,52,2026-09-09T03:11:18Z,New Zealand,Germany,0,1,5.95,4.79,1.46,2.6,1.1,1.15,1.4,2.87,1.61,2.28,Non,Non,Non,Non,Oui,Away,20,[20],True
b7f52fdcd2340b30,coupe-du-monde,164838,52,2026-09-09T03:11:18Z,Jordan,Norway,1,0,4.23,3.98,1.75,2.01,1.19,1.21,1.55,2.42,1.58,2.34,Non,Non,Oui,Non,Non,Home,31,[31],True
cbb2a4d7449b36f8,coupe-du-monde,164838,52,2026-09-09T03:11:18Z,Bosnia-Herzegovina,Tunisia,2,2,3.25,3.5,2.14,1.65,1.3,1.27,1.74,2.06,1.64,2.23,Oui,Oui,Non,Oui,Non,Home,57,"[14, 16, 17, 57]",True
7028abb9c66ef3ea,coupe-du-monde,164838,52,2026-09-09T03:11:18Z,Cote d'Ivoire,Canada,1,2,2.21,3.76,2.92,1.37,1.61,1.24,1.53,2.47,1.49,2.58,Oui,Oui,Non,Non,Oui,Home,54,"[49, 53, 54]",True
673e7567f6dcefe0,coupe-du-monde,164838,52,2026-09-09T03:11:18Z,Haiti,Colombia,2,2,6.66,4.87,1.42,2.76,1.08,1.15,1.44,2.75,1.69,2.14,Oui,Oui,Non,Oui,Non,Home,65,"[42, 44, 57, 65]",True
796084426f5366d8,coupe-du-monde,164838,52,2026-09-09T03:11:18Z,Iraq,Saudi Arabia,1,2,2.42,3.56,2.73,1.41,1.52,1.26,1.65,2.2,1.56,2.39,Oui,Oui,Non,Non,Oui,Away,89,"[20, 77, 89]",True
afbc06f7fac34123,coupe-du-monde,164838,52,2026-09-09T03:11:18Z,Scotland,Portugal,1,1,4.79,4.68,1.57,2.32,1.15,1.16,1.33,3.22,1.47,2.62,Non,Oui,Non,Oui,Non,Home,72,"[31, 72]",True
b634693612c9063a,coupe-du-monde,164838,52,2026-09-09T03:11:18Z,Algeria,Paraguay,2,1,2.25,3.71,2.89,1.37,1.59,1.24,1.55,2.4,1.5,2.53,Oui,Oui,Oui,Non,Non,Away,86,"[84, 85, 86]",True
5a1d24cbcb9651e6,coupe-du-monde,164838,52,2026-09-09T03:11:18Z,Korea Republic,Spain,4,0,6.26,4.75,1.45,2.65,1.09,1.16,1.44,2.73,1.66,2.19,Oui,Non,Oui,Non,Non,Home,48,"[15, 26, 47, 48]",True
de71bf547481a999,coupe-du-monde,164838,52,2026-09-09T03:11:18Z,Sweden,Curacao,3,1,1.48,4.41,6.35,1.09,2.55,1.18,1.58,2.34,1.78,2.01,Oui,Oui,Oui,Non,Non,Away,90,"[30, 50, 53, 90]",True
9f8f70dd920cd2f2,coupe-du-monde,164838,52,2026-09-09T03:11:18Z,Ecuador,Austria,2,2,2.88,3.7,2.26,1.59,1.38,1.24,1.56,2.39,1.51,2.53,Oui,Oui,Non,Oui,Non,Home,67,"[29, 55, 56, 67]",True
b59e5ccde9d12761,coupe-du-monde,164838,53,2026-09-09T03:15:18Z,Iraq,Canada,2,3,2.84,3.7,2.29,1.58,1.39,1.24,1.56,2.39,1.51,2.53,Oui,Oui,Non,Non,Oui,Home,60,"[33, 38, 42, 59, 60]",True
ef7ff82163371013,coupe-du-monde,164838,53,2026-09-09T03:15:18Z,Czechia,Portugal,0,4,4.47,4.4,1.64,2.18,1.17,1.18,1.39,2.94,1.49,2.57,Oui,Non,Non,Non,Oui,Away,70,"[30, 32, 34, 70]",True
4abe79cf99d38feb,coupe-du-monde,164838,53,2026-09-09T03:15:18Z,Sweden,Congo DR,1,0,1.83,3.81,3.97,1.21,1.91,1.23,1.61,2.27,1.61,2.29,Non,Non,Oui,Non,Non,Home,1,[1],True
0ef079c2aa67632e,coupe-du-monde,164838,53,2026-09-09T03:15:18Z,Croatia,Uruguay,2,1,3.21,3.61,2.12,1.67,1.31,1.25,1.65,2.2,1.58,2.35,Oui,Oui,Oui,Non,Non,Away,90,"[87, 89, 90]",True
c254f7624ea223f5,coupe-du-monde,164838,53,2026-09-09T03:15:18Z,Morocco,Argentina,1,1,2.52,3.43,2.69,1.43,1.48,1.28,1.75,2.05,1.62,2.26,Non,Oui,Non,Oui,Non,Away,47,"[17, 47]",True
3baf750e75e4e6d0,coupe-du-monde,164838,53,2026-09-09T03:15:18Z,Jordan,South Africa,1,2,2.41,3.46,2.81,1.39,1.52,1.27,1.74,2.06,1.62,2.27,Oui,Oui,Non,Non,Oui,Home,84,"[35, 45, 84]",True
d80d27b920cff2ce,coupe-du-monde,164838,53,2026-09-09T03:15:18Z,Ecuador,Qatar,3,2,2.18,3.8,2.95,1.36,1.63,1.23,1.5,2.53,1.47,2.62,Oui,Oui,Oui,Non,Non,Away,76,"[26, 40, 55, 68, 76]",True
65cd8339b623feaf,coupe-du-monde,164838,53,2026-09-09T03:15:18Z,Haiti,Spain,0,0,14.49,6.89,1.18,4.58,0.99,1.07,1.39,2.94,2.19,1.66,Non,Non,Non,Oui,Non,,,[],True
45828a869364041a,coupe-du-monde,164838,53,2026-09-09T03:15:18Z,Cote d'Ivoire,Belgium,1,1,3.34,3.94,1.97,1.77,1.29,1.22,1.46,2.66,1.47,2.64,Non,Oui,Non,Oui,Non,Away,57,"[48, 57]",True
967cc03c1e793a96,coupe-du-monde,164838,53,2026-09-09T03:15:18Z,Bosnia-Herzegovina,Mexico,2,1,4.25,4.11,1.72,2.05,1.19,1.2,1.48,2.59,1.54,2.44,Oui,Oui,Oui,Non,Non,Away,80,"[17, 69, 80]",True
e007b06e1cacfadc,coupe-du-monde,164838,53,2026-09-09T03:15:18Z,Germany,Saudi Arabia,3,2,1.62,4.44,4.56,1.17,2.21,1.18,1.39,2.95,1.5,2.56,Oui,Oui,Oui,Non,Non,Away,76,"[28, 33, 34, 46, 76]",True
69abcecf90dedc3a,coupe-du-monde,164838,53,2026-09-09T03:15:18Z,Netherlands,Cabo Verde,1,4,1.67,4.25,4.42,1.18,2.13,1.19,1.45,2.72,1.53,2.47,Oui,Oui,Non,Non,Oui,Home,87,"[32, 45, 50, 54, 87]",True
dc330f731cd515b7,coupe-du-monde,164838,53,2026-09-09T03:15:18Z,Switzerland,Austria,1,3,2.34,3.55,2.86,1.38,1.55,1.26,1.67,2.18,1.57,2.36,Oui,Oui,Non,Non,Oui,Away,82,"[26, 40, 53, 82]",True
6c5522d04fe4b56a,coupe-du-monde,164838,53,2026-09-09T03:15:18Z,Brazil,Colombia,5,1,2.03,4.12,3.08,1.33,1.73,1.2,1.36,3.09,1.39,2.96,Oui,Oui,Oui,Non,Non,Home,79,"[8, 23, 44, 50, 56, 79]",True
84cdedbebd161375,coupe-du-monde,164838,53,2026-09-09T03:15:18Z,Korea Republic,Panama,1,1,1.83,3.75,4.05,1.21,1.91,1.24,1.66,2.19,1.64,2.22,Non,Oui,Non,Oui,Non,Home,78,"[69, 78]",True
2c3e5520e2412da0,coupe-du-monde,164838,53,2026-09-09T03:15:18Z,Uzbekistan,Japan,0,6,4.47,4.04,1.7,2.08,1.17,1.21,1.54,2.43,1.6,2.31,Oui,Non,Non,Non,Oui,Away,74,"[22, 34, 41, 57, 58, 74]",True
d359f25c293d8f51,coupe-du-monde,164838,53,2026-09-09T03:15:18Z,England,Tunisia,0,0,1.59,4.18,5.18,1.13,2.27,1.2,1.56,2.39,1.66,2.18,Non,Non,Non,Oui,Non,,,[],True
ea9fe1ad400b0cea,coupe-du-monde,164838,53,2026-09-09T03:15:18Z,Turkiye,Australia,2,2,2.62,3.88,2.37,1.54,1.45,1.22,1.44,2.74,1.42,2.8,Oui,Oui,Non,Oui,Non,Away,82,"[9, 17, 58, 82]",True
8bc163beefd095db,coupe-du-monde,164838,53,2026-09-09T03:15:18Z,New Zealand,Egypt,0,1,4.29,3.78,1.78,1.97,1.19,1.23,1.67,2.16,1.67,2.17,Non,Non,Non,Non,Oui,Away,44,[44],True
cd0724d9f3319a8e,coupe-du-monde,164838,53,2026-09-09T03:15:18Z,USA,Norway,0,3,2.82,3.92,2.22,1.61,1.39,1.22,1.43,2.77,1.42,2.8,Oui,Non,Non,Non,Oui,Away,90,"[52, 52, 90]",True
aa2ca7041d4eef54,coupe-du-monde,164838,53,2026-09-09T03:15:18Z,Scotland,Ghana,0,2,2.18,3.75,2.99,1.35,1.63,1.24,1.53,2.45,1.49,2.56,Non,Non,Non,Non,Oui,Away,54,"[47, 54]",True
59f07eff1c3e5fa1,coupe-du-monde,164838,53,2026-09-09T03:15:18Z,France,Paraguay,3,1,1.35,5.43,7.52,1.06,3.09,1.12,1.36,3.09,1.68,2.14,Oui,Oui,Oui,Non,Non,Home,90,"[9, 35, 50, 90]",True
40982cd53c2e1ef1,coupe-du-monde,164838,53,2026-09-09T03:15:18Z,Algeria,IR Iran,1,0,2.73,3.54,2.43,1.51,1.42,1.26,1.67,2.18,1.57,2.37,Non,Non,Oui,Non,Non,Home,70,[70],True
1eee07a6f782de04,coupe-du-monde,164838,53,2026-09-09T03:15:18Z,Senegal,Curacao,1,1,1.39,4.73,7.63,1.06,2.87,1.16,1.57,2.37,1.87,1.9,Non,Oui,Non,Oui,Non,Home,89,"[89, 89]",True
d480716ec446376c,coupe-du-monde,164838,56,2026-09-09T03:21:18Z,Australia,Korea Republic,3,0,2.44,3.72,2.62,1.45,1.51,1.24,1.53,2.45,1.48,2.59,Oui,Non,Oui,Non,Non,Home,34,"[27, 30, 34]",True
8f34af49588f50f2,coupe-du-monde,164838,56,2026-09-09T03:21:18Z,Curacao,Iraq,1,1,4.24,3.7,1.8,1.94,1.19,1.24,1.72,2.08,1.7,2.12,Non,Oui,Non,Oui,Non,Away,45,"[44, 45]",True
0017274153ad8efb,coupe-du-monde,164838,56,2026-09-09T03:21:18Z,Austria,Algeria,3,2,2.14,3.7,3.11,1.33,1.66,1.24,1.58,2.33,1.53,2.45,Oui,Oui,Oui,Non,Non,Home,89,"[11, 28, 76, 77, 89]",True
f66881f68f80f0bb,coupe-du-monde,164838,56,2026-09-09T03:21:18Z,Qatar,Brazil,0,4,4.68,4.58,1.59,2.27,1.16,1.17,1.35,3.12,1.48,2.61,Oui,Non,Non,Non,Oui,Away,77,"[10, 26, 67, 77]",True
fc2b9b6f12c1cacb,coupe-du-monde,164838,56,2026-09-09T03:21:18Z,IR Iran,Saudi Arabia,2,0,2.01,3.68,3.44,1.28,1.75,1.25,1.63,2.24,1.58,2.34,Non,Non,Oui,Non,Non,Home,58,"[57, 58]",True
9f34786225a186fa,coupe-du-monde,164838,56,2026-09-09T03:21:18Z,Panama,Switzerland,1,3,5.49,4.0,1.59,2.27,1.12,1.21,1.69,2.14,1.78,2.01,Oui,Oui,Non,Non,Oui,Away,53,"[27, 43, 51, 53]",True
1f064704597c9b21,coupe-du-monde,164838,56,2026-09-09T03:21:18Z,Belgium,England,1,1,3.27,3.96,2.0,1.76,1.3,1.22,1.45,2.7,1.45,2.68,Non,Oui,Non,Oui,Non,Home,44,"[39, 44]",True
b78bd5045f8bdbfe,coupe-du-monde,164838,56,2026-09-09T03:21:18Z,South Africa,Netherlands,2,2,5.0,4.47,1.57,2.32,1.14,1.17,1.42,2.81,1.55,2.41,Oui,Oui,Non,Oui,Non,Home,72,"[26, 45, 59, 72]",True
0fafca4880870685,coupe-du-monde,164838,56,2026-09-09T03:21:18Z,Ghana,Sweden,1,1,3.74,3.82,1.88,1.85,1.24,1.23,1.58,2.34,1.57,2.37,Non,Oui,Non,Oui,Non,Home,73,"[24, 73]",True
6c87bdb4ffc7fcf6,coupe-du-monde,164838,56,2026-09-09T03:21:18Z,Tunisia,Egypt,2,0,2.94,3.31,2.4,1.53,1.36,1.29,1.88,1.89,1.71,2.11,Non,Non,Oui,Non,Non,Home,88,"[55, 88]",True
7e7a9f0ab2431a0b,coupe-du-monde,164838,56,2026-09-09T03:21:18Z,Japan,Bosnia-Herzegovina,1,2,1.73,4.02,4.28,1.19,2.03,1.21,1.54,2.45,1.58,2.35,Oui,Oui,Non,Non,Oui,Away,77,"[5, 53, 77]",True
5280adf6f9205e47,coupe-du-monde,164838,56,2026-09-09T03:21:18Z,Cabo Verde,Ecuador,2,1,3.16,3.74,2.1,1.68,1.32,1.24,1.56,2.39,1.52,2.49,Oui,Oui,Oui,Non,Non,Home,63,"[26, 51, 63]",True
4b499f2ba9923025,coupe-du-monde,164838,56,2026-09-09T03:21:18Z,Jordan,Czechia,3,1,3.44,3.58,2.04,1.72,1.28,1.26,1.7,2.12,1.62,2.25,Oui,Oui,Oui,Non,Non,Home,61,"[31, 34, 58, 61]",True
43f9c8a8531ca92a,coupe-du-monde,164838,56,2026-09-09T03:21:18Z,Turkiye,Morocco,1,0,5.4,3.95,1.61,2.24,1.12,1.22,1.71,2.1,1.79,1.99,Non,Non,Oui,Non,Non,Home,46,[46],True
c82113a4dda441d6,coupe-du-monde,164838,56,2026-09-09T03:21:18Z,Scotland,USA,0,3,3.08,3.97,2.07,1.7,1.34,1.21,1.43,2.79,1.43,2.77,Oui,Non,Non,Non,Oui,Away,82,"[10, 53, 82]",True
c32d1a41105aa54a,coupe-du-monde,164838,56,2026-09-09T03:21:18Z,Argentina,Haiti,5,1,1.23,6.42,10.74,1.02,3.94,1.09,1.34,3.21,1.88,1.89,Oui,Oui,Oui,Non,Non,Home,79,"[1, 29, 31, 52, 72, 79]",True
08ec742c68bac2b8,coupe-du-monde,164838,56,2026-09-09T03:21:18Z,Canada,Paraguay,0,0,2.4,3.71,2.68,1.43,1.53,1.24,1.54,2.44,1.49,2.57,Non,Non,Non,Oui,Non,,,[],True
111bb27e964af7d6,coupe-du-monde,164838,56,2026-09-09T03:21:18Z,Colombia,New Zealand,3,2,1.53,4.46,5.48,1.12,2.41,1.17,1.48,2.62,1.63,2.25,Oui,Oui,Oui,Non,Non,Home,72,"[9, 17, 41, 50, 72]",True
5126c889f2cd4c0a,coupe-du-monde,164838,56,2026-09-09T03:21:18Z,Spain,Croatia,1,2,1.62,4.16,4.96,1.14,2.22,1.2,1.55,2.42,1.64,2.22,Oui,Oui,Non,Non,Oui,Away,53,"[25, 45, 53]",True
e2a89b63bc92b625,coupe-du-monde,164838,56,2026-09-09T03:21:18Z,Uruguay,France,1,3,3.43,3.93,1.95,1.8,1.28,1.22,1.48,2.61,1.48,2.6,Oui,Oui,Non,Non,Oui,Away,65,"[31, 38, 59, 65]",True
7a754a98410e1df0,coupe-du-monde,164838,56,2026-09-09T03:21:18Z,Congo DR,Cote d'Ivoire,2,1,3.67,3.77,1.91,1.83,1.25,1.23,1.59,2.31,1.57,2.36,Oui,Oui,Oui,Non,Non,Home,71,"[5, 59, 71]",True
1f36120549c7aad9,coupe-du-monde,164838,56,2026-09-09T03:21:18Z,Mexico,Germany,1,2,2.92,4.03,2.13,1.66,1.37,1.21,1.39,2.95,1.4,2.89,Oui,Oui,Non,Non,Oui,Away,89,"[22, 28, 89]",True
918eb8d3366811fb,coupe-du-monde,164838,56,2026-09-09T03:21:18Z,Norway,Uzbekistan,2,3,1.68,4.24,4.38,1.18,2.11,1.19,1.44,2.72,1.52,2.48,Oui,Oui,Non,Non,Oui,Away,87,"[29, 42, 60, 67, 87]",True
0cb83ce089d9fc05,coupe-du-monde,164838,56,2026-09-09T03:21:18Z,Portugal,Senegal,1,2,1.96,3.93,3.4,1.28,1.79,1.22,1.47,2.62,1.48,2.61,Oui,Oui,Non,Non,Oui,Away,73,"[3, 48, 73]",True
e06dd1f6d58792bb,coupe-du-monde,164838,58,2026-09-09T03:25:18Z,Netherlands,Korea Republic,1,1,1.9,4.05,3.49,1.27,1.84,1.21,1.43,2.78,1.45,2.69,Non,Oui,Non,Oui,Non,Away,45,"[40, 45]",True
2ff76fce0ddcf8e7,coupe-du-monde,164838,58,2026-09-09T03:25:18Z,Panama,Croatia,1,4,4.81,3.87,1.68,2.11,1.15,1.22,1.69,2.14,1.72,2.09,Oui,Oui,Non,Non,Oui,Away,89,"[8, 31, 47, 52, 89]",True
038ec6cebc6ec6ab,coupe-du-monde,164838,58,2026-09-09T03:25:18Z,Congo DR,Iraq,2,3,2.83,3.52,2.37,1.54,1.39,1.27,1.69,2.14,1.58,2.33,Oui,Oui,Non,Non,Oui,Away,74,"[18, 19, 27, 54, 74]",True
0a484b1005874243,coupe-du-monde,164838,58,2026-09-09T03:25:18Z,Turkiye,Ecuador,2,2,2.71,3.85,2.32,1.56,1.42,1.23,1.46,2.66,1.44,2.73,Oui,Oui,Non,Oui,Non,Home,71,"[21, 27, 70, 71]",True
fc2c39be10b8b36b,coupe-du-monde,164838,58,2026-09-09T03:25:18Z,Ghana,Senegal,1,1,4.27,3.94,1.75,2.01,1.19,1.22,1.57,2.36,1.6,2.3,Non,Oui,Non,Oui,Non,Away,75,"[16, 75]",True
25f44952f021c48b,coupe-du-monde,164838,58,2026-09-09T03:25:18Z,Portugal,Bosnia-Herzegovina,2,1,1.46,4.91,5.86,1.1,2.62,1.15,1.36,3.06,1.57,2.36,Oui,Oui,Oui,Non,Non,Home,79,"[31, 43, 79]",True
869baf326cf4ca97,coupe-du-monde,164838,58,2026-09-09T03:25:18Z,Cabo Verde,Switzerland,1,1,4.35,3.72,1.78,1.97,1.18,1.24,1.72,2.09,1.7,2.12,Non,Oui,Non,Oui,Non,Away,38,"[22, 38]",True
15912e741769515d,coupe-du-monde,164838,58,2026-09-09T03:25:18Z,USA,Czechia,0,2,2.22,3.83,2.87,1.38,1.61,1.23,1.48,2.61,1.46,2.68,Non,Non,Non,Non,Oui,Away,78,"[54, 78]",True
0f3e88d70ca37ed5,coupe-du-monde,164838,58,2026-09-09T03:25:18Z,Australia,Haiti,3,0,1.67,4.06,4.63,1.16,2.12,1.21,1.55,2.4,1.61,2.27,Oui,Non,Oui,Non,Non,Home,83,"[29, 41, 83]",True
f0e72a4cde51856b,coupe-du-monde,164838,58,2026-09-09T03:25:18Z,Japan,England,1,3,3.41,3.92,1.95,1.79,1.28,1.22,1.48,2.6,1.48,2.6,Oui,Oui,Non,Non,Oui,Away,89,"[2, 44, 77, 89]",True
47ba7c8594129627,coupe-du-monde,164838,58,2026-09-09T03:25:18Z,Colombia,Saudi Arabia,3,0,1.7,4.21,4.25,1.19,2.08,1.19,1.45,2.71,1.52,2.49,Oui,Non,Oui,Non,Non,Home,45,"[13, 39, 45]",True
244119913c97feda,coupe-du-monde,164838,58,2026-09-09T03:25:18Z,Belgium,Paraguay,1,1,1.79,4.0,3.99,1.21,1.96,1.21,1.51,2.52,1.54,2.44,Non,Oui,Non,Oui,Non,Away,34,"[10, 34]",True
5355db44618454c1,coupe-du-monde,164838,58,2026-09-09T03:25:18Z,Mexico,Egypt,3,2,2.26,3.68,2.9,1.37,1.59,1.25,1.57,2.36,1.52,2.5,Oui,Oui,Oui,Non,Non,Away,72,"[19, 24, 38, 55, 72]",True
81dc88391eaedbf4,coupe-du-monde,164838,58,2026-09-09T03:25:18Z,Qatar,Algeria,3,1,2.73,3.7,2.37,1.54,1.42,1.24,1.55,2.42,1.5,2.56,Oui,Oui,Oui,Non,Non,Away,64,"[42, 50, 57, 64]",True
2842b3135849717b,coupe-du-monde,164838,58,2026-09-09T03:25:18Z,Argentina,Brazil,1,1,2.1,4.22,2.88,1.38,1.68,1.19,1.31,3.4,1.34,3.16,Non,Oui,Non,Oui,Non,Home,38,"[34, 38]",True
63d342f53bb6079b,coupe-du-monde,164838,58,2026-09-09T03:25:18Z,Spain,New Zealand,1,2,1.23,6.12,11.74,1.01,3.95,1.09,1.43,2.79,2.04,1.76,Oui,Oui,Non,Non,Oui,Home,70,"[21, 31, 70]",True
32e010ee92e2de4b,coupe-du-monde,164838,58,2026-09-09T03:25:18Z,South Africa,Morocco,0,3,7.72,4.18,1.45,2.66,1.05,1.2,1.83,1.94,2.1,1.71,Oui,Non,Non,Non,Oui,Away,84,"[1, 75, 84]",True
694587699274a195,coupe-du-monde,164838,58,2026-09-09T03:25:18Z,Uruguay,Tunisia,1,3,1.76,3.76,4.4,1.18,1.99,1.24,1.71,2.11,1.7,2.12,Oui,Oui,Non,Non,Oui,Home,51,"[15, 30, 42, 51]",True
76a1581160f816b9,coupe-du-monde,164838,58,2026-09-09T03:25:18Z,Jordan,Uzbekistan,2,1,2.5,3.48,2.68,1.43,1.49,1.27,1.71,2.11,1.59,2.31,Oui,Oui,Oui,Non,Non,Home,60,"[1, 60, 60]",True
905cc107e8a8cec6,coupe-du-monde,164838,58,2026-09-09T03:25:18Z,Canada,IR Iran,0,2,2.93,3.6,2.27,1.59,1.37,1.25,1.63,2.25,1.55,2.41,Non,Non,Non,Non,Oui,Away,84,"[6, 84]",True
46639ca6aee191cd,coupe-du-monde,164838,58,2026-09-09T03:25:18Z,Curacao,Germany,0,1,8.79,5.69,1.3,3.39,1.04,1.11,1.37,3.02,1.78,2.01,Non,Non,Non,Non,Oui,Away,18,[18],True
73f2d490cfe4885e,coupe-du-monde,164838,58,2026-09-09T03:25:18Z,Scotland,Sweden,0,0,3.1,3.71,2.14,1.66,1.33,1.24,1.57,2.36,1.52,2.48,Non,Non,Non,Oui,Non,,,[],True
4b03caf3acba9d4f,coupe-du-monde,164838,58,2026-09-09T03:25:18Z,Norway,Cote d'Ivoire,1,1,2.09,3.9,3.08,1.33,1.69,1.22,1.46,2.66,1.46,2.68,Non,Oui,Non,Oui,Non,Home,89,"[46, 89]",True
b77356367c05c679,coupe-du-monde,164838,58,2026-09-09T03:25:18Z,Austria,France,1,3,5.06,4.53,1.56,2.35,1.14,1.17,1.41,2.86,1.55,2.42,Oui,Oui,Non,Non,Oui,Away,75,"[28, 35, 68, 75]",True
49a1dea360ec23f9,coupe-du-monde,164838,61,2026-09-09T03:31:18Z,Mexico,Colombia,2,0,2.5,3.82,2.52,1.48,1.49,1.23,1.47,2.63,1.44,2.72,Non,Non,Oui,Non,Non,Home,79,"[76, 79]",True
a28655536f9bff27,coupe-du-monde,164838,61,2026-09-09T03:31:18Z,Sweden,South Africa,1,2,1.87,3.76,3.88,1.22,1.87,1.24,1.63,2.24,1.61,2.28,Oui,Oui,Non,Non,Oui,Away,61,"[41, 42, 61]",True
1986627855ca759b,coupe-du-monde,164838,61,2026-09-09T03:31:18Z,Uzbekistan,Czechia,1,1,3.28,3.73,2.05,1.71,1.3,1.24,1.58,2.35,1.54,2.45,Non,Oui,Non,Oui,Non,Home,61,"[49, 61]",True
cf2e5c3a046ce8bf,coupe-du-monde,164838,61,2026-09-09T03:31:18Z,Saudi Arabia,Qatar,1,2,2.95,3.7,2.22,1.61,1.36,1.24,1.56,2.38,1.51,2.51,Oui,Oui,Non,Non,Oui,Away,76,"[62, 64, 76]",True
2563bd83fd3196ef,coupe-du-monde,164838,61,2026-09-09T03:31:18Z,IR Iran,Curacao,3,2,1.59,4.02,5.45,1.12,2.27,1.21,1.68,2.15,1.77,2.02,Oui,Oui,Oui,Non,Non,Home,85,"[16, 24, 45, 70, 85]",True
f0297edfc77b1c74,coupe-du-monde,164838,61,2026-09-09T03:31:18Z,England,Norway,2,2,1.96,4.02,3.31,1.29,1.78,1.21,1.42,2.79,1.44,2.73,Oui,Oui,Non,Oui,Non,Home,76,"[21, 38, 62, 76]",True
c9f965bec251ac06,coupe-du-monde,164838,61,2026-09-09T03:31:18Z,Switzerland,Netherlands,2,1,2.57,3.77,2.46,1.5,1.46,1.24,1.5,2.53,1.47,2.65,Oui,Oui,Oui,Non,Non,Home,58,"[6, 21, 58]",True
e28ff56f82cff3e2,coupe-du-monde,164838,61,2026-09-09T03:31:18Z,Paraguay,Congo DR,1,0,2.22,3.64,2.99,1.35,1.61,1.25,1.61,2.28,1.54,2.43,Non,Non,Oui,Non,Non,Home,53,[53],True
71fff4ba11b28f3e,coupe-du-monde,164838,61,2026-09-09T03:31:18Z,Senegal,USA,0,1,2.39,3.72,2.68,1.43,1.53,1.24,1.53,2.45,1.48,2.59,Non,Non,Non,Non,Oui,Away,73,[73],True
640b82b204dc5796,coupe-du-monde,164838,61,2026-09-09T03:31:18Z,Haiti,Morocco,1,4,11.09,4.96,1.3,3.36,1.01,1.14,1.72,2.09,2.31,1.59,Oui,Oui,Non,Non,Oui,Away,65,"[41, 42, 59, 60, 65]",True
e567d2c311282a78,coupe-du-monde,164838,61,2026-09-09T03:31:18Z,Canada,Austria,2,2,3.17,3.8,2.08,1.7,1.32,1.23,1.53,2.47,1.5,2.55,Oui,Oui,Non,Oui,Non,Away,87,"[34, 43, 87, 87]",True
ca2588618208c8ee,coupe-du-monde,164838,61,2026-09-09T03:31:18Z,New Zealand,Argentina,0,4,9.93,6.14,1.26,3.72,1.02,1.09,1.34,3.17,1.83,1.95,Oui,Non,Non,Non,Oui,Away,72,"[19, 34, 44, 72]",True
99d2660133db86cd,coupe-du-monde,164838,61,2026-09-09T03:31:18Z,Bosnia-Herzegovina,Jordan,0,3,2.56,3.49,2.61,1.45,1.47,1.27,1.7,2.12,1.59,2.33,Oui,Non,Non,Non,Oui,Away,56,"[25, 40, 56]",True
dbd55c3f3569d835,coupe-du-monde,164838,61,2026-09-09T03:31:18Z,Germany,Portugal,0,3,2.83,4.22,2.13,1.66,1.39,1.19,1.3,3.42,1.34,3.18,Oui,Non,Non,Non,Oui,Away,86,"[51, 62, 86]",True
d8b9230c110c9a69,coupe-du-monde,164838,61,2026-09-09T03:31:18Z,France,Panama,1,1,1.23,6.25,11.16,1.01,3.93,1.09,1.38,2.99,1.95,1.83,Non,Oui,Non,Oui,Non,Away,70,"[57, 70]",True
6aa4a792e73bb544,coupe-du-monde,164838,61,2026-09-09T03:31:18Z,Iraq,Ghana,2,0,2.5,3.54,2.65,1.44,1.49,1.26,1.66,2.18,1.57,2.37,Non,Non,Oui,Non,Non,Home,61,"[41, 61]",True
73bb411614078fb8,coupe-du-monde,164838,61,2026-09-09T03:31:18Z,Egypt,Japan,2,2,3.18,3.57,2.15,1.65,1.32,1.26,1.67,2.16,1.59,2.32,Oui,Oui,Non,Oui,Non,Away,80,"[2, 62, 75, 80]",True
3b8be404339b5a04,coupe-du-monde,164838,61,2026-09-09T03:31:18Z,Brazil,Turkiye,0,0,1.61,4.66,4.48,1.17,2.24,1.16,1.31,3.36,1.44,2.75,Non,Non,Non,Oui,Non,,,[],True
b9c1b6d78d3b9d01,coupe-du-monde,164838,61,2026-09-09T03:31:18Z,Cote d'Ivoire,Scotland,2,2,2.3,3.75,2.79,1.4,1.57,1.24,1.52,2.49,1.48,2.6,Oui,Oui,Non,Oui,Non,Home,63,"[11, 34, 54, 63]",True
daedf2e235819ff5,coupe-du-monde,164838,61,2026-09-09T03:31:18Z,Algeria,Cabo Verde,3,1,2.15,3.62,3.15,1.32,1.65,1.25,1.63,2.23,1.56,2.38,Oui,Oui,Oui,Non,Non,Home,80,"[42, 43, 69, 80]",True
257faab1d54de4b0,coupe-du-monde,164838,61,2026-09-09T03:31:18Z,Uruguay,Belgium,0,1,2.28,3.72,2.84,1.39,1.58,1.24,1.55,2.41,1.5,2.54,Non,Non,Non,Non,Oui,Away,77,[77],True
7fde3fd320a021b8,coupe-du-monde,164838,61,2026-09-09T03:31:18Z,Ecuador,Korea Republic,0,1,2.44,3.77,2.6,1.45,1.51,1.23,1.5,2.54,1.46,2.66,Non,Non,Non,Non,Oui,Away,83,[83],True
f17c4b00fafe957e,coupe-du-monde,164838,61,2026-09-09T03:31:18Z,Croatia,Australia,1,1,2.15,3.68,3.1,1.33,1.65,1.24,1.58,2.33,1.53,2.46,Non,Oui,Non,Oui,Non,Home,27,"[17, 27]",True
e5c09a8a6ba20e58,coupe-du-monde,164838,61,2026-09-09T03:31:18Z,Tunisia,Spain,2,3,6.94,4.47,1.44,2.67,1.07,1.17,1.61,2.28,1.85,1.93,Oui,Oui,Non,Non,Oui,Away,78,"[32, 36, 53, 65, 78]",True
f8bb2549627a427a,coupe-du-monde,164838,63,2026-09-09T03:35:18Z,Brazil,Morocco,1,0,2.98,3.43,2.31,1.57,1.35,1.28,1.77,2.02,1.64,2.22,Non,Non,Oui,Non,Non,Home,69,[69],True
c6a1d3755cbca564,coupe-du-monde,164838,63,2026-09-09T03:35:18Z,Iraq,Scotland,2,2,2.87,3.69,2.27,1.58,1.38,1.24,1.56,2.39,1.51,2.53,Oui,Oui,Non,Oui,Non,Away,82,"[14, 52, 66, 82]",True
637c1fdb7e55c5f0,coupe-du-monde,164838,63,2026-09-09T03:35:18Z,Paraguay,Norway,2,0,3.85,3.98,1.82,1.92,1.23,1.21,1.5,2.54,1.52,2.48,Non,Non,Oui,Non,Non,Home,59,"[50, 59]",True
47d74677c5a611e7,coupe-du-monde,164838,63,2026-09-09T03:35:18Z,Tunisia,Panama,2,0,1.99,3.43,3.74,1.24,1.76,1.28,1.87,1.91,1.75,2.05,Non,Non,Oui,Non,Non,Home,76,"[14, 76]",True
3b391bb422cacaea,coupe-du-monde,164838,63,2026-09-09T03:35:18Z,Mexico,Spain,2,1,4.81,4.29,1.62,2.23,1.15,1.19,1.47,2.63,1.57,2.36,Oui,Oui,Oui,Non,Non,Home,72,"[54, 65, 72]",True
a14465deb2f75eb4,coupe-du-monde,164838,63,2026-09-09T03:35:18Z,Bosnia-Herzegovina,USA,0,3,3.59,4.03,1.88,1.86,1.26,1.21,1.45,2.71,1.47,2.62,Oui,Non,Non,Non,Oui,Away,71,"[59, 61, 71]",True
55e0f07e98d40d3a,coupe-du-monde,164838,63,2026-09-09T03:35:18Z,Croatia,Netherlands,1,0,2.65,3.8,2.39,1.53,1.44,1.23,1.49,2.59,1.45,2.69,Non,Non,Oui,Non,Non,Home,61,[61],True
3f369394122c1ea7,coupe-du-monde,164838,63,2026-09-09T03:35:18Z,Uzbekistan,South Africa,0,1,2.49,3.55,2.66,1.43,1.49,1.26,1.66,2.19,1.56,2.38,Non,Non,Non,Non,Oui,Away,28,[28],True
d42d5beee9f78d6d,coupe-du-monde,164838,63,2026-09-09T03:35:18Z,France,Cabo Verde,4,0,1.35,5.3,7.63,1.06,3.07,1.13,1.39,2.93,1.72,2.09,Oui,Non,Oui,Non,Non,Home,65,"[32, 38, 38, 65]",True
dcc1a1fcf36e3420,coupe-du-monde,164838,63,2026-09-09T03:35:18Z,Germany,Ghana,4,1,1.54,4.67,5.04,1.14,2.38,1.16,1.36,3.1,1.5,2.53,Oui,Oui,Oui,Non,Non,Home,88,"[7, 18, 67, 81, 88]",True
80f0adf3b7469f94,coupe-du-monde,164838,63,2026-09-09T03:35:18Z,Colombia,Curacao,3,0,1.37,5.04,7.57,1.06,2.97,1.14,1.46,2.67,1.77,2.01,Oui,Non,Oui,Non,Non,Home,75,"[52, 63, 75]",True
062a17226e3287ab,coupe-du-monde,164838,63,2026-09-09T03:35:18Z,Uruguay,Japan,2,2,2.19,3.73,2.98,1.36,1.62,1.24,1.55,2.42,1.5,2.54,Oui,Oui,Non,Oui,Non,Away,79,"[22, 29, 58, 79]",True
b1312a5a730cf5fe,coupe-du-monde,164838,63,2026-09-09T03:35:18Z,Cote d'Ivoire,Czechia,0,0,2.41,3.63,2.7,1.42,1.52,1.25,1.6,2.3,1.53,2.47,Non,Non,Non,Oui,Non,,,[],True
2bd92193bb13e2d6,coupe-du-monde,164838,63,2026-09-09T03:35:18Z,Egypt,Portugal,2,1,3.93,4.09,1.78,1.97,1.22,1.2,1.46,2.68,1.5,2.55,Oui,Oui,Oui,Non,Non,Home,64,"[14, 27, 64]",True
ef94801d5d468559,coupe-du-monde,164838,63,2026-09-09T03:35:18Z,Belgium,Austria,1,2,2.25,3.72,2.88,1.38,1.59,1.24,1.54,2.43,1.5,2.55,Oui,Oui,Non,Non,Oui,Home,53,"[28, 50, 53]",True
caf2e70a934f3eea,coupe-du-monde,164838,63,2026-09-09T03:35:18Z,Canada,Qatar,2,0,2.53,3.77,2.51,1.49,1.48,1.23,1.5,2.55,1.46,2.66,Non,Non,Oui,Non,Non,Home,44,"[41, 44]",True
c23279e0de2148ef,coupe-du-monde,164838,63,2026-09-09T03:35:18Z,Switzerland,Korea Republic,1,1,2.06,3.59,3.38,1.28,1.71,1.26,1.68,2.15,1.61,2.28,Non,Oui,Non,Oui,Non,Home,50,"[15, 50]",True
eaf08e3916c81831,coupe-du-monde,164838,63,2026-09-09T03:35:18Z,IR Iran,Congo DR,1,3,1.88,3.69,3.88,1.22,1.86,1.24,1.67,2.16,1.64,2.23,Oui,Oui,Non,Non,Oui,Away,74,"[18, 48, 63, 74]",True
b4666d6884c45f80,coupe-du-monde,164838,63,2026-09-09T03:35:18Z,England,Jordan,2,0,1.43,4.78,6.58,1.08,2.72,1.15,1.46,2.67,1.7,2.13,Non,Non,Oui,Non,Non,Home,74,"[17, 74]",True
8cd93335e4177d3d,coupe-du-monde,164838,63,2026-09-09T03:35:18Z,Saudi Arabia,Argentina,0,0,7.2,5.53,1.35,3.07,1.07,1.12,1.31,3.36,1.62,2.26,Non,Non,Non,Oui,Non,,,[],True
7618c1389b9db339,coupe-du-monde,164838,63,2026-09-09T03:35:18Z,Haiti,Ecuador,1,3,4.91,4.12,1.63,2.2,1.15,1.2,1.56,2.39,1.64,2.22,Oui,Oui,Non,Non,Oui,Home,89,"[23, 60, 88, 89]",True
9478d39479e58a20,coupe-du-monde,164838,63,2026-09-09T03:35:18Z,Senegal,Sweden,2,2,2.27,3.59,2.94,1.36,1.59,1.26,1.64,2.23,1.56,2.4,Oui,Oui,Non,Oui,Non,Home,75,"[37, 41, 65, 75]",True
e4f7e38d3f2262c9,coupe-du-monde,164838,63,2026-09-09T03:35:18Z,Algeria,Turkiye,2,1,2.5,3.76,2.54,1.47,1.49,1.24,1.51,2.52,1.47,2.64,Oui,Oui,Oui,Non,Non,Away,38,"[32, 34, 38]",True
7bf398177f9cf3cd,coupe-du-monde,164838,63,2026-09-09T03:35:18Z,New Zealand,Australia,0,1,4.1,3.9,1.79,1.96,1.2,1.22,1.58,2.34,1.59,2.31,Non,Non,Non,Non,Oui,Away,53,[53],True
237e096c900fd31f,coupe-du-monde,164838,66,2026-09-09T03:41:18Z,Sweden,Iraq,0,1,2.0,3.7,3.45,1.27,1.75,1.24,1.61,2.27,1.57,2.37,Non,Non,Non,Non,Oui,Away,68,[68],True
022c09a753e1d430,coupe-du-monde,164838,66,2026-09-09T03:41:18Z,Norway,Uruguay,2,3,2.87,3.82,2.22,1.61,1.38,1.23,1.49,2.58,1.46,2.66,Oui,Oui,Non,Non,Oui,Away,82,"[34, 39, 40, 58, 82]",True
7c39c721384edbe1,coupe-du-monde,164838,66,2026-09-09T03:41:18Z,Argentina,Mexico,2,0,1.71,4.37,4.09,1.2,2.07,1.18,1.36,3.06,1.45,2.71,Non,Non,Oui,Non,Non,Home,89,"[32, 89]",True
5c872df2d57df79c,coupe-du-monde,164838,66,2026-09-09T03:41:18Z,Japan,Spain,3,2,4.5,4.11,1.68,2.11,1.17,1.2,1.52,2.49,1.58,2.33,Oui,Oui,Oui,Non,Non,Home,72,"[26, 28, 48, 51, 72]",True
62ba1d0756c3da82,coupe-du-monde,164838,66,2026-09-09T03:41:18Z,Australia,Tunisia,2,1,2.4,3.45,2.83,1.39,1.53,1.27,1.75,2.05,1.62,2.26,Oui,Oui,Oui,Non,Non,Home,81,"[18, 34, 81]",True
c829891da8c1acfd,coupe-du-monde,164838,66,2026-09-09T03:41:18Z,Qatar,Curacao,4,0,1.62,4.09,5.08,1.14,2.22,1.2,1.6,2.3,1.69,2.14,Oui,Non,Oui,Non,Non,Home,77,"[4, 49, 70, 77]",True
8eb5a562ef0498d0,coupe-du-monde,164838,66,2026-09-09T03:41:18Z,Jordan,Egypt,0,1,3.43,3.53,2.06,1.71,1.28,1.26,1.74,2.06,1.64,2.21,Non,Non,Non,Non,Oui,Away,70,[70],True
209febb1f460705b,coupe-du-monde,164838,66,2026-09-09T03:41:18Z,Netherlands,France,2,2,4.08,4.44,1.7,2.09,1.2,1.18,1.34,3.19,1.43,2.77,Oui,Oui,Non,Oui,Non,Away,50,"[28, 32, 48, 50]",True
b413d02d7e22ed44,coupe-du-monde,164838,66,2026-09-09T03:41:18Z,South Africa,Switzerland,0,6,4.98,3.97,1.65,2.17,1.14,1.21,1.65,2.21,1.71,2.1,Oui,Non,Non,Non,Oui,Away,82,"[28, 37, 41, 72, 73, 82]",True
14949e31961826a2,coupe-du-monde,164838,66,2026-09-09T03:41:18Z,Korea Republic,Algeria,1,1,2.44,3.67,2.64,1.44,1.51,1.25,1.56,2.38,1.5,2.54,Non,Oui,Non,Oui,Non,Away,58,"[24, 58]",True
61233318d100df3b,coupe-du-monde,164838,66,2026-09-09T03:41:18Z,Ecuador,Croatia,0,3,3.17,3.69,2.11,1.67,1.32,1.24,1.59,2.32,1.54,2.44,Oui,Non,Non,Non,Oui,Away,85,"[11, 61, 85]",True
16a3f16d92d0037b,coupe-du-monde,164838,66,2026-09-09T03:41:18Z,Turkiye,Saudi Arabia,2,2,2.03,3.9,3.22,1.31,1.73,1.22,1.48,2.62,1.47,2.64,Oui,Oui,Non,Oui,Non,Home,74,"[30, 37, 46, 74]",True
36275b60564d0797,coupe-du-monde,164838,66,2026-09-09T03:41:18Z,Cabo Verde,Canada,1,1,2.91,3.66,2.26,1.59,1.37,1.25,1.59,2.33,1.52,2.48,Non,Oui,Non,Oui,Non,Away,28,"[18, 28]",True
6f5534e9fed51322,coupe-du-monde,164838,66,2026-09-09T03:41:18Z,Portugal,Colombia,2,2,1.93,4.19,3.3,1.3,1.81,1.19,1.35,3.15,1.39,2.94,Oui,Oui,Non,Oui,Non,Away,90,"[23, 28, 85, 90]",True
f59acbd0c31ba3a6,coupe-du-monde,164838,66,2026-09-09T03:41:18Z,Senegal,Cote d'Ivoire,1,0,2.11,3.73,3.15,1.32,1.68,1.24,1.56,2.39,1.52,2.49,Non,Non,Oui,Non,Non,Home,74,[74],True
2c86a09072e02317,coupe-du-monde,164838,66,2026-09-09T03:41:18Z,Ghana,IR Iran,1,3,3.35,3.7,2.04,1.73,1.29,1.24,1.6,2.29,1.56,2.39,Oui,Oui,Non,Non,Oui,Away,86,"[22, 43, 71, 86]",True
ee496d38bf15e051,coupe-du-monde,164838,66,2026-09-09T03:41:18Z,Czechia,England,0,3,4.71,4.25,1.63,2.19,1.16,1.19,1.48,2.61,1.57,2.36,Oui,Non,Non,Non,Oui,Away,87,"[81, 81, 87]",True
e9365a076c160cab,coupe-du-monde,164838,66,2026-09-09T03:41:18Z,Haiti,Brazil,0,3,9.18,6.03,1.27,3.57,1.03,1.1,1.33,3.25,1.77,2.02,Oui,Non,Non,Non,Oui,Away,80,"[57, 58, 80]",True
36bf6ee8bfa3c885,coupe-du-monde,164838,66,2026-09-09T03:41:18Z,USA,Germany,1,1,3.12,4.22,1.99,1.76,1.33,1.19,1.33,3.27,1.37,3.04,Non,Oui,Non,Oui,Non,Away,87,"[14, 87]",True
c5221423c23198c8,coupe-du-monde,164838,66,2026-09-09T03:41:18Z,Uzbekistan,Bosnia-Herzegovina,1,3,2.67,3.64,2.44,1.51,1.43,1.25,1.59,2.32,1.52,2.49,Oui,Oui,Non,Non,Oui,Away,74,"[16, 20, 50, 74]",True
c0d31cf05106f7fd,coupe-du-monde,164838,66,2026-09-09T03:41:18Z,Morocco,New Zealand,5,0,1.34,4.69,9.84,1.02,3.12,1.16,1.75,2.04,2.24,1.63,Oui,Non,Oui,Non,Non,Home,80,"[41, 42, 57, 73, 80]",True
8b0c857071b267ec,coupe-du-monde,164838,66,2026-09-09T03:41:18Z,Panama,Belgium,0,0,5.55,4.25,1.55,2.36,1.12,1.19,1.57,2.37,1.7,2.11,Non,Non,Non,Oui,Non,,,[],True
05947e5cc02896fd,coupe-du-monde,164838,66,2026-09-09T03:41:18Z,Scotland,Paraguay,1,2,2.37,3.78,2.67,1.43,1.54,1.23,1.5,2.55,1.46,2.66,Oui,Oui,Non,Non,Oui,Away,75,"[44, 45, 75]",True
f4fa7b37b1141992,coupe-du-monde,164838,66,2026-09-09T03:41:18Z,Congo DR,Austria,2,1,4.19,3.89,1.77,1.98,1.19,1.22,1.59,2.33,1.6,2.29,Oui,Oui,Oui,Non,Non,Away,84,"[56, 61, 84]",True
4a1789956fb5b1b3,coupe-du-monde,164838,68,2026-09-09T03:45:18Z,Panama,Japan,0,3,5.33,4.06,1.6,2.26,1.13,1.21,1.64,2.22,1.74,2.06,Oui,Non,Non,Non,Oui,Away,79,"[76, 79, 79]",True
471e6ea4476228ba,coupe-du-monde,164838,68,2026-09-09T03:45:18Z,Czechia,Paraguay,0,3,2.28,3.65,2.88,1.38,1.58,1.25,1.59,2.32,1.52,2.48,Oui,Non,Non,Non,Oui,Away,83,"[66, 78, 83]",True
2e270dd3a128093a,coupe-du-monde,164838,68,2026-09-09T03:45:18Z,USA,Egypt,2,0,2.45,3.71,2.62,1.45,1.51,1.24,1.54,2.44,1.49,2.58,Non,Non,Oui,Non,Non,Home,19,"[4, 19]",True
a01bae48bc96c10f,coupe-du-monde,164838,68,2026-09-09T03:45:18Z,Ecuador,New Zealand,3,1,1.75,3.93,4.29,1.19,2.01,1.22,1.58,2.34,1.61,2.28,Oui,Oui,Oui,Non,Non,Home,84,"[32, 63, 71, 84]",True
164568e923be89b1,coupe-du-monde,164838,68,2026-09-09T03:45:18Z,South Africa,Brazil,0,1,6.35,5.04,1.42,2.76,1.09,1.14,1.36,3.06,1.6,2.29,Non,Non,Non,Non,Oui,Away,55,[55],True
fc08722a09c22c57,coupe-du-monde,164838,68,2026-09-09T03:45:18Z,Haiti,Algeria,1,3,4.61,3.97,1.69,2.09,1.16,1.21,1.6,2.29,1.65,2.2,Oui,Oui,Non,Non,Oui,Away,72,"[16, 30, 62, 72]",True
c6b9433064217b71,coupe-du-monde,164838,68,2026-09-09T03:45:18Z,Jordan,Uruguay,1,2,5.63,4.32,1.54,2.4,1.11,1.18,1.55,2.42,1.69,2.13,Oui,Oui,Non,Non,Oui,Away,84,"[28, 69, 84]",True
94639fd36976431d,coupe-du-monde,164838,68,2026-09-09T03:45:18Z,Switzerland,Croatia,1,1,2.45,3.48,2.74,1.41,1.5,1.27,1.71,2.1,1.6,2.3,Non,Oui,Non,Oui,Non,Home,80,"[65, 80]",True
999caccb547b011f,coupe-du-monde,164838,68,2026-09-09T03:45:18Z,Uzbekistan,England,2,1,6.58,4.92,1.42,2.76,1.08,1.15,1.42,2.81,1.67,2.17,Oui,Oui,Oui,Non,Non,Away,64,"[47, 63, 64]",True
3ad38554d0274b2b,coupe-du-monde,164838,68,2026-09-09T03:45:18Z,Congo DR,Qatar,0,1,3.16,3.75,2.1,1.68,1.32,1.24,1.55,2.4,1.51,2.5,Non,Non,Non,Non,Oui,Away,50,[50],True
06ddca23214535d3,coupe-du-monde,164838,68,2026-09-09T03:45:18Z,Senegal,Iraq,2,1,1.82,3.77,4.07,1.21,1.92,1.24,1.65,2.2,1.64,2.23,Oui,Oui,Oui,Non,Non,Home,75,"[40, 72, 75]",True
bee826e22834b8c4,coupe-du-monde,164838,68,2026-09-09T03:45:18Z,Portugal,Spain,0,3,3.47,4.1,1.89,1.84,1.27,1.2,1.4,2.88,1.43,2.75,Oui,Non,Non,Non,Oui,Away,77,"[9, 27, 77]",True
282745fd5cc80ff0,coupe-du-monde,164838,68,2026-09-09T03:45:18Z,Scotland,IR Iran,0,0,2.75,3.61,2.38,1.53,1.41,1.25,1.61,2.28,1.53,2.45,Non,Non,Non,Oui,Non,,,[],True
39e35f07cc12c97b,coupe-du-monde,164838,68,2026-09-09T03:45:18Z,Turkiye,Canada,0,1,2.38,3.82,2.65,1.44,1.53,1.23,1.47,2.62,1.45,2.71,Non,Non,Non,Non,Oui,Away,77,[77],True
2db662e6eba37696,coupe-du-monde,164838,68,2026-09-09T03:45:18Z,Norway,Austria,2,2,2.39,3.83,2.64,1.44,1.53,1.23,1.47,2.63,1.44,2.72,Oui,Oui,Non,Oui,Non,Home,83,"[19, 65, 70, 83]",True
81710fab2ff14145,coupe-du-monde,164838,68,2026-09-09T03:45:18Z,Sweden,Germany,0,3,3.29,4.03,1.97,1.78,1.3,1.21,1.42,2.82,1.44,2.75,Oui,Non,Non,Non,Oui,Away,61,"[20, 60, 61]",True
babb766f9241ffaf,coupe-du-monde,164838,68,2026-09-09T03:45:18Z,Netherlands,Tunisia,3,0,1.83,3.87,3.92,1.22,1.91,1.22,1.57,2.35,1.58,2.35,Oui,Non,Oui,Non,Non,Home,72,"[19, 44, 72]",True
5c97b52e673086ab,coupe-du-monde,164838,68,2026-09-09T03:45:18Z,Cabo Verde,Belgium,1,3,4.51,4.07,1.69,2.1,1.17,1.21,1.54,2.43,1.6,2.3,Oui,Oui,Non,Non,Oui,Away,89,"[11, 30, 72, 89]",True
87b183d41e735f4c,coupe-du-monde,164838,68,2026-09-09T03:45:18Z,Cote d'Ivoire,Bosnia-Herzegovina,4,1,1.95,3.86,3.46,1.27,1.79,1.23,1.52,2.49,1.51,2.52,Oui,Oui,Oui,Non,Non,Home,79,"[20, 45, 46, 55, 79]",True
58678fe12fa9782b,coupe-du-monde,164838,68,2026-09-09T03:45:18Z,Ghana,Colombia,0,2,4.25,4.13,1.72,2.06,1.19,1.2,1.47,2.62,1.53,2.46,Non,Non,Non,Non,Oui,Away,73,"[3, 73]",True
b4ea2fcded03e635,coupe-du-monde,164838,68,2026-09-09T03:45:18Z,Korea Republic,France,0,3,5.59,4.79,1.49,2.53,1.11,1.15,1.38,3.0,1.56,2.38,Oui,Non,Non,Non,Oui,Away,89,"[21, 34, 89]",True
0d2196d316d9cbbd,coupe-du-monde,164838,68,2026-09-09T03:45:18Z,Australia,Mexico,2,1,2.79,3.78,2.29,1.57,1.4,1.23,1.5,2.53,1.47,2.64,Oui,Oui,Oui,Non,Non,Away,77,"[42, 44, 77]",True
0f3a41cb31a3c5ec,coupe-du-monde,164838,68,2026-09-09T03:45:18Z,Morocco,Saudi Arabia,2,1,1.46,4.19,7.29,1.06,2.61,1.2,1.79,2.0,2.03,1.77,Oui,Oui,Oui,Non,Non,Away,61,"[31, 38, 61]",True
7af56c2718f7d2ca,coupe-du-monde,164838,68,2026-09-09T03:45:18Z,Argentina,Curacao,4,0,1.18,7.29,13.77,0.99,4.68,1.06,1.31,3.35,2.04,1.76,Oui,Non,Oui,Non,Non,Home,77,"[39, 52, 75, 77]",True
d8c1fa2373d79051,coupe-du-monde,164838,71,2026-09-09T03:51:18Z,Austria,Scotland,1,0,2.1,3.8,3.12,1.33,1.68,1.23,1.52,2.49,1.49,2.56,Non,Non,Oui,Non,Non,Home,48,[48],True
0d7247a8d905a973,coupe-du-monde,164838,71,2026-09-09T03:51:18Z,IR Iran,Sweden,2,1,2.68,3.54,2.47,1.5,1.43,1.26,1.66,2.18,1.57,2.37,Oui,Oui,Oui,Non,Non,Home,83,"[25, 72, 83]",True
9a59a4332ff26b46,coupe-du-monde,164838,71,2026-09-09T03:51:18Z,Saudi Arabia,Haiti,3,1,1.98,3.65,3.56,1.26,1.77,1.25,1.66,2.18,1.61,2.29,Oui,Oui,Oui,Non,Non,Home,90,"[2, 37, 74, 90]",True
95b99359617e6d61,coupe-du-monde,164838,71,2026-09-09T03:51:18Z,Uruguay,Czechia,0,0,1.78,3.94,4.09,1.2,1.97,1.22,1.55,2.41,1.57,2.36,Non,Non,Non,Oui,Non,,,[],True
5b2f204e39ef8433,coupe-du-monde,164838,71,2026-09-09T03:51:18Z,Canada,Korea Republic,2,1,2.79,3.83,2.27,1.59,1.4,1.23,1.47,2.62,1.45,2.7,Oui,Oui,Oui,Non,Non,Home,77,"[71, 75, 77]",True
a7bc36ac304acfae,coupe-du-monde,164838,71,2026-09-09T03:51:18Z,Panama,Norway,2,1,5.19,4.28,1.58,2.3,1.13,1.19,1.52,2.49,1.64,2.23,Oui,Oui,Oui,Non,Non,Home,28,"[21, 25, 28]",True
9ae0a41bf7e83c30,coupe-du-monde,164838,71,2026-09-09T03:51:18Z,Spain,Jordan,0,0,1.33,5.17,8.88,1.04,3.21,1.13,1.51,2.51,1.93,1.85,Non,Non,Non,Oui,Non,,,[],True
fb4ed70730ff3a9b,coupe-du-monde,164838,71,2026-09-09T03:51:18Z,Germany,Cote d'Ivoire,1,1,1.85,4.17,3.57,1.26,1.89,1.2,1.39,2.96,1.43,2.77,Non,Oui,Non,Oui,Non,Away,77,"[10, 77]",True
2c9fb93f76b0e85d,coupe-du-monde,164838,71,2026-09-09T03:51:18Z,Colombia,USA,1,1,2.15,3.97,2.92,1.37,1.65,1.21,1.41,2.84,1.42,2.83,Non,Oui,Non,Oui,Non,Away,61,"[52, 61]",True
1d7adcde990c2243,coupe-du-monde,164838,71,2026-09-09T03:51:18Z,Japan,Australia,2,0,2.04,3.83,3.24,1.31,1.72,1.23,1.51,2.51,1.49,2.56,Non,Non,Oui,Non,Non,Home,77,"[59, 77]",True
26a24a73c518bec8,coupe-du-monde,164838,71,2026-09-09T03:51:18Z,France,Switzerland,1,2,1.73,4.07,4.25,1.19,2.04,1.21,1.5,2.53,1.55,2.4,Oui,Oui,Non,Non,Oui,Away,70,"[40, 68, 70]",True
6d10bf76796a9a57,coupe-du-monde,164838,71,2026-09-09T03:51:18Z,Belgium,Netherlands,3,2,2.47,3.99,2.47,1.5,1.5,1.21,1.38,2.96,1.39,2.95,Oui,Oui,Oui,Non,Non,Away,85,"[32, 34, 47, 60, 85]",True
a94800755f1fcf92,coupe-du-monde,164838,71,2026-09-09T03:51:18Z,Tunisia,Ecuador,1,1,2.77,3.5,2.42,1.52,1.4,1.27,1.7,2.12,1.59,2.32,Non,Oui,Non,Oui,Non,Away,86,"[67, 86]",True
a6ec1fe94e209e70,coupe-du-monde,164838,71,2026-09-09T03:51:18Z,Egypt,Uzbekistan,2,0,2.01,3.7,3.41,1.28,1.74,1.24,1.61,2.27,1.57,2.37,Non,Non,Oui,Non,Non,Home,86,"[71, 86]",True
c28d0a171cc27cd3,coupe-du-monde,164838,71,2026-09-09T03:51:18Z,Curacao,Turkiye,1,1,5.29,4.25,1.57,2.31,1.13,1.19,1.54,2.44,1.66,2.19,Non,Oui,Non,Oui,Non,Away,90,"[88, 90]",True
a2b009aa41d0e705,coupe-du-monde,164838,71,2026-09-09T03:51:18Z,England,Bosnia-Herzegovina,0,0,1.45,4.86,6.11,1.09,2.66,1.15,1.4,2.9,1.62,2.27,Non,Non,Non,Oui,Non,,,[],True
f3226c36083966d5,coupe-du-monde,164838,71,2026-09-09T03:51:18Z,Portugal,Argentina,2,2,2.75,4.15,2.2,1.62,1.41,1.2,1.33,3.26,1.36,3.1,Oui,Oui,Non,Oui,Non,Home,82,"[15, 17, 78, 82]",True
adaae85b34961649,coupe-du-monde,164838,71,2026-09-09T03:51:18Z,Qatar,Ghana,0,2,2.14,3.75,3.07,1.34,1.66,1.24,1.55,2.42,1.51,2.52,Non,Non,Non,Non,Oui,Away,64,"[47, 64]",True
2608ccd1ceb060e2,coupe-du-monde,164838,71,2026-09-09T03:51:18Z,Paraguay,Senegal,0,0,3.6,3.75,1.94,1.8,1.25,1.24,1.6,2.29,1.57,2.36,Non,Non,Non,Oui,Non,,,[],True
f2f5840517b8417d,coupe-du-monde,164838,71,2026-09-09T03:51:18Z,New Zealand,Brazil,1,3,7.76,5.4,1.34,3.12,1.05,1.12,1.38,2.99,1.72,2.1,Oui,Oui,Non,Non,Oui,Away,83,"[24, 44, 71, 83]",True
ae22926473095221,coupe-du-monde,164838,71,2026-09-09T03:51:18Z,Iraq,South Africa,0,3,2.38,3.51,2.82,1.39,1.54,1.27,1.69,2.14,1.58,2.33,Oui,Non,Non,Non,Oui,Away,72,"[46, 60, 72]",True
f23e5bead99beaae,coupe-du-monde,164838,71,2026-09-09T03:51:18Z,Algeria,Croatia,2,2,3.16,3.6,2.15,1.65,1.32,1.26,1.65,2.2,1.58,2.35,Oui,Oui,Non,Oui,Non,Home,53,"[37, 38, 46, 53]",True
70a72868abd94617,coupe-du-monde,164838,71,2026-09-09T03:51:18Z,Congo DR,Cabo Verde,1,1,2.99,3.56,2.25,1.6,1.35,1.26,1.66,2.18,1.58,2.35,Non,Oui,Non,Oui,Non,Home,28,"[22, 28]",True
6f02078b50b5ef74,coupe-du-monde,164838,71,2026-09-09T03:51:18Z,Mexico,Morocco,1,1,4.3,3.55,1.83,1.91,1.19,1.26,1.84,1.93,1.78,2.01,Non,Oui,Non,Oui,Non,Away,80,"[55, 80]",True
a2909e70301dd65d,coupe-du-monde,164838,73,2026-09-09T03:55:18Z,Mexico,Ecuador,2,2,2.17,3.85,2.95,1.36,1.64,1.23,1.48,2.62,1.46,2.68,Oui,Oui,Non,Oui,Non,Home,81,"[26, 31, 56, 81]",True
8380c1dd7fddf048,coupe-du-monde,164838,73,2026-09-09T03:55:18Z,Spain,USA,1,1,1.52,4.51,5.49,1.12,2.43,1.17,1.46,2.68,1.61,2.28,Non,Oui,Non,Oui,Non,Home,39,"[10, 39]",True
8936f38a565f5123,coupe-du-monde,164838,73,2026-09-09T03:55:18Z,Colombia,Sweden,1,2,2.23,3.76,2.88,1.38,1.6,1.24,1.52,2.48,1.48,2.59,Oui,Oui,Non,Non,Oui,Away,36,"[30, 34, 36]",True
4a475960f50d380c,coupe-du-monde,164838,73,2026-09-09T03:55:18Z,Panama,Jordan,3,0,2.9,3.41,2.37,1.54,1.37,1.28,1.79,2.0,1.65,2.21,Oui,Non,Oui,Non,Non,Home,74,"[22, 72, 74]",True
5a10c7fb10ef5e47,coupe-du-monde,164838,73,2026-09-09T03:55:18Z,Egypt,Cote d'Ivoire,2,2,2.46,3.58,2.68,1.43,1.5,1.26,1.63,2.23,1.55,2.42,Oui,Oui,Non,Oui,Non,Away,87,"[22, 27, 31, 87]",True
d56c10073ef1a33d,coupe-du-monde,164838,73,2026-09-09T03:55:18Z,Belgium,Korea Republic,1,1,2.05,3.82,3.21,1.31,1.71,1.23,1.51,2.5,1.49,2.56,Non,Oui,Non,Oui,Non,Away,78,"[51, 78]",True
c6a7de5436bd12de,coupe-du-monde,164838,73,2026-09-09T03:55:18Z,Portugal,Australia,1,0,1.68,4.41,4.21,1.19,2.11,1.18,1.36,3.08,1.45,2.69,Non,Non,Oui,Non,Non,Home,34,[34],True
ad92ba8bcfe96fff,coupe-du-monde,164838,73,2026-09-09T03:55:18Z,Norway,Cabo Verde,1,3,1.77,4.02,4.04,1.21,1.98,1.21,1.5,2.53,1.54,2.44,Oui,Oui,Non,Non,Oui,Away,84,"[27, 34, 67, 84]",True
b61e1587a7d56541,coupe-du-monde,164838,73,2026-09-09T03:55:18Z,IR Iran,Senegal,3,1,3.05,3.53,2.22,1.61,1.34,1.26,1.7,2.13,1.6,2.3,Oui,Oui,Oui,Non,Non,Away,59,"[18, 58, 58, 59]",True
86516521627d470a,coupe-du-monde,164838,73,2026-09-09T03:55:18Z,Congo DR,Turkiye,0,3,3.37,3.85,1.99,1.76,1.29,1.23,1.52,2.49,1.51,2.53,Oui,Non,Non,Non,Oui,Away,75,"[27, 61, 75]",True
6815698a670ee575,coupe-du-monde,164838,73,2026-09-09T03:55:18Z,Qatar,Scotland,1,4,2.47,3.73,2.58,1.46,1.5,1.24,1.53,2.47,1.48,2.61,Oui,Oui,Non,Non,Oui,Away,81,"[36, 42, 55, 76, 81]",True
a3121b2fcd56e14b,coupe-du-monde,164838,73,2026-09-09T03:55:18Z,Saudi Arabia,Brazil,1,4,5.99,4.94,1.45,2.66,1.1,1.14,1.37,3.04,1.58,2.33,Oui,Oui,Non,Non,Oui,Away,68,"[8, 38, 50, 58, 68]",True
7d1e62d1ec3eecfe,coupe-du-monde,164838,73,2026-09-09T03:55:18Z,England,South Africa,3,2,1.43,4.77,6.56,1.08,2.71,1.15,1.46,2.66,1.7,2.12,Oui,Oui,Oui,Non,Non,Home,85,"[37, 43, 50, 69, 85]",True
350b0bbc61542b6f,coupe-du-monde,164838,73,2026-09-09T03:55:18Z,Japan,Netherlands,0,2,2.57,3.83,2.44,1.51,1.46,1.23,1.47,2.65,1.44,2.73,Non,Non,Non,Non,Oui,Away,35,"[28, 35]",True
ea4473c9f717d7e0,coupe-du-monde,164838,73,2026-09-09T03:55:18Z,Argentina,Ghana,2,2,1.36,5.38,7.08,1.07,3.0,1.12,1.34,3.21,1.63,2.24,Oui,Oui,Non,Oui,Non,Home,74,"[20, 43, 54, 74]",True
aa34a153567fa0cb,coupe-du-monde,164838,73,2026-09-09T03:55:18Z,Germany,Iraq,3,1,1.63,4.36,4.6,1.16,2.2,1.18,1.42,2.81,1.52,2.48,Oui,Oui,Oui,Non,Non,Away,53,"[16, 42, 52, 53]",True
f86ac0d8a44df9bb,coupe-du-monde,164838,73,2026-09-09T03:55:18Z,France,Croatia,2,0,1.62,4.33,4.76,1.15,2.22,1.18,1.45,2.7,1.55,2.4,Non,Non,Oui,Non,Non,Home,71,"[27, 71]",True
14641c80d8e1e27b,coupe-du-monde,164838,73,2026-09-09T03:55:18Z,Uruguay,Uzbekistan,2,1,1.53,4.41,5.55,1.12,2.41,1.18,1.5,2.53,1.65,2.2,Oui,Oui,Oui,Non,Non,Home,68,"[26, 50, 68]",True
963a4b2dd7e3fc76,coupe-du-monde,164838,73,2026-09-09T03:55:18Z,New Zealand,Algeria,3,0,3.8,3.75,1.89,1.85,1.23,1.24,1.63,2.24,1.6,2.29,Oui,Non,Oui,Non,Non,Home,65,"[21, 49, 65]",True
b6a3c0c515f9926c,coupe-du-monde,164838,73,2026-09-09T03:55:18Z,Curacao,Morocco,0,3,13.37,5.37,1.25,3.76,1.0,1.12,1.7,2.13,2.49,1.52,Oui,Non,Non,Non,Oui,Away,69,"[13, 46, 69]",True
ee2974de97d4032b,coupe-du-monde,164838,73,2026-09-09T03:55:18Z,Tunisia,Switzerland,1,3,3.89,3.43,1.96,1.79,1.22,1.28,1.89,1.88,1.78,2.01,Oui,Oui,Non,Non,Oui,Home,88,"[11, 70, 76, 88]",True
7956d1896c730d35,coupe-du-monde,164838,73,2026-09-09T03:55:18Z,Austria,Czechia,1,2,2.15,3.76,3.03,1.34,1.65,1.24,1.53,2.45,1.5,2.55,Oui,Oui,Non,Non,Oui,Home,32,"[2, 15, 32]",True
e1132fa6baa24ceb,coupe-du-monde,164838,73,2026-09-09T03:55:18Z,Paraguay,Bosnia-Herzegovina,1,2,2.26,3.67,2.9,1.37,1.59,1.25,1.58,2.35,1.52,2.49,Oui,Oui,Non,Non,Oui,Away,74,"[69, 73, 74]",True
be8a2012de0558d9,coupe-du-monde,164838,73,2026-09-09T03:55:18Z,Canada,Haiti,2,0,1.69,4.03,4.54,1.17,2.09,1.21,1.56,2.39,1.61,2.27,Non,Non,Oui,Non,Non,Home,45,"[2, 45]",True
fe7b6b19ee0ee40a,coupe-du-monde,164838,76,2026-09-09T04:01:18Z,Algeria,Tunisia,2,1,2.46,3.45,2.75,1.41,1.5,1.27,1.74,2.05,1.62,2.26,Oui,Oui,Oui,Non,Non,Away,60,"[19, 56, 60]",True
819c0a2eb3306fdc,coupe-du-monde,164838,76,2026-09-09T04:01:18Z,Uzbekistan,Spain,1,2,9.61,5.65,1.28,3.49,1.03,1.11,1.43,2.78,1.89,1.88,Oui,Oui,Non,Non,Oui,Away,43,"[33, 36, 43]",True
2d40cc38d15799c9,coupe-du-monde,164838,76,2026-09-09T04:01:18Z,Croatia,Canada,4,2,2.01,3.76,3.38,1.28,1.75,1.24,1.57,2.36,1.54,2.44,Oui,Oui,Oui,Non,Non,Home,81,"[41, 44, 45, 47, 49, 81]",True
00051b771a3703a1,coupe-du-monde,164838,76,2026-09-09T04:01:18Z,Switzerland,Belgium,1,2,2.61,3.51,2.55,1.47,1.45,1.27,1.68,2.15,1.58,2.35,Oui,Oui,Non,Non,Oui,Away,90,"[89, 90, 90]",True
544a5c49ec9cc305,coupe-du-monde,164838,76,2026-09-09T04:01:18Z,Turkiye,Ghana,1,2,2.06,3.9,3.14,1.32,1.71,1.22,1.46,2.66,1.46,2.67,Oui,Oui,Non,Non,Oui,Home,39,"[38, 39, 39]",True
fc2c1774d24195b4,coupe-du-monde,164838,76,2026-09-09T04:01:18Z,Bosnia-Herzegovina,Uruguay,1,4,5.38,4.36,1.55,2.36,1.12,1.18,1.5,2.53,1.64,2.23,Oui,Oui,Non,Non,Oui,Away,72,"[14, 36, 41, 58, 72]",True
1846d0a20949398a,coupe-du-monde,164838,76,2026-09-09T04:01:18Z,Sweden,Qatar,1,0,2.14,3.77,3.06,1.34,1.66,1.23,1.53,2.46,1.5,2.55,Non,Non,Oui,Non,Non,Home,34,[34],True
fad4cd71c4fdbb8b,coupe-du-monde,164838,76,2026-09-09T04:01:18Z,New Zealand,Saudi Arabia,0,1,3.15,3.58,2.16,1.65,1.32,1.26,1.66,2.18,1.58,2.34,Non,Non,Non,Non,Oui,Away,46,[46],True
58a9db96056f5e41,coupe-du-monde,164838,76,2026-09-09T04:01:18Z,Germany,Paraguay,2,1,1.67,4.35,4.34,1.18,2.13,1.18,1.4,2.91,1.48,2.59,Oui,Oui,Oui,Non,Non,Home,44,"[34, 40, 44]",True
b6edc9193e3bffa5,coupe-du-monde,164838,76,2026-09-09T04:01:18Z,Senegal,Austria,1,1,2.34,3.64,2.8,1.4,1.55,1.25,1.6,2.31,1.53,2.47,Non,Oui,Non,Oui,Non,Away,33,"[26, 33]",True
8d1afdb54603980e,coupe-du-monde,164838,76,2026-09-09T04:01:18Z,Haiti,Curacao,2,1,2.38,3.41,2.89,1.37,1.53,1.28,1.78,2.0,1.64,2.21,Oui,Oui,Oui,Non,Non,Home,90,"[23, 58, 90]",True
162a507bb16d13a6,coupe-du-monde,164838,76,2026-09-09T04:01:18Z,Czechia,Panama,2,0,1.92,3.67,3.75,1.24,1.82,1.25,1.67,2.16,1.63,2.24,Non,Non,Oui,Non,Non,Home,57,"[52, 57]",True
5ebd975cac899226,coupe-du-monde,164838,76,2026-09-09T04:01:18Z,South Africa,France,1,2,9.53,5.97,1.27,3.6,1.03,1.1,1.35,3.11,1.81,1.97,Oui,Oui,Non,Non,Oui,Away,86,"[12, 38, 86]",True
513df9fb2ffed1d6,coupe-du-monde,164838,76,2026-09-09T04:01:18Z,Ecuador,Japan,3,1,3.21,3.78,2.07,1.7,1.31,1.23,1.54,2.44,1.51,2.52,Oui,Oui,Oui,Non,Non,Home,87,"[29, 75, 82, 87]",True
f19473347b3d00eb,coupe-du-monde,164838,76,2026-09-09T04:01:18Z,Scotland,Cabo Verde,0,2,2.28,3.65,2.87,1.38,1.58,1.25,1.59,2.32,1.52,2.47,Non,Non,Non,Non,Oui,Away,87,"[46, 87]",True
d5b16470fe6a725f,coupe-du-monde,164838,76,2026-09-09T04:01:18Z,Netherlands,Norway,1,1,2.29,4.08,2.65,1.44,1.58,1.2,1.35,3.16,1.36,3.06,Non,Oui,Non,Oui,Non,Home,90,"[35, 90]",True
77e7bbdec2b8d5f7,coupe-du-monde,164838,76,2026-09-09T04:01:18Z,England,Egypt,0,1,1.71,4.09,4.31,1.19,2.06,1.2,1.5,2.54,1.55,2.4,Non,Non,Non,Non,Oui,Away,67,[67],True
6177cc9adde2a17a,coupe-du-monde,164838,76,2026-09-09T04:01:18Z,Korea Republic,Congo DR,2,1,1.93,3.79,3.61,1.25,1.81,1.23,1.58,2.34,1.56,2.39,Oui,Oui,Oui,Non,Non,Home,75,"[20, 23, 75]",True
70a1e06fbcddebeb,coupe-du-monde,164838,76,2026-09-09T04:01:18Z,Cote d'Ivoire,Colombia,2,3,3.08,3.9,2.09,1.69,1.33,1.22,1.46,2.67,1.45,2.7,Oui,Oui,Non,Non,Oui,Away,73,"[2, 3, 64, 68, 73]",True
47817fc66e121e3a,coupe-du-monde,164838,76,2026-09-09T04:01:18Z,Jordan,Australia,2,3,3.25,3.61,2.1,1.68,1.3,1.25,1.66,2.19,1.58,2.33,Oui,Oui,Non,Non,Oui,Away,80,"[22, 42, 71, 78, 80]",True
02d3491907775731,coupe-du-monde,164838,76,2026-09-09T04:01:18Z,Iraq,IR Iran,0,3,3.43,3.59,2.04,1.72,1.28,1.26,1.69,2.13,1.62,2.26,Oui,Non,Non,Non,Oui,Away,85,"[79, 85, 85]",True
d4e3329c0e8221d9,coupe-du-monde,164838,76,2026-09-09T04:01:18Z,USA,Argentina,1,3,4.39,4.5,1.64,2.18,1.18,1.17,1.35,3.13,1.46,2.67,Oui,Oui,Non,Non,Oui,Away,77,"[2, 14, 53, 77]",True
4cd45f5ecee15363,coupe-du-monde,164838,76,2026-09-09T04:01:18Z,Brazil,Mexico,2,3,2.0,4.07,3.19,1.31,1.76,1.2,1.39,2.94,1.41,2.84,Oui,Oui,Non,Non,Oui,Away,89,"[8, 22, 29, 60, 89]",True
f673b7c0f196bc11,coupe-du-monde,164838,76,2026-09-09T04:01:18Z,Morocco,Portugal,2,3,2.3,3.5,2.94,1.36,1.57,1.27,1.71,2.11,1.6,2.3,Oui,Oui,Non,Non,Oui,Home,48,"[30, 37, 42, 46, 48]",True
aee478ba7d64a015,coupe-du-monde,164838,78,2026-09-09T04:05:18Z,Switzerland,Japan,4,2,2.52,3.52,2.64,1.44,1.48,1.27,1.68,2.15,1.58,2.35,Oui,Oui,Oui,Non,Non,Away,78,"[26, 40, 45, 69, 72, 78]",True
06d24f023090a0cf,coupe-du-monde,164838,78,2026-09-09T04:05:18Z,Scotland,Turkiye,3,3,2.57,3.82,2.45,1.51,1.46,1.23,1.47,2.62,1.45,2.71,Oui,Oui,Non,Oui,Non,Home,84,"[8, 39, 42, 50, 79, 84]",True
783119ffe4e47555,coupe-du-monde,164838,78,2026-09-09T04:05:18Z,Ecuador,Portugal,2,2,4.15,4.37,1.69,2.09,1.2,1.18,1.37,3.04,1.45,2.69,Oui,Oui,Non,Oui,Non,Away,84,"[13, 58, 78, 84]",True
1765e63e5fcdb342,coupe-du-monde,164838,78,2026-09-09T04:05:18Z,Paraguay,Egypt,0,1,2.96,3.57,2.26,1.59,1.36,1.26,1.65,2.19,1.57,2.37,Non,Non,Non,Non,Oui,Away,29,[29],True
d42096f7a84f524b,coupe-du-monde,164838,78,2026-09-09T04:05:18Z,Senegal,Qatar,2,1,1.95,3.81,3.5,1.27,1.79,1.23,1.55,2.41,1.53,2.45,Oui,Oui,Oui,Non,Non,Away,43,"[31, 35, 43]",True
053bcdbaa6c96ea4,coupe-du-monde,164838,78,2026-09-09T04:05:18Z,Iraq,Colombia,2,1,4.04,4.0,1.78,1.97,1.21,1.21,1.51,2.51,1.54,2.43,Oui,Oui,Oui,Non,Non,Away,76,"[60, 74, 76]",True
c7daa8eef33b8aba,coupe-du-monde,164838,78,2026-09-09T04:05:18Z,Korea Republic,Norway,3,0,2.98,3.93,2.13,1.66,1.35,1.22,1.44,2.74,1.43,2.76,Oui,Non,Oui,Non,Non,Home,73,"[28, 64, 73]",True
2a18e2ee0a2bbe41,coupe-du-monde,164838,78,2026-09-09T04:05:18Z,Algeria,Mexico,2,2,3.08,3.74,2.14,1.66,1.34,1.24,1.55,2.42,1.51,2.52,Oui,Oui,Non,Oui,Non,Away,90,"[8, 10, 90, 90]",True
f905cce9439ac6ff,coupe-du-monde,164838,78,2026-09-09T04:05:18Z,Sweden,Argentina,0,5,4.71,4.42,1.61,2.24,1.16,1.18,1.4,2.87,1.52,2.5,Oui,Non,Non,Non,Oui,Away,63,"[4, 25, 52, 55, 63]",True
de0d79e973259223,coupe-du-monde,164838,78,2026-09-09T04:05:18Z,Croatia,Belgium,3,0,2.84,3.66,2.3,1.57,1.39,1.25,1.58,2.34,1.52,2.49,Oui,Non,Oui,Non,Non,Home,79,"[53, 61, 79]",True
36038405ad9a6077,coupe-du-monde,164838,78,2026-09-09T04:05:18Z,Czechia,Cabo Verde,2,1,2.19,3.6,3.06,1.34,1.63,1.25,1.64,2.23,1.56,2.38,Oui,Oui,Oui,Non,Non,Away,82,"[74, 75, 82]",True
017571164dfa3752,coupe-du-monde,164838,78,2026-09-09T04:05:18Z,France,Tunisia,0,1,1.42,4.76,6.85,1.07,2.76,1.15,1.49,2.57,1.75,2.05,Non,Non,Non,Non,Oui,Away,86,[86],True
8900b19484c81d6f,coupe-du-monde,164838,78,2026-09-09T04:05:18Z,Haiti,Congo DR,0,1,3.38,3.54,2.08,1.7,1.28,1.26,1.73,2.08,1.64,2.23,Non,Non,Non,Non,Oui,Away,54,[54],True
d0f7a7a82351edb0,coupe-du-monde,164838,78,2026-09-09T04:05:18Z,Cote d'Ivoire,Spain,1,4,5.99,4.59,1.48,2.55,1.1,1.17,1.47,2.63,1.66,2.18,Oui,Oui,Non,Non,Oui,Away,84,"[32, 41, 76, 79, 84]",True
09fb4bc635c83efb,coupe-du-monde,164838,78,2026-09-09T04:05:18Z,USA,Australia,3,1,2.33,3.89,2.67,1.43,1.55,1.22,1.44,2.75,1.42,2.8,Oui,Oui,Oui,Non,Non,Away,89,"[9, 62, 65, 89]",True
9be76138b03ef31a,coupe-du-monde,164838,78,2026-09-09T04:05:18Z,Brazil,Curacao,2,2,1.23,6.47,10.96,1.01,3.99,1.08,1.33,3.22,1.89,1.88,Oui,Oui,Non,Oui,Non,Home,79,"[1, 26, 57, 79]",True
bfac2630f0419741,coupe-du-monde,164838,78,2026-09-09T04:05:18Z,New Zealand,Canada,2,1,3.61,3.81,1.92,1.82,1.25,1.23,1.57,2.37,1.55,2.41,Oui,Oui,Oui,Non,Non,Home,80,"[78, 79, 80]",True
64429d72ef16b27b,coupe-du-monde,164838,78,2026-09-09T04:05:18Z,Morocco,Ghana,2,1,1.45,4.26,7.38,1.06,2.65,1.19,1.76,2.04,2.0,1.78,Oui,Oui,Oui,Non,Non,Away,69,"[28, 52, 69]",True
c1bfb6a93d2e1395,coupe-du-monde,164838,78,2026-09-09T04:05:18Z,England,Uruguay,1,2,2.33,3.79,2.73,1.42,1.56,1.23,1.49,2.57,1.46,2.67,Oui,Oui,Non,Non,Oui,Away,88,"[77, 82, 88]",True
b46aece004d16e62,coupe-du-monde,164838,78,2026-09-09T04:05:18Z,South Africa,Saudi Arabia,1,0,2.78,3.57,2.38,1.53,1.4,1.26,1.64,2.22,1.55,2.4,Non,Non,Oui,Non,Non,Home,69,[69],True
3521b939577c602a,coupe-du-monde,164838,78,2026-09-09T04:05:18Z,Uzbekistan,Panama,1,1,2.38,3.49,2.83,1.39,1.53,1.27,1.71,2.11,1.6,2.3,Non,Oui,Non,Oui,Non,Away,69,"[17, 69]",True
6b17f849df6350c1,coupe-du-monde,164838,78,2026-09-09T04:05:18Z,Germany,IR Iran,2,1,1.94,4.0,3.39,1.28,1.8,1.21,1.44,2.73,1.46,2.67,Oui,Oui,Oui,Non,Non,Away,58,"[8, 27, 58]",True
8041d7c55e6c1859,coupe-du-monde,164838,78,2026-09-09T04:05:18Z,Bosnia-Herzegovina,Austria,1,1,3.94,3.95,1.81,1.94,1.22,1.22,1.53,2.47,1.55,2.42,Non,Oui,Non,Oui,Non,Home,65,"[49, 65]",True
a9b370545ec3ab1e,coupe-du-monde,164838,78,2026-09-09T04:05:18Z,Netherlands,Jordan,0,1,1.62,4.25,4.8,1.15,2.21,1.19,1.49,2.59,1.58,2.34,Non,Non,Non,Non,Oui,Away,67,[67],True
abcdfdf674dceafb,coupe-du-monde,164838,81,2026-09-09T04:11:18Z,Japan,Algeria,0,2,1.99,3.73,3.47,1.27,1.76,1.24,1.6,2.31,1.56,2.39,Non,Non,Non,Non,Oui,Away,59,"[33, 59]",True
fadeb26a0574c35b,coupe-du-monde,164838,81,2026-09-09T04:11:18Z,Belgium,France,2,1,3.78,4.11,1.81,1.93,1.23,1.2,1.43,2.76,1.47,2.62,Oui,Oui,Oui,Non,Non,Away,85,"[6, 51, 85]",True
58e22016c62805a7,coupe-du-monde,164838,81,2026-09-09T04:11:18Z,Colombia,Paraguay,2,0,1.89,3.92,3.62,1.25,1.85,1.22,1.5,2.53,1.51,2.51,Non,Non,Oui,Non,Non,Home,52,"[42, 52]",True
0533ffe5eac409e9,coupe-du-monde,164838,81,2026-09-09T04:11:18Z,Jordan,Ecuador,1,4,3.41,3.62,2.04,1.72,1.28,1.25,1.66,2.18,1.6,2.31,Oui,Oui,Non,Non,Oui,Away,62,"[4, 6, 45, 50, 62]",True
cd1911b80c956aed,coupe-du-monde,164838,81,2026-09-09T04:11:18Z,Argentina,Cote d'Ivoire,2,1,1.59,4.56,4.68,1.16,2.27,1.17,1.36,3.09,1.48,2.6,Oui,Oui,Oui,Non,Non,Away,57,"[33, 35, 57]",True
854991912b9ae9e3,coupe-du-monde,164838,81,2026-09-09T04:11:18Z,Norway,Switzerland,0,0,2.71,3.66,2.39,1.53,1.42,1.25,1.58,2.35,1.51,2.51,Non,Non,Non,Oui,Non,,,[],True
9b45c76f76a790b1,coupe-du-monde,164838,81,2026-09-09T04:11:18Z,Ghana,Haiti,0,1,2.02,3.67,3.44,1.28,1.74,1.25,1.63,2.23,1.58,2.34,Non,Non,Non,Non,Oui,Away,34,[34],True
31f94ed3a5b2eb15,coupe-du-monde,164838,81,2026-09-09T04:11:18Z,Canada,Tunisia,2,2,2.68,3.47,2.5,1.49,1.43,1.27,1.72,2.09,1.6,2.3,Oui,Oui,Non,Oui,Non,Home,82,"[24, 37, 37, 82]",True
3518d1eaec73c703,coupe-du-monde,164838,81,2026-09-09T04:11:18Z,Mexico,Saudi Arabia,3,1,1.82,3.95,3.88,1.22,1.92,1.22,1.52,2.49,1.54,2.44,Oui,Oui,Oui,Non,Non,Away,86,"[29, 49, 59, 86]",True
9804f1ac947df48d,coupe-du-monde,164838,81,2026-09-09T04:11:18Z,Portugal,Brazil,4,0,2.32,4.16,2.57,1.46,1.56,1.2,1.32,3.34,1.34,3.17,Oui,Non,Oui,Non,Non,Home,84,"[22, 28, 32, 84]",True
068748d1205f3fdd,coupe-du-monde,164838,81,2026-09-09T04:11:18Z,USA,Morocco,1,1,4.67,3.71,1.74,2.03,1.16,1.24,1.77,2.02,1.77,2.03,Non,Oui,Non,Oui,Non,Away,80,"[48, 80]",True
484ba573455eae14,coupe-du-monde,164838,81,2026-09-09T04:11:18Z,Austria,Germany,3,1,2.89,3.98,2.16,1.64,1.37,1.21,1.4,2.87,1.41,2.86,Oui,Oui,Oui,Non,Non,Home,89,"[21, 39, 55, 89]",True
6e5aa503b8f5f3fa,coupe-du-monde,164838,81,2026-09-09T04:11:18Z,Curacao,New Zealand,2,1,3.35,3.49,2.1,1.68,1.29,1.27,1.76,2.03,1.66,2.19,Oui,Oui,Oui,Non,Non,Away,81,"[46, 48, 81]",True
568f220e816b1037,coupe-du-monde,164838,81,2026-09-09T04:11:18Z,Cabo Verde,Senegal,2,2,4.04,3.79,1.82,1.92,1.21,1.23,1.64,2.22,1.63,2.24,Oui,Oui,Non,Oui,Non,Home,88,"[39, 50, 54, 88]",True
83a05e839fceac5f,coupe-du-monde,164838,81,2026-09-09T04:11:18Z,Spain,England,1,2,2.05,3.83,3.21,1.31,1.71,1.23,1.51,2.51,1.49,2.56,Oui,Oui,Non,Non,Oui,Away,72,"[33, 70, 72]",True
7dddd7868afd5c18,coupe-du-monde,164838,81,2026-09-09T04:11:18Z,Qatar,Iraq,1,3,2.29,3.65,2.87,1.38,1.58,1.25,1.59,2.32,1.53,2.47,Oui,Oui,Non,Non,Oui,Away,89,"[28, 36, 74, 89]",True
862c0a919824fc07,coupe-du-monde,164838,81,2026-09-09T04:11:18Z,Panama,Bosnia-Herzegovina,0,0,2.9,3.53,2.32,1.56,1.37,1.26,1.69,2.14,1.59,2.33,Non,Non,Non,Oui,Non,,,[],True
e28007d56391155b,coupe-du-monde,164838,81,2026-09-09T04:11:18Z,Australia,Uzbekistan,2,1,2.02,3.81,3.3,1.3,1.73,1.23,1.53,2.45,1.51,2.51,Oui,Oui,Oui,Non,Non,Away,73,"[32, 55, 73]",True
239cb9654e630276,coupe-du-monde,164838,81,2026-09-09T04:11:18Z,Scotland,Korea Republic,2,1,2.79,3.82,2.27,1.58,1.4,1.23,1.48,2.6,1.46,2.68,Oui,Oui,Oui,Non,Non,Home,85,"[6, 47, 85]",True
857965b441ccd00a,coupe-du-monde,164838,81,2026-09-09T04:11:18Z,Netherlands,Czechia,3,2,1.93,4.0,3.43,1.28,1.81,1.21,1.45,2.71,1.46,2.65,Oui,Oui,Oui,Non,Non,Away,72,"[30, 41, 60, 69, 72]",True
e05e868dfae29f25,coupe-du-monde,164838,81,2026-09-09T04:11:18Z,Turkiye,Sweden,2,3,2.99,3.79,2.17,1.64,1.35,1.23,1.51,2.51,1.48,2.6,Oui,Oui,Non,Non,Oui,Away,89,"[28, 33, 39, 54, 89]",True
e2e88d73efa98fbe,coupe-du-monde,164838,81,2026-09-09T04:11:18Z,IR Iran,South Africa,5,1,1.84,3.73,4.01,1.21,1.89,1.24,1.67,2.17,1.64,2.22,Oui,Oui,Oui,Non,Non,Home,90,"[2, 17, 18, 51, 73, 90]",True
b79277f4daa15400,coupe-du-monde,164838,81,2026-09-09T04:11:18Z,Congo DR,Croatia,0,2,4.52,3.87,1.72,2.05,1.17,1.22,1.64,2.22,1.67,2.17,Non,Non,Non,Non,Oui,Away,82,"[78, 82]",True
7c6306e7d6a3a7e9,coupe-du-monde,164838,81,2026-09-09T04:11:18Z,Uruguay,Egypt,1,1,1.88,3.74,3.83,1.23,1.86,1.24,1.64,2.23,1.61,2.28,Non,Oui,Non,Oui,Non,Home,45,"[43, 45]",True
cd0d129c6943515f,coupe-du-monde,164838,83,2026-09-09T04:15:18Z,Australia,Cote d'Ivoire,1,3,2.58,3.76,2.46,1.5,1.46,1.24,1.51,2.52,1.47,2.64,Oui,Oui,Non,Non,Oui,Away,90,"[10, 27, 46, 90]",True
9465e6b27338049d,coupe-du-monde,164838,83,2026-09-09T04:15:18Z,Curacao,Saudi Arabia,1,2,4.19,3.84,1.78,1.97,1.2,1.23,1.62,2.26,1.63,2.25,Oui,Oui,Non,Non,Oui,Away,76,"[6, 50, 76]",True
1423f6281db97e43,coupe-du-monde,164838,83,2026-09-09T04:15:18Z,Cabo Verde,Bosnia-Herzegovina,3,1,2.4,3.6,2.73,1.41,1.53,1.25,1.62,2.27,1.54,2.44,Oui,Oui,Oui,Non,Non,Away,88,"[28, 74, 81, 88]",True
d007bfefeecca151,coupe-du-monde,164838,83,2026-09-09T04:15:18Z,Ghana,Brazil,1,2,5.88,4.89,1.46,2.62,1.1,1.15,1.37,3.04,1.57,2.35,Oui,Oui,Non,Non,Oui,Away,80,"[35, 57, 80]",True
602872249c7ad5ff,coupe-du-monde,164838,83,2026-09-09T04:15:18Z,USA,Ecuador,3,1,2.21,3.88,2.87,1.38,1.62,1.22,1.45,2.68,1.44,2.73,Oui,Oui,Oui,Non,Non,Away,58,"[30, 41, 51, 58]",True
7a4674fc791d6602,coupe-du-monde,164838,83,2026-09-09T04:15:18Z,Mexico,Canada,1,0,1.98,3.92,3.33,1.29,1.77,1.22,1.47,2.63,1.47,2.63,Non,Non,Oui,Non,Non,Home,70,[70],True
5ffdacaf958bd82e,coupe-du-monde,164838,83,2026-09-09T04:15:18Z,Jordan,Switzerland,1,2,4.72,3.73,1.72,2.05,1.16,1.24,1.77,2.03,1.77,2.03,Oui,Oui,Non,Non,Oui,Away,79,"[40, 51, 79]",True
085774e032ebab3f,coupe-du-monde,164838,83,2026-09-09T04:15:18Z,Scotland,Haiti,3,2,1.76,3.88,4.27,1.19,2.0,1.22,1.61,2.28,1.63,2.24,Oui,Oui,Oui,Non,Non,Home,83,"[36, 43, 50, 53, 83]",True
b06c636472ea62b5,coupe-du-monde,164838,83,2026-09-09T04:15:18Z,Czechia,Korea Republic,0,2,2.66,3.63,2.45,1.51,1.44,1.25,1.59,2.32,1.52,2.48,Non,Non,Non,Non,Oui,Away,78,"[38, 78]",True
30ecc7f7056aa0fe,coupe-du-monde,164838,83,2026-09-09T04:15:18Z,Portugal,Algeria,2,2,1.65,4.4,4.39,1.18,2.16,1.18,1.38,2.98,1.48,2.61,Oui,Oui,Non,Oui,Non,Away,87,"[17, 56, 58, 87]",True
a268a39b185f897a,coupe-du-monde,164838,83,2026-09-09T04:15:18Z,Argentina,Iraq,3,0,1.4,5.09,6.79,1.08,2.86,1.14,1.38,2.96,1.65,2.2,Oui,Non,Oui,Non,Non,Home,87,"[53, 62, 87]",True
9b89cf148034070a,coupe-du-monde,164838,83,2026-09-09T04:15:18Z,Panama,England,1,1,8.1,5.15,1.35,3.09,1.05,1.13,1.46,2.66,1.81,1.97,Non,Oui,Non,Oui,Non,Away,63,"[10, 63]",True
6c3f7bd01a571626,coupe-du-monde,164838,83,2026-09-09T04:15:18Z,Netherlands,Uzbekistan,1,0,1.57,4.57,4.92,1.15,2.32,1.17,1.38,2.99,1.51,2.5,Non,Non,Oui,Non,Non,Home,22,[22],True
3dad75f437a872cc,coupe-du-monde,164838,83,2026-09-09T04:15:18Z,Japan,France,1,1,4.31,4.16,1.7,2.08,1.19,1.2,1.47,2.63,1.53,2.45,Non,Oui,Non,Oui,Non,Home,71,"[25, 71]",True
37e03fd96fdf021e,coupe-du-monde,164838,83,2026-09-09T04:15:18Z,Congo DR,New Zealand,2,2,2.25,3.56,2.98,1.35,1.59,1.26,1.67,2.17,1.58,2.34,Oui,Oui,Non,Oui,Non,Away,87,"[20, 70, 84, 87]",True
82d0449b09b27856,coupe-du-monde,164838,83,2026-09-09T04:15:18Z,Turkiye,Senegal,2,1,3.45,3.85,1.96,1.78,1.28,1.23,1.52,2.47,1.51,2.51,Oui,Oui,Oui,Non,Non,Away,82,"[28, 32, 82]",True
94ff5da31dc72c4b,coupe-du-monde,164838,83,2026-09-09T04:15:18Z,Austria,Egypt,2,0,2.27,3.59,2.94,1.36,1.59,1.26,1.64,2.23,1.56,2.39,Non,Non,Oui,Non,Non,Home,69,"[1, 69]",True
0ded3459699d34b5,coupe-du-monde,164838,83,2026-09-09T04:15:18Z,Colombia,IR Iran,2,1,2.18,3.71,3.01,1.35,1.63,1.24,1.56,2.38,1.51,2.5,Oui,Oui,Oui,Non,Non,Home,78,"[17, 67, 78]",True
c4675e4fb9331a8c,coupe-du-monde,164838,83,2026-09-09T04:15:18Z,Norway,Croatia,1,1,2.5,3.72,2.56,1.47,1.49,1.24,1.53,2.46,1.48,2.59,Non,Oui,Non,Oui,Non,Home,40,"[19, 40]",True
6581d9f8c9de5a70,coupe-du-monde,164838,83,2026-09-09T04:15:18Z,Belgium,Tunisia,3,1,1.89,3.64,3.9,1.22,1.85,1.25,1.72,2.09,1.67,2.17,Oui,Oui,Oui,Non,Non,Away,90,"[20, 86, 88, 90]",True
ece6d221292daccc,coupe-du-monde,164838,83,2026-09-09T04:15:18Z,Uruguay,South Africa,2,1,1.47,4.5,6.35,1.09,2.58,1.17,1.55,2.42,1.75,2.04,Oui,Oui,Oui,Non,Non,Home,66,"[38, 53, 66]",True
e394dd364fc66206,coupe-du-monde,164838,83,2026-09-09T04:15:18Z,Qatar,Germany,0,2,4.03,4.34,1.72,2.05,1.21,1.18,1.37,3.04,1.45,2.71,Non,Non,Non,Non,Oui,Away,42,"[41, 42]",True
d33fa8e9cb81910c,coupe-du-monde,164838,83,2026-09-09T04:15:18Z,Spain,Paraguay,1,0,1.39,4.92,7.38,1.06,2.9,1.15,1.48,2.6,1.78,2.01,Non,Non,Oui,Non,Non,Home,88,[88],True
c2ecc0ccc9d062dd,coupe-du-monde,164838,83,2026-09-09T04:15:18Z,Morocco,Sweden,3,0,1.78,3.54,4.62,1.16,1.97,1.26,1.9,1.87,1.85,1.93,Oui,Non,Oui,Non,Non,Home,88,"[25, 82, 88]",True
05be3f5d4ccf802b,coupe-du-monde,164838,86,2026-09-09T04:21:18Z,Cote d'Ivoire,Morocco,0,3,5.18,3.75,1.67,2.14,1.13,1.24,1.82,1.96,1.84,1.93,Oui,Non,Non,Non,Oui,Away,43,"[14, 32, 43]",True
d6f808ca3a024a25,coupe-du-monde,164838,86,2026-09-09T04:21:18Z,France,Norway,2,1,1.63,4.46,4.47,1.17,2.19,1.17,1.37,3.03,1.48,2.61,Oui,Oui,Oui,Non,Non,Home,75,"[25, 65, 75]",True
d9e65e4bf41466ac,coupe-du-monde,164838,86,2026-09-09T04:21:18Z,New Zealand,Ghana,1,0,3.11,3.59,2.17,1.64,1.33,1.26,1.65,2.2,1.57,2.35,Non,Non,Oui,Non,Non,Home,50,[50],True
d5bca18eea8cbb17,coupe-du-monde,164838,86,2026-09-09T04:21:18Z,South Africa,Belgium,0,1,5.15,4.26,1.58,2.29,1.13,1.19,1.52,2.49,1.63,2.24,Non,Non,Non,Non,Oui,Away,11,[11],True
f08e4e6f5a5ece07,coupe-du-monde,164838,86,2026-09-09T04:21:18Z,England,Australia,1,1,1.67,4.27,4.4,1.18,2.13,1.19,1.44,2.75,1.52,2.49,Non,Oui,Non,Oui,Non,Home,70,"[52, 70]",True
2c69d2421cde115a,coupe-du-monde,164838,86,2026-09-09T04:21:18Z,Bosnia-Herzegovina,Netherlands,1,5,4.79,4.47,1.59,2.27,1.15,1.17,1.4,2.89,1.52,2.48,Oui,Oui,Non,Non,Oui,Away,79,"[27, 38, 42, 50, 60, 79]",True
76d99c91cbae46a7,coupe-du-monde,164838,86,2026-09-09T04:21:18Z,Senegal,Korea Republic,3,0,2.16,3.69,3.07,1.34,1.65,1.24,1.58,2.34,1.53,2.46,Oui,Non,Oui,Non,Non,Home,82,"[60, 68, 82]",True
cc5defda017e1ace,coupe-du-monde,164838,86,2026-09-09T04:21:18Z,Saudi Arabia,Portugal,1,2,5.47,4.74,1.5,2.49,1.12,1.16,1.38,3.0,1.55,2.41,Oui,Oui,Non,Non,Oui,Away,63,"[27, 28, 63]",True
7329cec98309cdb6,coupe-du-monde,164838,86,2026-09-09T04:21:18Z,Haiti,Sweden,1,2,5.17,4.06,1.61,2.23,1.13,1.21,1.62,2.26,1.71,2.11,Oui,Oui,Non,Non,Oui,Away,85,"[63, 82, 85]",True
8c57a07e0ced00ab,coupe-du-monde,164838,86,2026-09-09T04:21:18Z,Egypt,Panama,2,1,1.85,3.61,4.14,1.2,1.89,1.25,1.77,2.02,1.72,2.09,Oui,Oui,Oui,Non,Non,Away,88,"[81, 83, 88]",True
84ed69c4cff0526f,coupe-du-monde,164838,86,2026-09-09T04:21:18Z,Uzbekistan,Ecuador,2,3,3.32,3.79,2.02,1.74,1.29,1.23,1.54,2.43,1.52,2.5,Oui,Oui,Non,Non,Oui,Away,78,"[23, 25, 55, 68, 78]",True
7498a2647fb11980,coupe-du-monde,164838,86,2026-09-09T04:21:18Z,Mexico,Curacao,3,0,1.43,4.66,6.93,1.07,2.74,1.16,1.53,2.45,1.79,2.0,Oui,Non,Oui,Non,Non,Home,77,"[44, 45, 77]",True
bbb9316546b2113f,coupe-du-monde,164838,86,2026-09-09T04:21:18Z,Algeria,Jordan,2,0,2.14,3.56,3.21,1.31,1.66,1.26,1.69,2.14,1.6,2.29,Non,Non,Oui,Non,Non,Home,72,"[72, 72]",True
fafa0645f4854573,coupe-du-monde,164838,86,2026-09-09T04:21:18Z,Canada,Japan,3,3,3.66,3.87,1.89,1.85,1.25,1.22,1.54,2.44,1.53,2.45,Oui,Oui,Non,Oui,Non,Away,75,"[17, 20, 24, 47, 61, 75]",True
d7ecdcd48d3fbe52,coupe-du-monde,164838,86,2026-09-09T04:21:18Z,Brazil,USA,1,1,1.82,4.33,3.59,1.26,1.92,1.18,1.33,3.24,1.4,2.91,Non,Oui,Non,Oui,Non,Home,80,"[14, 80]",True
5b403e9662efe021,coupe-du-monde,164838,86,2026-09-09T04:21:18Z,Switzerland,Czechia,0,0,1.93,3.64,3.76,1.24,1.81,1.25,1.7,2.12,1.64,2.21,Non,Non,Non,Oui,Non,,,[],True
c6c67749e8adec35,coupe-du-monde,164838,86,2026-09-09T04:21:18Z,Tunisia,Congo DR,0,0,2.18,3.43,3.24,1.31,1.64,1.28,1.81,1.97,1.68,2.16,Non,Non,Non,Oui,Non,,,[],True
adc6e85faecdb643,coupe-du-monde,164838,86,2026-09-09T04:21:18Z,Colombia,Austria,1,2,2.36,3.78,2.69,1.42,1.54,1.23,1.5,2.54,1.46,2.65,Oui,Oui,Non,Non,Oui,Away,57,"[24, 31, 57]",True
4cccedefc17b869b,coupe-du-monde,164838,86,2026-09-09T04:21:18Z,IR Iran,Qatar,0,3,2.33,3.64,2.81,1.39,1.56,1.25,1.59,2.31,1.53,2.47,Oui,Non,Non,Non,Oui,Away,75,"[52, 62, 75]",True
1d6f5d8afd438802,coupe-du-monde,164838,86,2026-09-09T04:21:18Z,Paraguay,Argentina,2,3,6.25,5.03,1.43,2.74,1.09,1.14,1.36,3.08,1.59,2.31,Oui,Oui,Non,Non,Oui,Home,89,"[2, 30, 54, 73, 89]",True
e45299a6ce0318c9,coupe-du-monde,164838,86,2026-09-09T04:21:18Z,Iraq,Turkiye,1,0,3.06,3.75,2.14,1.65,1.34,1.24,1.54,2.43,1.5,2.53,Non,Non,Oui,Non,Non,Home,63,[63],True
9c7af7e91ca0ce20,coupe-du-monde,164838,86,2026-09-09T04:21:18Z,Croatia,Scotland,3,0,1.9,3.83,3.66,1.25,1.84,1.23,1.56,2.38,1.55,2.41,Oui,Non,Oui,Non,Non,Home,61,"[37, 41, 61]",True
b6f23a54d81e2a96,coupe-du-monde,164838,86,2026-09-09T04:21:18Z,Germany,Cabo Verde,3,2,1.64,4.39,4.54,1.17,2.19,1.18,1.4,2.88,1.5,2.53,Oui,Oui,Oui,Non,Non,Home,87,"[21, 26, 31, 75, 87]",True
872093a0012d101d,coupe-du-monde,164838,86,2026-09-09T04:21:18Z,Uruguay,Spain,2,1,3.88,3.92,1.83,1.91,1.22,1.22,1.54,2.44,1.55,2.41,Oui,Oui,Oui,Non,Non,Away,43,"[7, 25, 43]",True
ddd31e2fd8de00d8,coupe-du-monde,164838,88,2026-09-09T04:25:18Z,England,Netherlands,1,2,2.07,4.09,3.01,1.35,1.7,1.2,1.36,3.06,1.39,2.95,Oui,Oui,Non,Non,Oui,Away,55,"[30, 46, 55]",True
823104d9c50e68ea,coupe-du-monde,164838,88,2026-09-09T04:25:18Z,Croatia,Czechia,1,0,2.12,3.64,3.18,1.32,1.67,1.25,1.63,2.24,1.56,2.38,Non,Non,Oui,Non,Non,Home,46,[46],True
c14f7ca4d9040274,coupe-du-monde,164838,88,2026-09-09T04:25:18Z,Cote d'Ivoire,Ecuador,1,1,2.53,3.74,2.52,1.48,1.48,1.24,1.52,2.5,1.47,2.63,Non,Oui,Non,Oui,Non,Home,86,"[26, 86]",True
5d87930eed9029eb,coupe-du-monde,164838,88,2026-09-09T04:25:18Z,Belgium,Japan,3,1,2.38,3.7,2.71,1.42,1.53,1.24,1.55,2.42,1.49,2.56,Oui,Oui,Oui,Non,Non,Away,78,"[29, 35, 43, 78]",True
9dc1a82b62d71ee1,coupe-du-monde,164838,88,2026-09-09T04:25:18Z,Colombia,Qatar,0,1,1.95,3.98,3.39,1.28,1.8,1.21,1.45,2.69,1.46,2.65,Non,Non,Non,Non,Oui,Away,72,[72],True
c33bc747e1a0b0a8,coupe-du-monde,164838,88,2026-09-09T04:25:18Z,Saudi Arabia,Ghana,2,2,2.56,3.6,2.56,1.47,1.47,1.26,1.62,2.26,1.54,2.44,Oui,Oui,Non,Oui,Non,Away,85,"[33, 36, 63, 85]",True
9df3dc257362a606,coupe-du-monde,164838,88,2026-09-09T04:25:18Z,Algeria,USA,1,2,2.99,3.81,2.16,1.64,1.35,1.23,1.5,2.53,1.48,2.61,Oui,Oui,Non,Non,Oui,Home,79,"[17, 77, 79]",True
66381087d1acefe9,coupe-du-monde,164838,88,2026-09-09T04:25:18Z,Bosnia-Herzegovina,Korea Republic,3,1,3.49,3.85,1.95,1.8,1.27,1.23,1.53,2.46,1.52,2.49,Oui,Oui,Oui,Non,Non,Away,49,"[13, 15, 33, 49]",True
3ce2c8ad37dc993d,coupe-du-monde,164838,88,2026-09-09T04:25:18Z,Brazil,Sweden,2,2,1.8,4.22,3.75,1.24,1.95,1.19,1.38,2.97,1.44,2.74,Oui,Oui,Non,Oui,Non,Home,83,"[44, 45, 69, 83]",True
3a60b894416f9414,coupe-du-monde,164838,88,2026-09-09T04:25:18Z,Switzerland,Uzbekistan,2,1,1.65,3.96,4.94,1.14,2.16,1.22,1.64,2.21,1.7,2.12,Oui,Oui,Oui,Non,Non,Home,56,"[28, 39, 56]",True
350ae96d0eba840e,coupe-du-monde,164838,88,2026-09-09T04:25:18Z,Uruguay,Panama,1,2,1.45,4.5,6.7,1.08,2.64,1.17,1.57,2.36,1.8,1.99,Oui,Oui,Non,Non,Oui,Home,45,"[43, 44, 45]",True
ee582261b1faf734,coupe-du-monde,164838,88,2026-09-09T04:25:18Z,Mexico,Congo DR,2,2,1.71,4.02,4.4,1.18,2.06,1.21,1.54,2.43,1.59,2.32,Oui,Oui,Non,Oui,Non,Away,68,"[13, 35, 57, 68]",True
a243f0f5f9212064,coupe-du-monde,164838,88,2026-09-09T04:25:18Z,New Zealand,Scotland,3,0,3.68,3.75,1.92,1.82,1.25,1.24,1.61,2.27,1.59,2.33,Oui,Non,Oui,Non,Non,Home,46,"[5, 18, 46]",True
50f3937ae9c49173,coupe-du-monde,164838,88,2026-09-09T04:25:18Z,Iraq,Morocco,0,2,6.49,3.86,1.55,2.38,1.08,1.23,1.91,1.86,2.04,1.75,Non,Non,Non,Non,Oui,Away,43,"[34, 43]",True
1e7400e7dd674d86,coupe-du-monde,164838,88,2026-09-09T04:25:18Z,South Africa,Curacao,1,1,1.94,3.58,3.75,1.24,1.8,1.26,1.74,2.06,1.67,2.17,Non,Oui,Non,Oui,Non,Home,39,"[24, 39]",True
04e3d024fb4939dd,coupe-du-monde,164838,88,2026-09-09T04:25:18Z,Tunisia,Norway,0,1,3.31,3.61,2.08,1.7,1.29,1.25,1.66,2.19,1.59,2.33,Non,Non,Non,Non,Oui,Away,64,[64],True
9ba09779415a9124,coupe-du-monde,164838,88,2026-09-09T04:25:18Z,France,Jordan,3,0,1.31,5.47,8.58,1.04,3.28,1.12,1.41,2.84,1.81,1.97,Oui,Non,Oui,Non,Non,Home,83,"[10, 17, 83]",True
7bd4a0e54a263eb8,coupe-du-monde,164838,88,2026-09-09T04:25:18Z,Egypt,Cabo Verde,2,2,2.09,3.56,3.32,1.29,1.69,1.26,1.7,2.12,1.62,2.26,Oui,Oui,Non,Oui,Non,Away,83,"[25, 48, 83, 83]",True
92858496bcf64f33,coupe-du-monde,164838,88,2026-09-09T04:25:18Z,Senegal,Haiti,4,1,1.48,4.39,6.39,1.09,2.55,1.18,1.59,2.31,1.79,1.99,Oui,Oui,Oui,Non,Non,Home,87,"[32, 38, 40, 82, 87]",True
6f996733e3abe0f5,coupe-du-monde,164838,88,2026-09-09T04:25:18Z,Paraguay,Australia,0,1,2.94,3.68,2.23,1.6,1.36,1.25,1.58,2.35,1.52,2.49,Non,Non,Non,Non,Oui,Away,12,[12],True
aee73f80566d9d29,coupe-du-monde,164838,88,2026-09-09T04:25:18Z,IR Iran,Argentina,3,1,4.86,4.34,1.6,2.25,1.15,1.18,1.45,2.69,1.56,2.38,Oui,Oui,Oui,Non,Non,Home,61,"[3, 21, 56, 61]",True
8880836232d77702,coupe-du-monde,164838,88,2026-09-09T04:25:18Z,Germany,Turkiye,1,0,1.81,4.28,3.65,1.25,1.93,1.19,1.35,3.11,1.41,2.83,Non,Non,Oui,Non,Non,Home,85,[85],True
5c78551b758a920a,coupe-du-monde,164838,88,2026-09-09T04:25:18Z,Canada,Portugal,0,2,4.65,4.5,1.61,2.25,1.16,1.17,1.38,3.0,1.49,2.56,Non,Non,Non,Non,Oui,Away,78,"[40, 78]",True
3ae294e35d236dbc,coupe-du-monde,164838,88,2026-09-09T04:25:18Z,Austria,Spain,1,1,4.97,4.28,1.6,2.26,1.14,1.19,1.5,2.55,1.61,2.29,Non,Oui,Non,Oui,Non,Home,85,"[38, 85]",True
1d3972ba91fce663,coupe-du-monde,164838,91,2026-09-09T04:31:18Z,Scotland,Tunisia,1,3,2.66,3.47,2.53,1.48,1.43,1.27,1.72,2.09,1.6,2.3,Oui,Oui,Non,Non,Oui,Home,90,"[22, 55, 74, 90]",True
e8505d004769a186,coupe-du-monde,164838,91,2026-09-09T04:31:18Z,Cabo Verde,Colombia,1,0,3.96,4.05,1.78,1.97,1.22,1.21,1.48,2.6,1.52,2.49,Non,Non,Oui,Non,Non,Home,22,[22],True
e0a4f47d709fc258,coupe-du-monde,164838,91,2026-09-09T04:31:18Z,Uzbekistan,Algeria,2,0,3.3,3.76,2.04,1.73,1.3,1.24,1.56,2.39,1.52,2.47,Non,Non,Oui,Non,Non,Home,20,"[19, 20]",True
e61ba896c9e6802c,coupe-du-monde,164838,91,2026-09-09T04:31:18Z,Congo DR,Japan,0,2,4.91,4.15,1.63,2.21,1.15,1.2,1.55,2.42,1.63,2.23,Non,Non,Non,Non,Oui,Away,60,"[40, 60]",True
f28095dc8d164a39,coupe-du-monde,164838,91,2026-09-09T04:31:18Z,Netherlands,Egypt,3,1,1.9,3.96,3.57,1.26,1.84,1.22,1.48,2.6,1.49,2.56,Oui,Oui,Oui,Non,Non,Home,90,"[14, 59, 63, 90]",True
b85a47d0e4d59f39,coupe-du-monde,164838,91,2026-09-09T04:31:18Z,USA,Saudi Arabia,2,2,1.84,4.06,3.7,1.24,1.9,1.21,1.45,2.71,1.48,2.61,Oui,Oui,Non,Oui,Non,Away,84,"[8, 31, 66, 84]",True
dc0fb6bcca6d4251,coupe-du-monde,164838,91,2026-09-09T04:31:18Z,Sweden,New Zealand,0,0,1.68,3.92,4.74,1.16,2.11,1.22,1.65,2.21,1.69,2.14,Non,Non,Non,Oui,Non,,,[],True
ce204c637ecc94ba,coupe-du-monde,164838,91,2026-09-09T04:31:18Z,Ghana,Mexico,1,1,4.11,4.02,1.76,2.0,1.2,1.21,1.51,2.51,1.55,2.41,Non,Oui,Non,Oui,Non,Away,41,"[37, 41]",True
91329fc33f26a0b8,coupe-du-monde,164838,91,2026-09-09T04:31:18Z,Argentina,Austria,2,0,1.67,4.4,4.26,1.19,2.12,1.18,1.37,3.01,1.47,2.64,Non,Non,Oui,Non,Non,Home,39,"[10, 39]",True
0d9a701295d03330,coupe-du-monde,164838,91,2026-09-09T04:31:18Z,Australia,Uruguay,1,2,3.78,3.87,1.86,1.88,1.23,1.22,1.55,2.41,1.55,2.41,Oui,Oui,Non,Non,Oui,Away,88,"[48, 74, 88]",True
40fbc99b30b70c70,coupe-du-monde,164838,91,2026-09-09T04:31:18Z,Ecuador,England,1,2,4.16,4.22,1.72,2.06,1.2,1.19,1.43,2.78,1.5,2.55,Oui,Oui,Non,Non,Oui,Away,68,"[35, 62, 68]",True
3c7ba399b1b43dc6,coupe-du-monde,164838,91,2026-09-09T04:31:18Z,Haiti,Iraq,0,5,3.61,3.64,1.97,1.78,1.25,1.25,1.68,2.15,1.62,2.26,Oui,Non,Non,Non,Oui,Away,89,"[7, 9, 57, 83, 89]",True
1aa66d176d351f1d,coupe-du-monde,164838,91,2026-09-09T04:31:18Z,Korea Republic,Germany,2,1,3.52,4.12,1.88,1.86,1.27,1.2,1.4,2.9,1.43,2.76,Oui,Oui,Oui,Non,Non,Away,63,"[32, 52, 63]",True
1dc4a90790a3b3be,coupe-du-monde,164838,91,2026-09-09T04:31:18Z,Panama,Spain,1,1,10.94,5.76,1.26,3.71,1.01,1.11,1.47,2.64,2.03,1.76,Non,Oui,Non,Oui,Non,Home,88,"[83, 88]",True
09d5ca74265fa584,coupe-du-monde,164838,91,2026-09-09T04:31:18Z,Portugal,Curacao,4,2,1.24,6.27,10.51,1.02,3.86,1.09,1.35,3.14,1.88,1.89,Oui,Oui,Oui,Non,Non,Away,88,"[7, 23, 41, 51, 71, 88]",True
75d03c47fcf58cdc,coupe-du-monde,164838,91,2026-09-09T04:31:18Z,Switzerland,Bosnia-Herzegovina,4,1,1.69,3.89,4.75,1.16,2.1,1.22,1.67,2.17,1.7,2.11,Oui,Oui,Oui,Non,Non,Home,77,"[4, 15, 42, 62, 77]",True
078f5f5b094bdb2e,coupe-du-monde,164838,91,2026-09-09T04:31:18Z,Morocco,Paraguay,3,2,1.54,3.96,6.26,1.09,2.38,1.22,1.81,1.97,1.94,1.84,Oui,Oui,Oui,Non,Non,Home,67,"[10, 20, 51, 55, 67]",True
9604ed43e6193ad7,coupe-du-monde,164838,91,2026-09-09T04:31:18Z,Jordan,Canada,2,0,3.08,3.68,2.16,1.64,1.34,1.25,1.59,2.32,1.53,2.45,Non,Non,Oui,Non,Non,Home,54,"[22, 54]",True
a690f64923e5b529,coupe-du-monde,164838,91,2026-09-09T04:31:18Z,Qatar,South Africa,4,0,2.15,3.66,3.1,1.33,1.65,1.25,1.6,2.3,1.54,2.43,Oui,Non,Oui,Non,Non,Home,71,"[17, 51, 63, 71]",True
37e948f68a0ae294,coupe-du-monde,164838,91,2026-09-09T04:31:18Z,Turkiye,IR Iran,2,2,2.62,3.65,2.47,1.5,1.45,1.25,1.58,2.35,1.51,2.51,Oui,Oui,Non,Oui,Non,Away,89,"[29, 57, 83, 89]",True
81eeae5f68e15062,coupe-du-monde,164838,91,2026-09-09T04:31:18Z,Senegal,Croatia,2,2,2.53,3.53,2.62,1.45,1.48,1.26,1.67,2.16,1.57,2.36,Oui,Oui,Non,Oui,Non,Away,87,"[28, 32, 83, 87]",True
398ebc2df7782f5a,coupe-du-monde,164838,91,2026-09-09T04:31:18Z,Cote d'Ivoire,Brazil,2,4,4.07,4.35,1.71,2.06,1.21,1.18,1.37,3.04,1.45,2.7,Oui,Oui,Non,Non,Oui,Away,80,"[16, 23, 28, 52, 66, 80]",True
5a478d4108865fb9,coupe-du-monde,164838,91,2026-09-09T04:31:18Z,Norway,Belgium,1,1,2.74,3.81,2.31,1.57,1.41,1.23,1.48,2.6,1.45,2.69,Non,Oui,Non,Oui,Non,Away,77,"[73, 77]",True
778598e3502ecd90,coupe-du-monde,164838,91,2026-09-09T04:31:18Z,Czechia,France,0,0,5.99,4.9,1.45,2.65,1.1,1.15,1.37,3.01,1.58,2.33,Non,Non,Non,Oui,Non,,,[],True
1a70194d2592ec3a,coupe-du-monde,164838,94,2026-09-09T04:35:18Z,Sweden,Saudi Arabia,0,3,1.92,3.76,3.67,1.25,1.82,1.24,1.6,2.3,1.58,2.35,Oui,Non,Non,Non,Oui,Away,90,"[49, 61, 90]",True
c28227f01a051b1e,coupe-du-monde,164838,94,2026-09-09T04:35:18Z,Haiti,Germany,1,2,7.25,5.18,1.37,2.97,1.06,1.13,1.4,2.91,1.7,2.13,Oui,Oui,Non,Non,Oui,Away,80,"[71, 74, 80]",True
bb409cb580aac01d,coupe-du-monde,164838,94,2026-09-09T04:35:18Z,Switzerland,England,0,1,3.07,3.66,2.17,1.64,1.34,1.25,1.6,2.29,1.54,2.43,Non,Non,Non,Non,Oui,Away,47,[47],True
7a6395e8d91e6c7b,coupe-du-monde,164838,94,2026-09-09T04:35:18Z,Korea Republic,Egypt,2,2,2.66,3.59,2.47,1.5,1.43,1.26,1.62,2.26,1.54,2.44,Oui,Oui,Non,Oui,Non,Away,87,"[20, 37, 61, 87]",True
74c4b82c99bd8a7c,coupe-du-monde,164838,94,2026-09-09T04:35:18Z,Cabo Verde,Spain,2,3,8.8,5.32,1.32,3.26,1.04,1.13,1.46,2.66,1.87,1.91,Oui,Oui,Non,Non,Oui,Away,87,"[1, 15, 38, 56, 87]",True
6ca296098385d36c,coupe-du-monde,164838,94,2026-09-09T04:35:18Z,Senegal,New Zealand,0,1,1.62,4.09,5.08,1.14,2.22,1.2,1.59,2.32,1.67,2.16,Non,Non,Non,Non,Oui,Away,40,[40],True
92cb5b7c55737466,coupe-du-monde,164838,94,2026-09-09T04:35:18Z,Australia,Austria,0,3,2.68,3.7,2.4,1.53,1.43,1.24,1.54,2.43,1.49,2.57,Oui,Non,Non,Non,Oui,Away,81,"[16, 64, 81]",True
d8dd35090b7fd353,coupe-du-monde,164838,94,2026-09-09T04:35:18Z,Panama,South Africa,0,0,2.77,3.41,2.47,1.5,1.4,1.28,1.78,2.01,1.64,2.23,Non,Non,Non,Oui,Non,,,[],True
8df71b17f9cf86c3,coupe-du-monde,164838,94,2026-09-09T04:35:18Z,Netherlands,Uruguay,2,2,2.92,3.91,2.17,1.64,1.37,1.22,1.44,2.73,1.43,2.75,Oui,Oui,Non,Oui,Non,Home,78,"[2, 59, 75, 78]",True
986877560663c435,coupe-du-monde,164838,94,2026-09-09T04:35:18Z,Norway,Japan,1,2,2.66,3.73,2.4,1.52,1.43,1.24,1.52,2.48,1.48,2.61,Oui,Oui,Non,Non,Oui,Away,86,"[7, 83, 86]",True
970bc5b997778dda,coupe-du-monde,164838,94,2026-09-09T04:35:18Z,Argentina,Qatar,3,0,1.45,5.0,5.93,1.1,2.66,1.14,1.34,3.17,1.56,2.39,Oui,Non,Oui,Non,Non,Home,53,"[38, 43, 53]",True
c76109ae71967fa3,coupe-du-monde,164838,94,2026-09-09T04:35:18Z,Cote d'Ivoire,Algeria,2,0,2.46,3.74,2.59,1.46,1.5,1.24,1.52,2.49,1.48,2.61,Non,Non,Oui,Non,Non,Home,68,"[53, 68]",True
9dd6e0cf0abee3b6,coupe-du-monde,164838,94,2026-09-09T04:35:18Z,Uzbekistan,France,1,1,8.73,5.94,1.29,3.47,1.04,1.1,1.32,3.29,1.73,2.07,Non,Oui,Non,Oui,Non,Away,30,"[8, 30]",True
79c75b2ccd4ae52b,coupe-du-monde,164838,94,2026-09-09T04:35:18Z,Ecuador,Paraguay,0,1,2.24,3.7,2.9,1.37,1.6,1.24,1.56,2.4,1.5,2.53,Non,Non,Non,Non,Oui,Away,56,[56],True
605ceca364f17086,coupe-du-monde,164838,94,2026-09-09T04:35:18Z,Scotland,Mexico,2,2,3.46,3.89,1.94,1.8,1.27,1.22,1.5,2.53,1.5,2.54,Oui,Oui,Non,Oui,Non,Away,73,"[33, 42, 53, 73]",True
16f5ddd83cdca573,coupe-du-monde,164838,94,2026-09-09T04:35:18Z,Turkiye,Colombia,0,1,3.34,3.96,1.97,1.78,1.29,1.22,1.46,2.68,1.46,2.66,Non,Non,Non,Non,Oui,Away,80,[80],True
30d02ab041d2ea6c,coupe-du-monde,164838,94,2026-09-09T04:35:18Z,USA,Canada,2,3,2.19,3.9,2.88,1.38,1.63,1.22,1.44,2.72,1.43,2.76,Oui,Oui,Non,Non,Oui,Away,77,"[21, 27, 62, 71, 77]",True
dd5bbea745bdbf79,coupe-du-monde,164838,94,2026-09-09T04:35:18Z,Czechia,Tunisia,1,1,2.47,3.43,2.75,1.41,1.5,1.28,1.75,2.04,1.62,2.25,Non,Oui,Non,Oui,Non,Away,79,"[16, 79]",True
a567d6e0f9059ff0,coupe-du-monde,164838,94,2026-09-09T04:35:18Z,Brazil,Iraq,5,1,1.52,4.64,5.32,1.13,2.43,1.16,1.4,2.91,1.56,2.39,Oui,Oui,Oui,Non,Non,Home,77,"[43, 44, 45, 68, 76, 77]",True
30449f91e63a18b2,coupe-du-monde,164838,94,2026-09-09T04:35:18Z,Morocco,IR Iran,1,1,1.68,3.6,5.36,1.12,2.11,1.25,1.96,1.82,1.96,1.82,Non,Oui,Non,Oui,Non,Away,58,"[53, 58]",True
35010896af8ef064,coupe-du-monde,164838,94,2026-09-09T04:35:18Z,Portugal,Congo DR,3,2,1.4,5.13,6.53,1.08,2.82,1.13,1.36,3.08,1.61,2.27,Oui,Oui,Oui,Non,Non,Home,84,"[27, 41, 58, 71, 84]",True
fb6433f89a2f0f46,coupe-du-monde,164838,94,2026-09-09T04:35:18Z,Bosnia-Herzegovina,Croatia,1,1,4.33,3.87,1.75,2.01,1.18,1.22,1.62,2.26,1.64,2.22,Non,Oui,Non,Oui,Non,Home,56,"[27, 56]",True
c4cf13e750d1c1a6,coupe-du-monde,164838,94,2026-09-09T04:35:18Z,Jordan,Belgium,1,2,4.96,4.07,1.63,2.19,1.14,1.21,1.59,2.31,1.67,2.16,Oui,Oui,Non,Non,Oui,Home,76,"[20, 67, 76]",True
cfb54fa4d1b1e262,coupe-du-monde,164838,94,2026-09-09T04:35:18Z,Ghana,Curacao,4,0,1.8,3.74,4.24,1.19,1.95,1.24,1.69,2.13,1.68,2.16,Oui,Non,Oui,Non,Non,Home,83,"[40, 43, 60, 83]",True
