match_key,league,season_id,round_number,expected_start,home_team,away_team,home_score,away_score,odds_1,odds_X,odds_2,odds_dc_1x,odds_dc_x2,odds_dc_12,odds_over_2_5,odds_under_2_5,odds_btts_yes,odds_btts_no,over_2_5,btts,home_win,draw,away_win,first_goal_team,last_goal_minute,goal_timeline,had_odds
ccc53ca60b57f263,coupe-du-monde,164819,1,2026-09-08T22:18:18Z,Scotland,Morocco,0,2,6.17,3.98,1.55,2.37,1.09,1.21,1.79,2.0,1.92,1.86,Non,Non,Non,Non,Oui,Away,59,"[36, 59]",True
a9a6af1556ebda70,coupe-du-monde,164819,1,2026-09-08T22:18:18Z,Switzerland,Qatar,1,2,1.9,3.8,3.69,1.24,1.84,1.23,1.59,2.33,1.57,2.37,Oui,Oui,Non,Non,Oui,Away,63,"[15, 39, 63]",True
3e6c2a84057c8af5,coupe-du-monde,164819,1,2026-09-08T22:18:18Z,Netherlands,Egypt,0,1,1.96,3.9,3.4,1.28,1.78,1.22,1.49,2.57,1.49,2.58,Non,Non,Non,Non,Oui,Away,28,[28],True
349c7c42221ce55b,coupe-du-monde,164819,1,2026-09-08T22:18:18Z,Australia,Cote d'Ivoire,1,2,2.5,3.75,2.54,1.47,1.49,1.24,1.51,2.51,1.47,2.63,Oui,Oui,Non,Non,Oui,Home,77,"[64, 64, 77]",True
6cae8a916f04f355,coupe-du-monde,164819,1,2026-09-08T22:18:18Z,Sweden,Haiti,5,1,1.56,4.17,5.55,1.12,2.34,1.2,1.61,2.28,1.73,2.08,Oui,Oui,Oui,Non,Non,Home,81,"[25, 31, 34, 52, 76, 81]",True
26945810d8e06cec,coupe-du-monde,164819,1,2026-09-08T22:18:18Z,Croatia,Cabo Verde,4,0,1.83,3.83,3.98,1.21,1.92,1.23,1.6,2.3,1.6,2.3,Oui,Non,Oui,Non,Non,Home,71,"[21, 59, 66, 71]",True
4e33bc4b2b70ab52,coupe-du-monde,164819,1,2026-09-08T22:18:18Z,Senegal,Iraq,3,1,1.86,3.7,3.94,1.22,1.87,1.24,1.68,2.16,1.64,2.22,Oui,Oui,Oui,Non,Non,Home,78,"[31, 55, 57, 78]",True
a8e7f21a035d793e,coupe-du-monde,164819,1,2026-09-08T22:18:18Z,Turkiye,Korea Republic,1,1,2.66,3.82,2.37,1.54,1.44,1.23,1.47,2.63,1.45,2.72,Non,Oui,Non,Oui,Non,Away,35,"[22, 35]",True
5c6c3843bfc28e78,coupe-du-monde,164819,1,2026-09-08T22:18:18Z,Ghana,IR Iran,1,3,3.47,3.72,1.99,1.76,1.27,1.24,1.61,2.28,1.57,2.37,Oui,Oui,Non,Non,Oui,Away,86,"[18, 30, 31, 86]",True
a09b76389395fc50,coupe-du-monde,164819,1,2026-09-08T22:18:18Z,Belgium,Japan,3,1,2.37,3.72,2.72,1.42,1.54,1.24,1.54,2.44,1.49,2.58,Oui,Oui,Oui,Non,Non,Away,68,"[18, 54, 68, 68]",True
04e7f3d6255752ed,coupe-du-monde,164819,1,2026-09-08T22:18:18Z,USA,Bosnia-Herzegovina,1,0,1.85,4.03,3.7,1.24,1.89,1.21,1.46,2.67,1.48,2.59,Non,Non,Oui,Non,Non,Home,10,[10],True
ae83bdd6061ecf78,coupe-du-monde,164819,1,2026-09-08T22:18:18Z,Congo DR,Saudi Arabia,1,1,2.62,3.53,2.53,1.48,1.45,1.26,1.67,2.17,1.57,2.37,Non,Oui,Non,Oui,Non,Home,36,"[26, 36]",True
db327a9b239e685b,coupe-du-monde,164819,1,2026-09-08T22:18:18Z,Portugal,South Africa,3,0,1.42,5.02,6.38,1.09,2.76,1.14,1.38,3.0,1.62,2.26,Oui,Non,Oui,Non,Non,Home,85,"[17, 41, 85]",True
f7469456549a2e9b,coupe-du-monde,164819,1,2026-09-08T22:18:18Z,Curacao,Norway,1,1,7.82,5.07,1.36,3.02,1.05,1.14,1.47,2.64,1.8,1.99,Non,Oui,Non,Oui,Non,Away,39,"[34, 39]",True
1457634b74dc1523,coupe-du-monde,164819,1,2026-09-08T22:18:18Z,Uzbekistan,Algeria,1,2,3.26,3.67,2.08,1.7,1.3,1.25,1.61,2.27,1.56,2.39,Oui,Oui,Non,Non,Oui,Away,85,"[50, 52, 85]",True
7017c1dd437739a4,coupe-du-monde,164819,1,2026-09-08T22:18:18Z,Tunisia,Ecuador,0,2,2.88,3.51,2.34,1.55,1.38,1.27,1.69,2.13,1.59,2.32,Non,Non,Non,Non,Oui,Away,65,"[10, 65]",True
e7c56be1db9bb148,coupe-du-monde,164819,1,2026-09-08T22:18:18Z,France,Czechia,4,1,1.44,4.84,6.22,1.09,2.67,1.15,1.41,2.85,1.63,2.24,Oui,Oui,Oui,Non,Non,Home,49,"[44, 45, 45, 48, 49]",True
83e77ee4c255f683,coupe-du-monde,164819,1,2026-09-08T22:18:18Z,Paraguay,Canada,2,0,2.79,3.73,2.31,1.57,1.4,1.24,1.53,2.45,1.49,2.58,Non,Non,Oui,Non,Non,Home,79,"[63, 79]",True
f1e489438d00ad6b,coupe-du-monde,164819,1,2026-09-08T22:18:18Z,Germany,Brazil,2,1,2.81,4.26,2.13,1.66,1.39,1.19,1.29,3.49,1.34,3.21,Oui,Oui,Oui,Non,Non,Away,76,"[46, 61, 76]",True
ee381191a6694fe5,coupe-du-monde,164819,1,2026-09-08T22:18:18Z,Austria,Spain,1,4,5.16,4.34,1.57,2.31,1.13,1.18,1.49,2.56,1.62,2.26,Oui,Oui,Non,Non,Oui,Away,89,"[6, 42, 82, 87, 89]",True
4e46fac09ee51ecb,coupe-du-monde,164819,1,2026-09-08T22:18:18Z,Mexico,New Zealand,3,2,1.62,4.14,4.96,1.14,2.21,1.2,1.56,2.4,1.64,2.21,Oui,Oui,Oui,Non,Non,Home,86,"[21, 24, 30, 61, 86]",True
07455cc7443c146f,coupe-du-monde,164819,1,2026-09-08T22:18:18Z,Colombia,England,2,1,3.5,4.12,1.88,1.86,1.27,1.2,1.4,2.9,1.43,2.75,Oui,Oui,Oui,Non,Non,Home,45,"[43, 44, 45]",True
fa208e7c4f7f7b2e,coupe-du-monde,164819,1,2026-09-08T22:18:18Z,Jordan,Argentina,1,3,7.56,5.28,1.35,3.05,1.06,1.13,1.39,2.92,1.72,2.09,Oui,Oui,Non,Non,Oui,Away,58,"[31, 36, 41, 58]",True
58cf7c1f98f6bd8a,coupe-du-monde,164819,1,2026-09-08T22:18:18Z,Panama,Uruguay,2,2,6.82,4.62,1.44,2.7,1.07,1.16,1.54,2.43,1.79,2.0,Oui,Oui,Non,Oui,Non,Home,85,"[20, 29, 79, 85]",True
95c76dcca81be6e6,coupe-du-monde,164819,2,2026-09-08T22:20:18Z,England,Curacao,4,1,1.23,6.3,11.43,1.01,3.99,1.09,1.38,2.97,1.97,1.81,Oui,Oui,Oui,Non,Non,Home,71,"[9, 11, 66, 69, 71]",True
b0c6dd0c45f46a9d,coupe-du-monde,164819,2,2026-09-08T22:20:18Z,Iraq,Germany,3,3,4.34,4.32,1.67,2.13,1.18,1.18,1.41,2.86,1.5,2.56,Oui,Oui,Non,Oui,Non,Away,90,"[20, 32, 33, 75, 83, 90]",True
73e541ed147b0056,coupe-du-monde,164819,2,2026-09-08T22:20:18Z,Egypt,Switzerland,2,0,3.31,3.49,2.12,1.67,1.3,1.27,1.76,2.03,1.65,2.2,Non,Non,Oui,Non,Non,Home,88,"[73, 88]",True
ecddc371bdbe5558,coupe-du-monde,164819,2,2026-09-08T22:20:18Z,Senegal,Paraguay,1,1,1.87,3.78,3.82,1.23,1.87,1.23,1.61,2.27,1.6,2.31,Non,Oui,Non,Oui,Non,Away,45,"[18, 45]",True
a04b44d4d7a24b6a,coupe-du-monde,164819,2,2026-09-08T22:20:18Z,Norway,Tunisia,2,0,2.0,3.67,3.48,1.27,1.75,1.25,1.63,2.23,1.58,2.34,Non,Non,Oui,Non,Non,Home,83,"[69, 83]",True
e1837387c970bb74,coupe-du-monde,164819,2,2026-09-08T22:20:18Z,Uruguay,Croatia,3,1,2.09,3.63,3.27,1.3,1.69,1.25,1.64,2.21,1.58,2.35,Oui,Oui,Oui,Non,Non,Away,80,"[22, 52, 75, 80]",True
060526aaee9aa910,coupe-du-monde,164819,2,2026-09-08T22:20:18Z,Brazil,Netherlands,1,0,2.12,4.19,2.85,1.38,1.67,1.19,1.32,3.32,1.35,3.12,Non,Non,Oui,Non,Non,Home,29,[29],True
fa9a2ea5b76f97d0,coupe-du-monde,164819,2,2026-09-08T22:20:18Z,Algeria,Ghana,1,4,2.08,3.69,3.24,1.31,1.69,1.24,1.6,2.3,1.55,2.41,Oui,Oui,Non,Non,Oui,Home,88,"[19, 39, 48, 49, 88]",True
31101b91317cf495,coupe-du-monde,164819,2,2026-09-08T22:20:18Z,South Africa,Sweden,1,0,4.06,3.74,1.83,1.91,1.21,1.24,1.67,2.18,1.65,2.21,Non,Non,Oui,Non,Non,Home,27,[27],True
6f9911690f31c2dc,coupe-du-monde,164819,2,2026-09-08T22:20:18Z,IR Iran,France,0,4,5.74,4.59,1.5,2.5,1.11,1.17,1.45,2.71,1.62,2.25,Oui,Non,Non,Non,Oui,Away,79,"[1, 47, 52, 79]",True
912e06e249745096,coupe-du-monde,164819,2,2026-09-08T22:20:18Z,Cote d'Ivoire,Scotland,3,0,2.27,3.77,2.82,1.39,1.58,1.23,1.51,2.52,1.47,2.62,Oui,Non,Oui,Non,Non,Home,82,"[70, 79, 82]",True
94f0891db4c61777,coupe-du-monde,164819,2,2026-09-08T22:20:18Z,Cabo Verde,Colombia,1,2,4.11,4.0,1.77,1.99,1.2,1.21,1.53,2.47,1.56,2.39,Oui,Oui,Non,Non,Oui,Away,76,"[2, 26, 76]",True
21bf30f733019c2c,coupe-du-monde,164819,2,2026-09-08T22:20:18Z,Korea Republic,Congo DR,3,1,1.92,3.83,3.59,1.26,1.82,1.23,1.55,2.41,1.54,2.44,Oui,Oui,Oui,Non,Non,Home,63,"[39, 57, 60, 63]",True
0cc0720932fd07e4,coupe-du-monde,164819,2,2026-09-08T22:20:18Z,Argentina,Turkiye,3,0,1.51,4.89,5.22,1.13,2.48,1.15,1.31,3.35,1.48,2.59,Oui,Non,Oui,Non,Non,Home,80,"[9, 48, 80]",True
454bd299064c3658,coupe-du-monde,164819,2,2026-09-08T22:20:18Z,Japan,Austria,1,3,2.26,3.62,2.93,1.36,1.59,1.25,1.62,2.27,1.54,2.43,Oui,Oui,Non,Non,Oui,Away,90,"[3, 70, 73, 90]",True
6e34b7d4f833b856,coupe-du-monde,164819,2,2026-09-08T22:20:18Z,Haiti,Spain,2,3,13.83,6.81,1.19,4.48,0.99,1.07,1.38,2.97,2.13,1.69,Oui,Oui,Non,Non,Oui,Home,80,"[30, 43, 68, 71, 80]",True
c9a8aad8f225f124,coupe-du-monde,164819,2,2026-09-08T22:20:18Z,Canada,Uzbekistan,0,0,2.14,3.73,3.07,1.34,1.65,1.24,1.55,2.4,1.51,2.51,Non,Non,Non,Oui,Non,,,[],True
aadc3fb5a45231a2,coupe-du-monde,164819,2,2026-09-08T22:20:18Z,Qatar,Mexico,0,3,3.41,3.97,1.94,1.8,1.28,1.21,1.46,2.66,1.47,2.63,Oui,Non,Non,Non,Oui,Away,88,"[66, 82, 88]",True
cdb653faa18fc7b7,coupe-du-monde,164819,2,2026-09-08T22:20:18Z,Ecuador,Belgium,2,2,3.36,3.82,2.0,1.76,1.29,1.23,1.53,2.46,1.51,2.51,Oui,Oui,Non,Oui,Non,Home,87,"[20, 32, 56, 87]",True
da976e1078640007,coupe-du-monde,164819,2,2026-09-08T22:20:18Z,New Zealand,USA,1,0,4.76,4.25,1.63,2.2,1.15,1.19,1.48,2.61,1.57,2.36,Non,Non,Oui,Non,Non,Home,20,[20],True
7167327545b57087,coupe-du-monde,164819,2,2026-09-08T22:20:18Z,Czechia,Jordan,2,2,2.1,3.58,3.28,1.3,1.68,1.26,1.68,2.15,1.6,2.3,Oui,Oui,Non,Oui,Non,Home,57,"[41, 44, 49, 57]",True
033598504507bcb5,coupe-du-monde,164819,2,2026-09-08T22:20:18Z,Morocco,Portugal,0,0,2.25,3.48,3.05,1.34,1.6,1.27,1.74,2.06,1.63,2.25,Non,Non,Non,Oui,Non,,,[],True
ce835f7ae1b41ba0,coupe-du-monde,164819,2,2026-09-08T22:20:18Z,Bosnia-Herzegovina,Panama,0,2,2.34,3.46,2.91,1.37,1.55,1.27,1.74,2.06,1.62,2.26,Non,Non,Non,Non,Oui,Away,51,"[49, 51]",True
d8885dc00e9c2768,coupe-du-monde,164819,2,2026-09-08T22:20:18Z,Saudi Arabia,Australia,0,1,3.25,3.81,2.04,1.72,1.3,1.23,1.52,2.47,1.5,2.54,Non,Non,Non,Non,Oui,Away,59,[59],True
aab1c8d73a73ff55,coupe-du-monde,164819,5,2026-09-08T22:26:18Z,Portugal,Korea Republic,2,1,1.78,4.23,3.81,1.23,1.97,1.19,1.39,2.95,1.45,2.71,Oui,Oui,Oui,Non,Non,Home,90,"[88, 88, 90]",True
d83172108e493fc5,coupe-du-monde,164819,5,2026-09-08T22:26:18Z,Jordan,Canada,2,1,3.06,3.63,2.19,1.63,1.34,1.25,1.62,2.26,1.55,2.41,Oui,Oui,Oui,Non,Non,Away,73,"[2, 8, 73]",True
f15df082f91d7f4b,coupe-du-monde,164819,5,2026-09-08T22:26:18Z,Ecuador,Norway,1,2,3.02,3.82,2.14,1.65,1.35,1.23,1.5,2.55,1.47,2.63,Oui,Oui,Non,Non,Oui,Away,86,"[20, 49, 86]",True
45fcb0cec2301bd6,coupe-du-monde,164819,5,2026-09-08T22:26:18Z,Japan,England,1,2,3.33,3.85,2.0,1.75,1.29,1.23,1.51,2.53,1.49,2.56,Oui,Oui,Non,Non,Oui,Away,87,"[24, 66, 87]",True
e2f7e87f123b7e2b,coupe-du-monde,164819,5,2026-09-08T22:26:18Z,Tunisia,Uruguay,0,0,4.51,3.79,1.74,2.02,1.17,1.23,1.7,2.13,1.7,2.11,Non,Non,Non,Oui,Non,,,[],True
659cf0ff73f86fca,coupe-du-monde,164819,5,2026-09-08T22:26:18Z,Curacao,Bosnia-Herzegovina,1,1,4.01,3.82,1.82,1.92,1.21,1.23,1.61,2.27,1.61,2.28,Non,Oui,Non,Oui,Non,Home,86,"[83, 86]",True
f3311c75528c5dbb,coupe-du-monde,164819,5,2026-09-08T22:26:18Z,Scotland,Argentina,1,1,5.88,4.99,1.45,2.65,1.1,1.14,1.34,3.17,1.56,2.4,Non,Oui,Non,Oui,Non,Home,74,"[57, 74]",True
18c19ac7aee6d50b,coupe-du-monde,164819,5,2026-09-08T22:26:18Z,Turkiye,Algeria,3,1,2.53,3.8,2.49,1.49,1.48,1.23,1.49,2.58,1.45,2.68,Oui,Oui,Oui,Non,Non,Home,90,"[40, 42, 59, 90]",True
9f6daa7b0f478a21,coupe-du-monde,164819,5,2026-09-08T22:26:18Z,Mexico,Iraq,1,2,1.81,3.96,3.94,1.22,1.94,1.22,1.52,2.48,1.55,2.42,Oui,Oui,Non,Non,Oui,Away,71,"[13, 26, 71]",True
5129810b3b7534f4,coupe-du-monde,164819,5,2026-09-08T22:26:18Z,Sweden,Saudi Arabia,2,0,1.93,3.8,3.6,1.26,1.81,1.23,1.57,2.37,1.55,2.41,Non,Non,Oui,Non,Non,Home,86,"[85, 86]",True
2b04fccae4445960,coupe-du-monde,164819,5,2026-09-08T22:26:18Z,Spain,Cote d'Ivoire,4,0,1.46,4.67,6.19,1.09,2.61,1.16,1.47,2.64,1.68,2.15,Oui,Non,Oui,Non,Non,Home,87,"[27, 61, 84, 87]",True
93a747cb813dde17,coupe-du-monde,164819,5,2026-09-08T22:26:18Z,Belgium,Cabo Verde,1,2,1.74,3.99,4.25,1.19,2.02,1.21,1.54,2.42,1.58,2.34,Oui,Oui,Non,Non,Oui,Away,62,"[9, 33, 62]",True
25f3ac1f589b212c,coupe-du-monde,164819,5,2026-09-08T22:26:18Z,USA,Brazil,2,4,3.59,4.33,1.82,1.93,1.26,1.18,1.33,3.27,1.39,2.93,Oui,Oui,Non,Non,Oui,Away,84,"[24, 34, 35, 59, 78, 84]",True
c410aa669c8ed4f6,coupe-du-monde,164819,5,2026-09-08T22:26:18Z,Panama,Egypt,1,3,3.96,3.6,1.89,1.85,1.22,1.26,1.76,2.03,1.7,2.12,Oui,Oui,Non,Non,Oui,Home,90,"[16, 26, 83, 90]",True
f93a27a05749a4fd,coupe-du-monde,164819,5,2026-09-08T22:26:18Z,Croatia,Qatar,2,0,1.99,3.77,3.42,1.28,1.76,1.23,1.57,2.37,1.54,2.44,Non,Non,Oui,Non,Non,Home,38,"[31, 38]",True
ade66bdab74f865c,coupe-du-monde,164819,5,2026-09-08T22:26:18Z,Netherlands,Uzbekistan,2,4,1.63,4.34,4.6,1.16,2.19,1.18,1.43,2.77,1.53,2.46,Oui,Oui,Non,Non,Oui,Away,77,"[10, 20, 35, 70, 77, 77]",True
eb7435eca7fad478,coupe-du-monde,164819,5,2026-09-08T22:26:18Z,Australia,Czechia,0,1,2.45,3.66,2.64,1.44,1.51,1.25,1.57,2.36,1.51,2.52,Non,Non,Non,Non,Oui,Away,60,[60],True
3804c49e2ae4dd5d,coupe-du-monde,164819,5,2026-09-08T22:26:18Z,Austria,South Africa,3,2,1.74,3.96,4.32,1.18,2.03,1.22,1.57,2.36,1.61,2.29,Oui,Oui,Oui,Non,Non,Away,71,"[22, 23, 38, 61, 71]",True
c97fab88fa971ab2,coupe-du-monde,164819,5,2026-09-08T22:26:18Z,Colombia,New Zealand,1,1,1.53,4.5,5.39,1.12,2.41,1.17,1.45,2.71,1.6,2.3,Non,Oui,Non,Oui,Non,Away,62,"[48, 62]",True
6911081c1f67aab8,coupe-du-monde,164819,5,2026-09-08T22:26:18Z,Haiti,Morocco,0,1,10.4,4.8,1.32,3.22,1.02,1.15,1.74,2.05,2.28,1.61,Non,Non,Non,Non,Oui,Away,28,[28],True
36ad29823af0057e,coupe-du-monde,164819,5,2026-09-08T22:26:18Z,Switzerland,Paraguay,4,1,1.84,3.75,4.0,1.21,1.9,1.24,1.65,2.2,1.63,2.24,Oui,Oui,Oui,Non,Non,Home,87,"[21, 44, 62, 80, 87]",True
5786dc5195a0a240,coupe-du-monde,164819,5,2026-09-08T22:26:18Z,Congo DR,IR Iran,1,2,3.6,3.62,1.98,1.77,1.25,1.25,1.69,2.13,1.63,2.24,Oui,Oui,Non,Non,Oui,Home,45,"[30, 32, 45]",True
e7903591133baa6d,coupe-du-monde,164819,5,2026-09-08T22:26:18Z,France,Senegal,1,1,1.66,4.2,4.53,1.17,2.14,1.19,1.47,2.62,1.55,2.4,Non,Oui,Non,Oui,Non,Away,58,"[26, 58]",True
e1b60fff7b6893ba,coupe-du-monde,164819,5,2026-09-08T22:26:18Z,Ghana,Germany,0,3,4.8,4.51,1.59,2.28,1.15,1.17,1.39,2.96,1.51,2.51,Oui,Non,Non,Non,Oui,Away,78,"[9, 43, 78]",True
f7aadb6c1c79ca81,coupe-du-monde,164819,7,2026-09-08T22:30:18Z,Portugal,Czechia,3,1,1.66,4.38,4.39,1.18,2.15,1.18,1.39,2.93,1.48,2.59,Oui,Oui,Oui,Non,Non,Home,63,"[20, 25, 56, 63]",True
0c5ae796eb181d2b,coupe-du-monde,164819,7,2026-09-08T22:30:18Z,Belgium,Bosnia-Herzegovina,1,1,1.65,4.15,4.68,1.16,2.16,1.2,1.52,2.5,1.59,2.31,Non,Oui,Non,Oui,Non,Home,53,"[9, 53]",True
e67664eb4fcee572,coupe-du-monde,164819,7,2026-09-08T22:30:18Z,Congo DR,Canada,0,2,3.29,3.67,2.07,1.7,1.3,1.25,1.62,2.27,1.56,2.38,Non,Non,Non,Non,Oui,Away,20,"[5, 20]",True
a8274e9158e3b3b6,coupe-du-monde,164819,7,2026-09-08T22:30:18Z,Scotland,IR Iran,0,3,2.99,3.63,2.22,1.61,1.35,1.25,1.61,2.27,1.55,2.42,Oui,Non,Non,Non,Oui,Away,85,"[68, 70, 85]",True
7bbac5a1d119c29e,coupe-du-monde,164819,7,2026-09-08T22:30:18Z,Ecuador,Cabo Verde,3,2,2.16,3.68,3.07,1.34,1.64,1.24,1.59,2.33,1.53,2.46,Oui,Oui,Oui,Non,Non,Away,83,"[20, 30, 51, 53, 83]",True
05253289c4aad3f0,coupe-du-monde,164819,7,2026-09-08T22:30:18Z,Turkiye,Senegal,0,0,3.36,3.77,2.01,1.74,1.29,1.24,1.56,2.38,1.53,2.46,Non,Non,Non,Oui,Non,,,[],True
66a01951ed1892f0,coupe-du-monde,164819,7,2026-09-08T22:30:18Z,USA,Paraguay,2,1,1.93,3.97,3.45,1.27,1.81,1.21,1.46,2.66,1.47,2.63,Oui,Oui,Oui,Non,Non,Away,85,"[7, 23, 85]",True
5288ab9b2d4b3037,coupe-du-monde,164819,7,2026-09-08T22:30:18Z,South Africa,Cote d'Ivoire,1,1,3.59,3.76,1.94,1.8,1.26,1.24,1.6,2.31,1.57,2.37,Non,Oui,Non,Oui,Non,Away,81,"[79, 81]",True
3c07075bc6411253,coupe-du-monde,164819,7,2026-09-08T22:30:18Z,Spain,Korea Republic,4,0,1.46,4.71,6.13,1.09,2.61,1.16,1.45,2.7,1.66,2.19,Oui,Non,Oui,Non,Non,Home,81,"[26, 29, 74, 81]",True
5cc8fe9596038f44,coupe-du-monde,164819,7,2026-09-08T22:30:18Z,Curacao,Qatar,0,2,4.8,4.03,1.66,2.15,1.15,1.21,1.59,2.31,1.66,2.19,Non,Non,Non,Non,Oui,Away,84,"[51, 84]",True
e2c7f349d2e4efe3,coupe-du-monde,164819,7,2026-09-08T22:30:18Z,Colombia,Egypt,1,1,2.11,3.72,3.15,1.32,1.67,1.24,1.57,2.36,1.53,2.47,Non,Oui,Non,Oui,Non,Away,20,"[5, 20]",True
d80adbe5fbc31428,coupe-du-monde,164819,7,2026-09-08T22:30:18Z,Panama,Iraq,2,1,3.03,3.5,2.25,1.59,1.34,1.27,1.72,2.09,1.61,2.27,Oui,Oui,Oui,Non,Non,Home,63,"[1, 20, 63]",True
5edeacbb3a754340,coupe-du-monde,164819,7,2026-09-08T22:30:18Z,France,Netherlands,2,0,1.7,4.46,4.04,1.21,2.08,1.17,1.33,3.27,1.42,2.82,Non,Non,Oui,Non,Non,Home,87,"[79, 87]",True
1ad7336e40dbe32c,coupe-du-monde,164819,7,2026-09-08T22:30:18Z,Croatia,Brazil,2,1,3.37,4.0,1.95,1.8,1.29,1.21,1.44,2.74,1.45,2.69,Oui,Oui,Oui,Non,Non,Away,66,"[3, 9, 66]",True
dbf74b99c31b00f7,coupe-du-monde,164819,7,2026-09-08T22:30:18Z,Haiti,Saudi Arabia,1,2,3.64,3.69,1.94,1.8,1.25,1.24,1.65,2.21,1.6,2.29,Oui,Oui,Non,Non,Oui,Away,37,"[13, 30, 37]",True
8b299e2f81ee215c,coupe-du-monde,164819,7,2026-09-08T22:30:18Z,Austria,Morocco,2,2,4.49,3.56,1.8,1.95,1.17,1.26,1.87,1.91,1.81,1.97,Oui,Oui,Non,Oui,Non,Away,68,"[20, 38, 62, 68]",True
9c1a5d6465503aed,coupe-du-monde,164819,7,2026-09-08T22:30:18Z,Jordan,Germany,0,3,5.01,4.44,1.57,2.31,1.14,1.18,1.43,2.76,1.56,2.38,Oui,Non,Non,Non,Oui,Away,42,"[27, 40, 42]",True
f5371aaecb2f37c4,coupe-du-monde,164819,7,2026-09-08T22:30:18Z,Tunisia,New Zealand,1,1,1.95,3.55,3.75,1.24,1.79,1.26,1.76,2.03,1.68,2.14,Non,Oui,Non,Oui,Non,Home,79,"[79, 79]",True
8fd6dba163a4e0ec,coupe-du-monde,164819,7,2026-09-08T22:30:18Z,Switzerland,Ghana,3,1,1.62,4.05,5.1,1.14,2.21,1.21,1.62,2.26,1.7,2.12,Oui,Oui,Oui,Non,Non,Home,68,"[20, 31, 53, 68]",True
0e89a4e8b91613c7,coupe-du-monde,164819,7,2026-09-08T22:30:18Z,Sweden,Argentina,1,2,4.5,4.39,1.64,2.18,1.17,1.18,1.4,2.89,1.5,2.54,Oui,Oui,Non,Non,Oui,Away,86,"[17, 32, 86]",True
4de436aa327cabb2,coupe-du-monde,164819,7,2026-09-08T22:30:18Z,Japan,Uruguay,1,3,3.05,3.73,2.15,1.65,1.34,1.24,1.55,2.41,1.51,2.52,Oui,Oui,Non,Non,Oui,Home,78,"[17, 54, 63, 78]",True
983b94c24bc9cd01,coupe-du-monde,164819,7,2026-09-08T22:30:18Z,Mexico,Uzbekistan,3,0,1.8,3.98,3.96,1.22,1.95,1.21,1.51,2.51,1.54,2.44,Oui,Non,Oui,Non,Non,Home,48,"[20, 44, 48]",True
4ebb09c6fa250d48,coupe-du-monde,164819,7,2026-09-08T22:30:18Z,Norway,England,2,2,3.47,4.11,1.89,1.85,1.27,1.2,1.4,2.9,1.43,2.76,Oui,Oui,Non,Oui,Non,Home,80,"[30, 32, 68, 80]",True
a857a51810fb5dcb,coupe-du-monde,164819,7,2026-09-08T22:30:18Z,Australia,Algeria,2,2,2.43,3.72,2.64,1.44,1.51,1.24,1.53,2.45,1.48,2.59,Oui,Oui,Non,Oui,Non,Home,80,"[16, 57, 58, 80]",True
6701094c4da63b71,coupe-du-monde,164819,10,2026-09-08T22:36:18Z,Argentina,South Africa,1,1,1.32,5.62,8.08,1.05,3.25,1.11,1.35,3.14,1.71,2.1,Non,Oui,Non,Oui,Non,Home,44,"[40, 44]",True
f6aef3ce34b659f7,coupe-du-monde,164819,10,2026-09-08T22:36:18Z,Brazil,Tunisia,3,0,1.67,4.17,4.53,1.17,2.13,1.2,1.49,2.56,1.57,2.37,Oui,Non,Oui,Non,Non,Home,41,"[30, 33, 41]",True
9dd1eda60053f048,coupe-du-monde,164819,10,2026-09-08T22:36:18Z,Mexico,Jordan,1,1,1.81,3.81,4.06,1.21,1.93,1.23,1.62,2.26,1.62,2.26,Non,Oui,Non,Oui,Non,Home,73,"[43, 73]",True
3478ce0bc9b28f4c,coupe-du-monde,164819,10,2026-09-08T22:36:18Z,Qatar,Japan,1,2,3.67,3.88,1.89,1.85,1.25,1.22,1.53,2.46,1.53,2.46,Oui,Oui,Non,Non,Oui,Away,82,"[26, 71, 82]",True
9f53524a3d925267,coupe-du-monde,164819,10,2026-09-08T22:36:18Z,Bosnia-Herzegovina,Norway,1,4,4.05,4.12,1.75,2.0,1.21,1.2,1.45,2.68,1.51,2.53,Oui,Oui,Non,Non,Oui,Home,81,"[21, 39, 48, 74, 81]",True
b920de50b7906668,coupe-du-monde,164819,10,2026-09-08T22:36:18Z,Iraq,Curacao,2,1,1.77,3.8,4.31,1.19,1.98,1.23,1.66,2.18,1.66,2.18,Oui,Oui,Oui,Non,Non,Away,88,"[16, 77, 88]",True
804e4bbc89187ba9,coupe-du-monde,164819,10,2026-09-08T22:36:18Z,Uzbekistan,Croatia,0,1,4.37,3.89,1.74,2.02,1.18,1.22,1.61,2.28,1.63,2.24,Non,Non,Non,Non,Oui,Away,22,[22],True
38606116aab98111,coupe-du-monde,164819,10,2026-09-08T22:36:18Z,Canada,Portugal,4,1,4.91,4.63,1.56,2.34,1.15,1.16,1.36,3.09,1.5,2.54,Oui,Oui,Oui,Non,Non,Home,63,"[23, 31, 41, 46, 63]",True
7971fc3bee9aa2f6,coupe-du-monde,164819,10,2026-09-08T22:36:18Z,Czechia,Haiti,3,0,1.71,3.94,4.5,1.17,2.06,1.22,1.61,2.28,1.64,2.21,Oui,Non,Oui,Non,Non,Home,87,"[23, 48, 87]",True
721d8dcc4343c71c,coupe-du-monde,164819,10,2026-09-08T22:36:18Z,Cabo Verde,Austria,0,0,3.55,3.74,1.96,1.79,1.26,1.24,1.6,2.3,1.57,2.37,Non,Non,Non,Oui,Non,,,[],True
00fa6da19d5d1ab2,coupe-du-monde,164819,10,2026-09-08T22:36:18Z,Netherlands,Congo DR,2,2,1.57,4.46,5.01,1.14,2.32,1.17,1.42,2.79,1.55,2.4,Oui,Oui,Non,Oui,Non,Home,86,"[30, 37, 73, 86]",True
1c7a6d8bd03fc580,coupe-du-monde,164819,10,2026-09-08T22:36:18Z,Saudi Arabia,Cote d'Ivoire,2,3,3.5,3.85,1.94,1.8,1.27,1.23,1.53,2.47,1.52,2.5,Oui,Oui,Non,Non,Oui,Away,88,"[28, 34, 44, 69, 88]",True
cfb12372ace4358a,coupe-du-monde,164819,10,2026-09-08T22:36:18Z,Uruguay,England,3,1,2.71,3.77,2.35,1.55,1.42,1.24,1.51,2.52,1.47,2.64,Oui,Oui,Oui,Non,Non,Away,81,"[17, 49, 80, 81]",True
8ccc5ecaa4953f23,coupe-du-monde,164819,10,2026-09-08T22:36:18Z,France,USA,2,0,1.54,4.7,5.03,1.14,2.39,1.16,1.35,3.16,1.5,2.56,Non,Non,Oui,Non,Non,Home,76,"[65, 76]",True
4cb42cb4d05dddc0,coupe-du-monde,164819,10,2026-09-08T22:36:18Z,Algeria,Sweden,0,1,2.9,3.57,2.3,1.57,1.37,1.26,1.65,2.2,1.56,2.38,Non,Non,Non,Non,Oui,Away,47,[47],True
cb9a454f81c27e16,coupe-du-monde,164819,10,2026-09-08T22:36:18Z,Germany,Australia,0,1,1.89,4.15,3.44,1.28,1.85,1.2,1.38,2.96,1.42,2.8,Non,Non,Non,Non,Oui,Away,79,[79],True
3632075f4347a49c,coupe-du-monde,164819,10,2026-09-08T22:36:18Z,Senegal,Scotland,2,1,2.03,3.77,3.3,1.3,1.73,1.24,1.56,2.39,1.53,2.47,Oui,Oui,Oui,Non,Non,Home,79,"[33, 66, 79]",True
9cf4f3e13332a276,coupe-du-monde,164819,10,2026-09-08T22:36:18Z,New Zealand,Ecuador,0,5,4.26,3.95,1.75,2.01,1.19,1.22,1.57,2.36,1.6,2.29,Oui,Non,Non,Non,Oui,Away,72,"[44, 45, 58, 67, 72]",True
e4a68a35cc4c50ab,coupe-du-monde,164819,10,2026-09-08T22:36:18Z,Egypt,Belgium,1,0,3.2,3.65,2.11,1.67,1.31,1.25,1.62,2.25,1.56,2.39,Non,Non,Oui,Non,Non,Home,57,[57],True
949ad1115f745cd7,coupe-du-monde,164819,10,2026-09-08T22:36:18Z,Switzerland,Turkiye,1,0,1.95,3.76,3.55,1.26,1.79,1.24,1.59,2.32,1.56,2.39,Non,Non,Oui,Non,Non,Home,65,[65],True
d1aff599afd9df41,coupe-du-monde,164819,10,2026-09-08T22:36:18Z,Ghana,Panama,1,1,2.2,3.54,3.09,1.33,1.62,1.26,1.69,2.14,1.6,2.31,Non,Oui,Non,Oui,Non,Home,69,"[60, 69]",True
97e694e10bd74f02,coupe-du-monde,164819,10,2026-09-08T22:36:18Z,Korea Republic,Morocco,1,2,4.94,3.73,1.7,2.09,1.14,1.24,1.8,1.99,1.81,1.98,Oui,Oui,Non,Non,Oui,Away,52,"[4, 40, 52]",True
a70953c59f1cf3f4,coupe-du-monde,164819,10,2026-09-08T22:36:18Z,Paraguay,Colombia,0,1,3.57,3.99,1.89,1.85,1.26,1.21,1.46,2.65,1.48,2.6,Non,Non,Non,Non,Oui,Away,85,[85],True
288c6e853c1b710d,coupe-du-monde,164819,10,2026-09-08T22:36:18Z,IR Iran,Spain,0,3,6.1,4.46,1.49,2.53,1.1,1.17,1.54,2.45,1.72,2.09,Oui,Non,Non,Non,Oui,Away,86,"[12, 20, 86]",True
a830702310ea6185,coupe-du-monde,164819,12,2026-09-08T22:40:18Z,Netherlands,Scotland,3,0,1.8,4.23,3.72,1.24,1.94,1.19,1.38,2.98,1.44,2.75,Oui,Non,Oui,Non,Non,Home,73,"[59, 66, 73]",True
fc1584cc3ec13ac8,coupe-du-monde,164819,12,2026-09-08T22:40:18Z,Germany,Portugal,0,3,2.82,4.26,2.13,1.67,1.39,1.19,1.29,3.53,1.33,3.24,Oui,Non,Non,Non,Oui,Away,84,"[21, 61, 84]",True
7ecf5f9d20a8a496,coupe-du-monde,164819,12,2026-09-08T22:40:18Z,Jordan,Panama,1,3,2.29,3.38,3.05,1.34,1.57,1.29,1.83,1.95,1.68,2.15,Oui,Oui,Non,Non,Oui,Home,77,"[4, 8, 65, 77]",True
e455541d1c51e31c,coupe-du-monde,164819,12,2026-09-08T22:40:18Z,Brazil,Japan,1,1,2.07,4.03,3.05,1.34,1.7,1.21,1.39,2.92,1.41,2.86,Non,Oui,Non,Oui,Non,Away,70,"[56, 70]",True
fcad1e10b12a2545,coupe-du-monde,164819,12,2026-09-08T22:40:18Z,Argentina,Cote d'Ivoire,3,0,1.57,4.56,4.95,1.14,2.33,1.17,1.38,2.97,1.52,2.49,Oui,Non,Oui,Non,Non,Home,88,"[4, 65, 88]",True
fe150eaa4435c62f,coupe-du-monde,164819,12,2026-09-08T22:40:18Z,Qatar,Norway,1,1,3.3,3.93,1.99,1.76,1.3,1.22,1.47,2.65,1.47,2.64,Non,Oui,Non,Oui,Non,Away,33,"[16, 33]",True
9e70ebbee723a695,coupe-du-monde,164819,12,2026-09-08T22:40:18Z,Algeria,Haiti,2,2,1.65,4.05,4.83,1.15,2.16,1.21,1.58,2.33,1.65,2.2,Oui,Oui,Non,Oui,Non,Away,73,"[17, 33, 64, 73]",True
77258aa98d6dc1d0,coupe-du-monde,164819,12,2026-09-08T22:40:18Z,Senegal,Sweden,2,0,2.3,3.53,2.93,1.36,1.57,1.26,1.68,2.14,1.59,2.33,Non,Non,Oui,Non,Non,Home,38,"[37, 38]",True
85f279ff556acca5,coupe-du-monde,164819,12,2026-09-08T22:40:18Z,USA,Turkiye,0,1,2.11,3.93,3.01,1.35,1.67,1.22,1.43,2.76,1.43,2.77,Non,Non,Non,Non,Oui,Away,37,[37],True
27addfecbd81ad30,coupe-du-monde,164819,12,2026-09-08T22:40:18Z,Uzbekistan,Curacao,2,0,1.83,3.74,4.04,1.21,1.91,1.24,1.66,2.18,1.64,2.22,Non,Non,Oui,Non,Non,Home,66,"[61, 66]",True
8768baa4cb9ca885,coupe-du-monde,164819,12,2026-09-08T22:40:18Z,New Zealand,England,1,3,8.51,5.5,1.31,3.28,1.04,1.12,1.4,2.89,1.79,1.99,Oui,Oui,Non,Non,Oui,Away,61,"[2, 51, 60, 61]",True
b88dc46daf12433f,coupe-du-monde,164819,12,2026-09-08T22:40:18Z,Korea Republic,Saudi Arabia,2,0,2.04,3.82,3.25,1.3,1.72,1.23,1.52,2.49,1.5,2.55,Non,Non,Oui,Non,Non,Home,61,"[4, 61]",True
4488218ddee9a4b7,coupe-du-monde,164819,12,2026-09-08T22:40:18Z,Czechia,Morocco,1,3,5.31,3.75,1.65,2.16,1.13,1.24,1.83,1.94,1.87,1.91,Oui,Oui,Non,Non,Oui,Away,51,"[32, 46, 48, 51]",True
087720e976b4a529,coupe-du-monde,164819,12,2026-09-08T22:40:18Z,Iraq,Belgium,0,5,4.44,4.07,1.7,2.08,1.18,1.21,1.53,2.47,1.58,2.33,Oui,Non,Non,Non,Oui,Away,69,"[16, 40, 54, 69, 69]",True
939f3a82e61fd2fb,coupe-du-monde,164819,12,2026-09-08T22:40:18Z,France,Croatia,4,0,1.69,4.19,4.33,1.18,2.09,1.2,1.46,2.66,1.53,2.46,Oui,Non,Oui,Non,Non,Home,65,"[39, 47, 58, 65]",True
4216c4be3498e09f,coupe-du-monde,164819,12,2026-09-08T22:40:18Z,Paraguay,Tunisia,2,1,2.82,3.44,2.41,1.52,1.39,1.28,1.75,2.04,1.62,2.25,Oui,Oui,Oui,Non,Non,Home,53,"[32, 50, 53]",True
7abfb43d0217c190,coupe-du-monde,164819,12,2026-09-08T22:40:18Z,Canada,Spain,1,2,7.4,5.17,1.37,2.99,1.06,1.13,1.41,2.85,1.72,2.09,Oui,Oui,Non,Non,Oui,Home,79,"[10, 57, 79]",True
6994efdb50b08612,coupe-du-monde,164819,12,2026-09-08T22:40:18Z,Switzerland,Australia,3,3,2.05,3.7,3.3,1.3,1.71,1.24,1.6,2.31,1.55,2.41,Oui,Oui,Non,Oui,Non,Away,82,"[26, 29, 29, 50, 54, 82]",True
aab7ec260bcca8bb,coupe-du-monde,164819,12,2026-09-08T22:40:18Z,Mexico,Congo DR,1,1,1.71,4.09,4.32,1.18,2.06,1.2,1.5,2.54,1.56,2.39,Non,Oui,Non,Oui,Non,Home,85,"[75, 85]",True
048abe3db68da25e,coupe-du-monde,164819,12,2026-09-08T22:40:18Z,Uruguay,Austria,2,1,1.96,3.79,3.5,1.27,1.79,1.23,1.56,2.38,1.54,2.44,Oui,Oui,Oui,Non,Non,Away,49,"[20, 43, 49]",True
8b0ec0521e2cd805,coupe-du-monde,164819,12,2026-09-08T22:40:18Z,Bosnia-Herzegovina,Cabo Verde,0,0,2.72,3.55,2.44,1.51,1.42,1.26,1.66,2.19,1.56,2.38,Non,Non,Non,Oui,Non,,,[],True
7de28df55d5b7fd0,coupe-du-monde,164819,12,2026-09-08T22:40:18Z,Ghana,Colombia,1,2,4.66,4.3,1.63,2.2,1.16,1.19,1.45,2.71,1.55,2.42,Oui,Oui,Non,Non,Oui,Away,81,"[25, 42, 81]",True
fb4a2c977d762089,coupe-du-monde,164819,12,2026-09-08T22:40:18Z,Egypt,Ecuador,2,1,2.62,3.59,2.5,1.49,1.45,1.26,1.62,2.26,1.54,2.44,Oui,Oui,Oui,Non,Non,Away,72,"[3, 30, 72]",True
92d1f9617d863b8b,coupe-du-monde,164819,12,2026-09-08T22:40:18Z,IR Iran,South Africa,2,0,1.91,3.71,3.73,1.24,1.83,1.24,1.64,2.22,1.61,2.29,Non,Non,Oui,Non,Non,Home,84,"[83, 84]",True
dad7b3d4936b95f4,coupe-du-monde,164819,15,2026-09-08T22:46:18Z,Ecuador,Paraguay,3,1,2.13,3.76,3.08,1.34,1.66,1.24,1.53,2.45,1.5,2.54,Oui,Oui,Oui,Non,Non,Home,86,"[4, 52, 65, 86]",True
7ba8c96a45117816,coupe-du-monde,164819,15,2026-09-08T22:46:18Z,Haiti,Germany,0,5,7.56,5.31,1.35,3.06,1.06,1.13,1.38,2.97,1.7,2.12,Oui,Non,Non,Non,Oui,Away,89,"[5, 42, 48, 87, 89]",True
5e74c60fde6ff1f3,coupe-du-monde,164819,15,2026-09-08T22:46:18Z,Australia,Panama,2,0,1.86,3.71,3.95,1.22,1.88,1.24,1.68,2.16,1.64,2.21,Non,Non,Oui,Non,Non,Home,60,"[44, 60]",True
dbdfd9952ef11778,coupe-du-monde,164819,15,2026-09-08T22:46:18Z,Cabo Verde,Egypt,0,2,3.36,3.6,2.06,1.71,1.29,1.25,1.67,2.16,1.6,2.29,Non,Non,Non,Non,Oui,Away,48,"[33, 48]",True
f17c729f77291bf3,coupe-du-monde,164819,15,2026-09-08T22:46:18Z,Cote d'Ivoire,Algeria,3,1,2.5,3.62,2.61,1.45,1.49,1.25,1.59,2.31,1.52,2.48,Oui,Oui,Oui,Non,Non,Home,88,"[22, 48, 58, 88]",True
0a4a87aeab00ee4b,coupe-du-monde,164819,15,2026-09-08T22:46:18Z,Austria,Argentina,0,1,4.18,4.32,1.7,2.08,1.2,1.18,1.39,2.93,1.47,2.62,Non,Non,Non,Non,Oui,Away,23,[23],True
84ab4ff02186b8a0,coupe-du-monde,164819,15,2026-09-08T22:46:18Z,Croatia,Congo DR,1,1,1.68,3.98,4.67,1.16,2.11,1.21,1.61,2.29,1.65,2.19,Non,Oui,Non,Oui,Non,Home,87,"[52, 87]",True
51eca585c35bd131,coupe-du-monde,164819,15,2026-09-08T22:46:18Z,Morocco,Canada,3,0,1.56,3.98,5.93,1.1,2.34,1.21,1.76,2.03,1.88,1.9,Oui,Non,Oui,Non,Non,Home,74,"[58, 72, 74]",True
fa387181318e0b6e,coupe-du-monde,164819,15,2026-09-08T22:46:18Z,Norway,Iraq,2,1,1.85,3.92,3.8,1.23,1.89,1.22,1.53,2.46,1.54,2.44,Oui,Oui,Oui,Non,Non,Away,40,"[6, 37, 40]",True
bb6f37e14fbe4059,coupe-du-monde,164819,15,2026-09-08T22:46:18Z,Spain,Netherlands,1,1,1.68,4.28,4.32,1.18,2.11,1.19,1.42,2.8,1.5,2.53,Non,Oui,Non,Oui,Non,Away,36,"[24, 36]",True
0e271cc549cfb128,coupe-du-monde,164819,15,2026-09-08T22:46:18Z,Uruguay,Qatar,4,0,1.7,4.13,4.38,1.18,2.09,1.2,1.49,2.56,1.56,2.39,Oui,Non,Oui,Non,Non,Home,85,"[28, 74, 76, 85]",True
b9885df172311852,coupe-du-monde,164819,15,2026-09-08T22:46:18Z,Japan,Uzbekistan,2,1,1.67,4.08,4.62,1.16,2.13,1.2,1.55,2.41,1.61,2.27,Oui,Oui,Oui,Non,Non,Away,84,"[25, 52, 84]",True
452a765976ad76a0,coupe-du-monde,164819,15,2026-09-08T22:46:18Z,Bosnia-Herzegovina,New Zealand,5,0,2.16,3.61,3.12,1.33,1.64,1.25,1.65,2.21,1.57,2.36,Oui,Non,Oui,Non,Non,Home,68,"[29, 40, 56, 68, 68]",True
023ddca113478928,coupe-du-monde,164819,15,2026-09-08T22:46:18Z,England,Brazil,1,0,2.36,4.02,2.58,1.46,1.54,1.21,1.37,3.02,1.38,2.98,Non,Non,Oui,Non,Non,Home,10,[10],True
d5302dbbccb49348,coupe-du-monde,164819,15,2026-09-08T22:46:18Z,Tunisia,France,2,3,6.39,4.65,1.45,2.64,1.09,1.16,1.49,2.58,1.7,2.12,Oui,Oui,Non,Non,Oui,Home,76,"[31, 32, 39, 68, 76]",True
8a42f8e4c7f2df0c,coupe-du-monde,164819,15,2026-09-08T22:46:18Z,South Africa,Senegal,0,4,4.48,3.87,1.73,2.04,1.17,1.22,1.64,2.22,1.66,2.18,Oui,Non,Non,Non,Oui,Away,82,"[36, 61, 69, 82]",True
162f3b83eff47d29,coupe-du-monde,164819,15,2026-09-08T22:46:18Z,Scotland,USA,3,1,2.98,3.89,2.14,1.66,1.36,1.22,1.46,2.68,1.44,2.72,Oui,Oui,Oui,Non,Non,Home,86,"[42, 44, 45, 86]",True
c3b8a31458404b52,coupe-du-monde,164819,15,2026-09-08T22:46:18Z,Colombia,Turkiye,1,2,1.95,4.02,3.36,1.29,1.8,1.21,1.43,2.76,1.45,2.7,Oui,Oui,Non,Non,Oui,Away,50,"[44, 45, 50]",True
0ae1d52e538263a1,coupe-du-monde,164819,15,2026-09-08T22:46:18Z,Saudi Arabia,IR Iran,2,2,3.41,3.71,2.01,1.74,1.28,1.24,1.6,2.29,1.56,2.38,Oui,Oui,Non,Oui,Non,Home,89,"[40, 42, 81, 89]",True
b1b8f2ac2a57d7f8,coupe-du-monde,164819,15,2026-09-08T22:46:18Z,Portugal,Mexico,2,1,1.93,4.11,3.36,1.29,1.81,1.2,1.39,2.94,1.42,2.81,Oui,Oui,Oui,Non,Non,Home,68,"[26, 59, 68]",True
ac7e846dbe8a6c8f,coupe-du-monde,164819,15,2026-09-08T22:46:18Z,Curacao,Jordan,2,0,4.18,3.53,1.86,1.88,1.2,1.26,1.84,1.93,1.77,2.03,Non,Non,Oui,Non,Non,Home,77,"[20, 77]",True
9f45ca98d7767242,coupe-du-monde,164819,15,2026-09-08T22:46:18Z,Korea Republic,Czechia,3,0,2.38,3.7,2.71,1.42,1.54,1.24,1.55,2.42,1.5,2.56,Oui,Non,Oui,Non,Non,Home,51,"[6, 33, 51]",True
41f7c11b5f5ebc1e,coupe-du-monde,164819,15,2026-09-08T22:46:18Z,Sweden,Switzerland,0,1,3.21,3.52,2.16,1.65,1.31,1.27,1.72,2.09,1.62,2.26,Non,Non,Non,Non,Oui,Away,84,[84],True
f49fabc9f93cbe2c,coupe-du-monde,164819,15,2026-09-08T22:46:18Z,Belgium,Ghana,3,1,1.68,4.09,4.55,1.17,2.11,1.2,1.53,2.46,1.59,2.31,Oui,Oui,Oui,Non,Non,Home,82,"[12, 16, 42, 82]",True
30f4320aa1e3a541,coupe-du-monde,164819,17,2026-09-08T22:50:18Z,Morocco,Germany,0,0,2.04,3.61,3.42,1.28,1.72,1.25,1.67,2.16,1.61,2.29,Non,Non,Non,Oui,Non,,,[],True
36b46ea6f89229ab,coupe-du-monde,164819,17,2026-09-08T22:50:18Z,Sweden,USA,2,2,2.61,3.78,2.42,1.52,1.45,1.23,1.5,2.56,1.46,2.66,Oui,Oui,Non,Oui,Non,Away,89,"[39, 75, 87, 89]",True
6634dd218e6e379d,coupe-du-monde,164819,17,2026-09-08T22:50:18Z,Haiti,Switzerland,0,0,6.93,4.36,1.46,2.63,1.07,1.18,1.66,2.18,1.89,1.88,Non,Non,Non,Oui,Non,,,[],True
7719c274212c8b40,coupe-du-monde,164819,17,2026-09-08T22:50:18Z,Norway,Uzbekistan,4,0,1.71,4.14,4.3,1.19,2.07,1.2,1.48,2.61,1.54,2.44,Oui,Non,Oui,Non,Non,Home,79,"[23, 31, 43, 79]",True
7735205415149a21,coupe-du-monde,164819,17,2026-09-08T22:50:18Z,England,Paraguay,0,1,1.49,4.68,5.71,1.11,2.52,1.16,1.42,2.81,1.6,2.29,Non,Non,Non,Non,Oui,Away,87,[87],True
4017bdc2a17a7534,coupe-du-monde,164819,17,2026-09-08T22:50:18Z,Spain,Mexico,1,1,1.59,4.37,4.89,1.15,2.27,1.18,1.45,2.72,1.56,2.39,Non,Oui,Non,Oui,Non,Away,85,"[55, 85]",True
03135da1b9ad3753,coupe-du-monde,164819,17,2026-09-08T22:50:18Z,Curacao,Congo DR,2,2,3.85,3.58,1.92,1.82,1.23,1.26,1.75,2.05,1.68,2.15,Oui,Oui,Non,Oui,Non,Away,79,"[16, 52, 59, 79]",True
9c6e580601a94259,coupe-du-monde,164819,17,2026-09-08T22:50:18Z,Cote d'Ivoire,Senegal,0,3,3.12,3.7,2.13,1.66,1.33,1.24,1.58,2.35,1.53,2.47,Oui,Non,Non,Non,Oui,Away,89,"[14, 67, 89]",True
8e983f0826b28a0a,coupe-du-monde,164819,17,2026-09-08T22:50:18Z,South Africa,Netherlands,0,1,5.23,4.49,1.55,2.37,1.13,1.17,1.44,2.75,1.58,2.35,Non,Non,Non,Non,Oui,Away,23,[23],True
68d330a9fd2a3cc1,coupe-du-monde,164819,17,2026-09-08T22:50:18Z,Uruguay,Brazil,3,1,2.67,3.91,2.33,1.56,1.43,1.22,1.42,2.8,1.41,2.83,Oui,Oui,Oui,Non,Non,Home,89,"[38, 43, 78, 89]",True
0e58d4093f941923,coupe-du-monde,164819,17,2026-09-08T22:50:18Z,Belgium,Jordan,1,2,1.67,4.03,4.7,1.16,2.13,1.21,1.58,2.35,1.64,2.23,Oui,Oui,Non,Non,Oui,Away,63,"[16, 60, 63]",True
c42d8d6e5aaf8874,coupe-du-monde,164819,17,2026-09-08T22:50:18Z,Bosnia-Herzegovina,Egypt,1,0,3.76,3.73,1.9,1.84,1.24,1.24,1.63,2.23,1.6,2.29,Non,Non,Oui,Non,Non,Home,50,[50],True
8df0fc890063cd02,coupe-du-monde,164819,17,2026-09-08T22:50:18Z,Cabo Verde,Iraq,0,1,2.55,3.53,2.6,1.45,1.47,1.26,1.67,2.16,1.57,2.36,Non,Non,Non,Non,Oui,Away,51,[51],True
faa78002b054a3bc,coupe-du-monde,164819,17,2026-09-08T22:50:18Z,Japan,France,0,1,4.11,4.15,1.74,2.03,1.2,1.2,1.45,2.7,1.51,2.52,Non,Non,Non,Non,Oui,Away,84,[84],True
d682aab807c8ce34,coupe-du-monde,164819,17,2026-09-08T22:50:18Z,Tunisia,Turkiye,1,3,2.65,3.59,2.47,1.5,1.44,1.26,1.62,2.26,1.54,2.44,Oui,Oui,Non,Non,Oui,Home,60,"[6, 7, 56, 60]",True
6e2b38bf2d46f128,coupe-du-monde,164819,17,2026-09-08T22:50:18Z,Portugal,Panama,2,1,1.38,5.1,7.14,1.07,2.92,1.14,1.41,2.86,1.69,2.13,Oui,Oui,Oui,Non,Non,Home,73,"[12, 68, 73]",True
c7994313577dcea3,coupe-du-monde,164819,17,2026-09-08T22:50:18Z,Scotland,Croatia,3,1,3.4,3.69,2.02,1.74,1.28,1.24,1.62,2.27,1.57,2.37,Oui,Oui,Oui,Non,Non,Away,84,"[44, 46, 61, 84]",True
6b751e059a0ece92,coupe-du-monde,164819,17,2026-09-08T22:50:18Z,Austria,Czechia,3,0,2.15,3.71,3.07,1.34,1.65,1.24,1.57,2.37,1.52,2.49,Oui,Non,Oui,Non,Non,Home,64,"[12, 13, 64]",True
3084c9bec2bc505d,coupe-du-monde,164819,17,2026-09-08T22:50:18Z,Colombia,Australia,2,1,2.15,3.84,2.99,1.35,1.65,1.23,1.48,2.59,1.46,2.66,Oui,Oui,Oui,Non,Non,Home,24,"[5, 15, 24]",True
5a5bcced9d330e08,coupe-du-monde,164819,17,2026-09-08T22:50:18Z,Saudi Arabia,Canada,2,1,2.91,3.77,2.21,1.61,1.37,1.24,1.52,2.5,1.48,2.6,Oui,Oui,Oui,Non,Non,Home,78,"[18, 78, 78]",True
91065802d86c8b43,coupe-du-monde,164819,17,2026-09-08T22:50:18Z,Korea Republic,Algeria,1,2,2.4,3.73,2.67,1.43,1.53,1.24,1.53,2.46,1.48,2.59,Oui,Oui,Non,Non,Oui,Away,82,"[25, 32, 82]",True
3bbd4627701c40a1,coupe-du-monde,164819,17,2026-09-08T22:50:18Z,New Zealand,Qatar,1,4,3.7,3.77,1.91,1.83,1.24,1.23,1.6,2.3,1.58,2.35,Oui,Oui,Non,Non,Oui,Away,75,"[18, 35, 66, 74, 75]",True
c06bf3e1061b8189,coupe-du-monde,164819,17,2026-09-08T22:50:18Z,Ecuador,Ghana,0,0,2.03,3.8,3.29,1.3,1.73,1.23,1.53,2.45,1.51,2.51,Non,Non,Non,Oui,Non,,,[],True
df0641a4f5b7ddc8,coupe-du-monde,164819,17,2026-09-08T22:50:18Z,Argentina,IR Iran,5,0,1.58,4.48,4.92,1.15,2.3,1.17,1.41,2.84,1.54,2.44,Oui,Non,Oui,Non,Non,Home,84,"[4, 44, 53, 78, 84]",True
c4a2c18213b451c3,coupe-du-monde,164819,20,2026-09-08T22:56:18Z,Turkiye,Ecuador,3,2,2.57,3.86,2.43,1.52,1.46,1.23,1.45,2.7,1.43,2.77,Oui,Oui,Oui,Non,Non,Away,56,"[30, 45, 45, 46, 56]",True
1c4203e4bbd398b7,coupe-du-monde,164819,20,2026-09-08T22:56:18Z,Panama,Haiti,1,2,2.2,3.44,3.18,1.32,1.62,1.28,1.78,2.01,1.65,2.19,Oui,Oui,Non,Non,Oui,Away,70,"[27, 40, 70]",True
1c9a74b66ce5f9e6,coupe-du-monde,164819,20,2026-09-08T22:56:18Z,Colombia,Sweden,1,3,2.21,3.73,2.94,1.36,1.62,1.24,1.54,2.43,1.5,2.55,Oui,Oui,Non,Non,Oui,Away,84,"[28, 43, 47, 84]",True
cdf9a87fb59be785,coupe-du-monde,164819,20,2026-09-08T22:56:18Z,Netherlands,Saudi Arabia,4,2,1.63,4.44,4.53,1.17,2.2,1.18,1.39,2.95,1.5,2.56,Oui,Oui,Oui,Non,Non,Home,86,"[22, 40, 42, 56, 75, 86]",True
9b3b1c0597364ab2,coupe-du-monde,164819,20,2026-09-08T22:56:18Z,France,England,1,3,2.1,4.01,2.98,1.35,1.68,1.21,1.4,2.9,1.41,2.86,Oui,Oui,Non,Non,Oui,Home,76,"[44, 47, 62, 76]",True
b3c9da4b363e4f6b,coupe-du-monde,164819,20,2026-09-08T22:56:18Z,Ghana,Cabo Verde,1,4,2.83,3.56,2.34,1.55,1.39,1.26,1.65,2.2,1.56,2.38,Oui,Oui,Non,Non,Oui,Away,70,"[15, 23, 49, 54, 70]",True
aef986bfca562a1d,coupe-du-monde,164819,20,2026-09-08T22:56:18Z,Paraguay,Bosnia-Herzegovina,2,1,2.23,3.67,2.94,1.36,1.6,1.25,1.58,2.34,1.52,2.48,Oui,Oui,Oui,Non,Non,Home,60,"[21, 26, 60]",True
e3521bc94275e239,coupe-du-monde,164819,20,2026-09-08T22:56:18Z,Australia,Belgium,1,1,3.3,3.8,2.03,1.73,1.3,1.23,1.54,2.44,1.51,2.51,Non,Oui,Non,Oui,Non,Home,63,"[54, 63]",True
63ce7367d027f73b,coupe-du-monde,164819,20,2026-09-08T22:56:18Z,Uzbekistan,Uruguay,1,1,5.71,4.5,1.51,2.47,1.11,1.17,1.48,2.61,1.65,2.21,Non,Oui,Non,Oui,Non,Home,56,"[24, 56]",True
5a2b85d9e9982142,coupe-du-monde,164819,20,2026-09-08T22:56:18Z,Congo DR,Japan,1,1,4.83,4.09,1.64,2.17,1.15,1.2,1.56,2.38,1.64,2.23,Non,Oui,Non,Oui,Non,Away,73,"[2, 73]",True
1451017fca5680bc,coupe-du-monde,164819,20,2026-09-08T22:56:18Z,Croatia,Spain,2,3,4.88,4.14,1.63,2.2,1.15,1.2,1.55,2.41,1.64,2.23,Oui,Oui,Non,Non,Oui,Away,90,"[40, 42, 53, 67, 90]",True
8159e0f750ecec40,coupe-du-monde,164819,20,2026-09-08T22:56:18Z,Germany,Korea Republic,0,1,1.93,4.11,3.35,1.29,1.81,1.2,1.39,2.95,1.42,2.81,Non,Non,Non,Non,Oui,Away,59,[59],True
ded5a02121ae3586,coupe-du-monde,164819,20,2026-09-08T22:56:18Z,USA,South Africa,2,2,1.78,4.01,4.0,1.21,1.97,1.21,1.5,2.53,1.54,2.44,Oui,Oui,Non,Oui,Non,Away,55,"[1, 47, 50, 55]",True
8199587fcb7dea11,coupe-du-monde,164819,20,2026-09-08T22:56:18Z,Jordan,Norway,0,3,4.49,4.01,1.7,2.08,1.17,1.21,1.57,2.37,1.61,2.27,Oui,Non,Non,Non,Oui,Away,88,"[53, 64, 88]",True
4f0c7bc3c9df9b34,coupe-du-monde,164819,20,2026-09-08T22:56:18Z,Senegal,Argentina,1,3,3.84,4.07,1.81,1.94,1.23,1.21,1.46,2.66,1.5,2.55,Oui,Oui,Non,Non,Oui,Away,90,"[27, 50, 65, 90]",True
977623e829c90ff5,coupe-du-monde,164819,20,2026-09-08T22:56:18Z,Scotland,Tunisia,2,1,2.63,3.45,2.56,1.47,1.44,1.27,1.73,2.07,1.61,2.28,Oui,Oui,Oui,Non,Non,Home,79,"[4, 7, 79]",True
ca815c8e79aefb36,coupe-du-monde,164819,20,2026-09-08T22:56:18Z,Iraq,New Zealand,0,0,2.14,3.53,3.24,1.31,1.66,1.26,1.71,2.1,1.62,2.26,Non,Non,Non,Oui,Non,,,[],True
880914bbe45f4f1f,coupe-du-monde,164819,20,2026-09-08T22:56:18Z,Algeria,IR Iran,0,3,2.78,3.53,2.4,1.53,1.4,1.26,1.68,2.16,1.58,2.35,Oui,Non,Non,Non,Oui,Away,78,"[16, 67, 78]",True
21597d73527c9695,coupe-du-monde,164819,20,2026-09-08T22:56:18Z,Brazil,Qatar,2,3,1.57,4.66,4.77,1.15,2.31,1.16,1.34,3.22,1.47,2.63,Oui,Oui,Non,Non,Oui,Away,66,"[2, 11, 23, 52, 66]",True
8ace198f762fc91a,coupe-du-monde,164819,20,2026-09-08T22:56:18Z,Egypt,Austria,1,3,2.78,3.62,2.36,1.54,1.4,1.25,1.61,2.29,1.53,2.45,Oui,Oui,Non,Non,Oui,Away,84,"[38, 53, 55, 84]",True
e27d56bbf79e97ed,coupe-du-monde,164819,20,2026-09-08T22:56:18Z,Mexico,Morocco,1,1,4.45,3.59,1.8,1.95,1.18,1.26,1.83,1.94,1.79,2.0,Non,Oui,Non,Oui,Non,Home,78,"[11, 78]",True
dfc5bafe462ce525,coupe-du-monde,164819,20,2026-09-08T22:56:18Z,Canada,Czechia,2,0,2.55,3.67,2.53,1.48,1.47,1.25,1.56,2.38,1.5,2.54,Non,Non,Oui,Non,Non,Home,80,"[80, 80]",True
7906eb3605b91584,coupe-du-monde,164819,20,2026-09-08T22:56:18Z,Curacao,Portugal,1,4,11.75,6.65,1.21,4.17,1.01,1.08,1.34,3.2,1.95,1.83,Oui,Oui,Non,Non,Oui,Away,83,"[43, 45, 58, 59, 83]",True
cce6055e7c804d57,coupe-du-monde,164819,20,2026-09-08T22:56:18Z,Switzerland,Cote d'Ivoire,2,2,2.07,3.6,3.34,1.29,1.7,1.25,1.67,2.17,1.6,2.31,Oui,Oui,Non,Oui,Non,Away,63,"[9, 35, 47, 63]",True
58b35e3ca9975e5f,coupe-du-monde,164819,22,2026-09-08T23:00:18Z,Australia,Ecuador,1,3,2.58,3.75,2.46,1.5,1.46,1.24,1.51,2.5,1.47,2.63,Oui,Oui,Non,Non,Oui,Away,66,"[41, 65, 65, 66]",True
c55bcf038f907bfb,coupe-du-monde,164819,22,2026-09-08T23:00:18Z,Curacao,Spain,2,3,18.02,7.7,1.14,5.3,0.98,1.06,1.37,3.04,2.37,1.57,Oui,Oui,Non,Non,Oui,Away,73,"[33, 36, 40, 52, 73]",True
14f741c6800dc48d,coupe-du-monde,164819,22,2026-09-08T23:00:18Z,Canada,Algeria,3,0,2.6,3.68,2.48,1.5,1.45,1.25,1.56,2.4,1.5,2.55,Oui,Non,Oui,Non,Non,Home,82,"[42, 45, 82]",True
f93e8a260f082392,coupe-du-monde,164819,22,2026-09-08T23:00:18Z,USA,Cote d'Ivoire,2,1,2.3,3.86,2.73,1.41,1.57,1.23,1.45,2.68,1.44,2.75,Oui,Oui,Oui,Non,Non,Home,72,"[63, 65, 72]",True
6ce13ba33021bc4c,coupe-du-monde,164819,22,2026-09-08T23:00:18Z,Croatia,South Africa,3,1,1.68,3.95,4.73,1.16,2.11,1.22,1.63,2.24,1.68,2.16,Oui,Oui,Oui,Non,Non,Home,54,"[8, 20, 41, 54]",True
91a31ec0a524bd46,coupe-du-monde,164819,22,2026-09-08T23:00:18Z,Turkiye,England,3,1,4.52,4.37,1.64,2.18,1.17,1.18,1.41,2.86,1.51,2.52,Oui,Oui,Oui,Non,Non,Away,88,"[23, 34, 69, 88]",True
8d44496e5cb9612f,coupe-du-monde,164819,22,2026-09-08T23:00:18Z,Ghana,Bosnia-Herzegovina,2,2,2.44,3.61,2.68,1.43,1.51,1.25,1.61,2.28,1.53,2.45,Oui,Oui,Non,Oui,Non,Home,67,"[17, 37, 53, 67]",True
ddc981315f3fb642,coupe-du-monde,164819,22,2026-09-08T23:00:18Z,France,Uruguay,0,1,1.91,3.98,3.52,1.27,1.83,1.21,1.46,2.66,1.48,2.61,Non,Non,Non,Non,Oui,Away,68,[68],True
6c6245f31376c6a7,coupe-du-monde,164819,22,2026-09-08T23:00:18Z,Tunisia,Sweden,2,2,3.08,3.42,2.26,1.59,1.33,1.28,1.79,1.99,1.66,2.19,Oui,Oui,Non,Oui,Non,Home,74,"[28, 70, 70, 74]",True
5defe7c9788a018f,coupe-du-monde,164819,22,2026-09-08T23:00:18Z,Jordan,Cabo Verde,2,1,2.68,3.44,2.52,1.48,1.43,1.28,1.74,2.06,1.61,2.27,Oui,Oui,Oui,Non,Non,Home,81,"[14, 24, 81]",True
32fe49b98ebf7726,coupe-du-monde,164819,22,2026-09-08T23:00:18Z,Portugal,Belgium,1,0,2.06,4.02,3.07,1.34,1.71,1.21,1.4,2.9,1.41,2.84,Non,Non,Oui,Non,Non,Home,79,[79],True
1f7965db20a007ed,coupe-du-monde,164819,22,2026-09-08T23:00:18Z,Mexico,Saudi Arabia,4,0,1.8,3.99,3.95,1.22,1.95,1.21,1.51,2.52,1.53,2.45,Oui,Non,Oui,Non,Non,Home,76,"[6, 8, 35, 76]",True
9b461fd28afa852a,coupe-du-monde,164819,22,2026-09-08T23:00:18Z,Congo DR,Norway,0,3,4.67,4.15,1.65,2.15,1.16,1.2,1.52,2.5,1.59,2.31,Oui,Non,Non,Non,Oui,Away,89,"[9, 12, 89]",True
de0c11d2089600e4,coupe-du-monde,164819,22,2026-09-08T23:00:18Z,Brazil,Austria,2,2,1.91,4.06,3.45,1.27,1.83,1.21,1.42,2.83,1.44,2.73,Oui,Oui,Non,Oui,Non,Home,78,"[5, 30, 61, 78]",True
0468d37ee9bd9df7,coupe-du-monde,164819,22,2026-09-08T23:00:18Z,Switzerland,Korea Republic,0,2,2.02,3.65,3.43,1.28,1.74,1.25,1.64,2.22,1.59,2.33,Non,Non,Non,Non,Oui,Away,65,"[65, 65]",True
fde94f700a202617,coupe-du-monde,164819,22,2026-09-08T23:00:18Z,Paraguay,Qatar,0,3,2.57,3.73,2.48,1.49,1.46,1.24,1.52,2.48,1.48,2.61,Oui,Non,Non,Non,Oui,Away,87,"[41, 46, 87]",True
dc3c6640fd0f2e2b,coupe-du-monde,164819,22,2026-09-08T23:00:18Z,Germany,Czechia,0,0,1.8,4.15,3.77,1.23,1.94,1.2,1.41,2.84,1.46,2.66,Non,Non,Non,Oui,Non,,,[],True
6989c1e26722a7f8,coupe-du-monde,164819,22,2026-09-08T23:00:18Z,Panama,Morocco,0,1,8.44,4.35,1.41,2.82,1.04,1.18,1.81,1.97,2.15,1.68,Non,Non,Non,Non,Oui,Away,62,[62],True
19ecaff949e9108e,coupe-du-monde,164819,22,2026-09-08T23:00:18Z,Uzbekistan,New Zealand,1,1,2.22,3.57,3.04,1.34,1.61,1.26,1.66,2.19,1.57,2.36,Non,Oui,Non,Oui,Non,Away,81,"[62, 81]",True
7e495329619e6f3b,coupe-du-monde,164819,22,2026-09-08T23:00:18Z,Netherlands,Argentina,4,1,3.42,4.34,1.86,1.88,1.28,1.18,1.31,3.37,1.37,3.01,Oui,Oui,Oui,Non,Non,Away,88,"[11, 27, 66, 87, 88]",True
540cc6a5c9bc0cf1,coupe-du-monde,164819,22,2026-09-08T23:00:18Z,Senegal,IR Iran,0,0,2.18,3.61,3.1,1.33,1.63,1.25,1.64,2.22,1.57,2.37,Non,Non,Non,Oui,Non,,,[],True
71a2bf41d3917ac8,coupe-du-monde,164819,22,2026-09-08T23:00:18Z,Scotland,Japan,0,0,3.62,3.89,1.9,1.84,1.25,1.22,1.52,2.48,1.52,2.48,Non,Non,Non,Oui,Non,,,[],True
64293dde483cdf9a,coupe-du-monde,164819,22,2026-09-08T23:00:18Z,Iraq,Egypt,1,0,3.33,3.6,2.07,1.7,1.29,1.26,1.67,2.16,1.6,2.3,Non,Non,Oui,Non,Non,Home,17,[17],True
9b17acd6999735c6,coupe-du-monde,164819,22,2026-09-08T23:00:18Z,Colombia,Haiti,4,1,1.43,4.8,6.58,1.08,2.72,1.15,1.45,2.69,1.69,2.13,Oui,Oui,Oui,Non,Non,Home,75,"[2, 14, 22, 64, 75]",True
16039538981ef7ea,coupe-du-monde,164819,25,2026-09-08T23:06:18Z,Algeria,Netherlands,3,0,3.4,3.99,1.94,1.8,1.28,1.21,1.45,2.71,1.46,2.66,Oui,Non,Oui,Non,Non,Home,76,"[44, 73, 76]",True
1057d3e7ea9fb0d2,coupe-du-monde,164819,25,2026-09-08T23:06:18Z,Norway,Portugal,1,3,3.4,4.18,1.9,1.84,1.28,1.2,1.36,3.08,1.4,2.88,Oui,Oui,Non,Non,Oui,Away,70,"[33, 48, 65, 70]",True
5e06cd886a4bb9a4,coupe-du-monde,164819,25,2026-09-08T23:06:18Z,Egypt,Ghana,0,2,2.03,3.66,3.4,1.28,1.73,1.25,1.63,2.24,1.58,2.35,Non,Non,Non,Non,Oui,Away,46,"[12, 46]",True
ac8f017a4c523610,coupe-du-monde,164819,25,2026-09-08T23:06:18Z,Morocco,Curacao,4,0,1.25,5.43,13.43,1.0,3.8,1.12,1.68,2.16,2.47,1.53,Oui,Non,Oui,Non,Non,Home,89,"[8, 52, 71, 89]",True
8017904bcdf2f9ca,coupe-du-monde,164819,25,2026-09-08T23:06:18Z,Brazil,Uzbekistan,5,0,1.43,5.09,6.17,1.09,2.74,1.14,1.34,3.19,1.57,2.36,Oui,Non,Oui,Non,Non,Home,58,"[9, 12, 13, 47, 58]",True
aa5bcf5d1b63642e,coupe-du-monde,164819,25,2026-09-08T23:06:18Z,Qatar,France,1,5,6.62,5.14,1.4,2.84,1.08,1.13,1.36,3.09,1.62,2.27,Oui,Oui,Non,Non,Oui,Away,75,"[5, 28, 33, 46, 64, 75]",True
6da9d24156992f46,coupe-du-monde,164819,25,2026-09-08T23:06:18Z,Saudi Arabia,Croatia,1,3,4.14,3.89,1.78,1.97,1.2,1.22,1.58,2.33,1.6,2.3,Oui,Oui,Non,Non,Oui,Home,81,"[10, 15, 16, 81]",True
89fff27b6597f02a,coupe-du-monde,164819,25,2026-09-08T23:06:18Z,Iraq,Paraguay,0,4,2.7,3.56,2.44,1.51,1.42,1.26,1.65,2.2,1.56,2.39,Oui,Non,Non,Non,Oui,Away,76,"[5, 7, 18, 76]",True
8b809a39322e14b6,coupe-du-monde,164819,25,2026-09-08T23:06:18Z,Ecuador,Sweden,4,0,2.66,3.67,2.43,1.51,1.43,1.25,1.56,2.38,1.5,2.53,Oui,Non,Oui,Non,Non,Home,67,"[41, 45, 54, 67]",True
f00ec43de781e5ae,coupe-du-monde,164819,25,2026-09-08T23:06:18Z,New Zealand,Jordan,2,3,3.16,3.41,2.22,1.61,1.32,1.28,1.81,1.97,1.67,2.16,Oui,Oui,Non,Non,Oui,Away,89,"[27, 42, 43, 77, 89]",True
f0049a487d7b6cc9,coupe-du-monde,164819,25,2026-09-08T23:06:18Z,Cote d'Ivoire,Colombia,2,1,3.12,3.94,2.06,1.71,1.33,1.22,1.44,2.72,1.44,2.72,Oui,Oui,Oui,Non,Non,Home,88,"[85, 85, 88]",True
83c3a3375e6d545d,coupe-du-monde,164819,25,2026-09-08T23:06:18Z,IR Iran,Switzerland,1,1,3.36,3.46,2.11,1.67,1.29,1.27,1.79,2.0,1.67,2.17,Non,Oui,Non,Oui,Non,Away,32,"[7, 32]",True
d1fc0af59312b090,coupe-du-monde,164819,25,2026-09-08T23:06:18Z,Haiti,Belgium,0,1,6.71,4.62,1.44,2.69,1.08,1.16,1.53,2.47,1.76,2.03,Non,Non,Non,Non,Oui,Away,6,[6],True
5024a70ec64c5397,coupe-du-monde,164819,25,2026-09-08T23:06:18Z,Korea Republic,Panama,1,2,1.81,3.79,4.09,1.2,1.93,1.23,1.64,2.23,1.63,2.24,Oui,Oui,Non,Non,Oui,Away,82,"[3, 66, 82]",True
4239a1b7f58ce1dc,coupe-du-monde,164819,25,2026-09-08T23:06:18Z,Japan,Spain,1,2,4.26,4.02,1.74,2.03,1.19,1.21,1.53,2.45,1.57,2.35,Oui,Oui,Non,Non,Oui,Away,60,"[14, 56, 60]",True
7f858d84254b2301,coupe-du-monde,164819,25,2026-09-08T23:06:18Z,Canada,Germany,3,0,3.82,4.34,1.76,1.99,1.23,1.18,1.35,3.15,1.42,2.82,Oui,Non,Oui,Non,Non,Home,90,"[56, 84, 90]",True
417732425565ed85,coupe-du-monde,164819,25,2026-09-08T23:06:18Z,Argentina,USA,2,0,1.59,4.66,4.67,1.16,2.29,1.16,1.33,3.25,1.46,2.66,Non,Non,Oui,Non,Non,Home,62,"[60, 62]",True
60f5c02675994a09,coupe-du-monde,164819,25,2026-09-08T23:06:18Z,Czechia,Mexico,1,4,3.24,3.83,2.04,1.72,1.31,1.23,1.51,2.5,1.5,2.56,Oui,Oui,Non,Non,Oui,Away,63,"[30, 44, 52, 63, 63]",True
25e33d45ae5e95a1,coupe-du-monde,164819,25,2026-09-08T23:06:18Z,South Africa,Tunisia,2,3,3.38,3.46,2.1,1.68,1.28,1.27,1.79,1.99,1.67,2.16,Oui,Oui,Non,Non,Oui,Away,84,"[1, 20, 22, 60, 84]",True
07fd364740f0263c,coupe-du-monde,164819,25,2026-09-08T23:06:18Z,Austria,Senegal,1,1,2.75,3.61,2.39,1.53,1.41,1.25,1.61,2.28,1.53,2.45,Non,Oui,Non,Oui,Non,Home,85,"[57, 85]",True
9ba587bd3b86b6d8,coupe-du-monde,164819,25,2026-09-08T23:06:18Z,Cabo Verde,Australia,1,1,3.18,3.7,2.1,1.68,1.32,1.24,1.58,2.34,1.53,2.45,Non,Oui,Non,Oui,Non,Away,86,"[1, 86]",True
39d51bc00fa94140,coupe-du-monde,164819,25,2026-09-08T23:06:18Z,Bosnia-Herzegovina,Turkiye,2,1,3.12,3.87,2.08,1.7,1.33,1.22,1.48,2.61,1.46,2.65,Oui,Oui,Oui,Non,Non,Home,78,"[77, 77, 78]",True
51532895a812023b,coupe-du-monde,164819,25,2026-09-08T23:06:18Z,Uruguay,Congo DR,3,1,1.5,4.41,6.01,1.1,2.49,1.18,1.55,2.42,1.72,2.09,Oui,Oui,Oui,Non,Non,Home,60,"[23, 38, 59, 60]",True
1d517ce53ea9b244,coupe-du-monde,164819,25,2026-09-08T23:06:18Z,England,Scotland,2,1,1.56,4.56,4.97,1.14,2.33,1.17,1.39,2.95,1.52,2.48,Oui,Oui,Oui,Non,Non,Home,84,"[80, 82, 84]",True
e33efd967eaeb4bf,coupe-du-monde,164819,27,2026-09-08T23:10:18Z,Argentina,Croatia,2,1,1.82,4.08,3.78,1.23,1.93,1.2,1.44,2.72,1.48,2.6,Oui,Oui,Oui,Non,Non,Away,71,"[23, 29, 71]",True
2400def64d23610b,coupe-du-monde,164819,27,2026-09-08T23:10:18Z,Ecuador,Haiti,0,1,1.65,4.11,4.75,1.16,2.16,1.2,1.55,2.41,1.62,2.25,Non,Non,Non,Non,Oui,Away,76,[76],True
44be44bb5e163f84,coupe-du-monde,164819,27,2026-09-08T23:10:18Z,IR Iran,USA,2,3,2.65,3.72,2.42,1.52,1.44,1.24,1.53,2.45,1.48,2.59,Oui,Oui,Non,Non,Oui,Home,68,"[11, 14, 36, 57, 68]",True
b4803a20498da3ae,coupe-du-monde,164819,27,2026-09-08T23:10:18Z,Korea Republic,Colombia,1,0,3.03,3.88,2.12,1.67,1.34,1.22,1.47,2.64,1.46,2.68,Non,Non,Oui,Non,Non,Home,81,[81],True
beefca7ef0dcd109,coupe-du-monde,164819,27,2026-09-08T23:10:18Z,Canada,Switzerland,2,3,3.77,3.78,1.89,1.85,1.23,1.23,1.6,2.29,1.58,2.34,Oui,Oui,Non,Non,Oui,Home,82,"[1, 36, 50, 65, 82]",True
b1b0900ef7405357,coupe-du-monde,164819,27,2026-09-08T23:10:18Z,Cote d'Ivoire,Tunisia,1,0,2.4,3.53,2.79,1.4,1.53,1.26,1.68,2.16,1.58,2.35,Non,Non,Oui,Non,Non,Home,54,[54],True
badc138ddf03e5a4,coupe-du-monde,164819,27,2026-09-08T23:10:18Z,Saudi Arabia,Curacao,2,1,1.81,3.79,4.12,1.2,1.94,1.23,1.64,2.22,1.63,2.23,Oui,Oui,Oui,Non,Non,Home,84,"[15, 66, 84]",True
6ba41d9341c482be,coupe-du-monde,164819,27,2026-09-08T23:10:18Z,Czechia,Panama,1,1,1.95,3.62,3.69,1.24,1.79,1.25,1.7,2.11,1.64,2.22,Non,Oui,Non,Oui,Non,Home,75,"[70, 75]",True
3067ca72bff1d0cc,coupe-du-monde,164819,27,2026-09-08T23:10:18Z,New Zealand,Congo DR,0,2,2.96,3.5,2.29,1.58,1.36,1.27,1.71,2.11,1.6,2.3,Non,Non,Non,Non,Oui,Away,83,"[70, 83]",True
62a7a9a897c60afe,coupe-du-monde,164819,27,2026-09-08T23:10:18Z,Norway,Spain,1,3,4.65,4.26,1.64,2.18,1.16,1.19,1.46,2.65,1.56,2.4,Oui,Oui,Non,Non,Oui,Away,81,"[39, 44, 45, 81]",True
ab47a80fa21d8cc4,coupe-du-monde,164819,27,2026-09-08T23:10:18Z,South Africa,Japan,0,0,4.78,4.07,1.65,2.16,1.15,1.21,1.57,2.36,1.64,2.21,Non,Non,Non,Oui,Non,,,[],True
ffae99a37d1f0621,coupe-du-monde,164819,27,2026-09-08T23:10:18Z,Paraguay,Uzbekistan,1,2,2.33,3.62,2.82,1.39,1.56,1.25,1.6,2.29,1.53,2.46,Oui,Oui,Non,Non,Oui,Home,86,"[2, 77, 86]",True
b1e9d1d3a80818cf,coupe-du-monde,164819,27,2026-09-08T23:10:18Z,Bosnia-Herzegovina,Australia,0,4,3.42,3.83,1.98,1.77,1.28,1.23,1.53,2.45,1.52,2.5,Oui,Non,Non,Non,Oui,Away,67,"[2, 27, 52, 67]",True
049d6071787ca075,coupe-du-monde,164819,27,2026-09-08T23:10:18Z,Brazil,France,0,2,3.03,4.16,2.04,1.72,1.35,1.2,1.34,3.2,1.37,3.02,Non,Non,Non,Non,Oui,Away,78,"[46, 78]",True
6b8d8a1cf95cd0d3,coupe-du-monde,164819,27,2026-09-08T23:10:18Z,Algeria,Mexico,2,3,3.07,3.74,2.14,1.65,1.34,1.24,1.55,2.41,1.51,2.52,Oui,Oui,Non,Non,Oui,Away,66,"[24, 29, 54, 57, 66]",True
8f2a0ed9b0e05d36,coupe-du-monde,164819,27,2026-09-08T23:10:18Z,Iraq,Ghana,1,0,2.48,3.57,2.66,1.44,1.5,1.26,1.64,2.22,1.55,2.4,Non,Non,Oui,Non,Non,Home,13,[13],True
6669a51f5fd72956,coupe-du-monde,164819,27,2026-09-08T23:10:18Z,Egypt,Jordan,1,2,2.1,3.46,3.38,1.28,1.68,1.27,1.79,1.99,1.68,2.16,Oui,Oui,Non,Non,Oui,Away,85,"[13, 72, 85]",True
08b89bea139356c3,coupe-du-monde,164819,27,2026-09-08T23:10:18Z,Senegal,Netherlands,3,0,2.69,3.82,2.35,1.55,1.43,1.23,1.48,2.62,1.45,2.71,Oui,Non,Oui,Non,Non,Home,81,"[1, 14, 81]",True
21ff052436e398ff,coupe-du-monde,164819,27,2026-09-08T23:10:18Z,England,Sweden,4,0,1.82,3.97,3.85,1.23,1.92,1.21,1.5,2.53,1.53,2.47,Oui,Non,Oui,Non,Non,Home,73,"[9, 57, 58, 73]",True
832994d9b1274eaf,coupe-du-monde,164819,27,2026-09-08T23:10:18Z,Cabo Verde,Portugal,1,3,5.46,4.58,1.52,2.44,1.12,1.17,1.43,2.78,1.59,2.32,Oui,Oui,Non,Non,Oui,Away,78,"[5, 67, 70, 78]",True
9450e75c98b1b63c,coupe-du-monde,164819,27,2026-09-08T23:10:18Z,Austria,Germany,3,1,3.07,3.97,2.07,1.7,1.34,1.22,1.42,2.8,1.43,2.78,Oui,Oui,Oui,Non,Non,Home,89,"[26, 27, 54, 89]",True
f87eb5e54d39ff4c,coupe-du-monde,164819,27,2026-09-08T23:10:18Z,Qatar,Turkiye,0,0,2.54,3.84,2.47,1.5,1.47,1.23,1.46,2.66,1.44,2.74,Non,Non,Non,Oui,Non,,,[],True
dc912eaa026db863,coupe-du-monde,164819,27,2026-09-08T23:10:18Z,Morocco,Belgium,1,0,2.1,3.36,3.5,1.27,1.68,1.29,1.9,1.87,1.75,2.05,Non,Non,Oui,Non,Non,Home,56,[56],True
58ce6341fdedd16c,coupe-du-monde,164819,27,2026-09-08T23:10:18Z,Uruguay,Scotland,0,2,1.68,4.14,4.45,1.17,2.1,1.2,1.5,2.55,1.56,2.38,Non,Non,Non,Non,Oui,Away,89,"[64, 89]",True
4bf87c7e9c443c37,coupe-du-monde,164819,30,2026-09-08T23:16:18Z,Scotland,Qatar,2,3,2.45,3.82,2.56,1.47,1.5,1.23,1.48,2.62,1.45,2.71,Oui,Oui,Non,Non,Oui,Away,73,"[17, 40, 50, 69, 73]",True
fd14ec884a41a2f4,coupe-du-monde,164819,30,2026-09-08T23:16:18Z,Portugal,New Zealand,4,1,1.34,5.53,7.65,1.06,3.15,1.12,1.34,3.19,1.67,2.16,Oui,Oui,Oui,Non,Non,Home,76,"[7, 19, 22, 50, 76]",True
ba2987499a8bd19b,coupe-du-monde,164819,30,2026-09-08T23:16:18Z,Jordan,Paraguay,1,2,2.78,3.5,2.41,1.52,1.4,1.27,1.7,2.12,1.59,2.32,Oui,Oui,Non,Non,Oui,Away,61,"[27, 55, 61]",True
7b43bced7bf8954d,coupe-du-monde,164819,30,2026-09-08T23:16:18Z,Ecuador,Cote d'Ivoire,2,1,2.51,3.73,2.54,1.47,1.48,1.24,1.52,2.48,1.48,2.61,Oui,Oui,Oui,Non,Non,Home,80,"[17, 79, 80]",True
96b0ae206dd68640,coupe-du-monde,164819,30,2026-09-08T23:16:18Z,Norway,Morocco,3,2,4.18,3.55,1.85,1.89,1.2,1.26,1.82,1.95,1.76,2.04,Oui,Oui,Oui,Non,Non,Away,82,"[12, 31, 31, 64, 82]",True
13761d8d3e6ab979,coupe-du-monde,164819,30,2026-09-08T23:16:18Z,Croatia,Algeria,3,1,2.04,3.67,3.36,1.29,1.72,1.25,1.63,2.25,1.57,2.36,Oui,Oui,Oui,Non,Non,Home,88,"[15, 30, 73, 88]",True
0d98a32c17b0159c,coupe-du-monde,164819,30,2026-09-08T23:16:18Z,Turkiye,Iraq,2,1,2.29,3.69,2.84,1.39,1.57,1.24,1.56,2.39,1.5,2.53,Oui,Oui,Oui,Non,Non,Away,85,"[21, 84, 85]",True
068cf4f86bd15fe1,coupe-du-monde,164819,30,2026-09-08T23:16:18Z,Spain,Uruguay,2,1,1.9,3.77,3.71,1.24,1.83,1.24,1.6,2.29,1.58,2.34,Oui,Oui,Oui,Non,Non,Home,80,"[4, 29, 80]",True
9a2ec56ca9476387,coupe-du-monde,164819,30,2026-09-08T23:16:18Z,Ghana,Austria,1,0,3.79,3.88,1.86,1.88,1.23,1.22,1.55,2.41,1.55,2.41,Non,Non,Oui,Non,Non,Home,28,[28],True
8b1575ff8767ccdf,coupe-du-monde,164819,30,2026-09-08T23:16:18Z,South Africa,England,0,2,6.89,4.97,1.4,2.83,1.07,1.14,1.42,2.79,1.69,2.14,Non,Non,Non,Non,Oui,Away,62,"[35, 62]",True
0bf3fad568c47c34,coupe-du-monde,164819,30,2026-09-08T23:16:18Z,Switzerland,Netherlands,1,1,2.7,3.72,2.38,1.53,1.42,1.24,1.54,2.44,1.49,2.58,Non,Oui,Non,Oui,Non,Away,83,"[71, 83]",True
83b22d3b30d81151,coupe-du-monde,164819,30,2026-09-08T23:16:18Z,Colombia,IR Iran,0,3,2.22,3.71,2.94,1.36,1.61,1.24,1.56,2.39,1.51,2.51,Oui,Non,Non,Non,Oui,Away,85,"[83, 84, 85]",True
6cca02a09b73c1d1,coupe-du-monde,164819,30,2026-09-08T23:16:18Z,Australia,Egypt,2,1,2.57,3.56,2.56,1.47,1.46,1.26,1.64,2.22,1.55,2.4,Oui,Oui,Oui,Non,Non,Home,78,"[27, 33, 78]",True
f899480aa62d1fab,coupe-du-monde,164819,30,2026-09-08T23:16:18Z,Tunisia,Argentina,0,4,5.5,4.43,1.53,2.41,1.12,1.18,1.49,2.56,1.64,2.21,Oui,Non,Non,Non,Oui,Away,79,"[10, 24, 61, 79]",True
a910615287e1c7a4,coupe-du-monde,164819,30,2026-09-08T23:16:18Z,Sweden,Bosnia-Herzegovina,1,0,1.95,3.77,3.56,1.26,1.79,1.24,1.59,2.33,1.56,2.39,Non,Non,Oui,Non,Non,Home,56,[56],True
33bc29e16bb1ebf6,coupe-du-monde,164819,30,2026-09-08T23:16:18Z,Panama,Canada,3,2,3.33,3.65,2.06,1.71,1.29,1.25,1.63,2.23,1.57,2.36,Oui,Oui,Oui,Non,Non,Home,69,"[13, 15, 23, 64, 69]",True
1679b4576b09e012,coupe-du-monde,164819,30,2026-09-08T23:16:18Z,Belgium,Korea Republic,1,0,1.99,3.87,3.33,1.29,1.76,1.22,1.5,2.53,1.49,2.56,Non,Non,Oui,Non,Non,Home,63,[63],True
64d6adf7632acd95,coupe-du-monde,164819,30,2026-09-08T23:16:18Z,Japan,Saudi Arabia,1,2,1.75,3.98,4.2,1.19,2.01,1.21,1.54,2.43,1.58,2.35,Oui,Oui,Non,Non,Oui,Away,57,"[18, 44, 57]",True
3019cc1cc45a96e0,coupe-du-monde,164819,30,2026-09-08T23:16:18Z,Congo DR,Brazil,0,3,6.29,4.87,1.44,2.69,1.09,1.15,1.41,2.85,1.64,2.23,Oui,Non,Non,Non,Oui,Away,88,"[35, 82, 88]",True
d8c98e10867b8dca,coupe-du-monde,164819,30,2026-09-08T23:16:18Z,Haiti,Cabo Verde,0,3,3.82,3.69,1.9,1.84,1.23,1.24,1.67,2.16,1.63,2.23,Oui,Non,Non,Non,Oui,Away,71,"[27, 56, 71]",True
78b655c2e0c7212b,coupe-du-monde,164819,30,2026-09-08T23:16:18Z,Curacao,Czechia,1,2,5.1,4.05,1.62,2.22,1.14,1.21,1.62,2.27,1.7,2.12,Oui,Oui,Non,Non,Oui,Home,87,"[20, 42, 87]",True
cbd3f931686ee1d9,coupe-du-monde,164819,30,2026-09-08T23:16:18Z,France,Uzbekistan,1,3,1.29,5.91,8.73,1.04,3.46,1.1,1.33,3.26,1.74,2.06,Oui,Oui,Non,Non,Oui,Home,59,"[22, 33, 34, 59]",True
cfb5a5a8ee0d9382,coupe-du-monde,164819,30,2026-09-08T23:16:18Z,Mexico,Germany,2,2,2.9,4.05,2.13,1.66,1.37,1.21,1.37,3.01,1.39,2.94,Oui,Oui,Non,Oui,Non,Home,85,"[42, 43, 83, 85]",True
8d37f9fa0f9dfc4a,coupe-du-monde,164819,30,2026-09-08T23:16:18Z,USA,Senegal,0,5,2.73,3.75,2.34,1.55,1.41,1.24,1.52,2.5,1.47,2.62,Oui,Non,Non,Non,Oui,Away,79,"[33, 37, 43, 54, 79]",True
6c653f2bd9ff4746,coupe-du-monde,164819,32,2026-09-08T23:20:18Z,France,Austria,2,2,1.57,4.51,4.99,1.14,2.32,1.17,1.4,2.87,1.54,2.44,Oui,Oui,Non,Oui,Non,Home,85,"[5, 6, 66, 85]",True
fb5f96e402411b05,coupe-du-monde,164819,32,2026-09-08T23:20:18Z,Japan,Argentina,1,3,3.65,4.12,1.84,1.9,1.25,1.2,1.41,2.83,1.45,2.69,Oui,Oui,Non,Non,Oui,Home,60,"[24, 34, 58, 60]",True
c1df00e428f37774,coupe-du-monde,164819,32,2026-09-08T23:20:18Z,Mexico,Switzerland,0,0,2.89,3.57,2.31,1.57,1.38,1.26,1.65,2.2,1.57,2.37,Non,Non,Non,Oui,Non,,,[],True
84317e0a0497465e,coupe-du-monde,164819,32,2026-09-08T23:20:18Z,Scotland,Brazil,0,0,4.52,4.54,1.62,2.22,1.17,1.17,1.35,3.14,1.46,2.65,Non,Non,Non,Oui,Non,,,[],True
25ecdb798c16b2dd,coupe-du-monde,164819,32,2026-09-08T23:20:18Z,Turkiye,Uzbekistan,1,1,2.09,3.87,3.1,1.33,1.69,1.22,1.48,2.61,1.46,2.65,Non,Oui,Non,Oui,Non,Away,86,"[29, 86]",True
64a63e1266b177fd,coupe-du-monde,164819,32,2026-09-08T23:20:18Z,Sweden,Qatar,3,1,2.15,3.72,3.06,1.34,1.65,1.24,1.56,2.4,1.51,2.51,Oui,Oui,Oui,Non,Non,Home,71,"[19, 35, 62, 71]",True
7cc550550a6da480,coupe-du-monde,164819,32,2026-09-08T23:20:18Z,England,Cote d'Ivoire,2,2,1.69,4.21,4.34,1.18,2.1,1.19,1.45,2.7,1.52,2.48,Oui,Oui,Non,Oui,Non,Away,88,"[7, 24, 57, 88]",True
fd4dc4ce31094bbf,coupe-du-monde,164819,32,2026-09-08T23:20:18Z,Spain,New Zealand,2,2,1.23,6.15,11.89,1.01,3.98,1.09,1.43,2.78,2.06,1.74,Oui,Oui,Non,Oui,Non,Home,88,"[26, 27, 81, 88]",True
883c5ddfc80c4bbc,coupe-du-monde,164819,32,2026-09-08T23:20:18Z,Ecuador,Korea Republic,1,2,2.57,3.73,2.48,1.49,1.46,1.24,1.53,2.46,1.48,2.59,Oui,Oui,Non,Non,Oui,Home,49,"[18, 37, 49]",True
2a1e4ea6592e3c5f,coupe-du-monde,164819,32,2026-09-08T23:20:18Z,Congo DR,Paraguay,1,2,2.98,3.59,2.24,1.6,1.35,1.26,1.65,2.21,1.57,2.37,Oui,Oui,Non,Non,Oui,Away,49,"[14, 21, 49]",True
060fb5b9e0876bab,coupe-du-monde,164819,32,2026-09-08T23:20:18Z,Panama,Germany,2,1,6.05,4.76,1.46,2.61,1.1,1.16,1.42,2.79,1.63,2.24,Oui,Oui,Oui,Non,Non,Away,52,"[21, 37, 52]",True
33f53a31dab77597,coupe-du-monde,164819,32,2026-09-08T23:20:18Z,Jordan,Ghana,0,1,2.64,3.48,2.55,1.47,1.44,1.27,1.71,2.1,1.59,2.31,Non,Non,Non,Non,Oui,Away,31,[31],True
e8a42066d9b70cd8,coupe-du-monde,164819,32,2026-09-08T23:20:18Z,Australia,Iraq,3,0,2.07,3.72,3.25,1.3,1.7,1.24,1.59,2.33,1.54,2.43,Oui,Non,Oui,Non,Non,Home,83,"[42, 55, 83]",True
a5a8ff795a7033e5,coupe-du-monde,164819,32,2026-09-08T23:20:18Z,Belgium,Czechia,2,0,1.92,3.87,3.57,1.26,1.82,1.22,1.52,2.48,1.52,2.49,Non,Non,Oui,Non,Non,Home,84,"[56, 84]",True
a77aecef021f79be,coupe-du-monde,164819,32,2026-09-08T23:20:18Z,Portugal,Egypt,0,0,1.75,4.14,4.04,1.21,2.01,1.2,1.45,2.72,1.5,2.55,Non,Non,Non,Oui,Non,,,[],True
5109c0120b20bbfc,coupe-du-monde,164819,32,2026-09-08T23:20:18Z,Morocco,Cabo Verde,2,0,1.51,4.0,6.83,1.07,2.48,1.21,1.85,1.93,2.03,1.77,Non,Non,Oui,Non,Non,Home,87,"[15, 87]",True
432fade0dfc310dd,coupe-du-monde,164819,32,2026-09-08T23:20:18Z,USA,Netherlands,2,1,3.03,4.07,2.07,1.7,1.35,1.21,1.38,3.0,1.39,2.92,Oui,Oui,Oui,Non,Non,Home,81,"[76, 77, 81]",True
1611864adc4fa9e3,coupe-du-monde,164819,32,2026-09-08T23:20:18Z,Curacao,Algeria,0,3,5.53,4.16,1.57,2.33,1.12,1.2,1.61,2.28,1.73,2.07,Oui,Non,Non,Non,Oui,Away,74,"[67, 68, 74]",True
6d62f3753c311c0c,coupe-du-monde,164819,32,2026-09-08T23:20:18Z,Norway,Saudi Arabia,4,0,1.78,4.07,3.94,1.22,1.97,1.21,1.47,2.64,1.51,2.52,Oui,Non,Oui,Non,Non,Home,86,"[8, 51, 74, 86]",True
69b277c48b6b461c,coupe-du-monde,164819,32,2026-09-08T23:20:18Z,Haiti,Bosnia-Herzegovina,0,1,3.49,3.62,2.01,1.74,1.27,1.25,1.67,2.17,1.61,2.29,Non,Non,Non,Non,Oui,Away,53,[53],True
085215314dc7dae8,coupe-du-monde,164819,32,2026-09-08T23:20:18Z,South Africa,Uruguay,0,3,6.38,4.55,1.46,2.61,1.09,1.17,1.52,2.48,1.73,2.07,Oui,Non,Non,Non,Oui,Away,49,"[10, 15, 49]",True
5599cdce2c7aa043,coupe-du-monde,164819,32,2026-09-08T23:20:18Z,Tunisia,IR Iran,1,1,2.96,3.37,2.35,1.55,1.36,1.29,1.83,1.95,1.67,2.16,Non,Oui,Non,Oui,Non,Home,88,"[26, 88]",True
014cdb12f3bfa637,coupe-du-monde,164819,32,2026-09-08T23:20:18Z,Croatia,Senegal,1,0,2.53,3.47,2.65,1.44,1.48,1.27,1.71,2.1,1.6,2.31,Non,Non,Oui,Non,Non,Home,69,[69],True
34c8e8e5ce456af9,coupe-du-monde,164819,32,2026-09-08T23:20:18Z,Colombia,Canada,3,1,1.91,4.01,3.48,1.27,1.83,1.21,1.45,2.7,1.47,2.64,Oui,Oui,Oui,Non,Non,Home,73,"[26, 27, 47, 73]",True
674ed588a1d391a3,coupe-du-monde,164819,35,2026-09-08T23:26:18Z,Iraq,Sweden,2,2,3.33,3.58,2.08,1.69,1.29,1.26,1.68,2.15,1.61,2.29,Oui,Oui,Non,Oui,Non,Away,85,"[4, 9, 22, 85]",True
42ee037777d2d1a6,coupe-du-monde,164819,35,2026-09-08T23:26:18Z,France,Congo DR,5,0,1.26,6.03,9.83,1.02,3.67,1.1,1.36,3.08,1.84,1.94,Oui,Non,Oui,Non,Non,Home,88,"[25, 31, 35, 62, 88]",True
a515b18eda2b2aa8,coupe-du-monde,164819,35,2026-09-08T23:26:18Z,Algeria,Japan,0,1,3.23,3.7,2.08,1.69,1.31,1.24,1.59,2.32,1.54,2.43,Non,Non,Non,Non,Oui,Away,86,[86],True
9003619155d9994d,coupe-du-monde,164819,35,2026-09-08T23:26:18Z,Korea Republic,Cabo Verde,2,1,2.16,3.66,3.09,1.33,1.64,1.25,1.6,2.29,1.54,2.43,Oui,Oui,Oui,Non,Non,Home,82,"[51, 51, 82]",True
8d27ae4fc2a670c1,coupe-du-monde,164819,35,2026-09-08T23:26:18Z,Switzerland,Croatia,1,2,2.39,3.44,2.86,1.38,1.53,1.28,1.76,2.03,1.63,2.24,Oui,Oui,Non,Non,Oui,Away,63,"[22, 61, 63]",True
fda922dfe7f2db80,coupe-du-monde,164819,35,2026-09-08T23:26:18Z,Ghana,Australia,1,2,3.57,3.88,1.91,1.83,1.26,1.22,1.52,2.47,1.52,2.48,Oui,Oui,Non,Non,Oui,Home,88,"[61, 78, 88]",True
4f953e02a978cab6,coupe-du-monde,164819,35,2026-09-08T23:26:18Z,Canada,Belgium,2,3,3.89,4.07,1.79,1.95,1.22,1.21,1.46,2.66,1.5,2.54,Oui,Oui,Non,Non,Oui,Away,80,"[27, 42, 43, 58, 80]",True
b31f33d3c2660c64,coupe-du-monde,164819,35,2026-09-08T23:26:18Z,Senegal,Tunisia,3,1,2.01,3.49,3.6,1.25,1.74,1.27,1.79,2.0,1.69,2.14,Oui,Oui,Oui,Non,Non,Home,90,"[8, 59, 88, 90]",True
fc80a5d6368f52d2,coupe-du-monde,164819,35,2026-09-08T23:26:18Z,Qatar,South Africa,2,1,2.07,3.73,3.24,1.31,1.7,1.24,1.57,2.36,1.53,2.46,Oui,Oui,Oui,Non,Non,Away,82,"[58, 60, 82]",True
b3739956fa8d26a4,coupe-du-monde,164819,35,2026-09-08T23:26:18Z,Uruguay,Saudi Arabia,2,0,1.55,4.39,5.38,1.12,2.37,1.18,1.5,2.56,1.64,2.23,Non,Non,Oui,Non,Non,Home,40,"[27, 40]",True
baaba58367a3807b,coupe-du-monde,164819,35,2026-09-08T23:26:18Z,Mexico,Panama,2,1,1.63,4.17,4.87,1.15,2.2,1.2,1.53,2.46,1.62,2.26,Oui,Oui,Oui,Non,Non,Away,62,"[26, 29, 62]",True
f94b0b95e247c707,coupe-du-monde,164819,35,2026-09-08T23:26:18Z,Egypt,Haiti,3,1,1.65,3.96,5.0,1.14,2.17,1.22,1.66,2.19,1.72,2.09,Oui,Oui,Oui,Non,Non,Home,88,"[33, 43, 50, 88]",True
d0a79b068c61ba5b,coupe-du-monde,164819,35,2026-09-08T23:26:18Z,Paraguay,Portugal,1,2,5.18,4.67,1.53,2.41,1.13,1.16,1.37,3.01,1.53,2.46,Oui,Oui,Non,Non,Oui,Home,82,"[20, 68, 82]",True
791aa5b6dff7919b,coupe-du-monde,164819,35,2026-09-08T23:26:18Z,Brazil,Spain,1,1,3.36,4.08,1.93,1.81,1.29,1.2,1.4,2.89,1.43,2.78,Non,Oui,Non,Oui,Non,Away,61,"[54, 61]",True
a99bd898e5808528,coupe-du-monde,164819,35,2026-09-08T23:26:18Z,Bosnia-Herzegovina,Cote d'Ivoire,2,1,3.56,3.87,1.92,1.82,1.26,1.22,1.52,2.47,1.52,2.49,Oui,Oui,Oui,Non,Non,Home,89,"[33, 59, 89]",True
a901a15fac26be79,coupe-du-monde,164819,35,2026-09-08T23:26:18Z,New Zealand,Morocco,0,2,9.54,4.65,1.35,3.07,1.03,1.16,1.75,2.05,2.21,1.65,Non,Non,Non,Non,Oui,Away,73,"[66, 73]",True
a7847077de45dd84,coupe-du-monde,164819,35,2026-09-08T23:26:18Z,Argentina,England,1,3,2.28,3.99,2.69,1.43,1.58,1.21,1.38,2.96,1.39,2.94,Oui,Oui,Non,Non,Oui,Away,83,"[6, 48, 69, 83]",True
7728451cc03bbffd,coupe-du-monde,164819,35,2026-09-08T23:26:18Z,Uzbekistan,Scotland,0,1,3.1,3.79,2.11,1.67,1.33,1.23,1.52,2.48,1.49,2.57,Non,Non,Non,Non,Oui,Away,33,[33],True
302cc16d2a329a97,coupe-du-monde,164819,35,2026-09-08T23:26:18Z,Czechia,Norway,3,1,3.08,3.81,2.11,1.67,1.33,1.23,1.51,2.51,1.49,2.59,Oui,Oui,Oui,Non,Non,Away,83,"[19, 55, 71, 83]",True
235d55975d2725f6,coupe-du-monde,164819,35,2026-09-08T23:26:18Z,Jordan,Turkiye,3,1,3.21,3.68,2.1,1.68,1.31,1.25,1.6,2.3,1.55,2.42,Oui,Oui,Oui,Non,Non,Away,90,"[17, 20, 65, 90]",True
9389ed23699ea617,coupe-du-monde,164819,35,2026-09-08T23:26:18Z,Netherlands,Colombia,0,2,2.34,4.02,2.6,1.45,1.55,1.21,1.37,3.03,1.38,2.99,Non,Non,Non,Non,Oui,Away,14,"[12, 14]",True
39daa4ddde4287ef,coupe-du-monde,164819,35,2026-09-08T23:26:18Z,Germany,Curacao,1,1,1.3,5.71,8.8,1.04,3.4,1.11,1.37,3.04,1.78,2.01,Non,Oui,Non,Oui,Non,Away,82,"[25, 82]",True
a9d31711c84ae7f8,coupe-du-monde,164819,35,2026-09-08T23:26:18Z,IR Iran,Ecuador,1,0,2.53,3.63,2.57,1.46,1.48,1.25,1.6,2.31,1.52,2.48,Non,Non,Oui,Non,Non,Home,63,[63],True
f3b3fe2bb47ff01c,coupe-du-monde,164819,35,2026-09-08T23:26:18Z,Austria,USA,2,2,2.42,3.85,2.58,1.46,1.52,1.23,1.46,2.68,1.44,2.75,Oui,Oui,Non,Oui,Non,Away,71,"[14, 32, 57, 71]",True
eff6cd74ccc0660f,coupe-du-monde,164819,37,2026-09-08T23:30:18Z,Switzerland,Curacao,2,1,1.37,4.76,8.36,1.04,2.98,1.15,1.62,2.27,1.98,1.8,Oui,Oui,Oui,Non,Non,Home,44,"[32, 37, 44]",True
dc3a78c0f5c99a0c,coupe-du-monde,164819,37,2026-09-08T23:30:18Z,Czechia,Cabo Verde,1,0,2.26,3.56,2.97,1.36,1.59,1.26,1.67,2.17,1.58,2.35,Non,Non,Oui,Non,Non,Home,52,[52],True
b534298ab2930bb8,coupe-du-monde,164819,37,2026-09-08T23:30:18Z,New Zealand,Saudi Arabia,1,5,3.09,3.57,2.19,1.63,1.33,1.26,1.66,2.18,1.58,2.34,Oui,Oui,Non,Non,Oui,Home,90,"[9, 17, 39, 80, 87, 90]",True
b5844abaa8847a89,coupe-du-monde,164819,37,2026-09-08T23:30:18Z,USA,Croatia,1,2,2.79,3.77,2.29,1.58,1.4,1.23,1.51,2.52,1.47,2.63,Oui,Oui,Non,Non,Oui,Home,73,"[20, 65, 73]",True
11b9a3cae1f9dca4,coupe-du-monde,164819,37,2026-09-08T23:30:18Z,Mexico,Colombia,2,1,2.62,3.89,2.37,1.54,1.45,1.22,1.43,2.76,1.42,2.8,Oui,Oui,Oui,Non,Non,Home,68,"[33, 55, 68]",True
1754bb58cd515abf,coupe-du-monde,164819,37,2026-09-08T23:30:18Z,Uzbekistan,Sweden,2,3,3.67,3.83,1.9,1.84,1.25,1.23,1.56,2.39,1.55,2.41,Oui,Oui,Non,Non,Oui,Home,73,"[28, 31, 53, 60, 73]",True
f1dd713615eb4cde,coupe-du-monde,164819,37,2026-09-08T23:30:18Z,Iraq,Haiti,3,1,1.9,3.68,3.82,1.23,1.84,1.25,1.68,2.15,1.64,2.23,Oui,Oui,Oui,Non,Non,Home,78,"[5, 17, 74, 78]",True
c737749ee7460dff,coupe-du-monde,164819,37,2026-09-08T23:30:18Z,Austria,Panama,1,2,1.73,3.89,4.42,1.18,2.03,1.22,1.62,2.26,1.65,2.21,Oui,Oui,Non,Non,Oui,Away,84,"[26, 35, 84]",True
e737e35aff3baa95,coupe-du-monde,164819,37,2026-09-08T23:30:18Z,Qatar,Cote d'Ivoire,3,2,2.83,3.8,2.25,1.59,1.39,1.23,1.5,2.55,1.47,2.65,Oui,Oui,Oui,Non,Non,Home,84,"[6, 17, 52, 55, 84]",True
b821f88b02300021,coupe-du-monde,164819,37,2026-09-08T23:30:18Z,Senegal,Japan,1,2,2.69,3.55,2.46,1.5,1.43,1.26,1.65,2.21,1.56,2.4,Oui,Oui,Non,Non,Oui,Away,75,"[18, 59, 75]",True
34fcf0fb77aac1a8,coupe-du-monde,164819,37,2026-09-08T23:30:18Z,Jordan,Australia,2,0,3.44,3.69,2.01,1.75,1.28,1.24,1.62,2.27,1.57,2.37,Non,Non,Oui,Non,Non,Home,63,"[24, 63]",True
ba886f018ba6966d,coupe-du-monde,164819,37,2026-09-08T23:30:18Z,Argentina,Uruguay,2,2,2.11,3.9,3.03,1.34,1.67,1.22,1.45,2.68,1.45,2.71,Oui,Oui,Non,Oui,Non,Home,72,"[34, 46, 71, 72]",True
20d122c81ee4359e,coupe-du-monde,164819,37,2026-09-08T23:30:18Z,France,Scotland,0,1,1.4,5.2,6.55,1.08,2.84,1.13,1.34,3.18,1.6,2.3,Non,Non,Non,Non,Oui,Away,30,[30],True
40e5be79d3ed6d7a,coupe-du-monde,164819,37,2026-09-08T23:30:18Z,IR Iran,England,1,0,4.2,4.07,1.73,2.03,1.19,1.21,1.5,2.55,1.55,2.42,Non,Non,Oui,Non,Non,Home,58,[58],True
437ba1c0ec411c24,coupe-du-monde,164819,37,2026-09-08T23:30:18Z,Ghana,Portugal,1,4,5.85,5.02,1.45,2.65,1.1,1.14,1.33,3.24,1.54,2.43,Oui,Oui,Non,Non,Oui,Away,84,"[9, 30, 47, 76, 84]",True
3e73a7ff33c6acd3,coupe-du-monde,164819,37,2026-09-08T23:30:18Z,Germany,Belgium,0,2,2.44,3.93,2.53,1.48,1.51,1.22,1.41,2.85,1.4,2.87,Non,Non,Non,Non,Oui,Away,57,"[30, 57]",True
3d46bb8271dc5bea,coupe-du-monde,164819,37,2026-09-08T23:30:18Z,Turkiye,Congo DR,0,0,2.04,3.72,3.33,1.29,1.72,1.24,1.59,2.32,1.55,2.42,Non,Non,Non,Oui,Non,,,[],True
89dbf32a88b6d15f,coupe-du-monde,164819,37,2026-09-08T23:30:18Z,Netherlands,Tunisia,0,0,1.86,3.87,3.8,1.23,1.88,1.22,1.56,2.39,1.56,2.39,Non,Non,Non,Oui,Non,,,[],True
b41194b29325babc,coupe-du-monde,164819,37,2026-09-08T23:30:18Z,Brazil,South Africa,3,2,1.44,4.88,6.31,1.09,2.7,1.15,1.41,2.86,1.64,2.23,Oui,Oui,Oui,Non,Non,Away,90,"[18, 41, 46, 89, 90]",True
ac7ca64ef9dbb6ed,coupe-du-monde,164819,37,2026-09-08T23:30:18Z,Egypt,Morocco,1,0,5.15,3.58,1.71,2.07,1.13,1.26,1.96,1.82,1.93,1.84,Non,Non,Oui,Non,Non,Home,3,[3],True
3f3ffa42eabd6287,coupe-du-monde,164819,37,2026-09-08T23:30:18Z,Canada,Ecuador,2,1,2.83,3.79,2.26,1.59,1.39,1.23,1.5,2.54,1.47,2.64,Oui,Oui,Oui,Non,Non,Home,74,"[22, 36, 74]",True
b53893b0e1dc2ee6,coupe-du-monde,164819,37,2026-09-08T23:30:18Z,Bosnia-Herzegovina,Korea Republic,0,2,3.32,3.8,2.02,1.74,1.29,1.23,1.54,2.43,1.52,2.5,Non,Non,Non,Non,Oui,Away,89,"[53, 89]",True
3d65341426563f79,coupe-du-monde,164819,37,2026-09-08T23:30:18Z,Algeria,Norway,0,0,3.33,3.83,2.01,1.75,1.29,1.23,1.52,2.48,1.5,2.53,Non,Non,Non,Oui,Non,,,[],True
3b176292a525ddb2,coupe-du-monde,164819,37,2026-09-08T23:30:18Z,Paraguay,Spain,0,0,7.04,4.9,1.4,2.84,1.07,1.15,1.46,2.66,1.74,2.07,Non,Non,Non,Oui,Non,,,[],True
8af135bd05bf0f33,coupe-du-monde,164819,40,2026-09-08T23:36:18Z,New Zealand,Czechia,1,4,4.03,3.73,1.84,1.9,1.21,1.24,1.67,2.17,1.65,2.21,Oui,Oui,Non,Non,Oui,Home,83,"[37, 43, 45, 49, 83]",True
f61746694264ecff,coupe-du-monde,164819,40,2026-09-08T23:36:18Z,Saudi Arabia,Brazil,1,3,6.49,5.14,1.41,2.82,1.08,1.13,1.35,3.13,1.6,2.29,Oui,Oui,Non,Non,Oui,Away,86,"[25, 66, 80, 86]",True
86d336aba4507a82,coupe-du-monde,164819,40,2026-09-08T23:36:18Z,Australia,Austria,1,1,2.92,3.74,2.23,1.61,1.37,1.24,1.54,2.44,1.5,2.55,Non,Oui,Non,Oui,Non,Home,41,"[18, 41]",True
a2b8d25ba8675d43,coupe-du-monde,164819,40,2026-09-08T23:36:18Z,Bosnia-Herzegovina,IR Iran,2,1,3.52,3.68,1.98,1.76,1.27,1.25,1.64,2.22,1.59,2.32,Oui,Oui,Oui,Non,Non,Home,63,"[43, 59, 63]",True
6bde985f3e334074,coupe-du-monde,164819,40,2026-09-08T23:36:18Z,Japan,Switzerland,1,1,2.74,3.46,2.46,1.5,1.41,1.27,1.73,2.07,1.61,2.28,Non,Oui,Non,Oui,Non,Home,88,"[80, 88]",True
8e12eab447fb27a9,coupe-du-monde,164819,40,2026-09-08T23:36:18Z,Korea Republic,Egypt,0,3,2.54,3.56,2.6,1.45,1.47,1.26,1.65,2.2,1.56,2.39,Oui,Non,Non,Non,Oui,Away,88,"[74, 82, 88]",True
89640e07cd155c49,coupe-du-monde,164819,40,2026-09-08T23:36:18Z,Haiti,Ghana,2,1,3.58,3.66,1.97,1.78,1.26,1.25,1.66,2.19,1.6,2.29,Oui,Oui,Oui,Non,Non,Away,64,"[57, 58, 64]",True
eab657b5b60737b2,coupe-du-monde,164819,40,2026-09-08T23:36:18Z,Uruguay,Algeria,2,2,1.72,4.0,4.39,1.18,2.05,1.21,1.56,2.39,1.6,2.29,Oui,Oui,Non,Oui,Non,Away,74,"[34, 39, 48, 74]",True
a50853e01dbf7aca,coupe-du-monde,164819,40,2026-09-08T23:36:18Z,Cabo Verde,Canada,2,0,2.79,3.6,2.36,1.54,1.4,1.25,1.62,2.26,1.54,2.43,Non,Non,Oui,Non,Non,Home,55,"[54, 55]",True
b944b730142d5d0f,coupe-du-monde,164819,40,2026-09-08T23:36:18Z,Ecuador,Netherlands,1,3,3.55,4.1,1.87,1.87,1.26,1.2,1.41,2.84,1.45,2.71,Oui,Oui,Non,Non,Oui,Away,86,"[30, 64, 72, 86]",True
d72e745a3a3750ca,coupe-du-monde,164819,40,2026-09-08T23:36:18Z,Argentina,Qatar,2,2,1.47,4.95,5.64,1.11,2.59,1.14,1.34,3.2,1.54,2.44,Oui,Oui,Non,Oui,Non,Away,87,"[1, 32, 68, 87]",True
9b2424684e25eb7d,coupe-du-monde,164819,40,2026-09-08T23:36:18Z,Curacao,Panama,0,1,3.61,3.47,2.02,1.74,1.25,1.27,1.81,1.96,1.71,2.11,Non,Non,Non,Non,Oui,Away,53,[53],True
1e0b07d5aa6ede98,coupe-du-monde,164819,40,2026-09-08T23:36:18Z,Norway,Germany,0,3,2.81,4.11,2.17,1.64,1.4,1.2,1.34,3.19,1.36,3.06,Oui,Non,Non,Non,Oui,Away,90,"[22, 47, 90]",True
a6e96fa30cd5ecac,coupe-du-monde,164819,40,2026-09-08T23:36:18Z,Spain,France,2,1,2.41,3.81,2.61,1.45,1.52,1.23,1.47,2.62,1.45,2.72,Oui,Oui,Oui,Non,Non,Home,80,"[48, 57, 80]",True
c45f67a9b9297984,coupe-du-monde,164819,40,2026-09-08T23:36:18Z,South Africa,Uzbekistan,0,1,2.8,3.53,2.39,1.53,1.4,1.26,1.68,2.16,1.58,2.35,Non,Non,Non,Non,Oui,Away,14,[14],True
8366357b67892797,coupe-du-monde,164819,40,2026-09-08T23:36:18Z,England,Senegal,4,1,1.89,3.9,3.65,1.25,1.85,1.22,1.52,2.5,1.52,2.49,Oui,Oui,Oui,Non,Non,Home,59,"[38, 40, 40, 50, 59]",True
e9962f15f17cbd27,coupe-du-monde,164819,40,2026-09-08T23:36:18Z,Sweden,Jordan,0,0,1.92,3.64,3.8,1.23,1.82,1.25,1.7,2.11,1.65,2.2,Non,Non,Non,Oui,Non,,,[],True
8b05efb56be9edc1,coupe-du-monde,164819,40,2026-09-08T23:36:18Z,Scotland,Congo DR,1,1,2.02,3.75,3.36,1.29,1.74,1.24,1.57,2.36,1.54,2.44,Non,Oui,Non,Oui,Non,Away,59,"[13, 59]",True
ba5c9917dfa58a63,coupe-du-monde,164819,40,2026-09-08T23:36:18Z,Colombia,Croatia,2,3,2.52,3.67,2.56,1.47,1.48,1.25,1.57,2.37,1.51,2.52,Oui,Oui,Non,Non,Oui,Home,79,"[20, 32, 74, 77, 79]",True
d77e7222b5cb50e8,coupe-du-monde,164819,40,2026-09-08T23:36:18Z,Cote d'Ivoire,Iraq,4,0,2.07,3.71,3.25,1.3,1.7,1.24,1.59,2.33,1.54,2.43,Oui,Non,Oui,Non,Non,Home,83,"[6, 59, 80, 83]",True
54cc5a1b4d4c73d3,coupe-du-monde,164819,40,2026-09-08T23:36:18Z,Morocco,Paraguay,1,1,1.54,3.97,6.35,1.09,2.4,1.21,1.82,1.96,1.96,1.82,Non,Oui,Non,Oui,Non,Away,70,"[19, 70]",True
ee8ceae7ec3deb12,coupe-du-monde,164819,40,2026-09-08T23:36:18Z,Belgium,Mexico,0,1,2.29,3.81,2.76,1.41,1.57,1.23,1.49,2.58,1.46,2.67,Non,Non,Non,Non,Oui,Away,50,[50],True
873076cfa3aa07ea,coupe-du-monde,164819,40,2026-09-08T23:36:18Z,Tunisia,USA,0,0,3.01,3.64,2.21,1.62,1.35,1.25,1.61,2.28,1.54,2.43,Non,Non,Non,Oui,Non,,,[],True
9e6bad5cf5878edc,coupe-du-monde,164819,40,2026-09-08T23:36:18Z,Portugal,Turkiye,3,1,1.62,4.56,4.5,1.17,2.23,1.17,1.34,3.19,1.46,2.67,Oui,Oui,Oui,Non,Non,Home,74,"[13, 40, 69, 74]",True
0068f88d92d3f75a,coupe-du-monde,164819,42,2026-09-08T23:40:18Z,Uruguay,Senegal,2,1,2.09,3.65,3.24,1.31,1.69,1.25,1.63,2.25,1.57,2.37,Oui,Oui,Oui,Non,Non,Home,60,"[18, 24, 60]",True
04f9f9a7115b9b21,coupe-du-monde,164819,42,2026-09-08T23:40:18Z,Argentina,Brazil,4,2,2.11,4.18,2.89,1.38,1.68,1.2,1.32,3.3,1.36,3.1,Oui,Oui,Oui,Non,Non,Away,88,"[43, 44, 45, 75, 86, 88]",True
4d683897321e104c,coupe-du-monde,164819,42,2026-09-08T23:40:18Z,Tunisia,Croatia,1,1,3.58,3.45,2.04,1.72,1.26,1.27,1.83,1.95,1.71,2.11,Non,Oui,Non,Oui,Non,Away,77,"[56, 77]",True
c68b625e6971626b,coupe-du-monde,164819,42,2026-09-08T23:40:18Z,Sweden,Congo DR,2,0,1.85,3.77,3.96,1.22,1.89,1.24,1.64,2.22,1.62,2.25,Non,Non,Oui,Non,Non,Home,55,"[1, 55]",True
b52ec40094f4302e,coupe-du-monde,164819,42,2026-09-08T23:40:18Z,Korea Republic,Iraq,1,3,2.1,3.66,3.23,1.31,1.68,1.25,1.62,2.26,1.56,2.39,Oui,Oui,Non,Non,Oui,Away,63,"[20, 29, 42, 63]",True
9fe61998a12e1b6d,coupe-du-monde,164819,42,2026-09-08T23:40:18Z,Haiti,Jordan,1,2,3.63,3.5,2.0,1.75,1.25,1.27,1.79,2.0,1.69,2.13,Oui,Oui,Non,Non,Oui,Away,69,"[35, 63, 69]",True
64045e91c8d5d9df,coupe-du-monde,164819,42,2026-09-08T23:40:18Z,Curacao,Colombia,1,0,7.38,5.05,1.38,2.94,1.06,1.14,1.44,2.73,1.74,2.06,Non,Non,Oui,Non,Non,Home,83,[83],True
5e7f114ba5fc8c8c,coupe-du-monde,164819,42,2026-09-08T23:40:18Z,Cote d'Ivoire,Uzbekistan,2,1,1.97,3.81,3.45,1.27,1.78,1.23,1.55,2.42,1.53,2.47,Oui,Oui,Oui,Non,Non,Away,74,"[34, 57, 74]",True
db9f3d5574f773f1,coupe-du-monde,164819,42,2026-09-08T23:40:18Z,Belgium,Panama,3,0,1.58,4.17,5.31,1.13,2.29,1.2,1.58,2.34,1.69,2.14,Oui,Non,Oui,Non,Non,Home,37,"[21, 35, 37]",True
96cdf98265922f7d,coupe-du-monde,164819,42,2026-09-08T23:40:18Z,Portugal,Australia,3,2,1.69,4.4,4.15,1.2,2.09,1.18,1.36,3.08,1.45,2.7,Oui,Oui,Oui,Non,Non,Away,65,"[33, 35, 43, 47, 65]",True
3bc44fa8db079cff,coupe-du-monde,164819,42,2026-09-08T23:40:18Z,South Africa,France,0,3,9.61,6.02,1.27,3.63,1.03,1.1,1.35,3.13,1.82,1.96,Oui,Non,Non,Non,Oui,Away,82,"[59, 66, 82]",True
c2892d5a25aba8c6,coupe-du-monde,164819,42,2026-09-08T23:40:18Z,Cabo Verde,Germany,1,2,4.6,4.42,1.62,2.21,1.16,1.18,1.4,2.9,1.51,2.53,Oui,Oui,Non,Non,Oui,Home,61,"[3, 5, 61]",True
3db4f315a9fbefc2,coupe-du-monde,164819,42,2026-09-08T23:40:18Z,Norway,Switzerland,1,1,2.72,3.62,2.4,1.52,1.42,1.25,1.6,2.29,1.53,2.46,Non,Oui,Non,Oui,Non,Home,56,"[50, 56]",True
ede482c15791e7c6,coupe-du-monde,164819,42,2026-09-08T23:40:18Z,Morocco,Ghana,2,0,1.44,4.3,7.59,1.06,2.69,1.19,1.76,2.04,2.03,1.76,Non,Non,Oui,Non,Non,Home,53,"[53, 53]",True
fa3d24ac9d73cde4,coupe-du-monde,164819,42,2026-09-08T23:40:18Z,Saudi Arabia,Paraguay,1,2,2.95,3.69,2.22,1.61,1.36,1.24,1.57,2.37,1.52,2.5,Oui,Oui,Non,Non,Oui,Home,67,"[17, 61, 67]",True
3f300c079cf2d53b,coupe-du-monde,164819,42,2026-09-08T23:40:18Z,Japan,USA,3,1,2.23,3.76,2.9,1.37,1.61,1.24,1.52,2.48,1.48,2.59,Oui,Oui,Oui,Non,Non,Away,77,"[8, 26, 37, 77]",True
d4b438e4620d0b71,coupe-du-monde,164819,42,2026-09-08T23:40:18Z,Ecuador,Mexico,0,2,2.81,3.78,2.28,1.58,1.4,1.23,1.5,2.54,1.47,2.64,Non,Non,Non,Non,Oui,Away,62,"[60, 62]",True
565243d89ed75f62,coupe-du-monde,164819,42,2026-09-08T23:40:18Z,Scotland,Austria,1,0,3.16,3.82,2.08,1.7,1.32,1.23,1.51,2.51,1.49,2.58,Non,Non,Oui,Non,Non,Home,50,[50],True
6d4b1a96184c672d,coupe-du-monde,164819,42,2026-09-08T23:40:18Z,Czechia,Egypt,2,1,2.74,3.59,2.4,1.52,1.41,1.26,1.63,2.25,1.54,2.43,Oui,Oui,Oui,Non,Non,Away,41,"[21, 27, 41]",True
92879ef305e269cd,coupe-du-monde,164819,42,2026-09-08T23:40:18Z,Spain,Turkiye,4,1,1.4,5.0,6.77,1.08,2.82,1.14,1.41,2.85,1.67,2.17,Oui,Oui,Oui,Non,Non,Home,75,"[14, 27, 44, 56, 75]",True
9745a16237690cc0,coupe-du-monde,164819,42,2026-09-08T23:40:18Z,New Zealand,Algeria,1,1,3.97,3.8,1.84,1.91,1.21,1.23,1.62,2.26,1.61,2.28,Non,Oui,Non,Oui,Non,Away,78,"[30, 78]",True
769bb8acc2ce6338,coupe-du-monde,164819,42,2026-09-08T23:40:18Z,Qatar,IR Iran,0,1,3.0,3.63,2.22,1.61,1.35,1.25,1.62,2.26,1.55,2.41,Non,Non,Non,Non,Oui,Away,38,[38],True
ab5a05fc8b15eb75,coupe-du-monde,164819,42,2026-09-08T23:40:18Z,England,Netherlands,1,2,1.92,4.17,3.35,1.29,1.82,1.2,1.36,3.06,1.4,2.88,Oui,Oui,Non,Non,Oui,Away,44,"[29, 39, 44]",True
466ba0a00ad030b3,coupe-du-monde,164819,42,2026-09-08T23:40:18Z,Bosnia-Herzegovina,Canada,0,0,2.95,3.71,2.21,1.61,1.36,1.24,1.55,2.41,1.5,2.53,Non,Non,Non,Oui,Non,,,[],True
a91f1036570fd789,coupe-du-monde,164819,45,2026-09-08T23:46:18Z,Canada,Egypt,2,1,2.93,3.68,2.24,1.6,1.37,1.24,1.57,2.36,1.52,2.5,Oui,Oui,Oui,Non,Non,Home,79,"[21, 45, 79]",True
366c74b515c40545,coupe-du-monde,164819,45,2026-09-08T23:46:18Z,Croatia,Ecuador,1,1,2.14,3.7,3.09,1.33,1.65,1.24,1.58,2.35,1.53,2.47,Non,Oui,Non,Oui,Non,Away,43,"[29, 43]",True
0377b25261bf24c0,coupe-du-monde,164819,45,2026-09-08T23:46:18Z,Iraq,IR Iran,2,0,3.16,3.55,2.17,1.64,1.32,1.26,1.68,2.15,1.59,2.31,Non,Non,Oui,Non,Non,Home,48,"[44, 48]",True
6360c488deba8bb8,coupe-du-monde,164819,45,2026-09-08T23:46:18Z,Jordan,Cote d'Ivoire,1,0,3.33,3.64,2.06,1.71,1.29,1.25,1.65,2.21,1.58,2.34,Non,Non,Oui,Non,Non,Home,20,[20],True
b52c052d4d2aec7c,coupe-du-monde,164819,45,2026-09-08T23:46:18Z,Panama,Norway,2,4,4.85,4.12,1.64,2.19,1.15,1.2,1.55,2.41,1.63,2.24,Oui,Oui,Non,Non,Oui,Home,82,"[11, 20, 20, 53, 63, 82]",True
f0d6c81cb5abd991,coupe-du-monde,164819,45,2026-09-08T23:46:18Z,Senegal,Qatar,2,0,1.96,3.74,3.53,1.26,1.78,1.24,1.6,2.3,1.57,2.37,Non,Non,Oui,Non,Non,Home,88,"[60, 88]",True
467611b8fc0a2442,coupe-du-monde,164819,45,2026-09-08T23:46:18Z,Paraguay,Czechia,2,2,2.92,3.63,2.26,1.59,1.37,1.25,1.61,2.28,1.54,2.44,Oui,Oui,Non,Oui,Non,Away,75,"[23, 24, 31, 75]",True
9f9237f8e49e304a,coupe-du-monde,164819,45,2026-09-08T23:46:18Z,Scotland,Spain,1,1,6.96,5.01,1.39,2.86,1.07,1.14,1.42,2.81,1.69,2.13,Non,Oui,Non,Oui,Non,Away,60,"[38, 60]",True
d7b57e38c712c869,coupe-du-monde,164819,45,2026-09-08T23:46:18Z,Portugal,Sweden,2,2,1.84,4.1,3.69,1.24,1.91,1.2,1.43,2.79,1.46,2.65,Oui,Oui,Non,Oui,Non,Home,55,"[15, 26, 34, 55]",True
43b5aa90a87efd45,coupe-du-monde,164819,45,2026-09-08T23:46:18Z,Curacao,Belgium,0,1,8.76,5.24,1.32,3.22,1.04,1.13,1.48,2.61,1.88,1.9,Non,Non,Non,Non,Oui,Away,40,[40],True
f9ac0e9157596a63,coupe-du-monde,164819,45,2026-09-08T23:46:18Z,France,Saudi Arabia,0,0,1.3,5.79,8.6,1.04,3.4,1.11,1.34,3.18,1.74,2.06,Non,Non,Non,Oui,Non,,,[],True
0b3c1ac9ec440fd6,coupe-du-monde,164819,45,2026-09-08T23:46:18Z,Netherlands,Bosnia-Herzegovina,4,1,1.61,4.44,4.71,1.16,2.24,1.18,1.4,2.88,1.52,2.5,Oui,Oui,Oui,Non,Non,Home,80,"[3, 7, 52, 79, 80]",True
24ae02342e93b791,coupe-du-monde,164819,45,2026-09-08T23:46:18Z,Australia,Haiti,2,0,1.64,4.11,4.84,1.15,2.18,1.2,1.56,2.39,1.64,2.23,Non,Non,Oui,Non,Non,Home,37,"[21, 37]",True
c5bbfcb61c20aa33,coupe-du-monde,164819,45,2026-09-08T23:46:18Z,Mexico,Cabo Verde,3,2,1.86,3.87,3.8,1.23,1.88,1.22,1.55,2.4,1.55,2.4,Oui,Oui,Oui,Non,Non,Home,80,"[22, 27, 59, 68, 80]",True
cee0d392c91e44fd,coupe-du-monde,164819,45,2026-09-08T23:46:18Z,Uzbekistan,Argentina,0,3,6.95,5.25,1.38,2.93,1.07,1.13,1.36,3.09,1.64,2.22,Oui,Non,Non,Non,Oui,Away,45,"[29, 39, 45]",True
58cf4ec4eefc9898,coupe-du-monde,164819,45,2026-09-08T23:46:18Z,Turkiye,Morocco,1,5,5.68,4.01,1.58,2.31,1.11,1.21,1.71,2.1,1.82,1.96,Oui,Oui,Non,Non,Oui,Away,77,"[25, 29, 44, 55, 68, 77]",True
1984086e085a0823,coupe-du-monde,164819,45,2026-09-08T23:46:18Z,Ghana,Korea Republic,0,2,3.59,3.88,1.91,1.83,1.26,1.22,1.52,2.48,1.52,2.48,Non,Non,Non,Non,Oui,Away,82,"[38, 82]",True
f8a55a7b85f0dc0f,coupe-du-monde,164819,45,2026-09-08T23:46:18Z,USA,England,0,2,3.81,4.14,1.8,1.95,1.23,1.2,1.42,2.8,1.47,2.64,Non,Non,Non,Non,Oui,Away,61,"[39, 61]",True
ff3e551d3fc142cf,coupe-du-monde,164819,45,2026-09-08T23:46:18Z,Brazil,Algeria,2,4,1.64,4.44,4.46,1.17,2.18,1.18,1.38,3.0,1.48,2.6,Oui,Oui,Non,Non,Oui,Away,65,"[28, 38, 38, 48, 53, 65]",True
b4f9f7bba3eced2a,coupe-du-monde,164819,45,2026-09-08T23:46:18Z,Austria,Tunisia,1,1,2.16,3.52,3.19,1.32,1.64,1.26,1.72,2.09,1.62,2.26,Non,Oui,Non,Oui,Non,Away,67,"[16, 67]",True
acb90873111d94af,coupe-du-monde,164819,45,2026-09-08T23:46:18Z,Germany,New Zealand,2,1,1.42,4.98,6.35,1.09,2.74,1.14,1.38,2.97,1.62,2.26,Oui,Oui,Oui,Non,Non,Home,75,"[50, 75, 75]",True
e45a686043948c4f,coupe-du-monde,164819,45,2026-09-08T23:46:18Z,Colombia,Japan,1,4,2.55,3.74,2.5,1.49,1.47,1.24,1.52,2.49,1.48,2.61,Oui,Oui,Non,Non,Oui,Home,87,"[29, 32, 38, 60, 87]",True
6de3e9ff4c0f76ea,coupe-du-monde,164819,45,2026-09-08T23:46:18Z,Congo DR,South Africa,1,2,2.46,3.5,2.72,1.42,1.5,1.27,1.7,2.12,1.59,2.32,Oui,Oui,Non,Non,Oui,Away,44,"[40, 43, 44]",True
3e0ebe4f3f1790ac,coupe-du-monde,164819,45,2026-09-08T23:46:18Z,Switzerland,Uruguay,0,3,2.98,3.55,2.26,1.59,1.35,1.26,1.68,2.15,1.59,2.33,Oui,Non,Non,Non,Oui,Away,79,"[40, 51, 79]",True
2c4fefa5f1c7bd94,coupe-du-monde,164819,47,2026-09-08T23:50:18Z,Panama,Cabo Verde,1,1,3.21,3.46,2.17,1.64,1.31,1.27,1.77,2.02,1.65,2.2,Non,Oui,Non,Oui,Non,Away,86,"[81, 86]",True
0934bf2d7a3dbff3,coupe-du-monde,164819,47,2026-09-08T23:50:18Z,Tunisia,Japan,2,0,3.61,3.55,2.0,1.76,1.25,1.26,1.75,2.05,1.66,2.18,Non,Non,Oui,Non,Non,Home,85,"[56, 85]",True
abee27af916c7f23,coupe-du-monde,164819,47,2026-09-08T23:50:18Z,Jordan,Korea Republic,1,4,3.37,3.67,2.04,1.72,1.29,1.25,1.63,2.24,1.58,2.35,Oui,Oui,Non,Non,Oui,Home,88,"[28, 39, 56, 65, 88]",True
4ada118d3bf33648,coupe-du-monde,164819,47,2026-09-08T23:50:18Z,Turkiye,Saudi Arabia,2,1,2.1,3.81,3.11,1.33,1.68,1.23,1.52,2.5,1.49,2.57,Oui,Oui,Oui,Non,Non,Home,69,"[37, 59, 69]",True
491c65050104a0e0,coupe-du-monde,164819,47,2026-09-08T23:50:18Z,Mexico,Bosnia-Herzegovina,2,2,1.8,3.95,3.97,1.21,1.94,1.22,1.53,2.45,1.55,2.4,Oui,Oui,Non,Oui,Non,Home,87,"[28, 44, 52, 87]",True
31ffb93f6167c039,coupe-du-monde,164819,47,2026-09-08T23:50:18Z,Curacao,Ecuador,0,2,5.58,4.29,1.54,2.38,1.11,1.19,1.56,2.39,1.7,2.13,Non,Non,Non,Non,Oui,Away,74,"[1, 74]",True
b468f8dc4301aa5b,coupe-du-monde,164819,47,2026-09-08T23:50:18Z,Ghana,Czechia,1,1,3.07,3.68,2.16,1.64,1.34,1.25,1.59,2.33,1.53,2.46,Non,Oui,Non,Oui,Non,Home,74,"[57, 74]",True
6ed600ff4608473d,coupe-du-monde,164819,47,2026-09-08T23:50:18Z,Austria,Belgium,2,2,3.1,3.8,2.11,1.67,1.33,1.23,1.52,2.5,1.49,2.58,Oui,Oui,Non,Oui,Non,Home,89,"[25, 30, 56, 89]",True
7c015fa696e753f3,coupe-du-monde,164819,47,2026-09-08T23:50:18Z,Croatia,England,1,2,3.71,3.93,1.87,1.87,1.24,1.22,1.51,2.51,1.52,2.49,Oui,Oui,Non,Non,Oui,Away,85,"[47, 82, 85]",True
43837b32bdd76d14,coupe-du-monde,164819,47,2026-09-08T23:50:18Z,USA,Uruguay,0,1,3.45,3.97,1.93,1.81,1.27,1.21,1.47,2.65,1.48,2.61,Non,Non,Non,Non,Oui,Away,40,[40],True
73ba84664ef954e9,coupe-du-monde,164819,47,2026-09-08T23:50:18Z,Portugal,Haiti,1,2,1.28,5.91,8.97,1.03,3.5,1.1,1.34,3.19,1.76,2.03,Oui,Oui,Non,Non,Oui,Home,72,"[19, 46, 72]",True
31a6d87683b85a75,coupe-du-monde,164819,47,2026-09-08T23:50:18Z,Sweden,Spain,1,1,5.61,4.37,1.53,2.41,1.11,1.18,1.52,2.48,1.67,2.17,Non,Oui,Non,Oui,Non,Home,43,"[30, 43]",True
6d61f518d2d02acb,coupe-du-monde,164819,47,2026-09-08T23:50:18Z,Iraq,Canada,0,0,2.78,3.64,2.35,1.55,1.4,1.25,1.59,2.32,1.52,2.48,Non,Non,Non,Oui,Non,,,[],True
c43963404adbbd22,coupe-du-monde,164819,47,2026-09-08T23:50:18Z,Germany,Egypt,2,1,1.91,4.04,3.46,1.27,1.83,1.21,1.43,2.77,1.45,2.69,Oui,Oui,Oui,Non,Non,Home,70,"[22, 25, 70]",True
0b751c6d6c347670,coupe-du-monde,164819,47,2026-09-08T23:50:18Z,Congo DR,Cote d'Ivoire,1,3,3.65,3.82,1.91,1.83,1.25,1.23,1.56,2.38,1.55,2.41,Oui,Oui,Non,Non,Oui,Away,72,"[23, 58, 59, 72]",True
f83e2c129bcb5286,coupe-du-monde,164819,47,2026-09-08T23:50:18Z,Switzerland,New Zealand,3,1,1.54,4.12,6.0,1.1,2.4,1.2,1.69,2.14,1.83,1.95,Oui,Oui,Oui,Non,Non,Away,90,"[20, 70, 81, 90]",True
4e16c897456059ba,coupe-du-monde,164819,47,2026-09-08T23:50:18Z,Paraguay,Algeria,0,3,2.82,3.66,2.31,1.56,1.39,1.25,1.58,2.34,1.52,2.49,Oui,Non,Non,Non,Oui,Away,77,"[1, 72, 77]",True
830cedd4beb25bc5,coupe-du-monde,164819,47,2026-09-08T23:50:18Z,Australia,Morocco,1,2,4.98,3.67,1.71,2.07,1.14,1.25,1.85,1.92,1.85,1.93,Oui,Oui,Non,Non,Oui,Away,78,"[7, 65, 78]",True
3f922b2f90dca059,coupe-du-monde,164819,47,2026-09-08T23:50:18Z,Netherlands,Qatar,3,0,1.79,4.25,3.77,1.23,1.96,1.19,1.37,3.01,1.43,2.76,Oui,Non,Oui,Non,Non,Home,35,"[15, 33, 35]",True
da52dfa84f554ce3,coupe-du-monde,164819,47,2026-09-08T23:50:18Z,Senegal,Brazil,3,1,3.28,4.02,1.97,1.77,1.3,1.21,1.42,2.83,1.43,2.76,Oui,Oui,Oui,Non,Non,Home,73,"[22, 27, 59, 73]",True
0706da8443f2a09e,coupe-du-monde,164819,47,2026-09-08T23:50:18Z,France,Argentina,3,2,2.26,4.08,2.68,1.43,1.59,1.2,1.35,3.14,1.37,3.04,Oui,Oui,Oui,Non,Non,Home,78,"[11, 26, 45, 55, 78]",True
8bfdb1fd37b57960,coupe-du-monde,164819,47,2026-09-08T23:50:18Z,Colombia,Norway,0,2,2.57,3.87,2.43,1.51,1.46,1.22,1.45,2.71,1.43,2.77,Non,Non,Non,Non,Oui,Away,81,"[50, 81]",True
74b920636ea719df,coupe-du-monde,164819,47,2026-09-08T23:50:18Z,Uzbekistan,IR Iran,1,1,3.51,3.75,1.97,1.78,1.27,1.24,1.59,2.32,1.56,2.39,Non,Oui,Non,Oui,Non,Home,49,"[44, 49]",True
859b88fb0f2da508,coupe-du-monde,164819,47,2026-09-08T23:50:18Z,Scotland,South Africa,1,3,2.06,3.68,3.3,1.3,1.71,1.25,1.61,2.27,1.56,2.39,Oui,Oui,Non,Non,Oui,Away,53,"[29, 32, 40, 53]",True
e77c1c88dfde61e4,coupe-du-monde,164819,50,2026-09-08T23:56:18Z,Norway,Belgium,0,4,2.71,3.83,2.33,1.56,1.42,1.23,1.47,2.63,1.45,2.71,Oui,Non,Non,Non,Oui,Away,83,"[33, 53, 56, 83]",True
d66ec960ab3af41a,coupe-du-monde,164819,50,2026-09-08T23:56:18Z,Bosnia-Herzegovina,Croatia,1,1,4.18,3.95,1.76,1.99,1.2,1.22,1.56,2.39,1.59,2.33,Non,Oui,Non,Oui,Non,Away,38,"[34, 38]",True
e3ecd3759f9f1fe7,coupe-du-monde,164819,50,2026-09-08T23:56:18Z,Ecuador,Japan,2,1,3.16,3.76,2.09,1.69,1.32,1.24,1.55,2.42,1.51,2.51,Oui,Oui,Oui,Non,Non,Home,87,"[10, 73, 87]",True
d1f2d9e1916333da,coupe-du-monde,164819,50,2026-09-08T23:56:18Z,Uruguay,Colombia,2,2,2.01,3.88,3.28,1.3,1.74,1.22,1.49,2.57,1.48,2.6,Oui,Oui,Non,Oui,Non,Away,84,"[13, 40, 62, 84]",True
17e6795afcc05e5f,coupe-du-monde,164819,50,2026-09-08T23:56:18Z,Haiti,Austria,0,3,5.74,4.4,1.52,2.44,1.11,1.18,1.53,2.47,1.69,2.14,Oui,Non,Non,Non,Oui,Away,69,"[3, 58, 69]",True
232296b1f5f1a869,coupe-du-monde,164819,50,2026-09-08T23:56:18Z,Egypt,Mexico,4,0,2.9,3.61,2.28,1.58,1.37,1.25,1.62,2.26,1.55,2.42,Oui,Non,Oui,Non,Non,Home,82,"[26, 30, 75, 82]",True
5dc9f0dc32ad962b,coupe-du-monde,164819,50,2026-09-08T23:56:18Z,Qatar,USA,1,1,3.15,3.99,2.03,1.73,1.32,1.21,1.42,2.82,1.43,2.78,Non,Oui,Non,Oui,Non,Home,28,"[13, 28]",True
8be2976c7aac8314,coupe-du-monde,164819,50,2026-09-08T23:56:18Z,Saudi Arabia,Scotland,2,1,3.05,3.72,2.16,1.65,1.34,1.24,1.56,2.39,1.51,2.51,Oui,Oui,Oui,Non,Non,Home,90,"[58, 81, 90]",True
defed9dc8606b118,coupe-du-monde,164819,50,2026-09-08T23:56:18Z,Cote d'Ivoire,Portugal,2,1,4.23,4.41,1.68,2.12,1.19,1.18,1.37,3.04,1.46,2.67,Oui,Oui,Oui,Non,Non,Home,61,"[5, 34, 61]",True
8757920b3aadbb9b,coupe-du-monde,164819,50,2026-09-08T23:56:18Z,Paraguay,Germany,1,3,4.39,4.43,1.65,2.17,1.18,1.18,1.38,3.01,1.48,2.61,Oui,Oui,Non,Non,Oui,Home,67,"[5, 52, 63, 67]",True
006578f9a7cf4c42,coupe-du-monde,164819,50,2026-09-08T23:56:18Z,New Zealand,Panama,2,2,2.7,3.38,2.54,1.47,1.42,1.29,1.81,1.98,1.65,2.2,Oui,Oui,Non,Oui,Non,Away,55,"[19, 29, 30, 55]",True
77dda3832cd43480,coupe-du-monde,164819,50,2026-09-08T23:56:18Z,Argentina,Congo DR,1,2,1.32,5.56,8.03,1.05,3.22,1.12,1.36,3.07,1.72,2.08,Oui,Oui,Non,Non,Oui,Away,85,"[12, 78, 85]",True
71d52c9c95268940,coupe-du-monde,164819,50,2026-09-08T23:56:18Z,Senegal,Uzbekistan,3,1,1.81,3.87,4.02,1.21,1.94,1.22,1.58,2.34,1.59,2.33,Oui,Oui,Oui,Non,Non,Away,47,"[4, 19, 29, 47]",True
9e72295e4ee5517b,coupe-du-monde,164819,50,2026-09-08T23:56:18Z,England,Tunisia,3,1,1.64,4.02,4.93,1.15,2.17,1.21,1.61,2.28,1.68,2.15,Oui,Oui,Oui,Non,Non,Home,86,"[9, 37, 47, 86]",True
6d80a42fed0cd91b,coupe-du-monde,164819,50,2026-09-08T23:56:18Z,Algeria,France,2,1,6.13,4.81,1.45,2.65,1.09,1.15,1.41,2.84,1.63,2.25,Oui,Oui,Oui,Non,Non,Away,64,"[20, 57, 64]",True
caa76bb7624ee591,coupe-du-monde,164819,50,2026-09-08T23:56:18Z,Korea Republic,Australia,1,0,2.63,3.73,2.43,1.51,1.44,1.24,1.52,2.48,1.48,2.61,Non,Non,Oui,Non,Non,Home,66,[66],True
72e26c46f4b0a3f2,coupe-du-monde,164819,50,2026-09-08T23:56:18Z,South Africa,Spain,1,2,9.53,5.59,1.29,3.46,1.03,1.11,1.44,2.75,1.89,1.88,Oui,Oui,Non,Non,Oui,Away,82,"[41, 45, 82]",True
3e0a5938a19dfc7b,coupe-du-monde,164819,50,2026-09-08T23:56:18Z,Brazil,Switzerland,2,0,2.09,3.79,3.16,1.32,1.69,1.23,1.53,2.47,1.5,2.55,Non,Non,Oui,Non,Non,Home,85,"[83, 85]",True
12ea3e88190be164,coupe-du-monde,164819,50,2026-09-08T23:56:18Z,Czechia,Turkiye,3,2,2.46,3.75,2.58,1.46,1.5,1.24,1.51,2.51,1.47,2.63,Oui,Oui,Oui,Non,Non,Home,66,"[39, 41, 41, 54, 66]",True
961414a057deb7e2,coupe-du-monde,164819,50,2026-09-08T23:56:18Z,Morocco,Sweden,1,1,1.8,3.52,4.56,1.17,1.95,1.27,1.91,1.86,1.84,1.93,Non,Oui,Non,Oui,Non,Home,83,"[15, 83]",True
f0224cdcd86c5635,coupe-du-monde,164819,50,2026-09-08T23:56:18Z,Iraq,Netherlands,2,1,4.42,4.22,1.68,2.12,1.18,1.19,1.46,2.67,1.53,2.45,Oui,Oui,Oui,Non,Non,Home,71,"[28, 43, 71]",True
f74967a5b99c7762,coupe-du-monde,164819,50,2026-09-08T23:56:18Z,Cabo Verde,Curacao,2,1,1.75,3.78,4.46,1.17,2.01,1.23,1.69,2.13,1.69,2.13,Oui,Oui,Oui,Non,Non,Away,37,"[26, 35, 37]",True
57127c064e1b43c6,coupe-du-monde,164819,50,2026-09-08T23:56:18Z,IR Iran,Jordan,1,0,2.06,3.5,3.46,1.27,1.71,1.27,1.77,2.02,1.67,2.17,Non,Non,Oui,Non,Non,Home,37,[37],True
e433621ede1478a8,coupe-du-monde,164819,50,2026-09-08T23:56:18Z,Canada,Ghana,2,2,2.15,3.75,3.04,1.34,1.65,1.24,1.54,2.44,1.5,2.54,Oui,Oui,Non,Oui,Non,Away,60,"[28, 32, 48, 60]",True
9390643333bdf4ad,coupe-du-monde,164819,52,2026-09-09T00:00:18Z,Korea Republic,Portugal,3,0,3.74,4.23,1.8,1.95,1.24,1.19,1.38,2.98,1.44,2.75,Oui,Non,Oui,Non,Non,Home,72,"[59, 62, 72]",True
2ae442fefc9bca8c,coupe-du-monde,164819,52,2026-09-09T00:00:18Z,Canada,Jordan,2,0,2.15,3.62,3.13,1.32,1.65,1.25,1.63,2.23,1.56,2.38,Non,Non,Oui,Non,Non,Home,83,"[79, 83]",True
3b3eed59ec599ecc,coupe-du-monde,164819,52,2026-09-09T00:00:18Z,Norway,Ecuador,1,0,2.13,3.81,3.06,1.34,1.67,1.23,1.51,2.52,1.48,2.6,Non,Non,Oui,Non,Non,Home,54,[54],True
4254829fbdc34e4e,coupe-du-monde,164819,52,2026-09-09T00:00:18Z,England,Japan,1,4,2.04,3.83,3.25,1.3,1.73,1.23,1.51,2.5,1.49,2.56,Oui,Oui,Non,Non,Oui,Home,78,"[15, 30, 49, 71, 78]",True
558680f48dff2b68,coupe-du-monde,164819,52,2026-09-09T00:00:18Z,Uruguay,Tunisia,2,1,1.72,3.84,4.58,1.17,2.05,1.23,1.67,2.16,1.69,2.13,Oui,Oui,Oui,Non,Non,Away,89,"[50, 82, 89]",True
30be43cf0556560d,coupe-du-monde,164819,52,2026-09-09T00:00:18Z,Bosnia-Herzegovina,Curacao,2,1,1.85,3.72,3.97,1.21,1.88,1.24,1.67,2.17,1.64,2.22,Oui,Oui,Oui,Non,Non,Home,89,"[2, 32, 89]",True
66cf1a474c645881,coupe-du-monde,164819,52,2026-09-09T00:00:18Z,Argentina,Scotland,1,0,1.45,5.03,5.88,1.1,2.66,1.14,1.33,3.24,1.54,2.43,Non,Non,Oui,Non,Non,Home,72,[72],True
931d26ad9800dee5,coupe-du-monde,164819,52,2026-09-09T00:00:18Z,Algeria,Turkiye,1,0,2.47,3.71,2.59,1.46,1.5,1.24,1.54,2.44,1.49,2.58,Non,Non,Oui,Non,Non,Home,56,[56],True
7d3692cf582641ba,coupe-du-monde,164819,52,2026-09-09T00:00:18Z,Iraq,Mexico,2,1,3.71,3.81,1.89,1.84,1.24,1.23,1.58,2.34,1.57,2.37,Oui,Oui,Oui,Non,Non,Away,76,"[2, 26, 76]",True
82b1e578f75ae274,coupe-du-monde,164819,52,2026-09-09T00:00:18Z,Saudi Arabia,Sweden,2,2,3.57,3.75,1.95,1.8,1.26,1.24,1.6,2.31,1.57,2.37,Oui,Oui,Non,Oui,Non,Away,85,"[16, 68, 74, 85]",True
dbcc437453822987,coupe-du-monde,164819,52,2026-09-09T00:00:18Z,Cote d'Ivoire,Spain,1,0,5.65,4.49,1.51,2.45,1.11,1.17,1.48,2.6,1.64,2.22,Non,Non,Oui,Non,Non,Home,33,[33],True
c5604993d122cba8,coupe-du-monde,164819,52,2026-09-09T00:00:18Z,Cabo Verde,Belgium,1,3,4.45,4.1,1.69,2.1,1.17,1.2,1.51,2.5,1.58,2.35,Oui,Oui,Non,Non,Oui,Away,80,"[24, 32, 34, 80]",True
c9af83c9e806366f,coupe-du-monde,164819,52,2026-09-09T00:00:18Z,Brazil,USA,0,3,1.79,4.41,3.64,1.25,1.96,1.18,1.31,3.39,1.38,2.97,Oui,Non,Non,Non,Oui,Away,68,"[19, 52, 68]",True
5fe99e0fc82e18f6,coupe-du-monde,164819,52,2026-09-09T00:00:18Z,Egypt,Panama,2,0,1.9,3.62,3.9,1.22,1.84,1.25,1.73,2.08,1.67,2.16,Non,Non,Oui,Non,Non,Home,90,"[56, 90]",True
1fde8673c3b5cbfb,coupe-du-monde,164819,52,2026-09-09T00:00:18Z,Qatar,Croatia,0,2,3.43,3.8,1.98,1.77,1.28,1.23,1.56,2.4,1.53,2.45,Non,Non,Non,Non,Oui,Away,89,"[88, 89]",True
a66c793f216d706c,coupe-du-monde,164819,52,2026-09-09T00:00:18Z,Uzbekistan,Netherlands,4,1,4.68,4.41,1.61,2.23,1.16,1.18,1.41,2.86,1.52,2.49,Oui,Oui,Oui,Non,Non,Away,79,"[30, 45, 57, 66, 79]",True
88c1ee9fa388cb54,coupe-du-monde,164819,52,2026-09-09T00:00:18Z,Czechia,Australia,1,1,2.55,3.69,2.52,1.48,1.47,1.24,1.55,2.4,1.5,2.55,Non,Oui,Non,Oui,Non,Away,59,"[27, 59]",True
11be9a97598e056a,coupe-du-monde,164819,52,2026-09-09T00:00:18Z,South Africa,Austria,1,1,4.34,3.94,1.74,2.03,1.18,1.22,1.58,2.33,1.61,2.27,Non,Oui,Non,Oui,Non,Home,89,"[87, 89]",True
3d55876646b9888a,coupe-du-monde,164819,52,2026-09-09T00:00:18Z,New Zealand,Colombia,1,1,5.27,4.4,1.56,2.35,1.13,1.18,1.48,2.62,1.61,2.28,Non,Oui,Non,Oui,Non,Away,80,"[44, 80]",True
b645050e3b042890,coupe-du-monde,164819,52,2026-09-09T00:00:18Z,Morocco,Haiti,1,1,1.3,5.03,11.07,1.01,3.39,1.14,1.69,2.13,2.28,1.61,Non,Oui,Non,Oui,Non,Home,89,"[9, 89]",True
bd1ec81107103221,coupe-du-monde,164819,52,2026-09-09T00:00:18Z,Paraguay,Switzerland,0,3,4.07,3.77,1.82,1.92,1.21,1.23,1.65,2.21,1.63,2.23,Oui,Non,Non,Non,Oui,Away,77,"[30, 57, 77]",True
c9ac473a83b89cc7,coupe-du-monde,164819,52,2026-09-09T00:00:18Z,IR Iran,Congo DR,0,3,1.93,3.64,3.75,1.24,1.81,1.25,1.7,2.12,1.64,2.22,Oui,Non,Non,Non,Oui,Away,45,"[30, 43, 45]",True
f57b644285682393,coupe-du-monde,164819,52,2026-09-09T00:00:18Z,Senegal,France,1,2,4.7,4.28,1.63,2.2,1.16,1.19,1.47,2.65,1.56,2.39,Oui,Oui,Non,Non,Oui,Away,90,"[87, 87, 90]",True
14ce436584d141d3,coupe-du-monde,164819,52,2026-09-09T00:00:18Z,Germany,Ghana,3,2,1.55,4.6,5.04,1.14,2.36,1.16,1.38,2.99,1.52,2.49,Oui,Oui,Oui,Non,Non,Home,85,"[35, 37, 59, 69, 85]",True
6bd249bf70d9d9af,coupe-du-monde,164819,55,2026-09-09T00:06:18Z,Scotland,Algeria,1,4,2.72,3.73,2.36,1.54,1.42,1.24,1.53,2.47,1.48,2.6,Oui,Oui,Non,Non,Oui,Away,87,"[12, 22, 45, 83, 87]",True
8934c0eb54ff75f9,coupe-du-monde,164819,55,2026-09-09T00:06:18Z,South Africa,Saudi Arabia,2,3,2.68,3.55,2.46,1.5,1.43,1.26,1.65,2.2,1.56,2.39,Oui,Oui,Non,Non,Oui,Away,46,"[20, 37, 43, 46, 46]",True
f1eecb6df672ca7b,coupe-du-monde,164819,55,2026-09-09T00:06:18Z,Australia,Canada,1,2,2.33,3.8,2.71,1.42,1.55,1.23,1.48,2.59,1.45,2.69,Oui,Oui,Non,Non,Oui,Away,64,"[23, 52, 64]",True
079c6876e65c36ff,coupe-du-monde,164819,55,2026-09-09T00:06:18Z,Tunisia,Qatar,1,1,2.54,3.46,2.65,1.44,1.47,1.27,1.73,2.07,1.61,2.28,Non,Oui,Non,Oui,Non,Away,40,"[25, 40]",True
5c50b279b6c1d11b,coupe-du-monde,164819,55,2026-09-09T00:06:18Z,Colombia,Brazil,2,1,3.37,4.21,1.9,1.84,1.29,1.19,1.35,3.13,1.4,2.91,Oui,Oui,Oui,Non,Non,Away,84,"[18, 37, 84]",True
fa94c1bca8619c91,coupe-du-monde,164819,55,2026-09-09T00:06:18Z,Ecuador,Uruguay,0,0,3.73,3.91,1.87,1.87,1.24,1.22,1.53,2.47,1.53,2.46,Non,Non,Non,Oui,Non,,,[],True
3d4b643fc9c2c9b5,coupe-du-monde,164819,55,2026-09-09T00:06:18Z,Croatia,Iraq,3,2,1.82,3.8,4.01,1.21,1.92,1.23,1.62,2.25,1.62,2.27,Oui,Oui,Oui,Non,Non,Home,75,"[20, 24, 31, 73, 75]",True
def40c70da9d4979,coupe-du-monde,164819,55,2026-09-09T00:06:18Z,Mexico,Ghana,1,2,1.75,4.04,4.13,1.2,2.01,1.21,1.5,2.53,1.54,2.43,Oui,Oui,Non,Non,Oui,Home,44,"[43, 44, 44]",True
f40545f38c198d3a,coupe-du-monde,164819,55,2026-09-09T00:06:18Z,Congo DR,Senegal,3,2,4.57,3.86,1.72,2.05,1.17,1.23,1.66,2.19,1.68,2.15,Oui,Oui,Oui,Non,Non,Home,58,"[2, 20, 31, 46, 58]",True
ff56346f003ab514,coupe-du-monde,164819,55,2026-09-09T00:06:18Z,Jordan,Netherlands,1,4,4.6,4.27,1.64,2.17,1.16,1.19,1.46,2.67,1.55,2.41,Oui,Oui,Non,Non,Oui,Away,81,"[28, 45, 57, 70, 81]",True
3a56068493cee679,coupe-du-monde,164819,55,2026-09-09T00:06:18Z,Belgium,New Zealand,2,1,1.53,4.37,5.62,1.11,2.41,1.18,1.53,2.47,1.68,2.16,Oui,Oui,Oui,Non,Non,Home,55,"[11, 16, 55]",True
3ee5ed7092206a97,coupe-du-monde,164819,55,2026-09-09T00:06:18Z,Morocco,Cote d'Ivoire,2,2,1.65,3.78,5.32,1.13,2.17,1.23,1.81,1.97,1.85,1.92,Oui,Oui,Non,Oui,Non,Away,87,"[19, 46, 54, 87]",True
44472fd4e647d01b,coupe-du-monde,164819,55,2026-09-09T00:06:18Z,Panama,Paraguay,0,0,3.34,3.6,2.07,1.7,1.29,1.25,1.67,2.16,1.6,2.3,Non,Non,Non,Oui,Non,,,[],True
92fc39120431e568,coupe-du-monde,164819,55,2026-09-09T00:06:18Z,Haiti,Korea Republic,0,1,4.65,3.98,1.68,2.11,1.16,1.21,1.6,2.3,1.65,2.2,Non,Non,Non,Non,Oui,Away,27,[27],True
f30d29afd15b07bb,coupe-du-monde,164819,55,2026-09-09T00:06:18Z,Portugal,IR Iran,2,3,1.74,4.22,4.01,1.21,2.02,1.19,1.41,2.84,1.47,2.62,Oui,Oui,Non,Non,Oui,Away,82,"[19, 27, 36, 55, 82]",True
23349fb1a1ed2129,coupe-du-monde,164819,55,2026-09-09T00:06:18Z,USA,Uzbekistan,2,2,1.81,4.05,3.83,1.23,1.93,1.21,1.47,2.65,1.5,2.54,Oui,Oui,Non,Oui,Non,Home,51,"[29, 34, 39, 51]",True
6cc079d97f51b828,coupe-du-monde,164819,55,2026-09-09T00:06:18Z,Austria,England,0,2,3.66,3.96,1.87,1.87,1.25,1.22,1.49,2.57,1.5,2.53,Non,Non,Non,Non,Oui,Away,59,"[41, 59]",True
7a4e241dac883446,coupe-du-monde,164819,55,2026-09-09T00:06:18Z,Sweden,Czechia,0,2,2.38,3.56,2.79,1.4,1.54,1.26,1.65,2.2,1.56,2.38,Non,Non,Non,Non,Oui,Away,54,"[20, 54]",True
fc3ebfe9169323ff,coupe-du-monde,164819,55,2026-09-09T00:06:18Z,Japan,Bosnia-Herzegovina,3,0,1.66,4.14,4.6,1.17,2.14,1.2,1.51,2.5,1.59,2.33,Oui,Non,Oui,Non,Non,Home,36,"[19, 24, 36]",True
c6e167f6984b5a6d,coupe-du-monde,164819,55,2026-09-09T00:06:18Z,Spain,Argentina,1,1,2.18,3.94,2.88,1.38,1.63,1.22,1.42,2.81,1.42,2.82,Non,Oui,Non,Oui,Non,Away,45,"[39, 45]",True
d43a928a8c2838ea,coupe-du-monde,164819,55,2026-09-09T00:06:18Z,France,Switzerland,2,1,1.74,4.04,4.18,1.2,2.02,1.21,1.52,2.5,1.56,2.39,Oui,Oui,Oui,Non,Non,Home,52,"[28, 42, 52]",True
a7e8e3a92a20df0d,coupe-du-monde,164819,55,2026-09-09T00:06:18Z,Curacao,Egypt,1,1,6.14,4.27,1.51,2.47,1.09,1.19,1.62,2.26,1.79,1.99,Non,Oui,Non,Oui,Non,Home,87,"[87, 87]",True
cbd338091699271f,coupe-du-monde,164819,55,2026-09-09T00:06:18Z,Norway,Cabo Verde,3,1,1.8,3.99,3.94,1.22,1.95,1.21,1.51,2.52,1.53,2.45,Oui,Oui,Oui,Non,Non,Away,74,"[32, 41, 60, 74]",True
4e2b36452db8b6b5,coupe-du-monde,164819,55,2026-09-09T00:06:18Z,Turkiye,Germany,0,2,3.77,4.37,1.77,1.98,1.24,1.18,1.33,3.24,1.4,2.87,Non,Non,Non,Non,Oui,Away,54,"[53, 54]",True
11244476af10142c,coupe-du-monde,164819,57,2026-09-09T00:10:18Z,South Africa,Argentina,1,3,7.75,5.51,1.33,3.16,1.05,1.12,1.35,3.11,1.7,2.13,Oui,Oui,Non,Non,Oui,Away,84,"[7, 54, 70, 84]",True
6ce8fd36c79c75a8,coupe-du-monde,164819,57,2026-09-09T00:10:18Z,Tunisia,Brazil,3,3,4.84,4.22,1.62,2.21,1.15,1.19,1.5,2.53,1.6,2.3,Oui,Oui,Non,Oui,Non,Away,86,"[17, 42, 45, 47, 59, 86]",True
1030ece716b58ca6,coupe-du-monde,164819,57,2026-09-09T00:10:18Z,Jordan,Mexico,1,1,4.11,3.94,1.78,1.97,1.2,1.22,1.56,2.4,1.58,2.34,Non,Oui,Non,Oui,Non,Away,30,"[3, 30]",True
57cb8d7f4ea0976f,coupe-du-monde,164819,57,2026-09-09T00:10:18Z,Japan,Qatar,2,0,1.84,3.92,3.84,1.23,1.9,1.22,1.53,2.46,1.54,2.43,Non,Non,Oui,Non,Non,Home,29,"[21, 29]",True
eb9cd23d8ce3386b,coupe-du-monde,164819,57,2026-09-09T00:10:18Z,Norway,Bosnia-Herzegovina,3,0,1.73,4.1,4.23,1.19,2.04,1.2,1.49,2.57,1.54,2.43,Oui,Non,Oui,Non,Non,Home,88,"[54, 59, 88]",True
8efc75934cadf5b8,coupe-du-monde,164819,57,2026-09-09T00:10:18Z,Curacao,Iraq,3,0,4.31,3.83,1.76,1.99,1.19,1.23,1.64,2.21,1.65,2.2,Oui,Non,Oui,Non,Non,Home,73,"[22, 62, 73]",True
98febd52594aa181,coupe-du-monde,164819,57,2026-09-09T00:10:18Z,Croatia,Uzbekistan,1,0,1.77,3.91,4.18,1.2,1.98,1.22,1.58,2.34,1.6,2.3,Non,Non,Oui,Non,Non,Home,18,[18],True
af42b8588f578b25,coupe-du-monde,164819,57,2026-09-09T00:10:18Z,Portugal,Canada,3,1,1.59,4.6,4.66,1.16,2.27,1.16,1.35,3.15,1.48,2.62,Oui,Oui,Oui,Non,Non,Home,72,"[23, 33, 53, 72]",True
09dcdc162dab992b,coupe-du-monde,164819,57,2026-09-09T00:10:18Z,Haiti,Czechia,1,1,4.57,3.89,1.71,2.06,1.17,1.22,1.64,2.21,1.67,2.16,Non,Oui,Non,Oui,Non,Home,76,"[71, 76]",True
1ae0a3d0ad26f1f8,coupe-du-monde,164819,57,2026-09-09T00:10:18Z,Austria,Cabo Verde,1,4,1.93,3.81,3.59,1.26,1.81,1.23,1.56,2.38,1.55,2.42,Oui,Oui,Non,Non,Oui,Away,72,"[5, 25, 48, 59, 72]",True
501fe0a5c5702edb,coupe-du-monde,164819,57,2026-09-09T00:10:18Z,Congo DR,Netherlands,3,0,5.15,4.44,1.56,2.34,1.13,1.18,1.45,2.7,1.59,2.33,Oui,Non,Oui,Non,Non,Home,59,"[9, 37, 59]",True
3ae3182ab7abe869,coupe-du-monde,164819,57,2026-09-09T00:10:18Z,Cote d'Ivoire,Saudi Arabia,1,2,1.95,3.83,3.51,1.27,1.8,1.23,1.54,2.43,1.53,2.46,Oui,Oui,Non,Non,Oui,Away,89,"[31, 60, 89]",True
c212c7df43467927,coupe-du-monde,164819,57,2026-09-09T00:10:18Z,England,Uruguay,1,3,2.35,3.73,2.74,1.41,1.55,1.24,1.53,2.46,1.48,2.59,Oui,Oui,Non,Non,Oui,Home,49,"[2, 10, 14, 49]",True
8407125ed24aab56,coupe-du-monde,164819,57,2026-09-09T00:10:18Z,USA,France,1,3,4.89,4.68,1.56,2.35,1.15,1.16,1.34,3.17,1.49,2.58,Oui,Oui,Non,Non,Oui,Away,77,"[18, 38, 58, 77]",True
b8aefb971f7cd564,coupe-du-monde,164819,57,2026-09-09T00:10:18Z,Sweden,Algeria,0,1,2.27,3.61,2.91,1.37,1.58,1.25,1.62,2.26,1.54,2.43,Non,Non,Non,Non,Oui,Away,47,[47],True
3c5fcb873d4872d6,coupe-du-monde,164819,57,2026-09-09T00:10:18Z,Australia,Germany,3,1,3.5,4.18,1.87,1.87,1.27,1.2,1.38,3.0,1.42,2.81,Oui,Oui,Oui,Non,Non,Home,80,"[22, 28, 64, 80]",True
e2bfdc9dbfa43f5b,coupe-du-monde,164819,57,2026-09-09T00:10:18Z,Scotland,Senegal,1,3,3.47,3.79,1.97,1.78,1.27,1.23,1.56,2.39,1.53,2.45,Oui,Oui,Non,Non,Oui,Away,89,"[41, 59, 69, 89]",True
c25885b9fa3a1b3c,coupe-du-monde,164819,57,2026-09-09T00:10:18Z,Ecuador,New Zealand,0,3,1.75,3.94,4.24,1.19,2.01,1.22,1.57,2.36,1.6,2.3,Oui,Non,Non,Non,Oui,Away,82,"[58, 68, 82]",True
9fff7a2269a7d2d2,coupe-du-monde,164819,57,2026-09-09T00:10:18Z,Belgium,Egypt,5,1,2.04,3.7,3.34,1.29,1.72,1.24,1.61,2.29,1.56,2.39,Oui,Oui,Oui,Non,Non,Home,86,"[8, 14, 37, 55, 77, 86]",True
fede73c855849415,coupe-du-monde,164819,57,2026-09-09T00:10:18Z,Turkiye,Switzerland,0,2,3.45,3.76,1.98,1.77,1.27,1.24,1.58,2.34,1.55,2.42,Non,Non,Non,Non,Oui,Away,31,"[19, 31]",True
18e6a2454f0854ed,coupe-du-monde,164819,57,2026-09-09T00:10:18Z,Panama,Ghana,2,2,2.9,3.5,2.33,1.56,1.37,1.27,1.7,2.12,1.59,2.31,Oui,Oui,Non,Oui,Non,Away,64,"[38, 45, 58, 64]",True
94e5bc4051fab500,coupe-du-monde,164819,57,2026-09-09T00:10:18Z,Morocco,Korea Republic,4,1,1.68,3.72,5.1,1.14,2.11,1.24,1.83,1.94,1.85,1.93,Oui,Oui,Oui,Non,Non,Home,73,"[28, 33, 41, 46, 73]",True
5cff4ff46d82f28a,coupe-du-monde,164819,57,2026-09-09T00:10:18Z,Colombia,Paraguay,1,3,1.87,3.92,3.71,1.24,1.87,1.22,1.51,2.51,1.52,2.48,Oui,Oui,Non,Non,Oui,Away,69,"[20, 37, 55, 69]",True
5b7ed0a672e3a60e,coupe-du-monde,164819,57,2026-09-09T00:10:18Z,Spain,IR Iran,3,0,1.5,4.42,6.02,1.1,2.5,1.18,1.55,2.41,1.73,2.08,Oui,Non,Oui,Non,Non,Home,80,"[56, 69, 80]",True
019676f485affa33,coupe-du-monde,164819,60,2026-09-09T00:16:18Z,Paraguay,Belgium,2,2,3.89,3.97,1.81,1.93,1.22,1.21,1.51,2.51,1.53,2.45,Oui,Oui,Non,Oui,Non,Away,63,"[8, 19, 60, 63]",True
be4a24984c79cbb2,coupe-du-monde,164819,60,2026-09-09T00:16:18Z,Germany,Sweden,2,1,2.05,3.92,3.14,1.32,1.71,1.22,1.46,2.68,1.45,2.69,Oui,Oui,Oui,Non,Non,Home,78,"[33, 76, 78]",True
e3fe3faeae47e2d1,coupe-du-monde,164819,60,2026-09-09T00:16:18Z,France,Colombia,3,3,1.66,4.42,4.34,1.18,2.15,1.18,1.37,3.02,1.47,2.64,Oui,Oui,Non,Oui,Non,Home,82,"[6, 15, 31, 75, 80, 82]",True
fe523dce4f91d5e7,coupe-du-monde,164819,60,2026-09-09T00:16:18Z,Canada,Haiti,4,1,1.76,3.87,4.3,1.19,2.0,1.22,1.61,2.27,1.63,2.24,Oui,Oui,Oui,Non,Non,Home,72,"[28, 33, 45, 68, 72]",True
836596293c34aa1c,coupe-du-monde,164819,60,2026-09-09T00:16:18Z,Netherlands,Portugal,2,2,3.06,4.21,2.02,1.74,1.34,1.19,1.32,3.28,1.36,3.06,Oui,Oui,Non,Oui,Non,Away,77,"[9, 42, 77, 77]",True
f3cbe607d1dd95ac,coupe-du-monde,164819,60,2026-09-09T00:16:18Z,Algeria,South Africa,0,1,1.98,3.68,3.53,1.26,1.77,1.24,1.64,2.22,1.59,2.31,Non,Non,Non,Non,Oui,Away,29,[29],True
8a902d0015321d0a,coupe-du-monde,164819,60,2026-09-09T00:16:18Z,Jordan,Croatia,2,3,4.3,3.71,1.79,1.96,1.19,1.24,1.72,2.09,1.7,2.12,Oui,Oui,Non,Non,Oui,Away,52,"[9, 22, 35, 52, 52]",True
da0744f7d0449cd4,coupe-du-monde,164819,60,2026-09-09T00:16:18Z,Egypt,Norway,0,2,3.02,3.68,2.19,1.63,1.35,1.25,1.58,2.33,1.53,2.47,Non,Non,Non,Non,Oui,Away,88,"[88, 88]",True
86a27e715ace21a0,coupe-du-monde,164819,60,2026-09-09T00:16:18Z,Brazil,Ecuador,0,1,1.69,4.4,4.16,1.2,2.1,1.18,1.36,3.07,1.45,2.69,Non,Non,Non,Non,Oui,Away,58,[58],True
7e3559e5005bdf0e,coupe-du-monde,164819,60,2026-09-09T00:16:18Z,Switzerland,Scotland,1,2,1.93,3.69,3.68,1.25,1.81,1.24,1.65,2.2,1.61,2.28,Oui,Oui,Non,Non,Oui,Home,51,"[30, 44, 51]",True
ed5c9ca4554786f5,coupe-du-monde,164819,60,2026-09-09T00:16:18Z,Iraq,Japan,2,3,4.37,3.94,1.73,2.03,1.18,1.22,1.59,2.32,1.62,2.26,Oui,Oui,Non,Non,Oui,Away,73,"[30, 37, 48, 59, 73]",True
2063a97529ed1da2,coupe-du-monde,164819,60,2026-09-09T00:16:18Z,Ghana,Curacao,2,1,1.82,3.73,4.15,1.2,1.93,1.24,1.68,2.14,1.66,2.18,Oui,Oui,Oui,Non,Non,Home,57,"[36, 42, 57]",True
9eb8b4d4bfe7110e,coupe-du-monde,164819,60,2026-09-09T00:16:18Z,Korea Republic,Austria,1,1,2.76,3.69,2.34,1.55,1.41,1.24,1.56,2.39,1.5,2.54,Non,Oui,Non,Oui,Non,Home,16,"[5, 16]",True
1d9bdf2dac558616,coupe-du-monde,164819,60,2026-09-09T00:16:18Z,Czechia,Cote d'Ivoire,1,4,2.65,3.71,2.42,1.52,1.44,1.24,1.54,2.44,1.49,2.58,Oui,Oui,Non,Non,Oui,Away,81,"[2, 25, 55, 58, 81]",True
e19f0ea07712cf99,coupe-du-monde,164819,60,2026-09-09T00:16:18Z,Qatar,England,0,5,4.99,4.43,1.58,2.3,1.14,1.18,1.44,2.75,1.56,2.39,Oui,Non,Non,Non,Oui,Away,86,"[20, 45, 64, 80, 86]",True
b1a24edc5a617971,coupe-du-monde,164819,60,2026-09-09T00:16:18Z,IR Iran,Morocco,1,2,4.99,3.49,1.75,2.02,1.14,1.27,2.0,1.78,1.94,1.83,Oui,Oui,Non,Non,Oui,Away,78,"[11, 48, 78]",True
76c68b37203d0214,coupe-du-monde,164819,60,2026-09-09T00:16:18Z,Bosnia-Herzegovina,Uruguay,1,0,5.6,4.5,1.52,2.45,1.11,1.17,1.47,2.63,1.63,2.23,Non,Non,Oui,Non,Non,Home,34,[34],True
6e278250809c7708,coupe-du-monde,164819,60,2026-09-09T00:16:18Z,Mexico,Australia,0,1,2.11,3.79,3.09,1.33,1.67,1.23,1.52,2.49,1.49,2.57,Non,Non,Non,Non,Oui,Away,60,[60],True
72fc79fdf39d8f31,coupe-du-monde,164819,60,2026-09-09T00:16:18Z,Argentina,Saudi Arabia,1,0,1.34,5.51,7.42,1.06,3.1,1.12,1.33,3.23,1.65,2.19,Non,Non,Oui,Non,Non,Home,84,[84],True
57de411a440af1d1,coupe-du-monde,164819,60,2026-09-09T00:16:18Z,Uzbekistan,Tunisia,1,2,3.21,3.44,2.18,1.63,1.31,1.28,1.79,1.99,1.66,2.18,Oui,Oui,Non,Non,Oui,Home,67,"[58, 62, 67]",True
d4d895f2df094d93,coupe-du-monde,164819,60,2026-09-09T00:16:18Z,USA,Congo DR,2,2,1.78,4.01,4.03,1.21,1.97,1.21,1.51,2.51,1.54,2.43,Oui,Oui,Non,Oui,Non,Away,89,"[1, 24, 26, 89]",True
2fe17ed563b248ce,coupe-du-monde,164819,60,2026-09-09T00:16:18Z,Senegal,Spain,1,2,4.66,4.01,1.68,2.12,1.16,1.21,1.58,2.34,1.64,2.23,Oui,Oui,Non,Non,Oui,Away,83,"[23, 41, 83]",True
098ba2a33764647c,coupe-du-monde,164819,60,2026-09-09T00:16:18Z,New Zealand,Cabo Verde,2,2,3.35,3.52,2.1,1.68,1.29,1.27,1.74,2.06,1.64,2.22,Oui,Oui,Non,Oui,Non,Away,78,"[34, 44, 53, 78]",True
d878379e7bc1c94c,coupe-du-monde,164819,60,2026-09-09T00:16:18Z,Turkiye,Panama,1,0,1.94,3.79,3.57,1.26,1.8,1.23,1.57,2.35,1.55,2.4,Non,Non,Oui,Non,Non,Home,9,[9],True
c13609acb7efbca7,coupe-du-monde,164819,62,2026-09-09T00:20:18Z,Paraguay,Ecuador,4,1,2.91,3.72,2.23,1.6,1.37,1.24,1.55,2.42,1.5,2.54,Oui,Oui,Oui,Non,Non,Home,89,"[32, 41, 44, 49, 89]",True
a96853289e7747d2,coupe-du-monde,164819,62,2026-09-09T00:20:18Z,Germany,Haiti,2,0,1.35,5.39,7.43,1.06,3.07,1.12,1.36,3.09,1.67,2.16,Non,Non,Oui,Non,Non,Home,33,"[12, 33]",True
f21db65ff5d2ed8b,coupe-du-monde,164819,62,2026-09-09T00:20:18Z,Panama,Australia,1,4,3.92,3.79,1.85,1.89,1.22,1.23,1.62,2.26,1.61,2.28,Oui,Oui,Non,Non,Oui,Away,90,"[30, 37, 48, 79, 90]",True
40e81008a88138ea,coupe-du-monde,164819,62,2026-09-09T00:20:18Z,Egypt,Cabo Verde,1,1,2.06,3.58,3.39,1.28,1.71,1.26,1.69,2.14,1.61,2.27,Non,Oui,Non,Oui,Non,Away,84,"[64, 84]",True
307bc782ae9dd360,coupe-du-monde,164819,62,2026-09-09T00:20:18Z,Algeria,Cote d'Ivoire,2,2,2.67,3.74,2.39,1.53,1.43,1.24,1.52,2.48,1.48,2.61,Oui,Oui,Non,Oui,Non,Away,77,"[41, 44, 70, 77]",True
3f04b1ece51ac43f,coupe-du-monde,164819,62,2026-09-09T00:20:18Z,Argentina,Austria,3,0,1.66,4.37,4.34,1.18,2.14,1.18,1.39,2.93,1.48,2.59,Oui,Non,Oui,Non,Non,Home,88,"[84, 84, 88]",True
423b794e246cee1a,coupe-du-monde,164819,62,2026-09-09T00:20:18Z,Congo DR,Croatia,1,3,4.48,3.86,1.73,2.03,1.17,1.23,1.65,2.21,1.67,2.17,Oui,Oui,Non,Non,Oui,Home,81,"[26, 41, 53, 81]",True
9116dd66bebf03bc,coupe-du-monde,164819,62,2026-09-09T00:20:18Z,Canada,Morocco,1,4,6.31,4.05,1.53,2.42,1.09,1.21,1.77,2.03,1.92,1.86,Oui,Oui,Non,Non,Oui,Away,83,"[25, 34, 37, 61, 83]",True
e4771bc73f6a1f10,coupe-du-monde,164819,62,2026-09-09T00:20:18Z,Iraq,Norway,2,0,3.85,4.0,1.82,1.93,1.23,1.21,1.49,2.57,1.52,2.49,Non,Non,Oui,Non,Non,Home,87,"[49, 87]",True
8524a01e95889169,coupe-du-monde,164819,62,2026-09-09T00:20:18Z,Netherlands,Spain,1,3,4.13,4.17,1.73,2.04,1.2,1.2,1.44,2.73,1.5,2.53,Oui,Oui,Non,Non,Oui,Home,87,"[16, 54, 82, 87]",True
6bb3237c1ce7c61a,coupe-du-monde,164819,62,2026-09-09T00:20:18Z,Qatar,Uruguay,0,5,4.31,4.04,1.72,2.05,1.19,1.21,1.53,2.47,1.57,2.36,Oui,Non,Non,Non,Oui,Away,87,"[25, 43, 80, 86, 87]",True
2523cc1c1358b21d,coupe-du-monde,164819,62,2026-09-09T00:20:18Z,Uzbekistan,Japan,1,1,4.55,4.06,1.68,2.1,1.17,1.21,1.54,2.43,1.6,2.3,Non,Oui,Non,Oui,Non,Home,52,"[27, 52]",True
b278603680d5adb4,coupe-du-monde,164819,62,2026-09-09T00:20:18Z,New Zealand,Bosnia-Herzegovina,1,1,3.0,3.63,2.22,1.61,1.35,1.25,1.61,2.27,1.54,2.42,Non,Oui,Non,Oui,Non,Away,85,"[76, 85]",True
e5c10ceed632ede0,coupe-du-monde,164819,62,2026-09-09T00:20:18Z,Brazil,England,2,3,2.59,4.08,2.33,1.56,1.46,1.2,1.34,3.16,1.36,3.07,Oui,Oui,Non,Non,Oui,Home,88,"[38, 39, 72, 83, 88]",True
a06609db1ff6eb1f,coupe-du-monde,164819,62,2026-09-09T00:20:18Z,France,Tunisia,1,0,1.43,4.74,6.67,1.08,2.72,1.16,1.48,2.59,1.73,2.08,Non,Non,Oui,Non,Non,Home,67,[67],True
36fd45b55d43de5b,coupe-du-monde,164819,62,2026-09-09T00:20:18Z,Senegal,South Africa,0,2,1.72,3.85,4.57,1.17,2.05,1.23,1.67,2.18,1.69,2.14,Non,Non,Non,Non,Oui,Away,65,"[1, 65]",True
5022bc3b9b5a847e,coupe-du-monde,164819,62,2026-09-09T00:20:18Z,USA,Scotland,1,2,2.11,3.9,3.03,1.35,1.67,1.22,1.45,2.7,1.44,2.73,Oui,Oui,Non,Non,Oui,Away,75,"[4, 22, 75]",True
564427c42055a19d,coupe-du-monde,164819,62,2026-09-09T00:20:18Z,Turkiye,Colombia,1,1,3.3,4.05,1.96,1.78,1.3,1.21,1.41,2.84,1.43,2.76,Non,Oui,Non,Oui,Non,Home,88,"[3, 88]",True
23c538bcc34b9efd,coupe-du-monde,164819,62,2026-09-09T00:20:18Z,IR Iran,Saudi Arabia,0,1,1.93,3.72,3.65,1.25,1.81,1.24,1.63,2.25,1.59,2.32,Non,Non,Non,Non,Oui,Away,19,[19],True
c9074fffa7284461,coupe-du-monde,164819,62,2026-09-09T00:20:18Z,Mexico,Portugal,2,3,3.45,4.23,1.87,1.86,1.27,1.19,1.35,3.13,1.4,2.89,Oui,Oui,Non,Non,Oui,Away,69,"[9, 23, 51, 66, 69]",True
016a70e4c39b9bbc,coupe-du-monde,164819,62,2026-09-09T00:20:18Z,Jordan,Curacao,3,1,1.86,3.6,4.1,1.2,1.88,1.25,1.77,2.02,1.72,2.1,Oui,Oui,Oui,Non,Non,Home,89,"[1, 22, 59, 89]",True
11c09bacc193e3c0,coupe-du-monde,164819,62,2026-09-09T00:20:18Z,Czechia,Korea Republic,1,2,2.72,3.71,2.36,1.54,1.42,1.24,1.54,2.43,1.49,2.57,Oui,Oui,Non,Non,Oui,Home,78,"[39, 42, 78]",True
bbccc04e897a32b6,coupe-du-monde,164819,62,2026-09-09T00:20:18Z,Switzerland,Sweden,1,1,2.2,3.43,3.18,1.32,1.62,1.28,1.79,1.99,1.66,2.18,Non,Oui,Non,Oui,Non,Away,63,"[27, 63]",True
cdf574e42d1b402d,coupe-du-monde,164819,62,2026-09-09T00:20:18Z,Ghana,Belgium,0,1,4.3,4.07,1.72,2.05,1.19,1.21,1.51,2.52,1.56,2.39,Non,Non,Non,Non,Oui,Away,16,[16],True
ad9e6cff78b4dd7a,coupe-du-monde,164819,65,2026-09-09T00:26:18Z,Tunisia,Congo DR,1,5,2.15,3.41,3.3,1.3,1.65,1.28,1.82,1.95,1.69,2.14,Oui,Oui,Non,Non,Oui,Away,65,"[8, 21, 44, 60, 60, 65]",True
8ab8122344a9d8f4,coupe-du-monde,164819,65,2026-09-09T00:26:18Z,Sweden,Panama,3,0,1.74,3.86,4.4,1.18,2.02,1.23,1.64,2.22,1.66,2.19,Oui,Non,Oui,Non,Non,Home,78,"[22, 34, 78]",True
b25af2f4681619a0,coupe-du-monde,164819,65,2026-09-09T00:26:18Z,Uruguay,Iraq,0,1,1.57,4.26,5.35,1.12,2.33,1.19,1.54,2.44,1.66,2.18,Non,Non,Non,Non,Oui,Away,42,[42],True
6623466af0102344,coupe-du-monde,164819,65,2026-09-09T00:26:18Z,Saudi Arabia,Senegal,2,2,4.23,3.9,1.76,1.99,1.19,1.22,1.6,2.3,1.62,2.26,Oui,Oui,Non,Oui,Non,Home,83,"[25, 49, 56, 83]",True
9855bc288fe789ce,coupe-du-monde,164819,65,2026-09-09T00:26:18Z,South Africa,Switzerland,2,2,4.89,3.91,1.67,2.13,1.15,1.22,1.67,2.16,1.72,2.09,Oui,Oui,Non,Oui,Non,Home,89,"[21, 60, 88, 89]",True
5407a660ed7bfa91,coupe-du-monde,164819,65,2026-09-09T00:26:18Z,Norway,Ghana,2,0,1.75,4.14,4.07,1.2,2.01,1.2,1.45,2.69,1.51,2.52,Non,Non,Oui,Non,Non,Home,28,"[20, 28]",True
b1a061ff8df0844b,coupe-du-monde,164819,65,2026-09-09T00:26:18Z,Austria,Qatar,3,1,2.03,3.82,3.27,1.3,1.73,1.23,1.52,2.48,1.5,2.54,Oui,Oui,Oui,Non,Non,Home,54,"[4, 29, 43, 54]",True
1291e9f39e9489ff,coupe-du-monde,164819,65,2026-09-09T00:26:18Z,Czechia,IR Iran,1,3,2.83,3.54,2.36,1.54,1.39,1.26,1.67,2.16,1.58,2.35,Oui,Oui,Non,Non,Oui,Home,67,"[28, 39, 41, 67]",True
59749bf5bc5dbbec,coupe-du-monde,164819,65,2026-09-09T00:26:18Z,Morocco,Netherlands,1,0,2.06,3.51,3.47,1.27,1.71,1.27,1.76,2.03,1.66,2.18,Non,Non,Oui,Non,Non,Home,60,[60],True
9f9d23c654652b55,coupe-du-monde,164819,65,2026-09-09T00:26:18Z,Belgium,Turkiye,3,2,1.86,4.02,3.65,1.25,1.88,1.21,1.46,2.67,1.48,2.59,Oui,Oui,Oui,Non,Non,Away,67,"[33, 44, 53, 58, 67]",True
b95a8af114d137f4,coupe-du-monde,164819,65,2026-09-09T00:26:18Z,Scotland,Colombia,2,2,3.48,3.95,1.93,1.82,1.27,1.22,1.48,2.61,1.48,2.59,Oui,Oui,Non,Oui,Non,Home,78,"[40, 47, 48, 78]",True
9857d512992801eb,coupe-du-monde,164819,65,2026-09-09T00:26:18Z,Ecuador,France,0,4,6.07,4.92,1.45,2.67,1.1,1.15,1.38,3.0,1.59,2.32,Oui,Non,Non,Non,Oui,Away,84,"[40, 44, 46, 84]",True
795c3498a1228ade,coupe-du-monde,164819,65,2026-09-09T00:26:18Z,Haiti,Mexico,1,3,6.03,4.54,1.48,2.54,1.1,1.17,1.5,2.55,1.69,2.14,Oui,Oui,Non,Non,Oui,Away,78,"[20, 48, 63, 78]",True
8fdb3328ff6fba3b,coupe-du-monde,164819,65,2026-09-09T00:26:18Z,Korea Republic,Canada,2,1,2.28,3.76,2.81,1.39,1.58,1.24,1.52,2.49,1.48,2.6,Oui,Oui,Oui,Non,Non,Home,62,"[24, 52, 62]",True
1dd114ef61426981,coupe-du-monde,164819,65,2026-09-09T00:26:18Z,Cote d'Ivoire,Germany,1,2,3.39,4.1,1.92,1.82,1.28,1.2,1.39,2.92,1.42,2.79,Oui,Oui,Non,Non,Oui,Away,90,"[85, 87, 90]",True
90c7e09087b38e28,coupe-du-monde,164819,65,2026-09-09T00:26:18Z,Spain,USA,3,2,1.52,4.57,5.43,1.12,2.43,1.17,1.43,2.79,1.58,2.33,Oui,Oui,Oui,Non,Non,Away,59,"[6, 17, 50, 52, 59]",True
99d2be691804f58d,coupe-du-monde,164819,65,2026-09-09T00:26:18Z,Cabo Verde,Paraguay,2,1,2.73,3.59,2.41,1.52,1.42,1.26,1.63,2.25,1.54,2.43,Oui,Oui,Oui,Non,Non,Away,88,"[19, 31, 88]",True
b334e5add5de82ea,coupe-du-monde,164819,65,2026-09-09T00:26:18Z,Bosnia-Herzegovina,Brazil,1,2,5.98,4.94,1.45,2.65,1.1,1.14,1.36,3.07,1.58,2.35,Oui,Oui,Non,Non,Oui,Away,71,"[23, 59, 71]",True
77ff8a20f794751d,coupe-du-monde,164819,65,2026-09-09T00:26:18Z,New Zealand,Egypt,0,0,4.39,3.75,1.77,1.98,1.18,1.24,1.71,2.11,1.7,2.12,Non,Non,Non,Oui,Non,,,[],True
79dc186d8a6f672c,coupe-du-monde,164819,65,2026-09-09T00:26:18Z,Japan,Jordan,0,0,1.68,3.95,4.75,1.16,2.12,1.22,1.63,2.24,1.68,2.15,Non,Non,Non,Oui,Non,,,[],True
f749789ad17a18fd,coupe-du-monde,164819,65,2026-09-09T00:26:18Z,Curacao,Australia,0,3,5.68,4.27,1.54,2.39,1.11,1.19,1.58,2.35,1.72,2.09,Oui,Non,Non,Non,Oui,Away,86,"[67, 78, 86]",True
8a5c9a9198c7b727,coupe-du-monde,164819,65,2026-09-09T00:26:18Z,Argentina,Algeria,0,0,1.55,4.63,5.07,1.14,2.38,1.16,1.37,3.01,1.52,2.49,Non,Non,Non,Oui,Non,,,[],True
54f08f37f8048703,coupe-du-monde,164819,65,2026-09-09T00:26:18Z,England,Uzbekistan,2,0,1.41,4.92,6.67,1.08,2.78,1.15,1.43,2.79,1.68,2.15,Non,Non,Oui,Non,Non,Home,76,"[6, 76]",True
e27998574b1857e6,coupe-du-monde,164819,65,2026-09-09T00:26:18Z,Portugal,Croatia,0,1,2.01,3.91,3.26,1.3,1.74,1.22,1.47,2.62,1.47,2.63,Non,Non,Non,Non,Oui,Away,48,[48],True
00cb99685db5bd8b,coupe-du-monde,164819,67,2026-09-09T00:30:18Z,Ecuador,Turkiye,0,2,2.32,3.81,2.74,1.41,1.56,1.23,1.48,2.59,1.45,2.69,Non,Non,Non,Non,Oui,Away,89,"[20, 89]",True
f596ba85b8df948d,coupe-du-monde,164819,67,2026-09-09T00:30:18Z,Haiti,Panama,3,0,3.11,3.42,2.24,1.6,1.33,1.28,1.79,1.99,1.66,2.19,Oui,Non,Oui,Non,Non,Home,72,"[33, 39, 72]",True
bfd20073797aeb56,coupe-du-monde,164819,67,2026-09-09T00:30:18Z,Sweden,Colombia,0,2,2.74,3.77,2.32,1.56,1.41,1.23,1.5,2.53,1.47,2.64,Non,Non,Non,Non,Oui,Away,61,"[13, 61]",True
8286d469a4dfb100,coupe-du-monde,164819,67,2026-09-09T00:30:18Z,Saudi Arabia,Netherlands,1,2,4.51,4.4,1.64,2.19,1.17,1.18,1.4,2.9,1.5,2.54,Oui,Oui,Non,Non,Oui,Home,87,"[20, 25, 87]",True
b763f4f7f4b9a458,coupe-du-monde,164819,67,2026-09-09T00:30:18Z,England,France,0,0,3.05,4.02,2.07,1.7,1.34,1.21,1.4,2.88,1.41,2.83,Non,Non,Non,Oui,Non,,,[],True
704f23e5f8960b20,coupe-du-monde,164819,67,2026-09-09T00:30:18Z,Cabo Verde,Ghana,1,1,2.55,3.56,2.59,1.46,1.47,1.26,1.65,2.21,1.56,2.39,Non,Oui,Non,Oui,Non,Away,72,"[46, 72]",True
549b9f1f0d6aaa65,coupe-du-monde,164819,67,2026-09-09T00:30:18Z,Bosnia-Herzegovina,Paraguay,1,4,2.92,3.64,2.26,1.59,1.37,1.25,1.6,2.31,1.53,2.46,Oui,Oui,Non,Non,Oui,Away,84,"[2, 4, 56, 67, 84]",True
c9abf36b926c1b18,coupe-du-monde,164819,67,2026-09-09T00:30:18Z,Belgium,Australia,1,0,1.99,3.89,3.32,1.29,1.76,1.22,1.49,2.58,1.48,2.59,Non,Non,Oui,Non,Non,Home,10,[10],True
e395080d4ea25f74,coupe-du-monde,164819,67,2026-09-09T00:30:18Z,Uruguay,Uzbekistan,2,1,1.55,4.35,5.39,1.12,2.36,1.18,1.51,2.52,1.64,2.22,Oui,Oui,Oui,Non,Non,Home,71,"[30, 40, 71]",True
a6967623784a8c7b,coupe-du-monde,164819,67,2026-09-09T00:30:18Z,Japan,Congo DR,1,0,1.62,4.15,4.99,1.14,2.22,1.2,1.56,2.4,1.65,2.21,Non,Non,Oui,Non,Non,Home,28,[28],True
a7411e27920254f0,coupe-du-monde,164819,67,2026-09-09T00:30:18Z,Spain,Croatia,2,1,1.66,4.03,4.75,1.16,2.14,1.21,1.58,2.33,1.65,2.21,Oui,Oui,Oui,Non,Non,Away,78,"[30, 71, 78]",True
9ce641e0dc6ef9a2,coupe-du-monde,164819,67,2026-09-09T00:30:18Z,Korea Republic,Germany,1,3,3.35,4.08,1.94,1.81,1.29,1.2,1.4,2.89,1.43,2.78,Oui,Oui,Non,Non,Oui,Home,63,"[25, 26, 58, 63]",True
131c2d84d82abb35,coupe-du-monde,164819,67,2026-09-09T00:30:18Z,South Africa,USA,0,1,3.95,3.99,1.8,1.95,1.22,1.21,1.5,2.53,1.53,2.46,Non,Non,Non,Non,Oui,Away,14,[14],True
df9d6fe900da95de,coupe-du-monde,164819,67,2026-09-09T00:30:18Z,Norway,Jordan,2,1,1.71,3.99,4.49,1.17,2.07,1.21,1.58,2.34,1.62,2.25,Oui,Oui,Oui,Non,Non,Away,25,"[6, 22, 25]",True
f857f473213f804b,coupe-du-monde,164819,67,2026-09-09T00:30:18Z,Argentina,Senegal,1,1,1.79,4.12,3.88,1.22,1.96,1.2,1.44,2.74,1.48,2.59,Non,Oui,Non,Oui,Non,Away,27,"[3, 27]",True
df65569afb133a1f,coupe-du-monde,164819,67,2026-09-09T00:30:18Z,Tunisia,Scotland,2,4,2.54,3.47,2.64,1.44,1.47,1.27,1.72,2.09,1.6,2.3,Oui,Oui,Non,Non,Oui,Away,75,"[26, 28, 40, 61, 63, 75]",True
84cb0bf9fc2e93c0,coupe-du-monde,164819,67,2026-09-09T00:30:18Z,New Zealand,Iraq,0,1,3.31,3.54,2.11,1.68,1.3,1.26,1.72,2.09,1.62,2.25,Non,Non,Non,Non,Oui,Away,82,[82],True
2a2b86b899f1d3d9,coupe-du-monde,164819,67,2026-09-09T00:30:18Z,IR Iran,Algeria,3,0,2.32,3.54,2.88,1.38,1.56,1.26,1.67,2.17,1.57,2.36,Oui,Non,Oui,Non,Non,Home,81,"[28, 29, 81]",True
04b7ff2af889e263,coupe-du-monde,164819,67,2026-09-09T00:30:18Z,Qatar,Brazil,0,3,4.51,4.53,1.62,2.22,1.17,1.17,1.35,3.12,1.47,2.64,Oui,Non,Non,Non,Oui,Away,73,"[4, 49, 73]",True
023d1234d854ce4a,coupe-du-monde,164819,67,2026-09-09T00:30:18Z,Austria,Egypt,2,4,2.25,3.61,2.96,1.36,1.6,1.25,1.63,2.25,1.55,2.41,Oui,Oui,Non,Non,Oui,Away,71,"[21, 33, 37, 47, 51, 71]",True
702ab3ec714fed8b,coupe-du-monde,164819,67,2026-09-09T00:30:18Z,Morocco,Mexico,1,0,1.83,3.56,4.32,1.18,1.92,1.26,1.84,1.93,1.78,2.01,Non,Non,Oui,Non,Non,Home,15,[15],True
5dd70b59461e5e89,coupe-du-monde,164819,67,2026-09-09T00:30:18Z,Czechia,Canada,2,3,2.45,3.66,2.64,1.44,1.5,1.25,1.57,2.36,1.51,2.52,Oui,Oui,Non,Non,Oui,Home,85,"[33, 42, 70, 71, 85]",True
908dc8d6406aa2e4,coupe-du-monde,164819,67,2026-09-09T00:30:18Z,Portugal,Curacao,2,1,1.22,6.54,11.27,1.01,4.06,1.08,1.33,3.23,1.9,1.88,Oui,Oui,Oui,Non,Non,Home,71,"[53, 61, 71]",True
46735b31211cdaa0,coupe-du-monde,164819,67,2026-09-09T00:30:18Z,Cote d'Ivoire,Switzerland,2,1,3.44,3.64,2.02,1.73,1.28,1.25,1.65,2.2,1.59,2.31,Oui,Oui,Oui,Non,Non,Away,74,"[28, 32, 74]",True
4d7e368821355590,coupe-du-monde,164819,70,2026-09-09T00:36:18Z,Mexico,Korea Republic,1,0,2.21,3.77,2.93,1.37,1.62,1.24,1.52,2.49,1.48,2.59,Non,Non,Oui,Non,Non,Home,27,[27],True
5692148c8cb89280,coupe-du-monde,164819,70,2026-09-09T00:36:18Z,Jordan,Uruguay,1,3,5.75,4.26,1.53,2.4,1.11,1.19,1.58,2.33,1.73,2.08,Oui,Oui,Non,Non,Oui,Away,88,"[7, 30, 61, 88]",True
3bf94cc9f30f4ccc,coupe-du-monde,164819,70,2026-09-09T00:36:18Z,Australia,Norway,1,1,3.03,3.85,2.13,1.66,1.34,1.23,1.48,2.6,1.46,2.66,Non,Oui,Non,Oui,Non,Home,40,"[21, 40]",True
9f9608c25f225a14,coupe-du-monde,164819,70,2026-09-09T00:36:18Z,Ghana,New Zealand,0,2,2.18,3.62,3.06,1.34,1.63,1.25,1.63,2.24,1.56,2.39,Non,Non,Non,Non,Oui,Away,43,"[24, 43]",True
cbfb50da2695ceed,coupe-du-monde,164819,70,2026-09-09T00:36:18Z,Turkiye,Cabo Verde,2,2,2.18,3.72,3.01,1.35,1.63,1.24,1.55,2.4,1.51,2.52,Oui,Oui,Non,Oui,Non,Home,77,"[18, 21, 55, 77]",True
50d1fe2c6e712121,coupe-du-monde,164819,70,2026-09-09T00:36:18Z,Scotland,Ecuador,3,1,2.88,3.78,2.23,1.6,1.38,1.23,1.51,2.53,1.47,2.63,Oui,Oui,Oui,Non,Non,Away,72,"[20, 46, 54, 72]",True
89efd1d6561ce636,coupe-du-monde,164819,70,2026-09-09T00:36:18Z,Sweden,Belgium,2,1,3.08,3.72,2.14,1.65,1.33,1.24,1.56,2.38,1.52,2.5,Oui,Oui,Oui,Non,Non,Away,79,"[44, 45, 79]",True
c2deb81b5de6597a,coupe-du-monde,164819,70,2026-09-09T00:36:18Z,Tunisia,Spain,1,3,6.72,4.37,1.47,2.6,1.08,1.18,1.64,2.23,1.85,1.92,Oui,Oui,Non,Non,Oui,Home,86,"[43, 44, 45, 86]",True
760e0162f6e90f7a,coupe-du-monde,164819,70,2026-09-09T00:36:18Z,Curacao,Haiti,3,0,2.87,3.4,2.4,1.53,1.38,1.28,1.79,1.99,1.65,2.21,Oui,Non,Oui,Non,Non,Home,71,"[11, 64, 71]",True
5222c418edb483b4,coupe-du-monde,164819,70,2026-09-09T00:36:18Z,Canada,Austria,1,1,3.27,3.8,2.04,1.73,1.3,1.23,1.53,2.45,1.51,2.52,Non,Oui,Non,Oui,Non,Away,85,"[6, 85]",True
0e3b07c554d215c7,coupe-du-monde,164819,70,2026-09-09T00:36:18Z,Croatia,Morocco,1,4,4.34,3.38,1.87,1.87,1.18,1.28,2.01,1.78,1.88,1.89,Oui,Oui,Non,Non,Oui,Home,85,"[40, 42, 55, 59, 85]",True
64fce8d12a78de66,coupe-du-monde,164819,70,2026-09-09T00:36:18Z,Switzerland,Argentina,1,3,3.46,3.87,1.95,1.79,1.27,1.22,1.51,2.51,1.5,2.53,Oui,Oui,Non,Non,Oui,Away,55,"[28, 38, 51, 55]",True
d8a4c15119c6d2a5,coupe-du-monde,164819,70,2026-09-09T00:36:18Z,Panama,Cote d'Ivoire,3,2,3.99,3.76,1.84,1.9,1.21,1.24,1.64,2.21,1.63,2.24,Oui,Oui,Oui,Non,Non,Away,84,"[6, 30, 75, 77, 84]",True
8dc39d4744ed753b,coupe-du-monde,164819,70,2026-09-09T00:36:18Z,Paraguay,Egypt,0,2,3.1,3.61,2.17,1.64,1.33,1.25,1.64,2.22,1.57,2.37,Non,Non,Non,Non,Oui,Away,48,"[18, 48]",True
3d677df4f21de0e4,coupe-du-monde,164819,70,2026-09-09T00:36:18Z,France,Bosnia-Herzegovina,2,0,1.3,5.8,8.62,1.04,3.4,1.11,1.35,3.16,1.75,2.05,Non,Non,Oui,Non,Non,Home,29,"[9, 29]",True
e6be4bd57bec3196,coupe-du-monde,164819,70,2026-09-09T00:36:18Z,Iraq,Brazil,2,1,5.51,4.71,1.5,2.49,1.12,1.16,1.39,2.94,1.56,2.38,Oui,Oui,Oui,Non,Non,Away,73,"[32, 34, 73]",True
f5046f13487b1033,coupe-du-monde,164819,70,2026-09-09T00:36:18Z,USA,Saudi Arabia,1,0,1.82,4.08,3.75,1.24,1.92,1.2,1.44,2.73,1.48,2.6,Non,Non,Oui,Non,Non,Home,12,[12],True
ad9089f06635a45c,coupe-du-monde,164819,70,2026-09-09T00:36:18Z,Uzbekistan,Qatar,0,2,2.81,3.7,2.3,1.57,1.39,1.24,1.55,2.4,1.5,2.54,Non,Non,Non,Non,Oui,Away,88,"[88, 88]",True
e242163d74df42c0,coupe-du-monde,164819,70,2026-09-09T00:36:18Z,Portugal,Japan,2,1,2.03,3.97,3.17,1.32,1.73,1.21,1.43,2.76,1.44,2.74,Oui,Oui,Oui,Non,Non,Away,90,"[22, 29, 90]",True
2106751a7bdf1132,coupe-du-monde,164819,70,2026-09-09T00:36:18Z,Senegal,Algeria,1,0,2.17,3.6,3.11,1.33,1.64,1.25,1.64,2.21,1.57,2.37,Non,Non,Oui,Non,Non,Home,54,[54],True
d29c48190aaabd7b,coupe-du-monde,164819,70,2026-09-09T00:36:18Z,Netherlands,Czechia,3,1,1.9,4.04,3.5,1.27,1.84,1.21,1.43,2.77,1.45,2.69,Oui,Oui,Oui,Non,Non,Home,89,"[19, 50, 55, 89]",True
1a791ba22dd574ef,coupe-du-monde,164819,70,2026-09-09T00:36:18Z,Congo DR,England,0,3,6.92,5.07,1.39,2.87,1.07,1.14,1.4,2.89,1.67,2.16,Oui,Non,Non,Non,Oui,Away,84,"[73, 77, 84]",True
68e0f66e0981f0ee,coupe-du-monde,164819,70,2026-09-09T00:36:18Z,Colombia,South Africa,1,0,1.65,4.17,4.7,1.16,2.17,1.2,1.51,2.52,1.59,2.32,Non,Non,Oui,Non,Non,Home,41,[41],True
08dd533c591e3a0c,coupe-du-monde,164819,70,2026-09-09T00:36:18Z,Germany,IR Iran,4,0,1.88,3.99,3.61,1.25,1.86,1.21,1.47,2.64,1.49,2.58,Oui,Non,Oui,Non,Non,Home,90,"[18, 22, 74, 90]",True
f13d1102178c0592,coupe-du-monde,164819,73,2026-09-09T00:42:18Z,Argentina,Panama,2,0,1.31,5.59,8.67,1.04,3.33,1.11,1.39,2.94,1.79,2.0,Non,Non,Oui,Non,Non,Home,88,"[25, 88]",True
20d79397dcd71469,coupe-du-monde,164819,73,2026-09-09T00:42:18Z,IR Iran,Mexico,2,1,2.99,3.62,2.22,1.61,1.35,1.25,1.61,2.27,1.54,2.42,Oui,Oui,Oui,Non,Non,Home,67,"[37, 62, 67]",True
de141a3317356d55,coupe-du-monde,164819,73,2026-09-09T00:42:18Z,Morocco,Tunisia,1,2,1.64,3.55,6.0,1.1,2.19,1.26,2.11,1.71,2.13,1.7,Oui,Oui,Non,Non,Oui,Home,87,"[83, 86, 87]",True
d5596969728f55d5,coupe-du-monde,164819,73,2026-09-09T00:42:18Z,Uruguay,Australia,5,0,1.9,3.88,3.61,1.25,1.84,1.22,1.53,2.47,1.52,2.47,Oui,Non,Oui,Non,Non,Home,77,"[23, 29, 63, 66, 77]",True
69eda39eb6851100,coupe-du-monde,164819,73,2026-09-09T00:42:18Z,England,Portugal,2,1,2.35,4.05,2.58,1.46,1.55,1.21,1.36,3.07,1.37,3.01,Oui,Oui,Oui,Non,Non,Home,89,"[33, 43, 89]",True
9e58f0bb921b7819,coupe-du-monde,164819,73,2026-09-09T00:42:18Z,Iraq,Uzbekistan,4,1,2.38,3.55,2.79,1.4,1.53,1.26,1.66,2.18,1.57,2.37,Oui,Oui,Oui,Non,Non,Home,79,"[37, 41, 43, 62, 79]",True
9ffb2c0293850b8d,coupe-du-monde,164819,73,2026-09-09T00:42:18Z,South Africa,Belgium,1,3,5.26,4.25,1.58,2.31,1.13,1.19,1.54,2.44,1.66,2.19,Oui,Oui,Non,Non,Oui,Away,81,"[44, 59, 71, 81]",True
d613ec739233fb78,coupe-du-monde,164819,73,2026-09-09T00:42:18Z,Egypt,France,3,2,5.97,4.66,1.47,2.57,1.1,1.16,1.45,2.7,1.65,2.21,Oui,Oui,Oui,Non,Non,Away,88,"[40, 45, 57, 59, 88]",True
7022d919c8d3d29d,coupe-du-monde,164819,73,2026-09-09T00:42:18Z,Algeria,Switzerland,4,2,3.57,3.59,2.0,1.76,1.26,1.26,1.71,2.1,1.64,2.23,Oui,Oui,Oui,Non,Non,Home,60,"[17, 27, 42, 47, 55, 60]",True
d684940db12a4d77,coupe-du-monde,164819,73,2026-09-09T00:42:18Z,Czechia,USA,0,2,2.84,3.87,2.23,1.61,1.39,1.22,1.46,2.68,1.44,2.73,Non,Non,Non,Non,Oui,Away,43,"[27, 43]",True
df65cd7bb000bf96,coupe-du-monde,164819,73,2026-09-09T00:42:18Z,New Zealand,Turkiye,0,1,4.03,3.93,1.79,1.95,1.21,1.22,1.55,2.41,1.57,2.37,Non,Non,Non,Non,Oui,Away,51,[51],True
7973874793b3cc9f,coupe-du-monde,164819,73,2026-09-09T00:42:18Z,Senegal,Germany,2,2,2.89,3.89,2.19,1.63,1.38,1.22,1.45,2.69,1.44,2.73,Oui,Oui,Non,Oui,Non,Home,68,"[15, 17, 22, 68]",True
ce95b8b65ceaf2fa,coupe-du-monde,164819,73,2026-09-09T00:42:18Z,Austria,Paraguay,2,1,1.99,3.82,3.38,1.29,1.76,1.23,1.53,2.46,1.51,2.51,Oui,Oui,Oui,Non,Non,Home,52,"[16, 48, 52]",True
63225246d564b85f,coupe-du-monde,164819,73,2026-09-09T00:42:18Z,Cote d'Ivoire,Curacao,1,1,1.55,4.21,5.6,1.11,2.36,1.19,1.6,2.3,1.73,2.08,Non,Oui,Non,Oui,Non,Home,75,"[59, 75]",True
1423e606c6869ff6,coupe-du-monde,164819,73,2026-09-09T00:42:18Z,Haiti,Japan,1,2,6.98,4.65,1.42,2.74,1.07,1.16,1.54,2.43,1.8,1.98,Oui,Oui,Non,Non,Oui,Away,45,"[16, 26, 45]",True
846d497781c4681c,coupe-du-monde,164819,73,2026-09-09T00:42:18Z,Ecuador,Spain,1,1,6.16,4.75,1.46,2.63,1.09,1.16,1.44,2.75,1.65,2.21,Non,Oui,Non,Oui,Non,Away,89,"[21, 89]",True
76a872f9b2d5a537,coupe-du-monde,164819,73,2026-09-09T00:42:18Z,Saudi Arabia,Colombia,1,1,4.31,4.18,1.7,2.08,1.19,1.2,1.46,2.66,1.53,2.46,Non,Oui,Non,Oui,Non,Away,34,"[22, 34]",True
793229bb7fe0b4b8,coupe-du-monde,164819,73,2026-09-09T00:42:18Z,Bosnia-Herzegovina,Congo DR,2,1,2.48,3.5,2.7,1.42,1.5,1.27,1.69,2.13,1.58,2.33,Oui,Oui,Oui,Non,Non,Home,79,"[10, 13, 79]",True
1024c8f5e5bc9d11,coupe-du-monde,164819,73,2026-09-09T00:42:18Z,Norway,Sweden,4,0,2.24,3.81,2.85,1.38,1.6,1.23,1.49,2.57,1.46,2.66,Oui,Non,Oui,Non,Non,Home,72,"[1, 27, 51, 72]",True
39a5ca34648f8a76,coupe-du-monde,164819,73,2026-09-09T00:42:18Z,Cabo Verde,Scotland,1,1,2.87,3.64,2.29,1.58,1.38,1.25,1.6,2.3,1.53,2.46,Non,Oui,Non,Oui,Non,Away,80,"[75, 80]",True
243286f3f41a86da,coupe-du-monde,164819,73,2026-09-09T00:42:18Z,Canada,Netherlands,3,1,3.72,4.21,1.81,1.94,1.24,1.19,1.38,2.97,1.44,2.75,Oui,Oui,Oui,Non,Non,Home,76,"[38, 50, 51, 76]",True
7db4c0893eab1341,coupe-du-monde,164819,73,2026-09-09T00:42:18Z,Qatar,Jordan,3,0,2.18,3.63,3.06,1.34,1.63,1.25,1.62,2.25,1.55,2.4,Oui,Non,Oui,Non,Non,Home,84,"[29, 39, 84]",True
4bb45b5ab5f17790,coupe-du-monde,164819,73,2026-09-09T00:42:18Z,Brazil,Ghana,1,1,1.43,5.05,6.07,1.1,2.7,1.14,1.34,3.16,1.57,2.36,Non,Oui,Non,Oui,Non,Home,86,"[83, 86]",True
344e0a6400d59ec3,coupe-du-monde,164819,73,2026-09-09T00:42:18Z,Korea Republic,Croatia,1,1,3.11,3.71,2.13,1.66,1.33,1.24,1.57,2.36,1.52,2.47,Non,Oui,Non,Oui,Non,Home,55,"[48, 55]",True
15507a86519e7608,coupe-du-monde,164819,75,2026-09-09T00:46:18Z,Morocco,Japan,1,2,1.96,3.38,3.95,1.22,1.79,1.29,1.95,1.83,1.81,1.97,Oui,Oui,Non,Non,Oui,Away,84,"[41, 46, 84]",True
b7257cb92ad48dcc,coupe-du-monde,164819,75,2026-09-09T00:46:18Z,Korea Republic,Curacao,2,0,1.49,4.45,6.08,1.1,2.52,1.17,1.54,2.44,1.72,2.09,Non,Non,Oui,Non,Non,Home,66,"[2, 66]",True
6e76f4ea3cf7d02b,coupe-du-monde,164819,75,2026-09-09T00:46:18Z,Paraguay,Ghana,0,0,2.31,3.67,2.82,1.39,1.56,1.25,1.57,2.35,1.51,2.5,Non,Non,Non,Oui,Non,,,[],True
030165545ccf974a,coupe-du-monde,164819,75,2026-09-09T00:46:18Z,Cabo Verde,Sweden,1,3,3.38,3.7,2.02,1.74,1.28,1.24,1.6,2.29,1.56,2.39,Oui,Oui,Non,Non,Oui,Away,85,"[23, 67, 84, 85]",True
8f387a0c86094718,coupe-du-monde,164819,75,2026-09-09T00:46:18Z,Senegal,Switzerland,0,2,2.75,3.4,2.48,1.49,1.41,1.28,1.78,2.01,1.64,2.22,Non,Non,Non,Non,Oui,Away,88,"[5, 88]",True
9ebf7d215912497f,coupe-du-monde,164819,75,2026-09-09T00:46:18Z,Austria,Uzbekistan,4,1,1.89,3.86,3.69,1.24,1.85,1.23,1.55,2.42,1.54,2.43,Oui,Oui,Oui,Non,Non,Home,80,"[33, 38, 42, 51, 80]",True
f3e06182eff640f2,coupe-du-monde,164819,75,2026-09-09T00:46:18Z,Norway,Haiti,2,1,1.44,4.72,6.6,1.08,2.7,1.16,1.49,2.58,1.72,2.08,Oui,Oui,Oui,Non,Non,Home,79,"[1, 76, 79]",True
2adf7c13f1ea6f9a,coupe-du-monde,164819,75,2026-09-09T00:46:18Z,Algeria,USA,0,0,2.82,3.8,2.26,1.59,1.39,1.23,1.49,2.56,1.46,2.66,Non,Non,Non,Oui,Non,,,[],True
d802e558127ec645,coupe-du-monde,164819,75,2026-09-09T00:46:18Z,Germany,Netherlands,2,1,2.36,4.14,2.53,1.48,1.54,1.2,1.32,3.33,1.34,3.17,Oui,Oui,Oui,Non,Non,Away,64,"[2, 13, 64]",True
cd43934a388971c3,coupe-du-monde,164819,75,2026-09-09T00:46:18Z,Qatar,Congo DR,1,1,2.06,3.71,3.28,1.3,1.71,1.24,1.58,2.33,1.54,2.44,Non,Oui,Non,Oui,Non,Home,73,"[49, 73]",True
43aef0d5f543d9b0,coupe-du-monde,164819,75,2026-09-09T00:46:18Z,New Zealand,Australia,0,2,4.11,3.95,1.78,1.98,1.2,1.22,1.55,2.41,1.57,2.36,Non,Non,Non,Non,Oui,Away,87,"[5, 87]",True
963eae5f0410deba,coupe-du-monde,164819,75,2026-09-09T00:46:18Z,Saudi Arabia,Tunisia,1,1,3.04,3.42,2.28,1.58,1.34,1.28,1.79,2.0,1.65,2.2,Non,Oui,Non,Oui,Non,Home,43,"[37, 43]",True
def5ff3641d50314,coupe-du-monde,164819,75,2026-09-09T00:46:18Z,Czechia,Croatia,2,1,3.34,3.68,2.04,1.72,1.29,1.24,1.61,2.27,1.56,2.38,Oui,Oui,Oui,Non,Non,Home,62,"[40, 62, 62]",True
3ee82a58d8db5cb0,coupe-du-monde,164819,75,2026-09-09T00:46:18Z,Cote d'Ivoire,Belgium,1,1,3.4,3.81,1.99,1.76,1.28,1.23,1.54,2.43,1.52,2.48,Non,Oui,Non,Oui,Non,Home,27,"[4, 27]",True
afdc4ddc268138c9,coupe-du-monde,164819,75,2026-09-09T00:46:18Z,Canada,Mexico,3,2,3.31,3.9,1.99,1.76,1.29,1.22,1.48,2.59,1.48,2.61,Oui,Oui,Oui,Non,Non,Home,66,"[21, 40, 47, 65, 66]",True
58cf3783cc996732,coupe-du-monde,164819,75,2026-09-09T00:46:18Z,Bosnia-Herzegovina,Scotland,3,0,3.03,3.79,2.15,1.65,1.35,1.23,1.52,2.49,1.49,2.58,Oui,Non,Oui,Non,Non,Home,73,"[13, 41, 73]",True
096127e8e79be460,coupe-du-monde,164819,75,2026-09-09T00:46:18Z,England,Spain,1,1,3.45,3.93,1.94,1.8,1.27,1.22,1.48,2.59,1.49,2.58,Non,Oui,Non,Oui,Non,Away,80,"[10, 80]",True
d15de53babc9b2f1,coupe-du-monde,164819,75,2026-09-09T00:46:18Z,Uruguay,Portugal,2,2,2.6,3.98,2.36,1.54,1.45,1.21,1.39,2.93,1.39,2.93,Oui,Oui,Non,Oui,Non,Home,85,"[33, 39, 41, 85]",True
1753abd8f21e4ba4,coupe-du-monde,164819,75,2026-09-09T00:46:18Z,Brazil,Jordan,3,2,1.44,4.89,6.19,1.09,2.68,1.15,1.4,2.9,1.62,2.26,Oui,Oui,Oui,Non,Non,Home,86,"[41, 45, 52, 56, 86]",True
563f705ef23b0d0c,coupe-du-monde,164819,75,2026-09-09T00:46:18Z,South Africa,Ecuador,0,0,3.66,3.75,1.92,1.82,1.25,1.24,1.61,2.29,1.58,2.35,Non,Non,Non,Oui,Non,,,[],True
2829ce910962517b,coupe-du-monde,164819,75,2026-09-09T00:46:18Z,Argentina,Colombia,3,1,1.77,4.32,3.77,1.23,1.98,1.18,1.35,3.13,1.42,2.81,Oui,Oui,Oui,Non,Non,Away,72,"[16, 20, 63, 72]",True
cea17c8142603063,coupe-du-monde,164819,75,2026-09-09T00:46:18Z,Iraq,France,1,2,8.3,5.6,1.31,3.28,1.04,1.11,1.37,3.05,1.74,2.06,Oui,Oui,Non,Non,Oui,Away,87,"[16, 49, 87]",True
cf56f96336c2bdf8,coupe-du-monde,164819,75,2026-09-09T00:46:18Z,Egypt,Turkiye,0,3,2.43,3.69,2.65,1.44,1.51,1.24,1.55,2.41,1.49,2.56,Oui,Non,Non,Non,Oui,Away,85,"[36, 50, 85]",True
712112df959725dc,coupe-du-monde,164819,75,2026-09-09T00:46:18Z,IR Iran,Panama,0,1,1.88,3.64,3.95,1.22,1.86,1.25,1.72,2.08,1.67,2.16,Non,Non,Non,Non,Oui,Away,42,[42],True
b64fdf84539afff4,coupe-du-monde,164819,77,2026-09-09T00:50:18Z,Qatar,Scotland,2,2,2.54,3.81,2.48,1.5,1.47,1.23,1.48,2.6,1.45,2.7,Oui,Oui,Non,Oui,Non,Home,71,"[31, 53, 61, 71]",True
f670cc7b1eab9874,coupe-du-monde,164819,77,2026-09-09T00:50:18Z,New Zealand,Portugal,1,3,7.5,5.5,1.34,3.12,1.06,1.12,1.34,3.2,1.66,2.18,Oui,Oui,Non,Non,Oui,Away,61,"[42, 43, 45, 61]",True
dfa01d2fc195856f,coupe-du-monde,164819,77,2026-09-09T00:50:18Z,Paraguay,Jordan,0,1,2.23,3.57,3.01,1.35,1.6,1.26,1.66,2.19,1.57,2.36,Non,Non,Non,Non,Oui,Away,62,[62],True
6ed4ee22448cc982,coupe-du-monde,164819,77,2026-09-09T00:50:18Z,Cote d'Ivoire,Ecuador,1,0,2.59,3.74,2.46,1.5,1.46,1.24,1.52,2.49,1.47,2.62,Non,Non,Oui,Non,Non,Home,43,[43],True
9f057621e21e2fc0,coupe-du-monde,164819,77,2026-09-09T00:50:18Z,Morocco,Norway,2,0,1.86,3.58,4.09,1.2,1.88,1.26,1.79,2.0,1.73,2.08,Non,Non,Oui,Non,Non,Home,78,"[57, 78]",True
77b3fabf719096d3,coupe-du-monde,164819,77,2026-09-09T00:50:18Z,Algeria,Croatia,1,0,3.29,3.73,2.05,1.71,1.3,1.24,1.58,2.35,1.54,2.44,Non,Non,Oui,Non,Non,Home,11,[11],True
5b29046770c262f5,coupe-du-monde,164819,77,2026-09-09T00:50:18Z,Iraq,Turkiye,0,4,3.04,3.8,2.14,1.66,1.34,1.23,1.51,2.51,1.48,2.59,Oui,Non,Non,Non,Oui,Away,69,"[31, 32, 41, 69]",True
0407e8b4fd341a2a,coupe-du-monde,164819,77,2026-09-09T00:50:18Z,Uruguay,Spain,1,4,3.95,3.89,1.82,1.93,1.22,1.22,1.56,2.38,1.57,2.36,Oui,Oui,Non,Non,Oui,Away,63,"[7, 21, 38, 60, 63]",True
40593250c369ff08,coupe-du-monde,164819,77,2026-09-09T00:50:18Z,Austria,Ghana,0,0,1.83,3.95,3.84,1.23,1.91,1.22,1.51,2.5,1.53,2.46,Non,Non,Non,Oui,Non,,,[],True
b40b2dc560dec9f8,coupe-du-monde,164819,77,2026-09-09T00:50:18Z,England,South Africa,2,0,1.39,5.04,7.05,1.07,2.88,1.14,1.42,2.8,1.71,2.11,Non,Non,Oui,Non,Non,Home,74,"[53, 74]",True
9d9b2b9657f5830f,coupe-du-monde,164819,77,2026-09-09T00:50:18Z,Netherlands,Switzerland,2,2,2.37,3.74,2.7,1.42,1.54,1.24,1.52,2.48,1.48,2.61,Oui,Oui,Non,Oui,Non,Home,77,"[11, 13, 56, 77]",True
efc9a4a5a589342e,coupe-du-monde,164819,77,2026-09-09T00:50:18Z,IR Iran,Colombia,4,2,3.15,3.72,2.11,1.67,1.32,1.24,1.57,2.37,1.52,2.48,Oui,Oui,Oui,Non,Non,Home,85,"[19, 37, 42, 61, 79, 85]",True
3c02d34298188005,coupe-du-monde,164819,77,2026-09-09T00:50:18Z,Egypt,Australia,2,1,2.54,3.55,2.6,1.45,1.47,1.26,1.65,2.2,1.56,2.39,Oui,Oui,Oui,Non,Non,Home,90,"[89, 89, 90]",True
fdb83de3921f1d30,coupe-du-monde,164819,77,2026-09-09T00:50:18Z,Argentina,Tunisia,3,0,1.49,4.56,5.84,1.1,2.51,1.17,1.47,2.64,1.65,2.21,Oui,Non,Oui,Non,Non,Home,65,"[26, 58, 65]",True
8fca428253a15e7f,coupe-du-monde,164819,77,2026-09-09T00:50:18Z,Bosnia-Herzegovina,Sweden,1,4,3.7,3.73,1.92,1.82,1.24,1.24,1.63,2.24,1.59,2.31,Oui,Oui,Non,Non,Oui,Away,88,"[17, 41, 45, 86, 88]",True
4a3bce30d6a946ce,coupe-du-monde,164819,77,2026-09-09T00:50:18Z,Canada,Panama,2,0,2.07,3.63,3.32,1.29,1.7,1.25,1.65,2.21,1.58,2.34,Non,Non,Oui,Non,Non,Home,56,"[20, 56]",True
5d51044edca3a9d7,coupe-du-monde,164819,77,2026-09-09T00:50:18Z,Korea Republic,Belgium,0,3,3.28,3.89,2.01,1.75,1.3,1.22,1.48,2.6,1.47,2.62,Oui,Non,Non,Non,Oui,Away,40,"[29, 33, 40]",True
217a6f9577d586f9,coupe-du-monde,164819,77,2026-09-09T00:50:18Z,Saudi Arabia,Japan,1,2,4.51,4.02,1.7,2.09,1.17,1.21,1.56,2.38,1.61,2.27,Oui,Oui,Non,Non,Oui,Home,79,"[27, 33, 79]",True
9fd0d725d446f37a,coupe-du-monde,164819,77,2026-09-09T00:50:18Z,Brazil,Congo DR,3,1,1.44,4.92,6.08,1.1,2.67,1.15,1.38,3.0,1.59,2.31,Oui,Oui,Oui,Non,Non,Home,64,"[31, 44, 61, 64]",True
8f6552c9c62197e7,coupe-du-monde,164819,77,2026-09-09T00:50:18Z,Cabo Verde,Haiti,0,0,1.96,3.59,3.7,1.24,1.79,1.26,1.73,2.08,1.66,2.19,Non,Non,Non,Oui,Non,,,[],True
443651661865c272,coupe-du-monde,164819,77,2026-09-09T00:50:18Z,Czechia,Curacao,1,0,1.57,4.14,5.52,1.12,2.32,1.2,1.62,2.26,1.74,2.07,Non,Non,Oui,Non,Non,Home,54,[54],True
71847d359eeef240,coupe-du-monde,164819,77,2026-09-09T00:50:18Z,Uzbekistan,France,0,3,7.97,5.52,1.33,3.2,1.05,1.12,1.36,3.07,1.71,2.1,Oui,Non,Non,Non,Oui,Away,82,"[9, 74, 82]",True
9b206076a6462101,coupe-du-monde,164819,77,2026-09-09T00:50:18Z,Germany,Mexico,2,0,2.2,4.04,2.79,1.4,1.62,1.21,1.37,3.02,1.38,2.96,Non,Non,Oui,Non,Non,Home,83,"[50, 83]",True
1d3aebea3db59f70,coupe-du-monde,164819,77,2026-09-09T00:50:18Z,Senegal,USA,4,1,2.23,3.77,2.88,1.38,1.6,1.23,1.51,2.51,1.48,2.61,Oui,Oui,Oui,Non,Non,Home,75,"[33, 44, 71, 73, 75]",True
a570e25e2efc56a2,coupe-du-monde,164819,80,2026-09-09T00:56:18Z,Norway,Korea Republic,2,2,2.06,3.95,3.1,1.33,1.71,1.22,1.44,2.75,1.44,2.74,Oui,Oui,Non,Oui,Non,Home,89,"[32, 41, 50, 89]",True
99f83edd463fa5b5,coupe-du-monde,164819,80,2026-09-09T00:56:18Z,Croatia,Germany,2,2,2.88,3.91,2.19,1.63,1.38,1.22,1.44,2.75,1.43,2.78,Oui,Oui,Non,Oui,Non,Home,88,"[15, 31, 78, 88]",True
89290a212b59b0d7,coupe-du-monde,164819,80,2026-09-09T00:56:18Z,Jordan,France,2,3,8.68,5.55,1.31,3.32,1.04,1.12,1.4,2.89,1.81,1.97,Oui,Oui,Non,Non,Oui,Away,67,"[16, 43, 46, 59, 67]",True
7373d18d9e56d611,coupe-du-monde,164819,80,2026-09-09T00:56:18Z,Curacao,Canada,0,0,4.9,4.08,1.64,2.18,1.15,1.2,1.58,2.34,1.66,2.19,Non,Non,Non,Oui,Non,,,[],True
2d6036e8a44c1d2c,coupe-du-monde,164819,80,2026-09-09T00:56:18Z,Cote d'Ivoire,Cabo Verde,1,2,2.11,3.72,3.15,1.32,1.67,1.24,1.57,2.36,1.53,2.47,Oui,Oui,Non,Non,Oui,Home,90,"[59, 75, 90]",True
09d00352193837aa,coupe-du-monde,164819,80,2026-09-09T00:56:18Z,USA,Switzerland,0,3,3.08,3.63,2.18,1.63,1.34,1.25,1.63,2.25,1.56,2.4,Oui,Non,Non,Non,Oui,Away,90,"[64, 87, 90]",True
40bcee1652e85251,coupe-du-monde,164819,80,2026-09-09T00:56:18Z,Congo DR,Uzbekistan,1,1,2.81,3.56,2.36,1.54,1.39,1.26,1.65,2.2,1.56,2.38,Non,Oui,Non,Oui,Non,Home,77,"[5, 77]",True
2a69cf6ba1cd5988,coupe-du-monde,164819,80,2026-09-09T00:56:18Z,South Africa,Bosnia-Herzegovina,3,2,2.79,3.54,2.38,1.53,1.4,1.26,1.67,2.18,1.57,2.36,Oui,Oui,Oui,Non,Non,Home,75,"[7, 28, 50, 62, 75]",True
517ddcfeae98786e,coupe-du-monde,164819,80,2026-09-09T00:56:18Z,Scotland,Iraq,1,1,2.29,3.62,2.88,1.38,1.58,1.25,1.61,2.28,1.54,2.44,Non,Oui,Non,Oui,Non,Home,47,"[4, 47]",True
f768b6715ccf9316,coupe-du-monde,164819,80,2026-09-09T00:56:18Z,Tunisia,Algeria,0,2,2.81,3.42,2.43,1.51,1.39,1.28,1.77,2.02,1.64,2.23,Non,Non,Non,Non,Oui,Away,77,"[53, 77]",True
6fe11d0c90e8bf10,coupe-du-monde,164819,80,2026-09-09T00:56:18Z,Japan,Czechia,0,1,1.99,3.72,3.46,1.27,1.76,1.24,1.6,2.29,1.56,2.38,Non,Non,Non,Non,Oui,Away,30,[30],True
ddd51d76d7e47355,coupe-du-monde,164819,80,2026-09-09T00:56:18Z,England,Saudi Arabia,0,0,1.46,4.73,6.13,1.09,2.62,1.16,1.44,2.74,1.65,2.21,Non,Non,Non,Oui,Non,,,[],True
3bb62ec6263d3ef9,coupe-du-monde,164819,80,2026-09-09T00:56:18Z,Morocco,Uruguay,2,0,2.19,3.27,3.37,1.29,1.63,1.3,1.98,1.8,1.78,2.0,Non,Non,Oui,Non,Non,Home,14,"[4, 14]",True
787d22f9afe19c4c,coupe-du-monde,164819,80,2026-09-09T00:56:18Z,Turkiye,Ghana,1,1,2.11,3.82,3.07,1.34,1.67,1.23,1.5,2.55,1.47,2.62,Non,Oui,Non,Oui,Non,Away,25,"[18, 25]",True
94f25049b78cd8a8,coupe-du-monde,164819,80,2026-09-09T00:56:18Z,Haiti,New Zealand,2,0,2.96,3.4,2.34,1.55,1.36,1.28,1.8,1.98,1.66,2.19,Non,Non,Oui,Non,Non,Home,90,"[85, 90]",True
87cebe563bd5fd44,coupe-du-monde,164819,80,2026-09-09T00:56:18Z,Portugal,Brazil,3,2,2.52,4.16,2.36,1.54,1.48,1.2,1.31,3.37,1.34,3.19,Oui,Oui,Oui,Non,Non,Home,54,"[25, 45, 47, 48, 54]",True
43b2bb3bcdff9c1a,coupe-du-monde,164819,80,2026-09-09T00:56:18Z,Belgium,IR Iran,1,1,2.04,3.67,3.35,1.29,1.72,1.25,1.62,2.25,1.57,2.36,Non,Oui,Non,Oui,Non,Home,29,"[18, 29]",True
759487c315b8ff0f,coupe-du-monde,164819,80,2026-09-09T00:56:18Z,Spain,Qatar,1,1,1.4,4.93,7.01,1.07,2.84,1.15,1.45,2.7,1.73,2.08,Non,Oui,Non,Oui,Non,Home,81,"[46, 81]",True
e6098ad1699d18a5,coupe-du-monde,164819,80,2026-09-09T00:56:18Z,Mexico,Austria,2,2,2.5,3.77,2.54,1.47,1.49,1.24,1.5,2.54,1.46,2.66,Oui,Oui,Non,Oui,Non,Home,75,"[30, 38, 54, 75]",True
fbb4183004f6ffcd,coupe-du-monde,164819,80,2026-09-09T00:56:18Z,Australia,Paraguay,3,1,2.2,3.66,3.02,1.35,1.62,1.25,1.59,2.31,1.53,2.45,Oui,Oui,Oui,Non,Non,Away,85,"[28, 41, 72, 85]",True
b4ce10d1efc03596,coupe-du-monde,164819,80,2026-09-09T00:56:18Z,Colombia,Senegal,1,1,2.55,3.7,2.52,1.48,1.47,1.24,1.55,2.41,1.49,2.56,Non,Oui,Non,Oui,Non,Away,38,"[30, 38]",True
a5d666544b623621,coupe-du-monde,164819,80,2026-09-09T00:56:18Z,Panama,Netherlands,2,3,5.74,4.59,1.5,2.5,1.11,1.17,1.45,2.68,1.63,2.23,Oui,Oui,Non,Non,Oui,Away,69,"[3, 15, 68, 69, 69]",True
a7783cca87e660a2,coupe-du-monde,164819,80,2026-09-09T00:56:18Z,Ecuador,Argentina,1,2,5.12,4.65,1.54,2.39,1.14,1.16,1.37,3.02,1.52,2.48,Oui,Oui,Non,Non,Oui,Away,37,"[13, 37, 37]",True
5a2d48dd5d82d723,coupe-du-monde,164819,80,2026-09-09T00:56:18Z,Sweden,Egypt,2,1,2.42,3.48,2.78,1.4,1.52,1.27,1.71,2.1,1.6,2.3,Oui,Oui,Oui,Non,Non,Home,75,"[30, 47, 75]",True
6f795c533aa91d32,coupe-du-monde,164819,82,2026-09-09T01:00:18Z,Sweden,Iraq,1,3,1.95,3.69,3.63,1.25,1.8,1.24,1.65,2.21,1.6,2.29,Oui,Oui,Non,Non,Oui,Home,83,"[35, 38, 65, 83]",True
9d0c14f62290e5d1,coupe-du-monde,164819,82,2026-09-09T01:00:18Z,Congo DR,France,1,3,8.9,5.78,1.29,3.44,1.04,1.11,1.36,3.07,1.78,2.01,Oui,Oui,Non,Non,Oui,Away,74,"[38, 52, 61, 74]",True
dc3d367cad32429f,coupe-du-monde,164819,82,2026-09-09T01:00:18Z,Japan,Algeria,2,4,2.05,3.72,3.28,1.3,1.71,1.24,1.58,2.34,1.54,2.44,Oui,Oui,Non,Non,Oui,Away,82,"[41, 43, 45, 66, 75, 82]",True
5f4629e430585335,coupe-du-monde,164819,82,2026-09-09T01:00:18Z,Cabo Verde,Korea Republic,1,2,3.18,3.69,2.11,1.68,1.32,1.24,1.59,2.32,1.54,2.44,Oui,Oui,Non,Non,Oui,Away,87,"[33, 59, 87]",True
c4cc3de445dfc345,coupe-du-monde,164819,82,2026-09-09T01:00:18Z,Croatia,Switzerland,2,2,2.87,3.4,2.4,1.53,1.38,1.28,1.79,1.99,1.65,2.2,Oui,Oui,Non,Oui,Non,Away,74,"[30, 32, 33, 74]",True
d9b37671f9badbc8,coupe-du-monde,164819,82,2026-09-09T01:00:18Z,Australia,Ghana,2,1,1.88,3.89,3.68,1.24,1.86,1.22,1.53,2.46,1.53,2.46,Oui,Oui,Oui,Non,Non,Away,50,"[35, 48, 50]",True
45f4177f93ca8104,coupe-du-monde,164819,82,2026-09-09T01:00:18Z,Belgium,Canada,1,0,1.8,4.01,3.93,1.22,1.95,1.21,1.5,2.55,1.53,2.46,Non,Non,Oui,Non,Non,Home,52,[52],True
3404fe808bf63b15,coupe-du-monde,164819,82,2026-09-09T01:00:18Z,Tunisia,Senegal,0,3,3.51,3.39,2.08,1.69,1.27,1.28,1.87,1.9,1.73,2.07,Oui,Non,Non,Non,Oui,Away,77,"[27, 75, 77]",True
b95ee657fb5874d7,coupe-du-monde,164819,82,2026-09-09T01:00:18Z,South Africa,Qatar,0,1,3.17,3.68,2.12,1.67,1.32,1.25,1.6,2.3,1.54,2.42,Non,Non,Non,Non,Oui,Away,56,[56],True
1b4426b14b1c2520,coupe-du-monde,164819,82,2026-09-09T01:00:18Z,Saudi Arabia,Uruguay,2,1,5.56,4.34,1.54,2.39,1.12,1.18,1.53,2.46,1.67,2.16,Oui,Oui,Oui,Non,Non,Home,68,"[24, 42, 68]",True
02d85a6285b64c80,coupe-du-monde,164819,82,2026-09-09T01:00:18Z,Panama,Mexico,0,3,4.89,4.02,1.65,2.17,1.15,1.21,1.61,2.29,1.67,2.16,Oui,Non,Non,Non,Oui,Away,71,"[56, 57, 71]",True
6ab1bc5055943759,coupe-du-monde,164819,82,2026-09-09T01:00:18Z,Haiti,Egypt,0,1,5.17,3.99,1.62,2.21,1.13,1.21,1.66,2.18,1.74,2.06,Non,Non,Non,Non,Oui,Away,18,[18],True
2627a7084131450d,coupe-du-monde,164819,82,2026-09-09T01:00:18Z,Portugal,Paraguay,2,0,1.53,4.73,5.1,1.14,2.41,1.16,1.35,3.15,1.5,2.53,Non,Non,Oui,Non,Non,Home,83,"[76, 83]",True
5f3befa54e3959d5,coupe-du-monde,164819,82,2026-09-09T01:00:18Z,Spain,Brazil,1,3,1.94,4.05,3.36,1.29,1.8,1.21,1.41,2.85,1.43,2.76,Oui,Oui,Non,Non,Oui,Away,79,"[40, 41, 44, 79]",True
b2d0a1d7a70c8508,coupe-du-monde,164819,82,2026-09-09T01:00:18Z,Cote d'Ivoire,Bosnia-Herzegovina,4,0,1.98,3.82,3.43,1.28,1.77,1.23,1.54,2.44,1.52,2.48,Oui,Non,Oui,Non,Non,Home,60,"[18, 26, 44, 60]",True
94d45db61eb7d1d6,coupe-du-monde,164819,82,2026-09-09T01:00:18Z,Morocco,New Zealand,0,0,1.34,4.74,9.63,1.03,3.12,1.16,1.72,2.09,2.18,1.66,Non,Non,Non,Oui,Non,,,[],True
80836fdf7f9e3d93,coupe-du-monde,164819,82,2026-09-09T01:00:18Z,England,Argentina,3,0,2.7,4.03,2.26,1.59,1.42,1.21,1.37,3.03,1.38,2.98,Oui,Non,Oui,Non,Non,Home,90,"[52, 70, 90]",True
581c0f09edf2860f,coupe-du-monde,164819,82,2026-09-09T01:00:18Z,Scotland,Uzbekistan,4,1,2.19,3.71,3.0,1.35,1.63,1.24,1.56,2.38,1.52,2.5,Oui,Oui,Oui,Non,Non,Away,82,"[29, 38, 43, 57, 82]",True
8a3e27987f284d7a,coupe-du-monde,164819,82,2026-09-09T01:00:18Z,Norway,Czechia,1,0,2.05,3.83,3.23,1.31,1.72,1.23,1.51,2.51,1.49,2.57,Non,Non,Oui,Non,Non,Home,27,[27],True
ef9fe38bfb2b4082,coupe-du-monde,164819,82,2026-09-09T01:00:18Z,Turkiye,Jordan,2,3,2.07,3.69,3.27,1.3,1.7,1.24,1.61,2.28,1.56,2.4,Oui,Oui,Non,Non,Oui,Home,72,"[26, 41, 41, 49, 72]",True
c057f76540bf9a53,coupe-du-monde,164819,82,2026-09-09T01:00:18Z,Colombia,Netherlands,2,1,2.71,3.98,2.28,1.58,1.42,1.21,1.4,2.91,1.4,2.9,Oui,Oui,Oui,Non,Non,Home,33,"[19, 29, 33]",True
9853e9ed2c2a0438,coupe-du-monde,164819,82,2026-09-09T01:00:18Z,Curacao,Germany,1,1,8.71,5.71,1.3,3.38,1.04,1.11,1.37,3.05,1.77,2.02,Non,Oui,Non,Oui,Non,Home,45,"[38, 45]",True
f4966c7271e2c82b,coupe-du-monde,164819,82,2026-09-09T01:00:18Z,Ecuador,IR Iran,2,1,2.58,3.62,2.52,1.48,1.46,1.25,1.6,2.29,1.53,2.47,Oui,Oui,Oui,Non,Non,Away,68,"[33, 54, 68]",True
7b1e6cd0d783863e,coupe-du-monde,164819,82,2026-09-09T01:00:18Z,USA,Austria,2,1,2.63,3.79,2.41,1.52,1.45,1.23,1.49,2.57,1.46,2.68,Oui,Oui,Oui,Non,Non,Home,90,"[88, 90, 90]",True
83e1feab41a8738b,coupe-du-monde,164819,85,2026-09-09T01:06:18Z,Jordan,Scotland,1,3,3.17,3.63,2.13,1.66,1.32,1.25,1.63,2.23,1.57,2.37,Oui,Oui,Non,Non,Oui,Away,85,"[33, 34, 63, 85]",True
99f2595ab5fd1191,coupe-du-monde,164819,85,2026-09-09T01:06:18Z,Ghana,Sweden,1,5,3.76,3.81,1.88,1.86,1.24,1.23,1.58,2.34,1.57,2.37,Oui,Oui,Non,Non,Oui,Away,86,"[31, 41, 44, 70, 70, 86]",True
4d4dd4263ae047aa,coupe-du-monde,164819,85,2026-09-09T01:06:18Z,Uzbekistan,Spain,0,3,8.76,5.49,1.31,3.31,1.04,1.12,1.42,2.82,1.82,1.96,Oui,Non,Non,Non,Oui,Away,79,"[44, 64, 79]",True
3158f7064f096aec,coupe-du-monde,164819,85,2026-09-09T01:06:18Z,Qatar,Saudi Arabia,2,0,2.08,3.79,3.17,1.32,1.69,1.23,1.52,2.48,1.5,2.55,Non,Non,Oui,Non,Non,Home,38,"[19, 38]",True
fab8cbfeb544db97,coupe-du-monde,164819,85,2026-09-09T01:06:18Z,Panama,Croatia,0,1,5.04,3.9,1.65,2.16,1.14,1.22,1.69,2.13,1.75,2.05,Non,Non,Non,Non,Oui,Away,29,[29],True
864ea9c57af71a69,coupe-du-monde,164819,85,2026-09-09T01:06:18Z,France,Portugal,4,0,1.92,4.26,3.3,1.3,1.82,1.19,1.32,3.28,1.37,3.01,Oui,Non,Oui,Non,Non,Home,88,"[35, 78, 85, 88]",True
8df2086a8e30167f,coupe-du-monde,164819,85,2026-09-09T01:06:18Z,IR Iran,Cabo Verde,2,1,2.18,3.52,3.16,1.32,1.63,1.27,1.71,2.1,1.61,2.27,Oui,Oui,Oui,Non,Non,Home,82,"[4, 76, 82]",True
b45500539734b16c,coupe-du-monde,164819,85,2026-09-09T01:06:18Z,Turkiye,Australia,2,1,2.66,3.79,2.38,1.53,1.43,1.23,1.49,2.57,1.46,2.68,Oui,Oui,Oui,Non,Non,Home,88,"[41, 42, 88]",True
900c4590c88bf30f,coupe-du-monde,164819,85,2026-09-09T01:06:18Z,Algeria,England,1,3,4.67,4.38,1.62,2.22,1.16,1.18,1.42,2.81,1.53,2.47,Oui,Oui,Non,Non,Oui,Away,63,"[8, 37, 54, 63]",True
77cb81ca099ac0a8,coupe-du-monde,164819,85,2026-09-09T01:06:18Z,Mexico,Curacao,1,4,1.39,4.93,7.39,1.06,2.9,1.14,1.48,2.61,1.78,2.01,Oui,Oui,Non,Non,Oui,Home,85,"[44, 45, 56, 77, 85]",True
f9282cf41a5239de,coupe-du-monde,164819,85,2026-09-09T01:06:18Z,Austria,Congo DR,2,3,1.77,3.87,4.25,1.19,1.99,1.22,1.61,2.28,1.62,2.25,Oui,Oui,Non,Non,Oui,Away,55,"[18, 33, 51, 54, 55]",True
32acf1bd871617a6,coupe-du-monde,164819,85,2026-09-09T01:06:18Z,Netherlands,Belgium,0,3,2.54,3.91,2.44,1.51,1.47,1.22,1.43,2.79,1.42,2.83,Oui,Non,Non,Non,Oui,Away,90,"[73, 79, 90]",True
5f03d8ddbd554882,coupe-du-monde,164819,85,2026-09-09T01:06:18Z,Paraguay,Haiti,1,1,1.85,3.81,3.88,1.22,1.89,1.23,1.6,2.29,1.59,2.32,Non,Oui,Non,Oui,Non,Away,14,"[7, 14]",True
8323c53b08d0eb29,coupe-du-monde,164819,85,2026-09-09T01:06:18Z,USA,Colombia,1,1,2.8,3.95,2.22,1.61,1.4,1.22,1.41,2.85,1.41,2.85,Non,Oui,Non,Oui,Non,Home,47,"[12, 47]",True
89de59d384ef298c,coupe-du-monde,164819,85,2026-09-09T01:06:18Z,Brazil,Morocco,3,2,3.01,3.47,2.28,1.58,1.35,1.27,1.74,2.06,1.63,2.25,Oui,Oui,Oui,Non,Non,Home,89,"[4, 28, 52, 57, 89]",True
7e42d3386b1d1f75,coupe-du-monde,164819,85,2026-09-09T01:06:18Z,Canada,Norway,1,4,3.35,3.97,1.96,1.79,1.29,1.21,1.45,2.7,1.46,2.67,Oui,Oui,Non,Non,Oui,Away,84,"[12, 38, 39, 65, 84]",True
4736e4a1e5bc64c5,coupe-du-monde,164819,85,2026-09-09T01:06:18Z,Germany,Japan,3,3,2.22,3.93,2.82,1.39,1.61,1.22,1.42,2.8,1.42,2.82,Oui,Oui,Non,Oui,Non,Home,61,"[11, 29, 34, 55, 56, 61]",True
bc95e926cac04e45,coupe-du-monde,164819,85,2026-09-09T01:06:18Z,Switzerland,Tunisia,1,2,2.01,3.38,3.75,1.24,1.74,1.28,1.92,1.85,1.78,2.01,Oui,Oui,Non,Non,Oui,Home,82,"[13, 31, 82]",True
b807afd30cb63e84,coupe-du-monde,164819,85,2026-09-09T01:06:18Z,Czechia,Uruguay,0,6,4.09,3.91,1.79,1.96,1.2,1.22,1.57,2.37,1.59,2.33,Oui,Non,Non,Non,Oui,Away,81,"[21, 31, 39, 65, 78, 81]",True
b0f1496d804c5b49,coupe-du-monde,164819,85,2026-09-09T01:06:18Z,New Zealand,Korea Republic,1,0,4.27,3.91,1.75,2.0,1.19,1.22,1.59,2.32,1.61,2.27,Non,Non,Oui,Non,Non,Home,38,[38],True
80032be972e2c530,coupe-du-monde,164819,85,2026-09-09T01:06:18Z,Iraq,South Africa,3,0,2.35,3.53,2.84,1.39,1.55,1.26,1.68,2.16,1.58,2.35,Oui,Non,Oui,Non,Non,Home,41,"[27, 34, 41]",True
5c194dc99b6a90e8,coupe-du-monde,164819,85,2026-09-09T01:06:18Z,Senegal,Ecuador,0,3,2.12,3.69,3.14,1.32,1.67,1.24,1.58,2.33,1.53,2.45,Oui,Non,Non,Non,Oui,Away,88,"[53, 77, 88]",True
c97992b90166a8e4,coupe-du-monde,164819,85,2026-09-09T01:06:18Z,Argentina,Bosnia-Herzegovina,1,0,1.36,5.43,7.24,1.06,3.05,1.12,1.34,3.2,1.65,2.21,Non,Non,Oui,Non,Non,Home,21,[21],True
58560d05f6d61c46,coupe-du-monde,164819,85,2026-09-09T01:06:18Z,Egypt,Cote d'Ivoire,2,1,2.5,3.63,2.6,1.45,1.49,1.25,1.59,2.32,1.52,2.49,Oui,Oui,Oui,Non,Non,Home,66,"[16, 28, 66]",True
65591e79cfcb7c17,coupe-du-monde,164819,86,2026-09-09T01:08:18Z,Australia,Congo DR,0,0,1.95,3.73,3.57,1.26,1.79,1.24,1.61,2.28,1.57,2.35,Non,Non,Non,Oui,Non,,,[],True
ebe7e71caf02b364,coupe-du-monde,164819,86,2026-09-09T01:08:18Z,Scotland,Turkiye,3,0,2.63,3.85,2.38,1.53,1.45,1.23,1.45,2.7,1.43,2.77,Oui,Non,Oui,Non,Non,Home,32,"[14, 23, 32]",True
d5f28953c665b768,coupe-du-monde,164819,86,2026-09-09T01:08:18Z,Cabo Verde,Algeria,2,4,3.08,3.53,2.21,1.62,1.33,1.26,1.69,2.13,1.6,2.31,Oui,Oui,Non,Non,Oui,Home,84,"[34, 41, 43, 56, 75, 84]",True
5418db0f76dcc02e,coupe-du-monde,164819,86,2026-09-09T01:08:18Z,Korea Republic,Qatar,3,1,2.28,3.79,2.8,1.4,1.58,1.23,1.5,2.54,1.47,2.64,Oui,Oui,Oui,Non,Non,Away,74,"[42, 56, 65, 74]",True
f8d78a362e653beb,coupe-du-monde,164819,86,2026-09-09T01:08:18Z,Belgium,Switzerland,4,1,2.67,3.51,2.49,1.49,1.43,1.27,1.69,2.14,1.58,2.34,Oui,Oui,Oui,Non,Non,Home,64,"[39, 42, 46, 63, 64]",True
b8eefe9f7632a5b6,coupe-du-monde,164819,86,2026-09-09T01:08:18Z,Cote d'Ivoire,Brazil,4,0,4.24,4.38,1.68,2.11,1.19,1.18,1.37,3.01,1.46,2.65,Oui,Non,Oui,Non,Non,Home,87,"[17, 28, 82, 87]",True
a2acfe94352f30a1,coupe-du-monde,164819,86,2026-09-09T01:08:18Z,Tunisia,Mexico,3,0,3.42,3.58,2.05,1.72,1.28,1.26,1.7,2.12,1.62,2.26,Oui,Non,Oui,Non,Non,Home,44,"[42, 43, 44]",True
001e492fd961e16f,coupe-du-monde,164819,86,2026-09-09T01:08:18Z,Norway,Senegal,3,2,2.36,3.72,2.72,1.42,1.54,1.24,1.54,2.45,1.49,2.58,Oui,Oui,Oui,Non,Non,Away,75,"[41, 42, 45, 46, 75]",True
38704f5815e4751e,coupe-du-monde,164819,86,2026-09-09T01:08:18Z,Japan,Netherlands,2,2,2.51,3.85,2.48,1.49,1.48,1.23,1.45,2.69,1.43,2.77,Oui,Oui,Non,Oui,Non,Away,60,"[6, 24, 32, 60]",True
a18d14f44c43ea38,coupe-du-monde,164819,86,2026-09-09T01:08:18Z,Uruguay,IR Iran,2,3,1.86,3.75,3.91,1.22,1.88,1.24,1.64,2.23,1.62,2.27,Oui,Oui,Non,Non,Oui,Away,74,"[11, 29, 64, 67, 74]",True
5a7aeff463055a00,coupe-du-monde,164819,86,2026-09-09T01:08:18Z,Haiti,Uzbekistan,2,2,3.6,3.64,1.97,1.78,1.25,1.25,1.68,2.16,1.62,2.26,Oui,Oui,Non,Oui,Non,Home,75,"[5, 43, 62, 75]",True
8ecd137868e0a3bf,coupe-du-monde,164819,86,2026-09-09T01:08:18Z,Sweden,France,0,2,5.37,4.58,1.53,2.43,1.12,1.17,1.42,2.82,1.58,2.35,Non,Non,Non,Non,Oui,Away,50,"[34, 50]",True
685c99994d311742,coupe-du-monde,164819,86,2026-09-09T01:08:18Z,Spain,Ghana,2,1,1.31,5.51,8.69,1.04,3.31,1.12,1.41,2.86,1.81,1.97,Oui,Oui,Oui,Non,Non,Away,55,"[30, 46, 55]",True
4b1291f7fa40ae53,coupe-du-monde,164819,86,2026-09-09T01:08:18Z,Colombia,Panama,0,1,1.59,4.26,5.11,1.14,2.28,1.19,1.52,2.49,1.63,2.24,Non,Non,Non,Non,Oui,Away,54,[54],True
cc3a49473daca662,coupe-du-monde,164819,86,2026-09-09T01:08:18Z,Curacao,USA,0,4,6.53,4.65,1.45,2.67,1.08,1.16,1.5,2.54,1.73,2.07,Oui,Non,Non,Non,Oui,Away,85,"[31, 47, 48, 85]",True
0827f1c25d01702d,coupe-du-monde,164819,86,2026-09-09T01:08:18Z,Ecuador,Germany,2,2,3.53,4.21,1.85,1.88,1.26,1.19,1.36,3.06,1.41,2.84,Oui,Oui,Non,Oui,Non,Away,58,"[18, 22, 39, 58]",True
c1a7913069917a31,coupe-du-monde,164819,86,2026-09-09T01:08:18Z,Morocco,Iraq,1,0,1.54,3.87,6.57,1.08,2.39,1.22,1.91,1.86,2.05,1.75,Non,Non,Oui,Non,Non,Home,5,[5],True
29c1fca173ec00db,coupe-du-monde,164819,86,2026-09-09T01:08:18Z,Saudi Arabia,Egypt,1,3,3.7,3.7,1.92,1.82,1.24,1.24,1.65,2.2,1.61,2.28,Oui,Oui,Non,Non,Oui,Away,60,"[34, 52, 58, 60]",True
78880f437df75dc5,coupe-du-monde,164819,86,2026-09-09T01:08:18Z,South Africa,Paraguay,2,3,3.13,3.57,2.18,1.63,1.33,1.26,1.67,2.16,1.59,2.33,Oui,Oui,Non,Non,Oui,Away,84,"[19, 25, 47, 71, 84]",True
111d9bf4d1943b56,coupe-du-monde,164819,86,2026-09-09T01:08:18Z,Bosnia-Herzegovina,Czechia,1,2,3.23,3.76,2.06,1.71,1.31,1.24,1.55,2.41,1.52,2.49,Oui,Oui,Non,Non,Oui,Away,87,"[77, 79, 87]",True
cd949e66a9300ee3,coupe-du-monde,164819,86,2026-09-09T01:08:18Z,Portugal,Jordan,2,2,1.47,4.68,5.98,1.1,2.58,1.16,1.44,2.72,1.64,2.22,Oui,Oui,Non,Oui,Non,Away,73,"[16, 63, 64, 73]",True
d469ef032a1ed471,coupe-du-monde,164819,86,2026-09-09T01:08:18Z,Argentina,New Zealand,3,1,1.27,6.12,9.42,1.03,3.64,1.09,1.32,3.28,1.78,2.01,Oui,Oui,Oui,Non,Non,Home,82,"[13, 20, 23, 82]",True
dbf929fdac04dd5a,coupe-du-monde,164819,86,2026-09-09T01:08:18Z,Croatia,Austria,2,0,2.43,3.63,2.69,1.43,1.52,1.25,1.6,2.31,1.53,2.47,Non,Non,Oui,Non,Non,Home,82,"[9, 82]",True
3cb5c3180cde5e24,coupe-du-monde,164819,86,2026-09-09T01:08:18Z,England,Canada,2,2,1.57,4.43,5.02,1.14,2.31,1.18,1.44,2.75,1.56,2.38,Oui,Oui,Non,Oui,Non,Home,63,"[18, 48, 62, 63]",True
f9906d2c01a9a894,coupe-du-monde,164819,87,2026-09-09T01:10:18Z,Czechia,New Zealand,1,1,1.82,3.82,4.04,1.21,1.93,1.23,1.62,2.26,1.61,2.27,Non,Oui,Non,Oui,Non,Away,70,"[54, 70]",True
c971241b8a716a02,coupe-du-monde,164819,87,2026-09-09T01:10:18Z,Brazil,Saudi Arabia,2,1,1.47,4.88,5.8,1.11,2.6,1.15,1.37,3.05,1.57,2.37,Oui,Oui,Oui,Non,Non,Home,84,"[35, 44, 84]",True
53eaddfb4acfb5fa,coupe-du-monde,164819,87,2026-09-09T01:10:18Z,Austria,Australia,3,0,2.25,3.69,2.91,1.37,1.6,1.24,1.57,2.37,1.51,2.51,Oui,Non,Oui,Non,Non,Home,77,"[34, 44, 77]",True
b21f5f291686badb,coupe-du-monde,164819,87,2026-09-09T01:10:18Z,IR Iran,Bosnia-Herzegovina,1,1,1.97,3.71,3.55,1.26,1.78,1.24,1.62,2.26,1.58,2.35,Non,Oui,Non,Oui,Non,Home,33,"[19, 33]",True
09ea04dcf44c68cd,coupe-du-monde,164819,87,2026-09-09T01:10:18Z,Switzerland,Japan,3,2,2.51,3.46,2.69,1.43,1.48,1.27,1.73,2.07,1.61,2.28,Oui,Oui,Oui,Non,Non,Home,70,"[28, 30, 40, 63, 70]",True
dc7ddcf243b080e6,coupe-du-monde,164819,87,2026-09-09T01:10:18Z,Egypt,Korea Republic,1,2,2.48,3.58,2.64,1.44,1.49,1.26,1.63,2.24,1.54,2.43,Oui,Oui,Non,Non,Oui,Away,85,"[50, 84, 85]",True
a991957f6fa000fc,coupe-du-monde,164819,87,2026-09-09T01:10:18Z,Ghana,Haiti,4,2,2.0,3.65,3.49,1.27,1.75,1.25,1.66,2.19,1.6,2.29,Oui,Oui,Oui,Non,Non,Home,76,"[27, 35, 41, 52, 60, 76]",True
26ceb1fac34fc478,coupe-du-monde,164819,87,2026-09-09T01:10:18Z,Algeria,Uruguay,2,1,4.35,4.05,1.72,2.06,1.18,1.21,1.53,2.46,1.58,2.35,Oui,Oui,Oui,Non,Non,Home,71,"[65, 70, 71]",True
e7316898c5a3c6e1,coupe-du-monde,164819,87,2026-09-09T01:10:18Z,Canada,Cabo Verde,1,1,2.3,3.61,2.87,1.38,1.57,1.25,1.62,2.26,1.54,2.43,Non,Oui,Non,Oui,Non,Away,86,"[8, 86]",True
82b1023040047a94,coupe-du-monde,164819,87,2026-09-09T01:10:18Z,Netherlands,Ecuador,2,1,1.87,4.12,3.53,1.26,1.87,1.2,1.4,2.88,1.44,2.74,Oui,Oui,Oui,Non,Non,Home,83,"[18, 59, 83]",True
288c056574998763,coupe-du-monde,164819,87,2026-09-09T01:10:18Z,Qatar,Argentina,2,1,5.55,4.97,1.47,2.57,1.12,1.14,1.32,3.3,1.51,2.5,Oui,Oui,Oui,Non,Non,Home,68,"[2, 36, 68]",True
2c009a3bf4fff0bc,coupe-du-monde,164819,87,2026-09-09T01:10:18Z,Panama,Curacao,0,1,2.0,3.48,3.66,1.25,1.75,1.27,1.81,1.97,1.7,2.12,Non,Non,Non,Non,Oui,Away,86,[86],True
69f00254e4bcb5eb,coupe-du-monde,164819,87,2026-09-09T01:10:18Z,Germany,Norway,1,0,2.17,4.08,2.83,1.39,1.64,1.2,1.36,3.08,1.38,2.99,Non,Non,Oui,Non,Non,Home,53,[53],True
69f4aff9099ffaee,coupe-du-monde,164819,87,2026-09-09T01:10:18Z,France,Spain,2,4,2.6,3.77,2.44,1.51,1.45,1.24,1.5,2.54,1.46,2.65,Oui,Oui,Non,Non,Oui,Away,85,"[17, 18, 22, 47, 61, 85]",True
f9fa7ae2eee6cccf,coupe-du-monde,164819,87,2026-09-09T01:10:18Z,Uzbekistan,South Africa,0,3,2.45,3.62,2.67,1.43,1.51,1.25,1.6,2.3,1.53,2.47,Oui,Non,Non,Non,Oui,Away,84,"[17, 42, 84]",True
dbef78f8f35ee6cb,coupe-du-monde,164819,87,2026-09-09T01:10:18Z,Senegal,England,1,1,3.63,3.83,1.91,1.83,1.25,1.23,1.56,2.4,1.55,2.42,Non,Oui,Non,Oui,Non,Home,82,"[12, 82]",True
a132a23215286275,coupe-du-monde,164819,87,2026-09-09T01:10:18Z,Jordan,Sweden,3,2,3.59,3.58,1.99,1.76,1.26,1.26,1.72,2.09,1.64,2.21,Oui,Oui,Oui,Non,Non,Away,75,"[35, 36, 64, 74, 75]",True
58077f090c4155cb,coupe-du-monde,164819,87,2026-09-09T01:10:18Z,Congo DR,Scotland,1,1,3.2,3.72,2.09,1.69,1.31,1.24,1.58,2.35,1.53,2.46,Non,Oui,Non,Oui,Non,Away,32,"[20, 32]",True
de7e366266f4240e,coupe-du-monde,164819,87,2026-09-09T01:10:18Z,Croatia,Colombia,1,3,2.54,3.72,2.51,1.48,1.47,1.24,1.53,2.46,1.48,2.6,Oui,Oui,Non,Non,Oui,Home,88,"[7, 55, 85, 88]",True
cc769f18e0377fa2,coupe-du-monde,164819,87,2026-09-09T01:10:18Z,Iraq,Cote d'Ivoire,0,5,3.22,3.77,2.07,1.7,1.31,1.23,1.54,2.42,1.51,2.51,Oui,Non,Non,Non,Oui,Away,70,"[27, 37, 53, 53, 70]",True
80bb8181cea8c167,coupe-du-monde,164819,87,2026-09-09T01:10:18Z,Paraguay,Morocco,3,2,6.27,3.92,1.55,2.37,1.09,1.22,1.84,1.93,1.97,1.81,Oui,Oui,Oui,Non,Non,Away,80,"[26, 35, 51, 52, 80]",True
f209056ed0db0d40,coupe-du-monde,164819,87,2026-09-09T01:10:18Z,Mexico,Belgium,1,3,2.9,3.75,2.23,1.6,1.37,1.24,1.53,2.47,1.49,2.58,Oui,Oui,Non,Non,Oui,Away,69,"[26, 27, 58, 69]",True
960ebed98acbf023,coupe-du-monde,164819,87,2026-09-09T01:10:18Z,USA,Tunisia,3,0,2.19,3.64,3.04,1.34,1.62,1.25,1.61,2.27,1.55,2.42,Oui,Non,Oui,Non,Non,Home,76,"[25, 58, 76]",True
5f528842728cb6b8,coupe-du-monde,164819,87,2026-09-09T01:10:18Z,Turkiye,Portugal,0,2,4.41,4.54,1.63,2.2,1.18,1.17,1.34,3.18,1.46,2.68,Non,Non,Non,Non,Oui,Away,66,"[47, 66]",True
3be22933b9dce73b,coupe-du-monde,164819,90,2026-09-09T01:16:18Z,Saudi Arabia,Uzbekistan,2,1,2.62,3.61,2.49,1.49,1.45,1.25,1.61,2.28,1.53,2.45,Oui,Oui,Oui,Non,Non,Home,48,"[24, 37, 48]",True
368b573974391c00,coupe-du-monde,164819,90,2026-09-09T01:16:18Z,Ecuador,USA,2,1,2.85,3.86,2.22,1.61,1.38,1.23,1.46,2.65,1.45,2.71,Oui,Oui,Oui,Non,Non,Away,77,"[32, 40, 77]",True
57066cbd46de4a43,coupe-du-monde,164819,90,2026-09-09T01:16:18Z,Morocco,France,0,1,2.98,3.33,2.36,1.54,1.35,1.29,1.88,1.9,1.7,2.11,Non,Non,Non,Non,Oui,Away,50,[50],True
465150df9a62f606,coupe-du-monde,164819,90,2026-09-09T01:16:18Z,Portugal,Scotland,0,1,1.63,4.51,4.46,1.17,2.2,1.17,1.35,3.12,1.46,2.66,Non,Non,Non,Non,Oui,Away,71,[71],True
74f115478c76e76f,coupe-du-monde,164819,90,2026-09-09T01:16:18Z,Uruguay,Germany,3,2,2.25,3.95,2.76,1.41,1.6,1.22,1.41,2.85,1.41,2.86,Oui,Oui,Oui,Non,Non,Away,67,"[2, 14, 43, 54, 67]",True
851f15470bc05fa7,coupe-du-monde,164819,90,2026-09-09T01:16:18Z,Cote d'Ivoire,Ghana,0,3,2.05,3.82,3.23,1.31,1.72,1.23,1.52,2.49,1.5,2.55,Oui,Non,Non,Non,Oui,Away,87,"[62, 73, 87]",True
3c8ab571488b45b5,coupe-du-monde,164819,90,2026-09-09T01:16:18Z,Haiti,Turkiye,3,0,4.28,4.02,1.73,2.03,1.19,1.21,1.53,2.45,1.58,2.35,Oui,Non,Oui,Non,Non,Home,76,"[54, 73, 76]",True
80a397efb1264fd0,coupe-du-monde,164819,90,2026-09-09T01:16:18Z,New Zealand,Canada,2,3,3.63,3.76,1.93,1.81,1.25,1.24,1.6,2.3,1.57,2.36,Oui,Oui,Non,Non,Oui,Away,88,"[10, 13, 67, 75, 88]",True
9d63c939e5e58dce,coupe-du-monde,164819,90,2026-09-09T01:16:18Z,Belgium,Croatia,3,1,2.29,3.67,2.85,1.39,1.57,1.25,1.58,2.35,1.52,2.5,Oui,Oui,Oui,Non,Non,Home,86,"[18, 37, 84, 86]",True
2372925d7560156d,coupe-du-monde,164819,90,2026-09-09T01:16:18Z,Cabo Verde,Netherlands,2,2,4.45,4.24,1.67,2.13,1.18,1.19,1.45,2.69,1.53,2.45,Oui,Oui,Non,Oui,Non,Away,64,"[21, 51, 62, 64]",True
be6de7f57bd04d85,coupe-du-monde,164819,90,2026-09-09T01:16:18Z,Czechia,Brazil,1,3,4.22,4.33,1.69,2.1,1.19,1.18,1.39,2.93,1.48,2.62,Oui,Oui,Non,Non,Oui,Away,86,"[29, 30, 65, 86]",True
ea18ea6c98027763,coupe-du-monde,164819,90,2026-09-09T01:16:18Z,Tunisia,Colombia,0,0,3.35,3.68,2.05,1.72,1.29,1.25,1.62,2.26,1.57,2.37,Non,Non,Non,Oui,Non,,,[],True
dc5dc86131122a15,coupe-du-monde,164819,90,2026-09-09T01:16:18Z,IR Iran,Egypt,3,3,2.54,3.45,2.66,1.44,1.47,1.27,1.73,2.07,1.61,2.28,Oui,Oui,Non,Oui,Non,Away,71,"[6, 25, 43, 57, 69, 71]",True
c7064b7eb4846a6f,coupe-du-monde,164819,90,2026-09-09T01:16:18Z,Korea Republic,Paraguay,2,0,2.12,3.72,3.13,1.33,1.67,1.24,1.57,2.37,1.52,2.48,Non,Non,Oui,Non,Non,Home,39,"[21, 39]",True
344191c3abeb6615,coupe-du-monde,164819,90,2026-09-09T01:16:18Z,Argentina,Iraq,1,0,1.42,4.94,6.46,1.08,2.75,1.14,1.4,2.89,1.64,2.22,Non,Non,Oui,Non,Non,Home,47,[47],True
d5104b3185f00291,coupe-du-monde,164819,90,2026-09-09T01:16:18Z,Bosnia-Herzegovina,Senegal,2,3,3.97,3.82,1.83,1.91,1.21,1.23,1.61,2.29,1.6,2.3,Oui,Oui,Non,Non,Oui,Away,85,"[37, 39, 39, 84, 85]",True
f56247121d4b1e65,coupe-du-monde,164819,90,2026-09-09T01:16:18Z,England,Switzerland,0,1,2.09,3.66,3.25,1.3,1.69,1.25,1.62,2.26,1.56,2.38,Non,Non,Non,Non,Oui,Away,22,[22],True
6408577dbec640cc,coupe-du-monde,164819,90,2026-09-09T01:16:18Z,Qatar,Algeria,3,1,2.63,3.66,2.46,1.5,1.44,1.25,1.58,2.35,1.51,2.51,Oui,Oui,Oui,Non,Non,Home,69,"[32, 40, 45, 69]",True
430e8b798af1a9de,coupe-du-monde,164819,90,2026-09-09T01:16:18Z,Sweden,Australia,1,2,2.28,3.69,2.85,1.38,1.58,1.24,1.57,2.37,1.51,2.51,Oui,Oui,Non,Non,Oui,Away,70,"[61, 67, 70]",True
66b7f8b99506dd5d,coupe-du-monde,164819,90,2026-09-09T01:16:18Z,Norway,Mexico,1,3,2.5,3.84,2.51,1.49,1.49,1.23,1.46,2.67,1.44,2.75,Oui,Oui,Non,Non,Oui,Away,90,"[44, 68, 75, 90]",True
b26c57ce5811617c,coupe-du-monde,164819,90,2026-09-09T01:16:18Z,Spain,Congo DR,3,2,1.26,5.91,10.23,1.02,3.68,1.1,1.4,2.88,1.91,1.86,Oui,Oui,Oui,Non,Non,Away,90,"[17, 35, 47, 50, 90]",True
81ab5c00f1f6f067,coupe-du-monde,164819,90,2026-09-09T01:16:18Z,Curacao,Austria,0,0,6.87,4.59,1.44,2.7,1.07,1.17,1.56,2.39,1.8,1.98,Non,Non,Non,Oui,Non,,,[],True
687e53eb80f54069,coupe-du-monde,164819,90,2026-09-09T01:16:18Z,Japan,Panama,2,1,1.63,3.97,5.13,1.13,2.2,1.21,1.66,2.18,1.73,2.07,Oui,Oui,Oui,Non,Non,Home,67,"[9, 56, 67]",True
ef8ae12208c75ebf,coupe-du-monde,164819,90,2026-09-09T01:16:18Z,South Africa,Jordan,3,1,2.82,3.49,2.39,1.53,1.39,1.27,1.71,2.1,1.6,2.3,Oui,Oui,Oui,Non,Non,Away,76,"[3, 60, 68, 76]",True
1d420880118c8e3f,coupe-du-monde,164819,92,2026-09-09T01:20:18Z,Egypt,Canada,1,2,2.36,3.61,2.78,1.4,1.54,1.25,1.61,2.28,1.53,2.45,Oui,Oui,Non,Non,Oui,Away,66,"[11, 55, 66]",True
888529e23fd65e33,coupe-du-monde,164819,92,2026-09-09T01:20:18Z,Ecuador,Croatia,2,0,3.09,3.64,2.17,1.64,1.33,1.25,1.62,2.26,1.55,2.41,Non,Non,Oui,Non,Non,Home,89,"[49, 89]",True
b6cf1d4df8df927a,coupe-du-monde,164819,92,2026-09-09T01:20:18Z,IR Iran,Iraq,1,1,2.09,3.63,3.27,1.3,1.69,1.25,1.65,2.21,1.58,2.34,Non,Oui,Non,Oui,Non,Home,70,"[63, 70]",True
5d26d0c2482035c1,coupe-du-monde,164819,92,2026-09-09T01:20:18Z,Cote d'Ivoire,Jordan,1,1,1.99,3.63,3.55,1.26,1.76,1.25,1.68,2.16,1.62,2.27,Non,Oui,Non,Oui,Non,Away,47,"[19, 47]",True
c0079691ebe66e73,coupe-du-monde,164819,92,2026-09-09T01:20:18Z,Norway,Panama,1,1,1.6,4.29,5.0,1.14,2.26,1.19,1.49,2.57,1.6,2.3,Non,Oui,Non,Oui,Non,Home,43,"[39, 43]",True
97945fe572fbc4a0,coupe-du-monde,164819,92,2026-09-09T01:20:18Z,Qatar,Senegal,1,0,3.5,3.78,1.96,1.78,1.27,1.23,1.57,2.36,1.55,2.42,Non,Non,Oui,Non,Non,Home,25,[25],True
0ae850dd3930aee2,coupe-du-monde,164819,92,2026-09-09T01:20:18Z,Czechia,Paraguay,0,4,2.25,3.69,2.9,1.37,1.59,1.24,1.57,2.37,1.51,2.51,Oui,Non,Non,Non,Oui,Away,86,"[43, 58, 77, 86]",True
b9bc2856ddbd90b4,coupe-du-monde,164819,92,2026-09-09T01:20:18Z,Spain,Scotland,4,1,1.37,5.1,7.43,1.06,2.97,1.14,1.43,2.76,1.74,2.06,Oui,Oui,Oui,Non,Non,Home,88,"[34, 35, 40, 53, 88]",True
eed2680a563cb396,coupe-du-monde,164819,92,2026-09-09T01:20:18Z,Sweden,Portugal,0,2,3.78,4.18,1.8,1.95,1.23,1.2,1.4,2.89,1.45,2.69,Non,Non,Non,Non,Oui,Away,86,"[51, 86]",True
19b276d2d8ea93be,coupe-du-monde,164819,92,2026-09-09T01:20:18Z,Belgium,Curacao,2,2,1.34,5.19,8.29,1.04,3.13,1.13,1.47,2.65,1.83,1.94,Oui,Oui,Non,Oui,Non,Home,65,"[6, 14, 48, 65]",True
02d013bbd4b58733,coupe-du-monde,164819,92,2026-09-09T01:20:18Z,Saudi Arabia,France,1,0,8.54,5.79,1.3,3.39,1.04,1.11,1.34,3.18,1.74,2.06,Non,Non,Oui,Non,Non,Home,56,[56],True
648b4a2efaa2feaf,coupe-du-monde,164819,92,2026-09-09T01:20:18Z,Bosnia-Herzegovina,Netherlands,0,4,4.61,4.43,1.62,2.22,1.16,1.18,1.4,2.89,1.51,2.51,Oui,Non,Non,Non,Oui,Away,90,"[37, 40, 40, 90]",True
66e3fa6248c6aa9d,coupe-du-monde,164819,92,2026-09-09T01:20:18Z,Haiti,Australia,3,1,4.91,4.16,1.62,2.21,1.15,1.2,1.54,2.43,1.63,2.24,Oui,Oui,Oui,Non,Non,Home,89,"[44, 45, 47, 89]",True
745940c095fa62c8,coupe-du-monde,164819,92,2026-09-09T01:20:18Z,Cabo Verde,Mexico,0,1,3.69,3.84,1.89,1.85,1.24,1.23,1.56,2.39,1.55,2.41,Non,Non,Non,Non,Oui,Away,15,[15],True
61eb08d8f59724d1,coupe-du-monde,164819,92,2026-09-09T01:20:18Z,Argentina,Uzbekistan,5,0,1.35,5.5,7.36,1.06,3.09,1.12,1.33,3.25,1.64,2.21,Oui,Non,Oui,Non,Non,Home,78,"[21, 30, 33, 51, 78]",True
d7c824cf03aca12b,coupe-du-monde,164819,92,2026-09-09T01:20:18Z,Morocco,Turkiye,2,2,1.63,3.9,5.24,1.13,2.19,1.22,1.73,2.08,1.79,2.0,Oui,Oui,Non,Oui,Non,Home,78,"[12, 57, 76, 78]",True
53166c0ac3704920,coupe-du-monde,164819,92,2026-09-09T01:20:18Z,Korea Republic,Ghana,1,2,1.94,3.86,3.49,1.27,1.8,1.23,1.52,2.48,1.52,2.5,Oui,Oui,Non,Non,Oui,Home,80,"[22, 25, 80]",True
d08ae01553392672,coupe-du-monde,164819,92,2026-09-09T01:20:18Z,England,USA,5,1,1.79,4.17,3.84,1.23,1.96,1.2,1.41,2.84,1.46,2.65,Oui,Oui,Oui,Non,Non,Home,83,"[1, 11, 24, 47, 65, 83]",True
5125ccc5b20b04f9,coupe-du-monde,164819,92,2026-09-09T01:20:18Z,Algeria,Brazil,1,1,4.65,4.45,1.61,2.23,1.16,1.17,1.39,2.92,1.51,2.52,Non,Oui,Non,Oui,Non,Away,88,"[12, 88]",True
e3279bf67d1b8761,coupe-du-monde,164819,92,2026-09-09T01:20:18Z,Tunisia,Austria,1,1,3.18,3.51,2.17,1.64,1.32,1.27,1.72,2.08,1.62,2.26,Non,Oui,Non,Oui,Non,Home,28,"[26, 28]",True
f9e7dfc9903964b1,coupe-du-monde,164819,92,2026-09-09T01:20:18Z,New Zealand,Germany,0,3,6.2,4.89,1.44,2.68,1.09,1.15,1.39,2.92,1.61,2.27,Oui,Non,Non,Non,Oui,Away,79,"[1, 63, 79]",True
e9aa11f1771660ab,coupe-du-monde,164819,92,2026-09-09T01:20:18Z,Japan,Colombia,2,2,2.45,3.77,2.58,1.46,1.51,1.23,1.5,2.53,1.47,2.65,Oui,Oui,Non,Oui,Non,Away,86,"[17, 49, 51, 86]",True
a9bd6e0430e171c5,coupe-du-monde,164819,92,2026-09-09T01:20:18Z,South Africa,Congo DR,0,0,2.49,3.48,2.7,1.42,1.49,1.27,1.71,2.1,1.6,2.31,Non,Non,Non,Oui,Non,,,[],True
8c5abc1d51420f50,coupe-du-monde,164819,92,2026-09-09T01:20:18Z,Uruguay,Switzerland,3,0,2.28,3.55,2.94,1.36,1.58,1.26,1.67,2.16,1.58,2.34,Oui,Non,Oui,Non,Non,Home,85,"[63, 78, 85]",True
