match_key,league,season_id,round_number,expected_start,home_team,away_team,home_score,away_score,odds_1,odds_X,odds_2,odds_dc_1x,odds_dc_x2,odds_dc_12,odds_over_2_5,odds_under_2_5,odds_btts_yes,odds_btts_no,over_2_5,btts,home_win,draw,away_win,first_goal_team,last_goal_minute,goal_timeline,had_odds
4935436d8f8754c4,coupe-du-monde,164920,1,2026-09-09T14:13:18Z,Congo DR,Mexico,2,2,4.33,3.99,1.73,2.04,1.18,1.21,1.56,2.4,1.59,2.31,Oui,Oui,Non,Oui,Non,Away,82,"[36, 38, 38, 82]",True
f259d5f12ee9831e,coupe-du-monde,164920,1,2026-09-09T14:13:18Z,Jordan,Germany,0,3,5.07,4.45,1.57,2.33,1.14,1.18,1.44,2.75,1.57,2.37,Oui,Non,Non,Non,Oui,Away,70,"[18, 59, 70]",True
e901a2abdf673ac1,coupe-du-monde,164920,1,2026-09-09T14:13:18Z,Qatar,Austria,2,2,3.13,3.82,2.09,1.69,1.33,1.23,1.51,2.52,1.49,2.59,Oui,Oui,Non,Oui,Non,Away,85,"[27, 31, 83, 85]",True
35aecc50ee72caa5,coupe-du-monde,164920,1,2026-09-09T14:13:18Z,Saudi Arabia,England,0,0,6.46,4.94,1.42,2.75,1.08,1.14,1.41,2.87,1.65,2.21,Non,Non,Non,Oui,Non,,,[],True
4eaad6352bf2f15a,coupe-du-monde,164920,1,2026-09-09T14:13:18Z,Turkiye,Spain,2,2,6.7,5.04,1.4,2.82,1.08,1.14,1.39,2.93,1.65,2.21,Oui,Oui,Non,Oui,Non,Home,78,"[13, 60, 60, 78]",True
d85034edf821c94d,coupe-du-monde,164920,1,2026-09-09T14:13:18Z,Algeria,Switzerland,2,1,3.66,3.68,1.94,1.8,1.25,1.25,1.66,2.19,1.61,2.27,Oui,Oui,Oui,Non,Non,Away,76,"[55, 65, 76]",True
fa0dac22183630a6,coupe-du-monde,164920,1,2026-09-09T14:13:18Z,Senegal,Morocco,1,2,4.16,3.36,1.91,1.83,1.2,1.29,2.0,1.78,1.86,1.91,Oui,Oui,Non,Non,Oui,Away,83,"[3, 27, 83]",True
93444bc9b1c3a316,coupe-du-monde,164920,1,2026-09-09T14:13:18Z,Iraq,Haiti,1,0,1.87,3.71,3.93,1.22,1.87,1.24,1.67,2.16,1.64,2.22,Non,Non,Oui,Non,Non,Home,21,[21],True
14db8714435edccc,coupe-du-monde,164920,1,2026-09-09T14:13:18Z,Brazil,Panama,3,0,1.37,5.19,7.21,1.07,2.96,1.13,1.39,2.93,1.69,2.13,Oui,Non,Oui,Non,Non,Home,86,"[47, 62, 86]",True
ff862fdb2e383604,coupe-du-monde,164920,1,2026-09-09T14:13:18Z,Paraguay,Egypt,1,1,3.09,3.66,2.16,1.64,1.33,1.25,1.6,2.3,1.54,2.43,Non,Oui,Non,Oui,Non,Away,67,"[32, 67]",True
f25afa1b33fe3a6a,coupe-du-monde,164920,1,2026-09-09T14:13:18Z,Ecuador,South Africa,1,1,1.94,3.78,3.58,1.26,1.8,1.23,1.58,2.34,1.56,2.39,Non,Oui,Non,Oui,Non,Away,25,"[24, 25]",True
cbd783f2cf2fbb68,coupe-du-monde,164920,1,2026-09-09T14:13:18Z,Tunisia,Netherlands,3,1,3.94,3.89,1.82,1.92,1.22,1.22,1.56,2.39,1.57,2.37,Oui,Oui,Oui,Non,Non,Home,79,"[4, 37, 67, 79]",True
a3b6ebd63e05a2cf,coupe-du-monde,164920,1,2026-09-09T14:13:18Z,IR Iran,Ghana,1,1,2.0,3.61,3.53,1.26,1.75,1.25,1.69,2.14,1.62,2.25,Non,Oui,Non,Oui,Non,Home,53,"[41, 53]",True
0fc6dd215bda1117,coupe-du-monde,164920,1,2026-09-09T14:13:18Z,Australia,Belgium,4,2,3.34,3.84,2.0,1.75,1.29,1.23,1.52,2.49,1.5,2.53,Oui,Oui,Oui,Non,Non,Home,86,"[25, 32, 32, 50, 76, 86]",True
75b976a3f9e90b3c,coupe-du-monde,164920,1,2026-09-09T14:13:18Z,Norway,Uzbekistan,2,1,1.71,4.15,4.28,1.19,2.07,1.2,1.47,2.63,1.53,2.45,Oui,Oui,Oui,Non,Non,Home,23,"[12, 21, 23]",True
19bee0513ddbd6f4,coupe-du-monde,164920,1,2026-09-09T14:13:18Z,Argentina,Cote d'Ivoire,2,0,1.59,4.52,4.78,1.15,2.28,1.17,1.38,2.97,1.51,2.52,Non,Non,Oui,Non,Non,Home,42,"[38, 42]",True
9f48b7c00913de9d,coupe-du-monde,164920,1,2026-09-09T14:13:18Z,Korea Republic,Bosnia-Herzegovina,1,1,1.99,3.83,3.36,1.29,1.76,1.23,1.53,2.47,1.51,2.51,Non,Oui,Non,Oui,Non,Away,43,"[21, 43]",True
a4d315d930f712ba,coupe-du-monde,164920,1,2026-09-09T14:13:18Z,USA,Croatia,1,2,2.75,3.72,2.34,1.55,1.41,1.24,1.54,2.44,1.49,2.58,Oui,Oui,Non,Non,Oui,Home,60,"[25, 30, 60]",True
113121fcaef00bdb,coupe-du-monde,164920,1,2026-09-09T14:13:18Z,Portugal,France,3,2,3.16,4.2,1.98,1.77,1.32,1.19,1.33,3.24,1.37,3.02,Oui,Oui,Oui,Non,Non,Home,81,"[16, 42, 43, 78, 81]",True
e1d33f2d49b1147a,coupe-du-monde,164920,1,2026-09-09T14:13:18Z,Cabo Verde,New Zealand,3,2,2.06,3.59,3.39,1.28,1.71,1.26,1.69,2.14,1.61,2.28,Oui,Oui,Oui,Non,Non,Away,88,"[8, 18, 64, 65, 88]",True
ca7739a8221ecadf,coupe-du-monde,164920,1,2026-09-09T14:13:18Z,Colombia,Scotland,0,3,1.88,4.04,3.57,1.26,1.86,1.21,1.44,2.72,1.47,2.64,Oui,Non,Non,Non,Oui,Away,73,"[35, 45, 73]",True
5230382b7b38d126,coupe-du-monde,164920,1,2026-09-09T14:13:18Z,Uruguay,Czechia,3,3,1.81,3.84,4.07,1.21,1.94,1.23,1.6,2.29,1.61,2.29,Oui,Oui,Non,Oui,Non,Home,81,"[30, 42, 43, 47, 51, 81]",True
bd58da86b0154593,coupe-du-monde,164920,1,2026-09-09T14:13:18Z,Canada,Japan,0,1,3.76,3.93,1.85,1.89,1.24,1.22,1.52,2.49,1.53,2.47,Non,Non,Non,Non,Oui,Away,28,[28],True
27fd20c4f8b4d952,coupe-du-monde,164920,1,2026-09-09T14:13:18Z,Sweden,Curacao,1,2,1.47,4.44,6.47,1.08,2.58,1.18,1.58,2.34,1.79,2.0,Oui,Oui,Non,Non,Oui,Home,78,"[8, 37, 78]",True
b39e47e27625f75c,coupe-du-monde,164920,2,2026-09-09T14:15:18Z,Haiti,Uruguay,1,3,8.53,5.2,1.33,3.17,1.04,1.13,1.48,2.61,1.86,1.91,Oui,Oui,Non,Non,Oui,Home,82,"[24, 45, 49, 82]",True
8904614865606223,coupe-du-monde,164920,2,2026-09-09T14:15:18Z,Egypt,Qatar,2,0,2.27,3.65,2.89,1.37,1.58,1.25,1.59,2.32,1.53,2.47,Non,Non,Oui,Non,Non,Home,89,"[20, 89]",True
94170481615f1ae2,coupe-du-monde,164920,2,2026-09-09T14:15:18Z,Algeria,Ecuador,3,2,2.66,3.73,2.4,1.52,1.43,1.24,1.53,2.47,1.48,2.6,Oui,Oui,Oui,Non,Non,Home,75,"[18, 19, 56, 67, 75]",True
be769092785c94c1,coupe-du-monde,164920,2,2026-09-09T14:15:18Z,Spain,Korea Republic,2,0,1.46,4.7,6.17,1.09,2.62,1.16,1.45,2.7,1.66,2.19,Non,Non,Oui,Non,Non,Home,49,"[34, 49]",True
b7cbb5f784a4a2ea,coupe-du-monde,164920,2,2026-09-09T14:15:18Z,Germany,Turkiye,3,2,1.8,4.28,3.71,1.24,1.95,1.19,1.36,3.1,1.42,2.82,Oui,Oui,Oui,Non,Non,Away,76,"[22, 24, 52, 60, 76]",True
b22c2ac4a57bc8da,coupe-du-monde,164920,2,2026-09-09T14:15:18Z,Netherlands,Senegal,1,0,2.36,3.79,2.69,1.43,1.54,1.23,1.49,2.57,1.46,2.67,Non,Non,Oui,Non,Non,Home,82,[82],True
c2156acd7986a87e,coupe-du-monde,164920,2,2026-09-09T14:15:18Z,Bosnia-Herzegovina,USA,2,2,3.9,4.08,1.79,1.96,1.22,1.2,1.46,2.66,1.5,2.54,Oui,Oui,Non,Oui,Non,Home,79,"[16, 22, 27, 79]",True
09a58a9a9582396e,coupe-du-monde,164920,2,2026-09-09T14:15:18Z,Switzerland,Sweden,2,0,2.18,3.52,3.15,1.32,1.63,1.26,1.71,2.11,1.61,2.28,Non,Non,Oui,Non,Non,Home,38,"[10, 38]",True
37ced165ffaf929c,coupe-du-monde,164920,2,2026-09-09T14:15:18Z,Cote d'Ivoire,Cabo Verde,1,2,2.16,3.65,3.08,1.33,1.64,1.25,1.6,2.29,1.54,2.43,Oui,Oui,Non,Non,Oui,Away,68,"[27, 32, 68]",True
24a732454c49c618,coupe-du-monde,164920,2,2026-09-09T14:15:18Z,Croatia,Saudi Arabia,0,0,1.8,3.88,4.06,1.21,1.95,1.22,1.58,2.34,1.59,2.31,Non,Non,Non,Oui,Non,,,[],True
3d96b519e46cf2b3,coupe-du-monde,164920,2,2026-09-09T14:15:18Z,New Zealand,Iraq,1,2,3.43,3.54,2.06,1.71,1.28,1.26,1.73,2.08,1.64,2.22,Oui,Oui,Non,Non,Oui,Away,89,"[13, 66, 89]",True
22d2f7f2113a4da6,coupe-du-monde,164920,2,2026-09-09T14:15:18Z,Uzbekistan,Ghana,1,1,2.6,3.63,2.5,1.49,1.45,1.25,1.6,2.31,1.52,2.48,Non,Oui,Non,Oui,Non,Home,85,"[83, 85]",True
91adb23794446bc8,coupe-du-monde,164920,2,2026-09-09T14:15:18Z,Belgium,Congo DR,0,1,1.57,4.26,5.34,1.12,2.33,1.19,1.54,2.44,1.66,2.18,Non,Non,Non,Non,Oui,Away,89,[89],True
d0c2da5d11dbf606,coupe-du-monde,164920,2,2026-09-09T14:15:18Z,France,Norway,2,2,1.66,4.44,4.28,1.19,2.14,1.18,1.36,3.09,1.46,2.67,Oui,Oui,Non,Oui,Non,Home,89,"[16, 27, 34, 89]",True
e5bd5a7a23ac269d,coupe-du-monde,164920,2,2026-09-09T14:15:18Z,Japan,Argentina,2,0,3.6,4.18,1.84,1.9,1.25,1.2,1.39,2.95,1.43,2.76,Non,Non,Oui,Non,Non,Home,89,"[35, 89]",True
e5e318772fbaaf51,coupe-du-monde,164920,2,2026-09-09T14:15:18Z,England,Australia,3,1,1.63,4.34,4.61,1.16,2.2,1.18,1.43,2.77,1.53,2.46,Oui,Oui,Oui,Non,Non,Home,83,"[36, 60, 60, 83]",True
e3877e71c641a3a5,coupe-du-monde,164920,2,2026-09-09T14:15:18Z,Scotland,Paraguay,1,2,2.38,3.65,2.73,1.42,1.53,1.25,1.58,2.34,1.51,2.5,Oui,Oui,Non,Non,Oui,Away,50,"[34, 41, 50]",True
04842eafcfda0f9c,coupe-du-monde,164920,2,2026-09-09T14:15:18Z,Austria,Canada,1,0,2.14,3.81,3.03,1.34,1.66,1.23,1.5,2.53,1.48,2.61,Non,Non,Oui,Non,Non,Home,77,[77],True
4abc8fd662ecada7,coupe-du-monde,164920,2,2026-09-09T14:15:18Z,South Africa,Jordan,1,2,2.71,3.42,2.51,1.48,1.42,1.28,1.77,2.02,1.63,2.24,Oui,Oui,Non,Non,Oui,Home,90,"[60, 63, 90]",True
0d0542ac05e23487,coupe-du-monde,164920,2,2026-09-09T14:15:18Z,Czechia,IR Iran,1,2,2.71,3.61,2.42,1.52,1.42,1.25,1.61,2.27,1.54,2.44,Oui,Oui,Non,Non,Oui,Home,30,"[12, 21, 30]",True
66faf6a81f8703df,coupe-du-monde,164920,2,2026-09-09T14:15:18Z,Panama,Portugal,0,4,6.98,5.08,1.39,2.89,1.07,1.14,1.41,2.86,1.69,2.14,Oui,Non,Non,Non,Oui,Away,80,"[20, 22, 52, 80]",True
a121be15a0302747,coupe-du-monde,164920,2,2026-09-09T14:15:18Z,Mexico,Brazil,2,1,3.23,4.09,1.98,1.77,1.31,1.2,1.38,2.97,1.41,2.85,Oui,Oui,Oui,Non,Non,Home,76,"[26, 54, 76]",True
9d649eea7cbfc4c0,coupe-du-monde,164920,2,2026-09-09T14:15:18Z,Curacao,Tunisia,2,0,5.42,3.87,1.62,2.22,1.12,1.22,1.76,2.03,1.83,1.95,Non,Non,Oui,Non,Non,Home,43,"[28, 43]",True
373c22e28571f472,coupe-du-monde,164920,2,2026-09-09T14:15:18Z,Morocco,Colombia,1,0,1.95,3.5,3.82,1.23,1.79,1.27,1.82,1.96,1.72,2.09,Non,Non,Oui,Non,Non,Home,66,[66],True
f08048468ee45f0e,coupe-du-monde,164920,5,2026-09-09T14:21:18Z,Brazil,Croatia,2,1,1.96,3.95,3.37,1.29,1.78,1.22,1.46,2.67,1.46,2.65,Oui,Oui,Oui,Non,Non,Home,80,"[54, 66, 80]",True
b8f68c30c117b008,coupe-du-monde,164920,5,2026-09-09T14:21:18Z,Uzbekistan,Panama,2,1,2.32,3.53,2.9,1.37,1.56,1.26,1.68,2.15,1.58,2.33,Oui,Oui,Oui,Non,Non,Away,75,"[10, 57, 75]",True
6c982f9a181f61d2,coupe-du-monde,164920,5,2026-09-09T14:21:18Z,Congo DR,Bosnia-Herzegovina,0,4,2.73,3.58,2.42,1.52,1.42,1.26,1.64,2.22,1.55,2.4,Oui,Non,Non,Non,Oui,Away,63,"[19, 34, 35, 63]",True
35adce539f03363d,coupe-du-monde,164920,5,2026-09-09T14:21:18Z,Canada,Morocco,0,4,5.86,3.94,1.57,2.31,1.1,1.22,1.77,2.02,1.88,1.9,Oui,Non,Non,Non,Oui,Away,59,"[25, 36, 57, 59]",True
792972b18b9ca9ab,coupe-du-monde,164920,5,2026-09-09T14:21:18Z,Tunisia,Jordan,1,1,2.26,3.33,3.16,1.32,1.59,1.29,1.89,1.88,1.72,2.09,Non,Oui,Non,Oui,Non,Home,85,"[85, 85]",True
5ce637a896eadbe9,coupe-du-monde,164920,5,2026-09-09T14:21:18Z,Czechia,Cote d'Ivoire,0,1,2.62,3.68,2.46,1.5,1.45,1.24,1.56,2.39,1.5,2.54,Non,Non,Non,Non,Oui,Away,41,[41],True
f9c82d45b986536f,coupe-du-monde,164920,5,2026-09-09T14:21:18Z,Norway,Belgium,2,3,2.77,3.82,2.29,1.58,1.41,1.23,1.48,2.61,1.45,2.7,Oui,Oui,Non,Non,Oui,Away,77,"[25, 26, 40, 68, 77]",True
73001d44d836db60,coupe-du-monde,164920,5,2026-09-09T14:21:18Z,Uruguay,Japan,2,3,2.2,3.63,3.02,1.35,1.62,1.25,1.62,2.26,1.55,2.41,Oui,Oui,Non,Non,Oui,Home,81,"[24, 37, 42, 64, 81]",True
28d438685fdf2ab9,coupe-du-monde,164920,5,2026-09-09T14:21:18Z,Korea Republic,Algeria,1,3,2.43,3.62,2.68,1.43,1.51,1.25,1.6,2.29,1.53,2.46,Oui,Oui,Non,Non,Oui,Away,80,"[31, 65, 67, 80]",True
ca11d9fe4afcca91,coupe-du-monde,164920,5,2026-09-09T14:21:18Z,Colombia,Switzerland,2,2,2.73,3.58,2.41,1.52,1.41,1.26,1.63,2.24,1.55,2.42,Oui,Oui,Non,Oui,Non,Away,58,"[28, 42, 54, 58]",True
06a8fc7580bf0887,coupe-du-monde,164920,5,2026-09-09T14:21:18Z,Australia,Spain,2,2,5.74,4.51,1.51,2.48,1.11,1.17,1.48,2.61,1.65,2.21,Oui,Oui,Non,Oui,Non,Home,59,"[8, 24, 40, 59]",True
f2c57974c4db14e3,coupe-du-monde,164920,5,2026-09-09T14:21:18Z,Ghana,Mexico,1,1,4.08,4.02,1.77,1.99,1.2,1.21,1.51,2.52,1.54,2.43,Non,Oui,Non,Oui,Non,Home,81,"[26, 81]",True
aa8411bf818c9454,coupe-du-monde,164920,5,2026-09-09T14:21:18Z,Portugal,England,2,0,2.57,4.08,2.35,1.55,1.46,1.2,1.35,3.16,1.36,3.07,Non,Non,Oui,Non,Non,Home,79,"[60, 79]",True
35722af1d59063cf,coupe-du-monde,164920,5,2026-09-09T14:21:18Z,IR Iran,France,0,0,5.7,4.6,1.5,2.5,1.11,1.16,1.44,2.73,1.62,2.26,Non,Non,Non,Oui,Non,,,[],True
3fe8d7bcdf0b73fd,coupe-du-monde,164920,5,2026-09-09T14:21:18Z,Iraq,Austria,1,2,3.44,3.72,2.0,1.75,1.28,1.24,1.6,2.3,1.56,2.39,Oui,Oui,Non,Non,Oui,Home,90,"[49, 63, 90]",True
20219cd2756fa9d2,coupe-du-monde,164920,5,2026-09-09T14:21:18Z,Saudi Arabia,Germany,0,5,4.93,4.51,1.57,2.31,1.15,1.17,1.4,2.89,1.53,2.46,Oui,Non,Non,Non,Oui,Away,71,"[9, 22, 47, 60, 71]",True
967570e2c08133b8,coupe-du-monde,164920,5,2026-09-09T14:21:18Z,Cabo Verde,Egypt,2,3,3.32,3.57,2.09,1.69,1.29,1.26,1.69,2.13,1.61,2.28,Oui,Oui,Non,Non,Oui,Home,73,"[2, 27, 56, 72, 73]",True
a123d04bb1c746f5,coupe-du-monde,164920,5,2026-09-09T14:21:18Z,Haiti,New Zealand,0,0,2.98,3.45,2.31,1.57,1.36,1.28,1.76,2.03,1.63,2.23,Non,Non,Non,Oui,Non,,,[],True
3dd0ee79c946106a,coupe-du-monde,164920,5,2026-09-09T14:21:18Z,Senegal,Ecuador,0,0,2.19,3.68,3.01,1.35,1.63,1.24,1.58,2.34,1.53,2.47,Non,Non,Non,Oui,Non,,,[],True
e0f725da384dff27,coupe-du-monde,164920,5,2026-09-09T14:21:18Z,Qatar,Netherlands,1,0,3.67,4.21,1.82,1.92,1.25,1.19,1.38,2.98,1.43,2.76,Non,Non,Oui,Non,Non,Home,27,[27],True
70509e7239afa638,coupe-du-monde,164920,5,2026-09-09T14:21:18Z,USA,South Africa,4,1,1.76,4.09,4.03,1.21,1.99,1.2,1.47,2.64,1.51,2.5,Oui,Oui,Oui,Non,Non,Home,66,"[36, 43, 44, 63, 66]",True
a2cb6809154b47e7,coupe-du-monde,164920,5,2026-09-09T14:21:18Z,Turkiye,Sweden,2,2,2.86,3.77,2.24,1.6,1.38,1.23,1.51,2.51,1.48,2.61,Oui,Oui,Non,Oui,Non,Home,75,"[15, 50, 66, 75]",True
85a09a1156ea2cbd,coupe-du-monde,164920,5,2026-09-09T14:21:18Z,Argentina,Scotland,2,2,1.47,4.96,5.66,1.11,2.59,1.14,1.33,3.22,1.53,2.45,Oui,Oui,Non,Oui,Non,Away,67,"[42, 49, 55, 67]",True
02107aa14d305730,coupe-du-monde,164920,5,2026-09-09T14:21:18Z,Paraguay,Curacao,0,2,1.68,3.96,4.72,1.16,2.11,1.22,1.62,2.26,1.67,2.17,Non,Non,Non,Non,Oui,Away,75,"[74, 75]",True
e4e878f5bd1f236c,coupe-du-monde,164920,7,2026-09-09T14:25:18Z,Canada,Curacao,1,1,1.63,4.12,4.93,1.15,2.2,1.2,1.56,2.39,1.64,2.22,Non,Oui,Non,Oui,Non,Home,65,"[53, 65]",True
e4e0b9962941d72e,coupe-du-monde,164920,7,2026-09-09T14:25:18Z,Saudi Arabia,Algeria,2,1,3.06,3.71,2.16,1.64,1.34,1.24,1.57,2.37,1.52,2.49,Oui,Oui,Oui,Non,Non,Away,53,"[14, 36, 53]",True
f9709e843740b27a,coupe-du-monde,164920,7,2026-09-09T14:25:18Z,Iraq,Scotland,1,4,2.87,3.63,2.29,1.57,1.38,1.25,1.61,2.28,1.54,2.44,Oui,Oui,Non,Non,Oui,Away,82,"[23, 26, 39, 54, 82]",True
ac06d9e88145d87c,coupe-du-monde,164920,7,2026-09-09T14:25:18Z,Congo DR,Germany,0,4,5.28,4.63,1.53,2.42,1.13,1.16,1.39,2.91,1.55,2.4,Oui,Non,Non,Non,Oui,Away,51,"[16, 26, 35, 51]",True
27765e19582134d5,coupe-du-monde,164920,7,2026-09-09T14:25:18Z,New Zealand,Cote d'Ivoire,2,1,4.0,3.86,1.82,1.93,1.21,1.23,1.58,2.33,1.59,2.32,Oui,Oui,Oui,Non,Non,Home,85,"[46, 67, 85]",True
f43024c33de800d2,coupe-du-monde,164920,7,2026-09-09T14:25:18Z,Brazil,Spain,1,3,3.44,4.05,1.91,1.83,1.28,1.21,1.42,2.82,1.44,2.73,Oui,Oui,Non,Non,Oui,Away,89,"[21, 24, 66, 89]",True
156b74ef4add4839,coupe-du-monde,164920,7,2026-09-09T14:25:18Z,Portugal,Bosnia-Herzegovina,2,1,1.44,5.04,5.93,1.1,2.67,1.14,1.34,3.22,1.55,2.4,Oui,Oui,Oui,Non,Non,Away,90,"[50, 56, 90]",True
21527c0e3248c9b6,coupe-du-monde,164920,7,2026-09-09T14:25:18Z,Colombia,Jordan,2,2,1.71,4.01,4.43,1.18,2.06,1.21,1.56,2.39,1.6,2.29,Oui,Oui,Non,Oui,Non,Home,48,"[16, 24, 42, 48]",True
e5d2025b0355ef42,coupe-du-monde,164920,7,2026-09-09T14:25:18Z,IR Iran,Panama,1,0,1.9,3.59,3.94,1.22,1.84,1.26,1.76,2.03,1.7,2.13,Non,Non,Oui,Non,Non,Home,47,[47],True
80574765b67c1a41,coupe-du-monde,164920,7,2026-09-09T14:25:18Z,Korea Republic,Tunisia,1,2,2.39,3.42,2.86,1.38,1.53,1.28,1.77,2.02,1.63,2.23,Oui,Oui,Non,Non,Oui,Home,82,"[44, 45, 82]",True
2c882e106ffb2134,coupe-du-monde,164920,7,2026-09-09T14:25:18Z,Uruguay,Egypt,3,2,1.87,3.76,3.88,1.22,1.87,1.24,1.63,2.24,1.61,2.29,Oui,Oui,Oui,Non,Non,Away,90,"[19, 32, 40, 85, 90]",True
3e652e1e721963b5,coupe-du-monde,164920,7,2026-09-09T14:25:18Z,Senegal,Turkiye,1,1,2.07,3.77,3.21,1.31,1.7,1.24,1.55,2.41,1.52,2.5,Non,Oui,Non,Oui,Non,Home,7,"[6, 7]",True
7a22caf49ad7c2c2,coupe-du-monde,164920,7,2026-09-09T14:25:18Z,France,Mexico,2,1,1.66,4.38,4.35,1.18,2.14,1.18,1.39,2.94,1.48,2.59,Oui,Oui,Oui,Non,Non,Home,85,"[12, 63, 85]",True
9de70365043d2616,coupe-du-monde,164920,7,2026-09-09T14:25:18Z,Australia,South Africa,2,1,1.91,3.78,3.66,1.25,1.83,1.23,1.59,2.32,1.57,2.37,Oui,Oui,Oui,Non,Non,Home,30,"[8, 19, 30]",True
e222870481d2b44c,coupe-du-monde,164920,7,2026-09-09T14:25:18Z,Ghana,England,1,3,6.21,4.88,1.44,2.68,1.09,1.15,1.4,2.89,1.62,2.25,Oui,Oui,Non,Non,Oui,Away,72,"[6, 15, 70, 72]",True
ec6cf5f7c523c6b5,coupe-du-monde,164920,7,2026-09-09T14:25:18Z,Qatar,Switzerland,2,1,3.78,3.75,1.89,1.85,1.23,1.24,1.63,2.24,1.6,2.29,Oui,Oui,Oui,Non,Non,Home,86,"[76, 81, 86]",True
0f7387a736cdaee5,coupe-du-monde,164920,7,2026-09-09T14:25:18Z,Cabo Verde,Morocco,0,1,6.9,3.96,1.51,2.47,1.07,1.22,1.89,1.88,2.06,1.74,Non,Non,Non,Non,Oui,Away,18,[18],True
7f9af933cbc24694,coupe-du-monde,164920,7,2026-09-09T14:25:18Z,Haiti,Japan,0,2,6.84,4.59,1.44,2.7,1.07,1.17,1.55,2.41,1.79,2.0,Non,Non,Non,Non,Oui,Away,85,"[43, 85]",True
f941c56705baebed,coupe-du-monde,164920,7,2026-09-09T14:25:18Z,Czechia,Austria,1,0,3.07,3.69,2.16,1.65,1.34,1.24,1.59,2.33,1.53,2.45,Non,Non,Oui,Non,Non,Home,55,[55],True
811d0efe478dd68d,coupe-du-monde,164920,7,2026-09-09T14:25:18Z,Argentina,Netherlands,2,1,1.86,4.29,3.46,1.27,1.88,1.19,1.33,3.24,1.39,2.95,Oui,Oui,Oui,Non,Non,Away,76,"[1, 53, 76]",True
e488970836da1561,coupe-du-monde,164920,7,2026-09-09T14:25:18Z,USA,Sweden,1,0,2.48,3.79,2.54,1.47,1.49,1.23,1.49,2.58,1.46,2.68,Non,Non,Oui,Non,Non,Home,52,[52],True
3ebb46f8f750c011,coupe-du-monde,164920,7,2026-09-09T14:25:18Z,Uzbekistan,Belgium,0,3,4.46,4.16,1.68,2.11,1.17,1.2,1.48,2.59,1.55,2.4,Oui,Non,Non,Non,Oui,Away,87,"[6, 78, 87]",True
66c7426725581825,coupe-du-monde,164920,7,2026-09-09T14:25:18Z,Norway,Croatia,1,1,2.52,3.77,2.52,1.48,1.48,1.24,1.5,2.53,1.46,2.65,Non,Oui,Non,Oui,Non,Home,79,"[71, 79]",True
eb438fb1b98e9149,coupe-du-monde,164920,7,2026-09-09T14:25:18Z,Paraguay,Ecuador,1,3,2.97,3.7,2.21,1.62,1.36,1.24,1.57,2.37,1.52,2.5,Oui,Oui,Non,Non,Oui,Away,86,"[8, 67, 77, 86]",True
c7e789792b5a4401,coupe-du-monde,164920,10,2026-09-09T14:31:18Z,Germany,Norway,4,1,2.22,4.09,2.74,1.41,1.61,1.2,1.35,3.14,1.37,3.04,Oui,Oui,Oui,Non,Non,Away,69,"[34, 41, 54, 66, 69]",True
59db245ff2869206,coupe-du-monde,164920,10,2026-09-09T14:31:18Z,Spain,Ghana,2,1,1.31,5.53,8.85,1.04,3.34,1.12,1.41,2.85,1.82,1.96,Oui,Oui,Oui,Non,Non,Home,80,"[40, 76, 80]",True
88b53a115c727559,coupe-du-monde,164920,10,2026-09-09T14:31:18Z,Turkiye,Qatar,3,1,2.37,3.86,2.63,1.44,1.54,1.23,1.45,2.7,1.43,2.77,Oui,Oui,Oui,Non,Non,Home,84,"[24, 42, 62, 84]",True
e7c08852b526a3eb,coupe-du-monde,164920,10,2026-09-09T14:31:18Z,Tunisia,Australia,1,4,2.73,3.47,2.47,1.5,1.42,1.27,1.72,2.08,1.6,2.29,Oui,Oui,Non,Non,Oui,Away,79,"[31, 34, 61, 71, 79]",True
59441eb4c840c7a0,coupe-du-monde,164920,10,2026-09-09T14:31:18Z,Korea Republic,Paraguay,3,1,2.12,3.76,3.09,1.33,1.67,1.24,1.54,2.44,1.5,2.53,Oui,Oui,Oui,Non,Non,Home,75,"[14, 28, 68, 75]",True
fd55ffa8842f1e13,coupe-du-monde,164920,10,2026-09-09T14:31:18Z,Switzerland,Cabo Verde,1,3,1.78,3.7,4.37,1.18,1.97,1.24,1.74,2.07,1.72,2.1,Oui,Oui,Non,Non,Oui,Home,79,"[30, 31, 41, 79]",True
bc80a3da80ca0e2b,coupe-du-monde,164920,10,2026-09-09T14:31:18Z,Algeria,Brazil,0,6,4.21,4.37,1.68,2.11,1.19,1.18,1.37,3.01,1.46,2.66,Oui,Non,Non,Non,Oui,Away,79,"[29, 30, 43, 56, 74, 79]",True
056dad2907bcb775,coupe-du-monde,164920,10,2026-09-09T14:31:18Z,Colombia,USA,0,1,2.27,3.94,2.74,1.41,1.59,1.22,1.42,2.82,1.41,2.83,Non,Non,Non,Non,Oui,Away,9,[9],True
03447ce52bb2593b,coupe-du-monde,164920,10,2026-09-09T14:31:18Z,Japan,IR Iran,2,1,2.12,3.62,3.2,1.31,1.67,1.25,1.64,2.21,1.57,2.36,Oui,Oui,Oui,Non,Non,Away,85,"[28, 41, 85]",True
e3e11faf4c4e38dc,coupe-du-monde,164920,10,2026-09-09T14:31:18Z,England,Panama,2,2,1.37,5.06,7.49,1.06,2.96,1.14,1.45,2.71,1.75,2.04,Oui,Oui,Non,Oui,Non,Home,73,"[20, 43, 55, 73]",True
b2fc7ff1f63ff88f,coupe-du-monde,164920,10,2026-09-09T14:31:18Z,Belgium,Mexico,2,0,2.29,3.78,2.79,1.4,1.58,1.23,1.5,2.55,1.47,2.65,Non,Non,Oui,Non,Non,Home,23,"[9, 23]",True
e34ca15ad7b39a70,coupe-du-monde,164920,10,2026-09-09T14:31:18Z,Croatia,France,0,2,4.77,4.33,1.61,2.23,1.15,1.18,1.45,2.7,1.56,2.4,Non,Non,Non,Non,Oui,Away,66,"[66, 66]",True
87b7babc4f8bcd6d,coupe-du-monde,164920,10,2026-09-09T14:31:18Z,Netherlands,Uruguay,1,4,2.64,3.87,2.37,1.54,1.44,1.22,1.45,2.71,1.43,2.77,Oui,Oui,Non,Non,Oui,Away,74,"[43, 45, 53, 73, 74]",True
f030e25e6c7d2498,coupe-du-monde,164920,10,2026-09-09T14:31:18Z,Morocco,Czechia,3,0,1.65,3.74,5.41,1.12,2.17,1.24,1.86,1.91,1.9,1.88,Oui,Non,Oui,Non,Non,Home,80,"[36, 45, 80]",True
3b9e6231a9039e11,coupe-du-monde,164920,10,2026-09-09T14:31:18Z,Ecuador,Argentina,0,1,5.08,4.73,1.53,2.4,1.14,1.16,1.35,3.15,1.5,2.53,Non,Non,Non,Non,Oui,Away,26,[26],True
be1d105c04887642,coupe-du-monde,164920,10,2026-09-09T14:31:18Z,South Africa,Portugal,1,1,6.35,5.04,1.42,2.76,1.09,1.14,1.37,3.04,1.61,2.29,Non,Oui,Non,Oui,Non,Home,73,"[69, 73]",True
beb43bb95d7ef8d5,coupe-du-monde,164920,10,2026-09-09T14:31:18Z,Scotland,Haiti,0,2,1.76,3.88,4.25,1.19,1.99,1.22,1.61,2.29,1.62,2.25,Non,Non,Non,Non,Oui,Away,77,"[3, 77]",True
966e7e7b8860d5de,coupe-du-monde,164920,10,2026-09-09T14:31:18Z,Senegal,Saudi Arabia,2,1,1.75,3.93,4.27,1.19,2.01,1.22,1.57,2.35,1.6,2.3,Oui,Oui,Oui,Non,Non,Home,89,"[88, 88, 89]",True
38f82e9ec7ccef62,coupe-du-monde,164920,10,2026-09-09T14:31:18Z,Curacao,Iraq,1,0,4.38,3.73,1.77,1.98,1.18,1.24,1.72,2.09,1.71,2.11,Non,Non,Oui,Non,Non,Home,49,[49],True
79ccff5a87bdc9a7,coupe-du-monde,164920,10,2026-09-09T14:31:18Z,Jordan,Canada,1,1,2.99,3.61,2.23,1.6,1.35,1.25,1.63,2.24,1.55,2.4,Non,Oui,Non,Oui,Non,Home,72,"[57, 72]",True
bb2748e187bf0e45,coupe-du-monde,164920,10,2026-09-09T14:31:18Z,Sweden,Congo DR,1,2,1.83,3.82,3.98,1.21,1.91,1.23,1.61,2.28,1.61,2.29,Oui,Oui,Non,Non,Oui,Home,90,"[88, 88, 90]",True
86937139407d0149,coupe-du-monde,164920,10,2026-09-09T14:31:18Z,Austria,Cote d'Ivoire,1,1,2.31,3.77,2.76,1.41,1.56,1.24,1.51,2.52,1.47,2.63,Non,Oui,Non,Oui,Non,Away,49,"[6, 49]",True
55f786c176368a0e,coupe-du-monde,164920,10,2026-09-09T14:31:18Z,Bosnia-Herzegovina,Uzbekistan,2,2,2.53,3.62,2.58,1.46,1.48,1.25,1.6,2.3,1.53,2.47,Oui,Oui,Non,Oui,Non,Away,72,"[21, 31, 68, 72]",True
0f197038337da8e7,coupe-du-monde,164920,10,2026-09-09T14:31:18Z,Egypt,New Zealand,1,2,1.82,3.7,4.16,1.2,1.92,1.24,1.71,2.1,1.68,2.15,Oui,Oui,Non,Non,Oui,Home,79,"[14, 15, 79]",True
301436ead30a42a7,coupe-du-monde,164920,12,2026-09-09T14:35:18Z,England,Belgium,3,1,2.07,3.84,3.15,1.32,1.7,1.23,1.5,2.55,1.48,2.61,Oui,Oui,Oui,Non,Non,Home,76,"[40, 67, 71, 76]",True
84156b046915a238,coupe-du-monde,164920,12,2026-09-09T14:35:18Z,Netherlands,Haiti,3,2,1.39,4.99,7.07,1.07,2.87,1.14,1.43,2.76,1.71,2.1,Oui,Oui,Oui,Non,Non,Home,78,"[5, 6, 35, 66, 78]",True
52e19b0fb8dc202f,coupe-du-monde,164920,12,2026-09-09T14:35:18Z,Germany,Uzbekistan,1,0,1.57,4.57,4.92,1.15,2.33,1.17,1.38,2.98,1.52,2.49,Non,Non,Oui,Non,Non,Home,13,[13],True
1267dc08bfa60925,coupe-du-monde,164920,12,2026-09-09T14:35:18Z,Turkiye,Argentina,2,3,5.16,4.75,1.52,2.43,1.13,1.16,1.34,3.16,1.5,2.53,Oui,Oui,Non,Non,Oui,Away,73,"[26, 31, 37, 62, 73]",True
4c74830126e7c343,coupe-du-monde,164920,12,2026-09-09T14:35:18Z,USA,Qatar,2,2,2.1,3.93,3.04,1.34,1.68,1.22,1.44,2.74,1.43,2.75,Oui,Oui,Non,Oui,Non,Away,86,"[41, 73, 80, 86]",True
7569ed73392409c8,coupe-du-monde,164920,12,2026-09-09T14:35:18Z,Austria,IR Iran,3,0,2.29,3.65,2.86,1.38,1.57,1.25,1.6,2.31,1.53,2.46,Oui,Non,Oui,Non,Non,Home,80,"[16, 40, 80]",True
5b5a10281cfeb13a,coupe-du-monde,164920,12,2026-09-09T14:35:18Z,Croatia,Mexico,0,2,2.44,3.7,2.63,1.44,1.51,1.24,1.55,2.42,1.49,2.56,Non,Non,Non,Non,Oui,Away,78,"[58, 78]",True
54c60ed22e63bd68,coupe-du-monde,164920,12,2026-09-09T14:35:18Z,Morocco,New Zealand,3,1,1.37,4.53,9.0,1.03,2.96,1.17,1.76,2.03,2.17,1.67,Oui,Oui,Oui,Non,Non,Home,85,"[20, 46, 58, 85]",True
6a74b727ee4f79e5,coupe-du-monde,164920,12,2026-09-09T14:35:18Z,South Africa,Ghana,1,2,2.74,3.63,2.38,1.53,1.41,1.25,1.59,2.31,1.52,2.48,Oui,Oui,Non,Non,Oui,Away,49,"[13, 46, 49]",True
f4ec8fb78bdda336,coupe-du-monde,164920,12,2026-09-09T14:35:18Z,Colombia,Australia,1,0,2.04,3.91,3.18,1.32,1.72,1.22,1.46,2.67,1.46,2.68,Non,Non,Oui,Non,Non,Home,62,[62],True
6639b466017e5f14,coupe-du-monde,164920,12,2026-09-09T14:35:18Z,Egypt,Japan,1,1,3.07,3.57,2.2,1.62,1.34,1.26,1.67,2.17,1.58,2.34,Non,Oui,Non,Oui,Non,Home,37,"[14, 37]",True
f9e31906b97e0d3b,coupe-du-monde,164920,12,2026-09-09T14:35:18Z,Senegal,Congo DR,3,0,1.76,3.88,4.3,1.19,2.0,1.22,1.61,2.27,1.63,2.24,Oui,Non,Oui,Non,Non,Home,85,"[15, 39, 85]",True
db7a3d994df2ce98,coupe-du-monde,164920,12,2026-09-09T14:35:18Z,Korea Republic,Canada,0,2,2.24,3.81,2.85,1.38,1.6,1.23,1.49,2.57,1.46,2.66,Non,Non,Non,Non,Oui,Away,74,"[51, 74]",True
a329460c5f655fd6,coupe-du-monde,164920,12,2026-09-09T14:35:18Z,Scotland,Cote d'Ivoire,2,3,2.81,3.77,2.28,1.58,1.39,1.23,1.51,2.53,1.47,2.64,Oui,Oui,Non,Non,Oui,Home,75,"[26, 39, 43, 75, 75]",True
6e5aebfd6ce88a60,coupe-du-monde,164920,12,2026-09-09T14:35:18Z,Curacao,Czechia,1,2,5.37,4.21,1.57,2.32,1.12,1.19,1.57,2.37,1.69,2.14,Oui,Oui,Non,Non,Oui,Home,83,"[25, 37, 83]",True
371f732741151b77,coupe-du-monde,164920,12,2026-09-09T14:35:18Z,Algeria,Norway,2,3,3.28,3.88,2.01,1.74,1.3,1.22,1.49,2.56,1.48,2.59,Oui,Oui,Non,Non,Oui,Away,65,"[3, 35, 57, 65, 65]",True
c86c9a3f893eac3a,coupe-du-monde,164920,12,2026-09-09T14:35:18Z,Spain,France,0,2,2.43,3.8,2.59,1.46,1.51,1.23,1.48,2.59,1.45,2.69,Non,Non,Non,Non,Oui,Away,66,"[66, 66]",True
845bd4c99b8fe298,coupe-du-monde,164920,12,2026-09-09T14:35:18Z,Ecuador,Iraq,3,2,2.11,3.72,3.15,1.32,1.67,1.24,1.57,2.37,1.52,2.48,Oui,Oui,Oui,Non,Non,Away,84,"[7, 21, 51, 73, 84]",True
71f5915cd6c063e3,coupe-du-monde,164920,12,2026-09-09T14:35:18Z,Paraguay,Saudi Arabia,3,2,2.25,3.69,2.9,1.37,1.59,1.24,1.57,2.37,1.51,2.51,Oui,Oui,Oui,Non,Non,Away,87,"[23, 32, 53, 56, 87]",True
862050b82d3560cf,coupe-du-monde,164920,12,2026-09-09T14:35:18Z,Jordan,Cabo Verde,2,1,2.79,3.44,2.43,1.51,1.4,1.28,1.75,2.05,1.62,2.25,Oui,Oui,Oui,Non,Non,Home,74,"[24, 68, 74]",True
9b24c4367697e488,coupe-du-monde,164920,12,2026-09-09T14:35:18Z,Bosnia-Herzegovina,Panama,2,1,2.32,3.49,2.92,1.37,1.56,1.27,1.72,2.09,1.61,2.28,Oui,Oui,Oui,Non,Non,Home,68,"[17, 40, 68]",True
2482851b1dbb5ad6,coupe-du-monde,164920,12,2026-09-09T14:35:18Z,Sweden,Portugal,1,3,3.87,4.17,1.78,1.97,1.22,1.2,1.42,2.83,1.47,2.64,Oui,Oui,Non,Non,Oui,Away,82,"[16, 63, 71, 82]",True
145683bdca6f1e35,coupe-du-monde,164920,12,2026-09-09T14:35:18Z,Switzerland,Uruguay,1,1,2.89,3.52,2.32,1.56,1.37,1.27,1.69,2.13,1.59,2.32,Non,Oui,Non,Oui,Non,Home,45,"[28, 45]",True
624a0bcc4d4a7c6b,coupe-du-monde,164920,12,2026-09-09T14:35:18Z,Tunisia,Brazil,2,2,4.73,4.21,1.64,2.19,1.16,1.19,1.49,2.56,1.58,2.34,Oui,Oui,Non,Oui,Non,Home,75,"[25, 42, 52, 75]",True
94893af2ad1e4316,coupe-du-monde,164920,15,2026-09-09T14:41:18Z,Panama,South Africa,1,2,2.8,3.4,2.45,1.51,1.4,1.28,1.79,2.0,1.64,2.21,Oui,Oui,Non,Non,Oui,Home,83,"[82, 82, 83]",True
bf411bee8389d9a7,coupe-du-monde,164920,15,2026-09-09T14:41:18Z,Norway,Senegal,1,1,2.51,3.71,2.55,1.47,1.48,1.24,1.53,2.45,1.48,2.59,Non,Oui,Non,Oui,Non,Away,85,"[81, 85]",True
f155eae31e2bfc6c,coupe-du-monde,164920,15,2026-09-09T14:41:18Z,Iraq,Korea Republic,3,2,3.07,3.7,2.15,1.65,1.34,1.24,1.57,2.35,1.52,2.47,Oui,Oui,Oui,Non,Non,Home,71,"[3, 11, 14, 69, 71]",True
02e73e38576458fa,coupe-du-monde,164920,15,2026-09-09T14:41:18Z,New Zealand,Switzerland,2,3,6.17,4.22,1.51,2.46,1.09,1.19,1.65,2.2,1.82,1.96,Oui,Oui,Non,Non,Oui,Away,77,"[24, 25, 32, 65, 77]",True
8cedac70c5b64e89,coupe-du-monde,164920,15,2026-09-09T14:41:18Z,Ghana,Tunisia,0,3,3.28,3.45,2.15,1.65,1.3,1.27,1.79,2.0,1.67,2.18,Oui,Non,Non,Non,Oui,Away,83,"[2, 30, 83]",True
8161b1cfd397e39a,coupe-du-monde,164920,15,2026-09-09T14:41:18Z,Mexico,Germany,2,3,2.95,3.98,2.13,1.66,1.36,1.21,1.41,2.87,1.41,2.85,Oui,Oui,Non,Non,Oui,Away,70,"[34, 41, 54, 62, 70]",True
51d9b8c1bc6e70f7,coupe-du-monde,164920,15,2026-09-09T14:41:18Z,Czechia,Jordan,2,0,2.15,3.52,3.21,1.31,1.65,1.27,1.72,2.09,1.62,2.26,Non,Non,Oui,Non,Non,Home,71,"[52, 71]",True
98ce4baf3263c745,coupe-du-monde,164920,15,2026-09-09T14:41:18Z,Uzbekistan,Sweden,1,1,3.83,3.83,1.86,1.88,1.23,1.23,1.58,2.33,1.58,2.35,Non,Oui,Non,Oui,Non,Home,57,"[48, 57]",True
1baa52b0dbd90c5d,coupe-du-monde,164920,15,2026-09-09T14:41:18Z,Portugal,Colombia,1,2,1.96,4.21,3.22,1.31,1.79,1.19,1.34,3.21,1.38,2.99,Oui,Oui,Non,Non,Oui,Away,85,"[3, 83, 85]",True
8aad8b03bbf0abc3,coupe-du-monde,164920,15,2026-09-09T14:41:18Z,Egypt,Scotland,2,2,2.25,3.59,2.97,1.36,1.59,1.26,1.64,2.23,1.56,2.39,Oui,Oui,Non,Oui,Non,Away,66,"[16, 23, 54, 66]",True
57b6c8329bce9a4f,coupe-du-monde,164920,15,2026-09-09T14:41:18Z,Japan,Netherlands,3,1,2.72,3.83,2.32,1.56,1.42,1.23,1.47,2.63,1.45,2.71,Oui,Oui,Oui,Non,Non,Away,64,"[18, 38, 39, 64]",True
d122fa7de04fe717,coupe-du-monde,164920,15,2026-09-09T14:41:18Z,France,Algeria,4,0,1.42,4.99,6.47,1.08,2.76,1.14,1.39,2.94,1.63,2.24,Oui,Non,Oui,Non,Non,Home,74,"[21, 37, 67, 74]",True
3697ebf4ec6ba439,coupe-du-monde,164920,15,2026-09-09T14:41:18Z,Cabo Verde,USA,0,0,3.27,3.83,2.03,1.73,1.3,1.23,1.52,2.5,1.5,2.55,Non,Non,Non,Oui,Non,,,[],True
d10f6ee706e68a8e,coupe-du-monde,164920,15,2026-09-09T14:41:18Z,Haiti,Ecuador,2,1,5.01,4.21,1.61,2.24,1.14,1.19,1.53,2.46,1.63,2.24,Oui,Oui,Oui,Non,Non,Home,80,"[34, 74, 80]",True
46c117a0e23d1deb,coupe-du-monde,164920,15,2026-09-09T14:41:18Z,Argentina,Saudi Arabia,2,0,1.36,5.31,7.24,1.06,3.0,1.13,1.36,3.06,1.67,2.17,Non,Non,Oui,Non,Non,Home,44,"[41, 44]",True
33316680dc0afb1a,coupe-du-monde,164920,15,2026-09-09T14:41:18Z,Austria,Morocco,1,0,4.55,3.48,1.81,1.94,1.17,1.27,1.95,1.83,1.87,1.91,Non,Non,Oui,Non,Non,Home,47,[47],True
a13227cd0ee11639,coupe-du-monde,164920,15,2026-09-09T14:41:18Z,IR Iran,Croatia,1,1,3.24,3.55,2.13,1.66,1.31,1.26,1.7,2.12,1.61,2.28,Non,Oui,Non,Oui,Non,Away,90,"[52, 90]",True
102c8711b5c14ac4,coupe-du-monde,164920,15,2026-09-09T14:41:18Z,Cote d'Ivoire,Curacao,3,1,1.5,4.44,5.93,1.1,2.49,1.18,1.53,2.47,1.7,2.12,Oui,Oui,Oui,Non,Non,Home,90,"[7, 46, 76, 90]",True
f5a2a68096a23088,coupe-du-monde,164920,15,2026-09-09T14:41:18Z,Congo DR,Qatar,2,2,3.28,3.69,2.07,1.7,1.3,1.24,1.6,2.29,1.55,2.4,Oui,Oui,Non,Oui,Non,Home,47,"[19, 20, 33, 47]",True
2050842facf0c6c3,coupe-du-monde,164920,15,2026-09-09T14:41:18Z,Canada,Australia,2,2,2.75,3.82,2.3,1.57,1.41,1.23,1.48,2.6,1.45,2.69,Oui,Oui,Non,Oui,Non,Away,87,"[28, 44, 49, 87]",True
6b05fa3c195ebe10,coupe-du-monde,164920,15,2026-09-09T14:41:18Z,Belgium,Spain,2,2,4.2,4.07,1.74,2.03,1.19,1.21,1.5,2.55,1.55,2.42,Oui,Oui,Non,Oui,Non,Home,88,"[26, 33, 74, 88]",True
52aecfe4a1c68506,coupe-du-monde,164920,15,2026-09-09T14:41:18Z,Uruguay,Turkiye,4,0,1.73,4.14,4.17,1.2,2.04,1.2,1.47,2.65,1.52,2.48,Oui,Non,Oui,Non,Non,Home,88,"[20, 45, 72, 88]",True
64c264cbda134218,coupe-du-monde,164920,15,2026-09-09T14:41:18Z,Brazil,Paraguay,4,0,1.52,4.76,5.17,1.13,2.43,1.15,1.34,3.16,1.51,2.52,Oui,Non,Oui,Non,Non,Home,62,"[3, 14, 27, 62]",True
0601e212b2ebd1b3,coupe-du-monde,164920,15,2026-09-09T14:41:18Z,England,Bosnia-Herzegovina,3,0,1.45,4.79,6.16,1.09,2.64,1.15,1.42,2.8,1.64,2.23,Oui,Non,Oui,Non,Non,Home,70,"[44, 67, 70]",True
3f767d438b0c0d0a,coupe-du-monde,164920,17,2026-09-09T14:45:18Z,Belgium,South Africa,4,0,1.56,4.34,5.26,1.13,2.33,1.18,1.5,2.54,1.63,2.24,Oui,Non,Oui,Non,Non,Home,74,"[1, 24, 53, 74]",True
7a8deea5d2f4b251,coupe-du-monde,164920,17,2026-09-09T14:45:18Z,Iraq,Saudi Arabia,2,3,2.53,3.55,2.61,1.45,1.48,1.26,1.65,2.2,1.56,2.39,Oui,Oui,Non,Non,Oui,Away,89,"[33, 35, 38, 66, 89]",True
0512d7e59cad03e3,coupe-du-monde,164920,17,2026-09-09T14:45:18Z,Argentina,Congo DR,4,0,1.32,5.62,8.07,1.05,3.25,1.11,1.35,3.15,1.71,2.11,Oui,Non,Oui,Non,Non,Home,64,"[1, 9, 52, 64]",True
1c43fc1cb4e57734,coupe-du-monde,164920,17,2026-09-09T14:45:18Z,Brazil,Canada,3,0,1.61,4.54,4.57,1.17,2.24,1.17,1.35,3.12,1.47,2.64,Oui,Non,Oui,Non,Non,Home,89,"[75, 82, 89]",True
19c9014ea5855973,coupe-du-monde,164920,17,2026-09-09T14:45:18Z,France,Tunisia,1,1,1.44,4.72,6.5,1.08,2.68,1.16,1.47,2.62,1.7,2.12,Non,Oui,Non,Oui,Non,Home,68,"[29, 68]",True
0b1e05be3560c931,coupe-du-monde,164920,17,2026-09-09T14:45:18Z,Egypt,Netherlands,2,4,3.16,3.86,2.06,1.71,1.32,1.23,1.49,2.58,1.47,2.62,Oui,Oui,Non,Non,Oui,Away,78,"[1, 7, 14, 52, 62, 78]",True
2cf2582591bde954,coupe-du-monde,164920,17,2026-09-09T14:45:18Z,Uruguay,USA,3,0,2.02,3.91,3.24,1.31,1.74,1.22,1.47,2.63,1.47,2.64,Oui,Non,Oui,Non,Non,Home,38,"[31, 36, 38]",True
e231445afc9aff92,coupe-du-monde,164920,17,2026-09-09T14:45:18Z,Panama,Sweden,0,3,4.37,3.77,1.77,1.99,1.18,1.24,1.69,2.13,1.69,2.14,Oui,Non,Non,Non,Oui,Away,74,"[20, 53, 74]",True
fdcf2852e9255591,coupe-du-monde,164920,17,2026-09-09T14:45:18Z,Uzbekistan,Senegal,1,3,4.24,3.91,1.76,2.0,1.19,1.22,1.59,2.33,1.61,2.29,Oui,Oui,Non,Non,Oui,Away,87,"[23, 38, 52, 87]",True
b9629f936acaf2df,coupe-du-monde,164920,17,2026-09-09T14:45:18Z,Ghana,Colombia,4,0,4.29,4.18,1.7,2.08,1.19,1.2,1.46,2.67,1.53,2.47,Oui,Non,Oui,Non,Non,Home,78,"[36, 43, 63, 78]",True
62c710e993f18894,coupe-du-monde,164920,17,2026-09-09T14:45:18Z,IR Iran,Bosnia-Herzegovina,3,2,1.98,3.67,3.53,1.26,1.77,1.25,1.65,2.2,1.6,2.3,Oui,Oui,Oui,Non,Non,Home,58,"[31, 36, 42, 52, 58]",True
ce74bf2bb1ec8fe3,coupe-du-monde,164920,17,2026-09-09T14:45:18Z,England,Germany,4,1,2.07,4.19,2.96,1.36,1.7,1.2,1.32,3.28,1.36,3.08,Oui,Oui,Oui,Non,Non,Away,80,"[23, 44, 62, 73, 80]",True
2b61d7c31c985361,coupe-du-monde,164920,17,2026-09-09T14:45:18Z,Portugal,Qatar,2,1,1.56,4.69,4.84,1.15,2.34,1.16,1.34,3.21,1.48,2.61,Oui,Oui,Oui,Non,Non,Home,84,"[1, 74, 84]",True
2cc46ffb781df723,coupe-du-monde,164920,17,2026-09-09T14:45:18Z,Cabo Verde,Australia,2,1,3.06,3.69,2.16,1.64,1.34,1.24,1.58,2.33,1.53,2.46,Oui,Oui,Oui,Non,Non,Away,44,"[29, 37, 44]",True
e09ba8ff8b3ee388,coupe-du-monde,164920,17,2026-09-09T14:45:18Z,Croatia,Spain,2,1,4.58,4.06,1.68,2.11,1.17,1.21,1.55,2.41,1.61,2.28,Oui,Oui,Oui,Non,Non,Home,90,"[46, 50, 90]",True
634161019221b8bc,coupe-du-monde,164920,17,2026-09-09T14:45:18Z,Czechia,Korea Republic,2,1,2.59,3.67,2.49,1.49,1.46,1.25,1.56,2.38,1.5,2.54,Oui,Oui,Oui,Non,Non,Home,70,"[7, 21, 70]",True
55780f7d196ad5d4,coupe-du-monde,164920,17,2026-09-09T14:45:18Z,Austria,Curacao,2,1,1.41,4.77,7.14,1.07,2.81,1.15,1.51,2.51,1.78,2.0,Oui,Oui,Oui,Non,Non,Home,90,"[77, 80, 90]",True
04e4ab2beb584d1f,coupe-du-monde,164920,17,2026-09-09T14:45:18Z,New Zealand,Jordan,1,0,3.26,3.47,2.15,1.65,1.3,1.27,1.77,2.02,1.65,2.2,Non,Non,Oui,Non,Non,Home,72,[72],True
2973a01f70b4a561,coupe-du-monde,164920,17,2026-09-09T14:45:18Z,Cote d'Ivoire,Ecuador,1,3,2.55,3.75,2.49,1.49,1.47,1.24,1.51,2.51,1.47,2.64,Oui,Oui,Non,Non,Oui,Away,84,"[44, 45, 80, 84]",True
89ae446c68fbd7bb,coupe-du-monde,164920,17,2026-09-09T14:45:18Z,Scotland,Morocco,2,3,6.13,4.06,1.54,2.4,1.09,1.21,1.74,2.07,1.87,1.9,Oui,Oui,Non,Non,Oui,Away,75,"[11, 35, 57, 64, 75]",True
a84680a396ff661c,coupe-du-monde,164920,17,2026-09-09T14:45:18Z,Japan,Switzerland,1,1,2.75,3.46,2.46,1.5,1.41,1.27,1.74,2.06,1.61,2.27,Non,Oui,Non,Oui,Non,Away,65,"[18, 65]",True
40ba2ead7176501a,coupe-du-monde,164920,17,2026-09-09T14:45:18Z,Mexico,Algeria,3,0,2.08,3.8,3.17,1.32,1.7,1.23,1.52,2.48,1.49,2.56,Oui,Non,Oui,Non,Non,Home,88,"[41, 60, 88]",True
4f6ef79d29a1de8f,coupe-du-monde,164920,17,2026-09-09T14:45:18Z,Norway,Paraguay,1,1,1.83,4.0,3.77,1.23,1.91,1.21,1.48,2.6,1.5,2.53,Non,Oui,Non,Oui,Non,Home,85,"[81, 85]",True
95f881c6ceee9148,coupe-du-monde,164920,17,2026-09-09T14:45:18Z,Haiti,Turkiye,0,3,4.62,4.09,1.67,2.13,1.16,1.2,1.54,2.45,1.6,2.3,Oui,Non,Non,Non,Oui,Away,84,"[63, 74, 84]",True
e46092e3ec454e40,coupe-du-monde,164920,20,2026-09-09T14:51:18Z,Canada,Ghana,0,3,2.16,3.72,3.05,1.34,1.64,1.24,1.56,2.39,1.51,2.51,Oui,Non,Non,Non,Oui,Away,61,"[26, 27, 61]",True
f56056d5caaa4214,coupe-du-monde,164920,20,2026-09-09T14:51:18Z,Senegal,Mexico,0,4,2.56,3.67,2.51,1.48,1.47,1.25,1.56,2.39,1.5,2.54,Oui,Non,Non,Non,Oui,Away,89,"[25, 39, 52, 89]",True
cba49cf5d964b1ee,coupe-du-monde,164920,20,2026-09-09T14:51:18Z,USA,New Zealand,0,5,1.61,4.31,4.82,1.15,2.23,1.19,1.47,2.65,1.57,2.37,Oui,Non,Non,Non,Oui,Away,62,"[23, 41, 47, 47, 62]",True
ccfd7c173fcbc4aa,coupe-du-monde,164920,20,2026-09-09T14:51:18Z,Korea Republic,Cote d'Ivoire,0,0,2.41,3.78,2.64,1.44,1.52,1.23,1.5,2.54,1.46,2.65,Non,Non,Non,Oui,Non,,,[],True
5c2c47c865fa1752,coupe-du-monde,164920,20,2026-09-09T14:51:18Z,Germany,Spain,1,4,4.01,4.24,1.74,2.02,1.21,1.19,1.4,2.89,1.47,2.64,Oui,Oui,Non,Non,Oui,Away,73,"[17, 31, 48, 54, 73]",True
25343b00d1a98055,coupe-du-monde,164920,20,2026-09-09T14:51:18Z,Turkiye,Japan,2,1,3.35,3.9,1.98,1.77,1.29,1.22,1.48,2.59,1.48,2.6,Oui,Oui,Oui,Non,Non,Home,57,"[42, 43, 57]",True
51a84bef5d0e5362,coupe-du-monde,164920,20,2026-09-09T14:51:18Z,South Africa,Bosnia-Herzegovina,1,0,2.72,3.51,2.46,1.5,1.42,1.27,1.69,2.14,1.58,2.34,Non,Non,Oui,Non,Non,Home,86,[86],True
9000a70a55b180d2,coupe-du-monde,164920,20,2026-09-09T14:51:18Z,Argentina,Norway,1,1,1.76,4.31,3.83,1.23,1.99,1.19,1.36,3.1,1.42,2.8,Non,Oui,Non,Oui,Non,Away,62,"[54, 62]",True
8f1dac65172d400d,coupe-du-monde,164920,20,2026-09-09T14:51:18Z,Ecuador,Egypt,0,0,2.51,3.62,2.6,1.45,1.48,1.25,1.6,2.3,1.53,2.47,Non,Non,Non,Oui,Non,,,[],True
1748a5877897dec6,coupe-du-monde,164920,20,2026-09-09T14:51:18Z,Australia,Czechia,1,0,2.48,3.61,2.64,1.44,1.5,1.25,1.61,2.28,1.53,2.46,Non,Non,Oui,Non,Non,Home,76,[76],True
24a6faa18ec6fe2d,coupe-du-monde,164920,20,2026-09-09T14:51:18Z,Sweden,England,0,4,3.94,4.04,1.79,1.96,1.22,1.21,1.48,2.59,1.52,2.49,Oui,Non,Non,Non,Oui,Away,83,"[13, 49, 65, 83]",True
cee396fe2efba301,coupe-du-monde,164920,20,2026-09-09T14:51:18Z,Jordan,Austria,2,1,3.87,3.75,1.87,1.87,1.22,1.24,1.63,2.24,1.61,2.28,Oui,Oui,Oui,Non,Non,Away,47,"[18, 29, 47]",True
5b03997973cf017c,coupe-du-monde,164920,20,2026-09-09T14:51:18Z,Paraguay,France,2,3,7.31,5.33,1.36,3.03,1.06,1.12,1.36,3.06,1.67,2.16,Oui,Oui,Non,Non,Oui,Away,84,"[1, 31, 41, 82, 84]",True
209ac2d477d26fc4,coupe-du-monde,164920,20,2026-09-09T14:51:18Z,Brazil,Iraq,2,1,1.47,4.81,5.79,1.11,2.58,1.15,1.38,2.97,1.58,2.35,Oui,Oui,Oui,Non,Non,Home,83,"[33, 41, 83]",True
d0452c8e94473429,coupe-du-monde,164920,20,2026-09-09T14:51:18Z,Tunisia,Belgium,1,1,3.67,3.6,1.96,1.78,1.25,1.25,1.72,2.1,1.65,2.21,Non,Oui,Non,Oui,Non,Home,88,"[54, 88]",True
d80aa27b671112e9,coupe-du-monde,164920,20,2026-09-09T14:51:18Z,Cabo Verde,Portugal,1,2,5.42,4.69,1.51,2.47,1.12,1.16,1.39,2.95,1.55,2.4,Oui,Oui,Non,Non,Oui,Home,52,"[39, 41, 52]",True
9465a6a9f43e724d,coupe-du-monde,164920,20,2026-09-09T14:51:18Z,Netherlands,IR Iran,2,0,2.0,3.91,3.29,1.3,1.75,1.22,1.48,2.61,1.47,2.62,Non,Non,Oui,Non,Non,Home,77,"[63, 77]",True
080a7c6521c6860f,coupe-du-monde,164920,20,2026-09-09T14:51:18Z,Congo DR,Uruguay,2,2,5.81,4.43,1.51,2.47,1.11,1.18,1.52,2.48,1.69,2.14,Oui,Oui,Non,Oui,Non,Away,63,"[12, 34, 46, 63]",True
37e205e84a3d8b44,coupe-du-monde,164920,20,2026-09-09T14:51:18Z,Curacao,Morocco,1,2,13.74,5.33,1.25,3.77,0.99,1.13,1.72,2.08,2.55,1.5,Oui,Oui,Non,Non,Oui,Home,62,"[12, 58, 62]",True
338267195aa85ccb,coupe-du-monde,164920,20,2026-09-09T14:51:18Z,Saudi Arabia,Haiti,2,2,1.96,3.69,3.58,1.26,1.78,1.24,1.64,2.22,1.59,2.31,Oui,Oui,Non,Oui,Non,Home,90,"[31, 62, 73, 90]",True
c1f95db0882d9829,coupe-du-monde,164920,20,2026-09-09T14:51:18Z,Qatar,Uzbekistan,0,2,2.14,3.74,3.08,1.33,1.66,1.24,1.55,2.41,1.51,2.51,Non,Non,Non,Non,Oui,Away,32,"[30, 32]",True
a60f96f67847b78e,coupe-du-monde,164920,20,2026-09-09T14:51:18Z,Algeria,Croatia,1,1,3.22,3.65,2.1,1.68,1.31,1.25,1.62,2.26,1.56,2.39,Non,Oui,Non,Oui,Non,Away,81,"[80, 81]",True
71b34ab1f99774a5,coupe-du-monde,164920,20,2026-09-09T14:51:18Z,Switzerland,Scotland,2,1,1.93,3.72,3.65,1.25,1.81,1.24,1.63,2.24,1.59,2.32,Oui,Oui,Oui,Non,Non,Home,73,"[24, 70, 73]",True
fbb41a0f2a823434,coupe-du-monde,164920,20,2026-09-09T14:51:18Z,Colombia,Panama,2,0,1.63,4.16,4.88,1.15,2.21,1.2,1.53,2.45,1.62,2.26,Non,Non,Oui,Non,Non,Home,40,"[24, 40]",True
6e95f6fb647f4627,coupe-du-monde,164920,22,2026-09-09T14:55:18Z,Jordan,Scotland,1,0,3.11,3.57,2.18,1.63,1.33,1.26,1.67,2.17,1.58,2.33,Non,Non,Oui,Non,Non,Home,52,[52],True
d4545305c98c4b12,coupe-du-monde,164920,22,2026-09-09T14:55:18Z,Australia,New Zealand,2,2,1.74,3.98,4.27,1.19,2.02,1.21,1.56,2.39,1.59,2.31,Oui,Oui,Non,Oui,Non,Home,74,"[14, 39, 53, 74]",True
41dcb0f7026e13ed,coupe-du-monde,164920,22,2026-09-09T14:55:18Z,Canada,France,0,4,6.38,5.08,1.42,2.78,1.09,1.14,1.36,3.1,1.6,2.3,Oui,Non,Non,Non,Oui,Away,73,"[27, 64, 65, 73]",True
8aedf6c11cc520bf,coupe-du-monde,164920,22,2026-09-09T14:55:18Z,Switzerland,Netherlands,0,0,2.54,3.66,2.54,1.47,1.47,1.25,1.57,2.36,1.51,2.52,Non,Non,Non,Oui,Non,,,[],True
6f2a7b3cd4e3d576,coupe-du-monde,164920,22,2026-09-09T14:55:18Z,Brazil,Czechia,2,1,1.71,4.31,4.13,1.2,2.07,1.19,1.39,2.93,1.47,2.64,Oui,Oui,Oui,Non,Non,Home,88,"[35, 81, 88]",True
a57c3898a414f61f,coupe-du-monde,164920,22,2026-09-09T14:55:18Z,Saudi Arabia,Cote d'Ivoire,3,2,3.32,3.72,2.04,1.72,1.29,1.24,1.58,2.33,1.54,2.43,Oui,Oui,Oui,Non,Non,Home,77,"[35, 39, 45, 56, 77]",True
c755e78f3052a0f9,coupe-du-monde,164920,22,2026-09-09T14:55:18Z,Curacao,IR Iran,3,1,6.02,4.25,1.52,2.45,1.1,1.19,1.62,2.26,1.78,2.01,Oui,Oui,Oui,Non,Non,Home,53,"[27, 28, 36, 53]",True
6630ae644e4f6d44,coupe-du-monde,164920,22,2026-09-09T14:55:18Z,Ecuador,Morocco,2,2,5.21,3.72,1.67,2.13,1.13,1.24,1.84,1.94,1.86,1.92,Oui,Oui,Non,Oui,Non,Away,85,"[31, 38, 62, 85]",True
e3e292eb89d61cea,coupe-du-monde,164920,22,2026-09-09T14:55:18Z,Portugal,Uruguay,1,3,2.32,3.9,2.68,1.43,1.56,1.22,1.43,2.78,1.42,2.82,Oui,Oui,Non,Non,Oui,Away,59,"[43, 46, 56, 59]",True
91e0b05a0d8c60cb,coupe-du-monde,164920,22,2026-09-09T14:55:18Z,Qatar,Panama,0,1,2.0,3.68,3.47,1.27,1.75,1.24,1.63,2.24,1.58,2.34,Non,Non,Non,Non,Oui,Away,79,[79],True
72258196e0f0134e,coupe-du-monde,164920,22,2026-09-09T14:55:18Z,Sweden,Bosnia-Herzegovina,2,3,1.91,3.75,3.7,1.24,1.83,1.24,1.61,2.27,1.59,2.33,Oui,Oui,Non,Non,Oui,Away,86,"[25, 33, 39, 81, 86]",True
3cccc97e16f874b2,coupe-du-monde,164920,22,2026-09-09T14:55:18Z,Tunisia,Croatia,2,2,3.52,3.48,2.05,1.72,1.27,1.27,1.79,2.0,1.68,2.15,Oui,Oui,Non,Oui,Non,Away,80,"[23, 56, 62, 80]",True
403ee6ea0eba8408,coupe-du-monde,164920,22,2026-09-09T14:55:18Z,Argentina,Uzbekistan,2,0,1.34,5.5,7.43,1.06,3.1,1.12,1.34,3.21,1.66,2.19,Non,Non,Oui,Non,Non,Home,83,"[73, 83]",True
c4b9e5f71f204e79,coupe-du-monde,164920,22,2026-09-09T14:55:18Z,Colombia,Belgium,0,3,2.68,3.81,2.36,1.54,1.43,1.23,1.48,2.6,1.45,2.7,Oui,Non,Non,Non,Oui,Away,48,"[26, 45, 48]",True
185faf0606c5fe1b,coupe-du-monde,164920,22,2026-09-09T14:55:18Z,Korea Republic,Austria,0,0,2.84,3.72,2.28,1.58,1.39,1.24,1.54,2.43,1.5,2.55,Non,Non,Non,Oui,Non,,,[],True
08cacb8d46e1ce74,coupe-du-monde,164920,22,2026-09-09T14:55:18Z,Cabo Verde,Ghana,3,2,2.42,3.6,2.71,1.42,1.52,1.25,1.62,2.26,1.54,2.44,Oui,Oui,Oui,Non,Non,Away,76,"[16, 19, 33, 65, 76]",True
999c4c70ab43948f,coupe-du-monde,164920,22,2026-09-09T14:55:18Z,Senegal,England,3,0,3.36,3.86,1.99,1.76,1.29,1.23,1.51,2.52,1.5,2.55,Oui,Non,Oui,Non,Non,Home,88,"[54, 74, 88]",True
9fb67beeaaef690b,coupe-du-monde,164920,22,2026-09-09T14:55:18Z,Algeria,Spain,1,2,6.56,4.75,1.43,2.7,1.08,1.16,1.47,2.62,1.71,2.1,Oui,Oui,Non,Non,Oui,Home,81,"[46, 68, 81]",True
3163f679ecc19247,coupe-du-monde,164920,22,2026-09-09T14:55:18Z,Iraq,Norway,0,1,3.95,3.97,1.8,1.94,1.22,1.21,1.52,2.49,1.54,2.43,Non,Non,Non,Non,Oui,Away,87,[87],True
41636169e6704663,coupe-du-monde,164920,22,2026-09-09T14:55:18Z,South Africa,Germany,2,1,5.14,4.56,1.55,2.37,1.13,1.17,1.4,2.88,1.55,2.42,Oui,Oui,Oui,Non,Non,Home,90,"[17, 28, 90]",True
56b7b3c1c81a3804,coupe-du-monde,164920,22,2026-09-09T14:55:18Z,USA,Japan,3,1,2.88,3.8,2.23,1.61,1.38,1.23,1.5,2.55,1.47,2.64,Oui,Oui,Oui,Non,Non,Home,77,"[32, 37, 58, 77]",True
f468f075af4f0f3a,coupe-du-monde,164920,22,2026-09-09T14:55:18Z,Turkiye,Egypt,2,3,2.83,3.68,2.3,1.57,1.39,1.25,1.57,2.37,1.51,2.51,Oui,Oui,Non,Non,Oui,Away,87,"[1, 35, 55, 69, 87]",True
d0a87acfede1baa1,coupe-du-monde,164920,22,2026-09-09T14:55:18Z,Congo DR,Haiti,1,1,2.17,3.52,3.18,1.32,1.64,1.27,1.72,2.09,1.62,2.26,Non,Oui,Non,Oui,Non,Away,28,"[23, 28]",True
a9071d1cae5bc5b9,coupe-du-monde,164920,22,2026-09-09T14:55:18Z,Paraguay,Mexico,2,2,3.69,3.91,1.88,1.86,1.24,1.22,1.52,2.49,1.52,2.47,Oui,Oui,Non,Oui,Non,Home,79,"[28, 34, 41, 79]",True
be526141b02dba0b,coupe-du-monde,164920,25,2026-09-09T15:01:18Z,Austria,Australia,1,2,2.21,3.73,2.95,1.36,1.62,1.24,1.54,2.43,1.5,2.55,Oui,Oui,Non,Non,Oui,Away,41,"[35, 39, 41]",True
7a2df8d8fc6a4ae3,coupe-du-monde,164920,25,2026-09-09T15:01:18Z,Cote d'Ivoire,Brazil,1,5,4.2,4.37,1.69,2.1,1.19,1.18,1.37,3.02,1.46,2.67,Oui,Oui,Non,Non,Oui,Away,74,"[17, 30, 43, 49, 70, 74]",True
24290c811f7b7de7,coupe-du-monde,164920,25,2026-09-09T15:01:18Z,Curacao,Jordan,0,3,4.17,3.64,1.83,1.91,1.2,1.25,1.75,2.04,1.71,2.1,Oui,Non,Non,Non,Oui,Away,68,"[54, 67, 68]",True
1a9e6191137c8ed6,coupe-du-monde,164920,25,2026-09-09T15:01:18Z,Morocco,Korea Republic,0,1,1.69,3.67,5.08,1.14,2.09,1.25,1.86,1.91,1.86,1.91,Non,Non,Non,Non,Oui,Away,51,[51],True
7ad25a408a9b0fa7,coupe-du-monde,164920,25,2026-09-09T15:01:18Z,Haiti,Norway,0,3,6.41,4.7,1.45,2.66,1.09,1.16,1.48,2.62,1.7,2.12,Oui,Non,Non,Non,Oui,Away,64,"[26, 44, 64]",True
4eeab31dafc28d45,coupe-du-monde,164920,25,2026-09-09T15:01:18Z,Czechia,Ghana,1,3,2.06,3.7,3.29,1.3,1.71,1.24,1.6,2.31,1.55,2.42,Oui,Oui,Non,Non,Oui,Away,58,"[7, 47, 49, 58]",True
2d7ff568763a3c5b,coupe-du-monde,164920,25,2026-09-09T15:01:18Z,England,Qatar,2,0,1.58,4.41,5.0,1.14,2.3,1.18,1.44,2.72,1.57,2.37,Non,Non,Oui,Non,Non,Home,79,"[23, 79]",True
8909c7d5b474901c,coupe-du-monde,164920,25,2026-09-09T15:01:18Z,Mexico,Argentina,3,1,4.14,4.37,1.7,2.09,1.2,1.18,1.37,3.03,1.46,2.67,Oui,Oui,Oui,Non,Non,Home,84,"[17, 24, 81, 84]",True
3aa6a0b68b16068b,coupe-du-monde,164920,25,2026-09-09T15:01:18Z,Bosnia-Herzegovina,Colombia,1,1,4.35,4.17,1.69,2.09,1.18,1.2,1.47,2.63,1.54,2.43,Non,Oui,Non,Oui,Non,Away,66,"[58, 66]",True
0b26a70115cfd1c7,coupe-du-monde,164920,25,2026-09-09T15:01:18Z,Belgium,Canada,1,0,1.81,4.03,3.83,1.23,1.93,1.21,1.47,2.63,1.5,2.54,Non,Non,Oui,Non,Non,Home,54,[54],True
dbe532d201841b88,coupe-du-monde,164920,25,2026-09-09T15:01:18Z,Switzerland,Ecuador,3,2,2.04,3.68,3.35,1.29,1.72,1.25,1.62,2.26,1.57,2.37,Oui,Oui,Oui,Non,Non,Away,88,"[32, 37, 63, 70, 88]",True
176d36dd4ace636b,coupe-du-monde,164920,25,2026-09-09T15:01:18Z,IR Iran,Algeria,2,1,2.4,3.54,2.77,1.4,1.53,1.26,1.66,2.18,1.57,2.37,Oui,Oui,Oui,Non,Non,Home,90,"[87, 88, 90]",True
e67cd772cc004db7,coupe-du-monde,164920,25,2026-09-09T15:01:18Z,Japan,Congo DR,2,1,1.65,4.06,4.79,1.15,2.16,1.21,1.58,2.35,1.65,2.21,Oui,Oui,Oui,Non,Non,Away,84,"[26, 40, 84]",True
e5ed79eb5cd79ca0,coupe-du-monde,164920,25,2026-09-09T15:01:18Z,Uzbekistan,Uruguay,0,0,5.54,4.41,1.53,2.41,1.12,1.18,1.5,2.55,1.65,2.21,Non,Non,Non,Oui,Non,,,[],True
b2db95fae309b7d8,coupe-du-monde,164920,25,2026-09-09T15:01:18Z,Germany,Tunisia,2,1,1.79,3.94,4.06,1.21,1.96,1.22,1.54,2.43,1.57,2.37,Oui,Oui,Oui,Non,Non,Home,83,"[9, 34, 83]",True
5eb9eddab7af608e,coupe-du-monde,164920,25,2026-09-09T15:01:18Z,Spain,Senegal,2,1,1.61,4.15,5.09,1.14,2.24,1.2,1.57,2.37,1.66,2.18,Oui,Oui,Oui,Non,Non,Away,46,"[21, 39, 46]",True
a52609465460174a,coupe-du-monde,164920,25,2026-09-09T15:01:18Z,Scotland,USA,1,5,3.07,3.96,2.08,1.7,1.34,1.22,1.43,2.77,1.43,2.76,Oui,Oui,Non,Non,Oui,Away,69,"[31, 32, 35, 52, 61, 69]",True
a9275bfd878bbed6,coupe-du-monde,164920,25,2026-09-09T15:01:18Z,Panama,Cabo Verde,2,0,3.11,3.46,2.22,1.61,1.33,1.27,1.76,2.04,1.64,2.22,Non,Non,Oui,Non,Non,Home,74,"[50, 74]",True
5cb939b2ebcfce6b,coupe-du-monde,164920,25,2026-09-09T15:01:18Z,France,Iraq,2,2,1.33,5.48,8.01,1.05,3.2,1.12,1.37,3.02,1.72,2.08,Oui,Oui,Non,Oui,Non,Home,77,"[41, 44, 50, 77]",True
9f52d857595bfb2f,coupe-du-monde,164920,25,2026-09-09T15:01:18Z,Croatia,Paraguay,0,0,1.92,3.76,3.65,1.25,1.82,1.24,1.6,2.29,1.58,2.35,Non,Non,Non,Oui,Non,,,[],True
43711d249f38fa86,coupe-du-monde,164920,25,2026-09-09T15:01:18Z,New Zealand,Portugal,0,2,7.73,5.41,1.34,3.12,1.05,1.12,1.37,3.02,1.71,2.11,Non,Non,Non,Non,Oui,Away,73,"[29, 73]",True
80331d98d97be8db,coupe-du-monde,164920,25,2026-09-09T15:01:18Z,South Africa,Sweden,2,2,4.02,3.78,1.83,1.91,1.21,1.23,1.64,2.22,1.63,2.24,Oui,Oui,Non,Oui,Non,Home,73,"[15, 58, 61, 73]",True
53ef1a9624c75df7,coupe-du-monde,164920,25,2026-09-09T15:01:18Z,Egypt,Saudi Arabia,2,2,2.03,3.62,3.43,1.28,1.73,1.25,1.66,2.18,1.6,2.3,Oui,Oui,Non,Oui,Non,Home,73,"[9, 14, 49, 73]",True
702547494e56f980,coupe-du-monde,164920,25,2026-09-09T15:01:18Z,Netherlands,Turkiye,1,2,1.87,4.21,3.47,1.27,1.87,1.19,1.36,3.08,1.41,2.85,Oui,Oui,Non,Non,Oui,Away,41,"[22, 32, 41]",True
3680e3901c4b57c5,coupe-du-monde,164920,27,2026-09-09T15:05:18Z,New Zealand,Ghana,0,0,3.22,3.6,2.12,1.67,1.31,1.26,1.66,2.18,1.58,2.33,Non,Non,Non,Oui,Non,,,[],True
ce89e2491dd0e635,coupe-du-monde,164920,27,2026-09-09T15:05:18Z,Belgium,Cabo Verde,3,3,1.73,3.99,4.32,1.18,2.04,1.21,1.55,2.4,1.59,2.32,Oui,Oui,Non,Oui,Non,Away,90,"[25, 37, 41, 83, 89, 90]",True
12e6ce2c66c95d3a,coupe-du-monde,164920,27,2026-09-09T15:05:18Z,Germany,Colombia,3,2,2.21,4.11,2.74,1.41,1.61,1.2,1.34,3.19,1.36,3.07,Oui,Oui,Oui,Non,Non,Home,85,"[1, 36, 59, 62, 85]",True
741711544b49e911,coupe-du-monde,164920,27,2026-09-09T15:05:18Z,Cote d'Ivoire,Norway,3,0,3.02,3.86,2.13,1.66,1.35,1.23,1.47,2.62,1.46,2.68,Oui,Non,Oui,Non,Non,Home,73,"[6, 60, 73]",True
ee17e414f23d6660,coupe-du-monde,164920,27,2026-09-09T15:05:18Z,Scotland,Australia,2,3,2.76,3.77,2.32,1.56,1.41,1.24,1.51,2.52,1.47,2.63,Oui,Oui,Non,Non,Oui,Away,78,"[36, 39, 43, 48, 78]",True
bed7afce6e384f4b,coupe-du-monde,164920,27,2026-09-09T15:05:18Z,Netherlands,USA,2,1,2.02,4.09,3.11,1.33,1.74,1.2,1.37,3.03,1.39,2.92,Oui,Oui,Oui,Non,Non,Home,90,"[25, 56, 90]",True
f337159fc4606f69,coupe-du-monde,164920,27,2026-09-09T15:05:18Z,Austria,Brazil,1,4,3.58,4.16,1.85,1.89,1.26,1.2,1.39,2.92,1.44,2.75,Oui,Oui,Non,Non,Oui,Home,83,"[7, 26, 31, 60, 83]",True
37c523ef81669f3a,coupe-du-monde,164920,27,2026-09-09T15:05:18Z,Croatia,Canada,2,0,1.97,3.79,3.48,1.27,1.78,1.23,1.57,2.37,1.54,2.43,Non,Non,Oui,Non,Non,Home,75,"[24, 75]",True
229eabe38cae0c32,coupe-du-monde,164920,27,2026-09-09T15:05:18Z,Egypt,Congo DR,2,2,1.89,3.66,3.89,1.22,1.85,1.25,1.7,2.12,1.65,2.2,Oui,Oui,Non,Oui,Non,Away,69,"[37, 43, 45, 69]",True
0c891b109b6c9a43,coupe-du-monde,164920,27,2026-09-09T15:05:18Z,South Africa,Senegal,0,2,4.36,3.91,1.74,2.02,1.18,1.22,1.6,2.3,1.62,2.25,Non,Non,Non,Non,Oui,Away,29,"[13, 29]",True
e2ca235d0784bfc8,coupe-du-monde,164920,27,2026-09-09T15:05:18Z,IR Iran,Sweden,0,4,2.75,3.5,2.44,1.51,1.41,1.27,1.7,2.12,1.59,2.32,Oui,Non,Non,Non,Oui,Away,90,"[21, 26, 51, 90]",True
583d58dede0c42ac,coupe-du-monde,164920,27,2026-09-09T15:05:18Z,Ecuador,Jordan,1,2,2.07,3.62,3.33,1.29,1.7,1.25,1.66,2.19,1.59,2.32,Oui,Oui,Non,Non,Oui,Home,69,"[42, 54, 69]",True
19110e289935dec9,coupe-du-monde,164920,27,2026-09-09T15:05:18Z,Haiti,Uzbekistan,1,1,3.36,3.67,2.04,1.72,1.29,1.25,1.63,2.25,1.57,2.36,Non,Oui,Non,Oui,Non,Home,52,"[52, 52]",True
78f1c3d5eec7c234,coupe-du-monde,164920,27,2026-09-09T15:05:18Z,Mexico,Iraq,2,3,1.9,3.81,3.7,1.24,1.84,1.23,1.58,2.34,1.56,2.38,Oui,Oui,Non,Non,Oui,Home,77,"[14, 26, 57, 75, 77]",True
4132638d2a369119,coupe-du-monde,164920,27,2026-09-09T15:05:18Z,Morocco,Saudi Arabia,1,0,1.46,4.2,7.33,1.06,2.62,1.19,1.78,2.0,2.03,1.77,Non,Non,Oui,Non,Non,Home,22,[22],True
4b772d098aa1eec0,coupe-du-monde,164920,27,2026-09-09T15:05:18Z,Spain,Paraguay,4,1,1.39,4.92,7.31,1.06,2.89,1.15,1.47,2.62,1.76,2.03,Oui,Oui,Oui,Non,Non,Away,84,"[41, 45, 59, 81, 84]",True
60c7333e8d6e535b,coupe-du-monde,164920,27,2026-09-09T15:05:18Z,Switzerland,Turkiye,0,3,1.95,3.76,3.55,1.26,1.79,1.24,1.59,2.33,1.56,2.39,Oui,Non,Non,Non,Oui,Away,90,"[62, 75, 90]",True
894910fe7d13cf26,coupe-du-monde,164920,27,2026-09-09T15:05:18Z,Algeria,Tunisia,2,1,2.5,3.48,2.68,1.43,1.49,1.27,1.71,2.1,1.6,2.3,Oui,Oui,Oui,Non,Non,Away,55,"[41, 50, 55]",True
0cbf3115f2a6388f,coupe-du-monde,164920,27,2026-09-09T15:05:18Z,England,Argentina,0,2,2.72,4.01,2.26,1.59,1.42,1.21,1.39,2.96,1.39,2.93,Non,Non,Non,Non,Oui,Away,90,"[88, 90]",True
f0fbf41ba8b90672,coupe-du-monde,164920,27,2026-09-09T15:05:18Z,Japan,Portugal,1,1,3.0,3.94,2.11,1.67,1.35,1.22,1.43,2.76,1.43,2.76,Non,Oui,Non,Oui,Non,Away,46,"[44, 46]",True
87be21f223f5bb95,coupe-du-monde,164920,27,2026-09-09T15:05:18Z,Panama,Uruguay,2,2,6.73,4.55,1.45,2.66,1.08,1.17,1.56,2.39,1.79,1.99,Oui,Oui,Non,Oui,Non,Home,69,"[18, 25, 41, 69]",True
078e0f5341222717,coupe-du-monde,164920,27,2026-09-09T15:05:18Z,Curacao,Korea Republic,0,1,5.52,4.27,1.55,2.36,1.12,1.19,1.56,2.39,1.69,2.13,Non,Non,Non,Non,Oui,Away,19,[19],True
47cc408ea1e84dd0,coupe-du-monde,164920,27,2026-09-09T15:05:18Z,France,Czechia,2,1,1.42,5.0,6.4,1.09,2.76,1.14,1.38,2.97,1.62,2.25,Oui,Oui,Oui,Non,Non,Home,83,"[4, 57, 83]",True
33f39b039cb6c378,coupe-du-monde,164920,27,2026-09-09T15:05:18Z,Bosnia-Herzegovina,Qatar,2,3,2.97,3.75,2.19,1.63,1.36,1.24,1.54,2.45,1.49,2.56,Oui,Oui,Non,Non,Oui,Away,90,"[9, 11, 60, 66, 90]",True
3e5368de83d336a9,coupe-du-monde,164920,29,2026-09-09T15:09:18Z,Croatia,Cabo Verde,1,0,1.85,3.71,4.0,1.21,1.89,1.24,1.68,2.15,1.65,2.2,Non,Non,Oui,Non,Non,Home,68,[68],True
14207a31041a2477,coupe-du-monde,164920,29,2026-09-09T15:09:18Z,IR Iran,Tunisia,2,2,2.38,3.3,2.98,1.36,1.54,1.3,1.9,1.87,1.72,2.09,Oui,Oui,Non,Oui,Non,Home,77,"[21, 27, 53, 77]",True
91b2c62cddbad2ad,coupe-du-monde,164920,29,2026-09-09T15:09:18Z,Sweden,Senegal,1,3,2.92,3.53,2.3,1.57,1.37,1.26,1.68,2.14,1.59,2.33,Oui,Oui,Non,Non,Oui,Home,88,"[30, 38, 39, 88]",True
81ea39ca9e354c9a,coupe-du-monde,164920,29,2026-09-09T15:09:18Z,Algeria,Colombia,1,0,3.26,3.86,2.02,1.73,1.3,1.23,1.5,2.54,1.49,2.58,Non,Non,Oui,Non,Non,Home,39,[39],True
72cdd1d2308c2ae9,coupe-du-monde,164920,29,2026-09-09T15:09:18Z,Belgium,Uruguay,2,2,2.95,3.71,2.22,1.61,1.36,1.24,1.55,2.4,1.5,2.53,Oui,Oui,Non,Oui,Non,Away,80,"[11, 17, 18, 80]",True
9b58c423cfdb1b74,coupe-du-monde,164920,29,2026-09-09T15:09:18Z,Morocco,Congo DR,4,1,1.41,4.39,8.26,1.05,2.81,1.18,1.77,2.02,2.1,1.71,Oui,Oui,Oui,Non,Non,Home,90,"[42, 43, 44, 48, 90]",True
bd744e0b8cb3050f,coupe-du-monde,164920,29,2026-09-09T15:09:18Z,Egypt,Portugal,2,1,4.02,4.11,1.76,1.99,1.21,1.2,1.46,2.67,1.51,2.52,Oui,Oui,Oui,Non,Non,Home,90,"[27, 28, 90]",True
9809d38b5bb188f8,coupe-du-monde,164920,29,2026-09-09T15:09:18Z,Scotland,Brazil,2,2,4.62,4.51,1.61,2.24,1.16,1.17,1.37,3.03,1.49,2.58,Oui,Oui,Non,Oui,Non,Home,86,"[32, 39, 55, 86]",True
ed27fa3b0352413d,coupe-du-monde,164920,29,2026-09-09T15:09:18Z,Ecuador,Korea Republic,0,0,2.54,3.7,2.53,1.48,1.47,1.24,1.55,2.42,1.49,2.57,Non,Non,Non,Oui,Non,,,[],True
051cf449330ec200,coupe-du-monde,164920,29,2026-09-09T15:09:18Z,Bosnia-Herzegovina,Argentina,2,4,7.82,5.64,1.32,3.22,1.05,1.11,1.33,3.25,1.68,2.16,Oui,Oui,Non,Non,Oui,Home,65,"[3, 16, 28, 51, 59, 65]",True
9d83d9378868dacc,coupe-du-monde,164920,29,2026-09-09T15:09:18Z,Netherlands,Australia,2,1,1.92,4.08,3.41,1.28,1.82,1.2,1.41,2.86,1.44,2.74,Oui,Oui,Oui,Non,Non,Away,89,"[66, 72, 89]",True
2384203e75e1e912,coupe-du-monde,164920,29,2026-09-09T15:09:18Z,Jordan,Turkiye,2,3,3.24,3.72,2.07,1.7,1.31,1.24,1.58,2.35,1.53,2.45,Oui,Oui,Non,Non,Oui,Away,79,"[23, 30, 32, 72, 79]",True
65d7d85bdebe51c4,coupe-du-monde,164920,29,2026-09-09T15:09:18Z,Switzerland,USA,1,1,2.2,3.67,3.01,1.35,1.62,1.25,1.58,2.33,1.53,2.47,Non,Oui,Non,Oui,Non,Home,37,"[17, 37]",True
536d6aca119bf88b,coupe-du-monde,164920,29,2026-09-09T15:09:18Z,Austria,Norway,3,1,2.75,3.87,2.28,1.58,1.41,1.22,1.45,2.69,1.44,2.75,Oui,Oui,Oui,Non,Non,Home,64,"[24, 52, 61, 64]",True
5fe9a78227511341,coupe-du-monde,164920,29,2026-09-09T15:09:18Z,Spain,Canada,1,1,1.37,5.13,7.33,1.06,2.96,1.13,1.41,2.84,1.71,2.1,Non,Oui,Non,Oui,Non,Away,59,"[9, 59]",True
0fba0019e2d25a13,coupe-du-monde,164920,29,2026-09-09T15:09:18Z,Mexico,Czechia,1,2,2.11,3.76,3.13,1.32,1.68,1.24,1.54,2.43,1.51,2.53,Oui,Oui,Non,Non,Oui,Away,74,"[40, 45, 74]",True
91740edbc1ba038c,coupe-du-monde,164920,29,2026-09-09T15:09:18Z,Japan,Ghana,3,2,1.71,4.06,4.36,1.18,2.06,1.21,1.52,2.47,1.58,2.35,Oui,Oui,Oui,Non,Non,Home,78,"[5, 41, 47, 57, 78]",True
1808ce0cfda0a666,coupe-du-monde,164920,29,2026-09-09T15:09:18Z,Cote d'Ivoire,Uzbekistan,0,2,2.03,3.78,3.31,1.3,1.73,1.23,1.55,2.41,1.52,2.48,Non,Non,Non,Non,Oui,Away,82,"[59, 82]",True
a1b8d88b4635b211,coupe-du-monde,164920,29,2026-09-09T15:09:18Z,England,Iraq,2,0,1.48,4.61,6.03,1.1,2.57,1.16,1.47,2.63,1.67,2.17,Non,Non,Oui,Non,Non,Home,84,"[14, 84]",True
d97aef3a3415dfab,coupe-du-monde,164920,29,2026-09-09T15:09:18Z,New Zealand,France,0,6,11.13,6.51,1.22,4.03,1.01,1.08,1.34,3.21,1.91,1.87,Oui,Non,Non,Non,Oui,Away,79,"[17, 18, 29, 48, 75, 79]",True
40614feb912df09b,coupe-du-monde,164920,29,2026-09-09T15:09:18Z,Germany,Qatar,1,1,1.7,4.36,4.15,1.2,2.09,1.18,1.38,3.0,1.46,2.66,Non,Oui,Non,Oui,Non,Away,63,"[30, 63]",True
0cad0a13c5e33be3,coupe-du-monde,164920,29,2026-09-09T15:09:18Z,Curacao,Saudi Arabia,1,4,3.87,3.71,1.88,1.86,1.22,1.24,1.66,2.18,1.63,2.24,Oui,Oui,Non,Non,Oui,Home,85,"[35, 37, 54, 82, 85]",True
3a0ea7c98d7b367b,coupe-du-monde,164920,29,2026-09-09T15:09:18Z,Panama,Haiti,1,2,2.3,3.38,3.03,1.34,1.57,1.28,1.82,1.96,1.67,2.16,Oui,Oui,Non,Non,Oui,Away,78,"[6, 59, 78]",True
eff256a7db45a4a7,coupe-du-monde,164920,29,2026-09-09T15:09:18Z,South Africa,Paraguay,3,2,3.13,3.6,2.16,1.64,1.33,1.26,1.65,2.21,1.57,2.36,Oui,Oui,Oui,Non,Non,Away,69,"[40, 45, 46, 69, 69]",True
6ad4dbdab5ba0146,coupe-du-monde,164920,30,2026-09-09T15:11:18Z,Uzbekistan,Japan,1,0,4.48,4.09,1.69,2.1,1.17,1.2,1.53,2.46,1.59,2.32,Non,Non,Oui,Non,Non,Home,70,[70],True
902cc9879c8f444a,coupe-du-monde,164920,30,2026-09-09T15:11:18Z,Paraguay,Algeria,0,2,2.85,3.62,2.31,1.56,1.38,1.25,1.61,2.28,1.54,2.45,Non,Non,Non,Non,Oui,Away,83,"[58, 83]",True
34388f075c00a750,coupe-du-monde,164920,30,2026-09-09T15:11:18Z,Portugal,Scotland,2,1,1.58,4.58,4.75,1.16,2.29,1.17,1.36,3.08,1.49,2.57,Oui,Oui,Oui,Non,Non,Home,59,"[21, 28, 59]",True
0809a7e0599b8f3c,coupe-du-monde,164920,30,2026-09-09T15:11:18Z,Ghana,Austria,1,2,3.88,3.9,1.83,1.91,1.22,1.22,1.55,2.41,1.56,2.39,Oui,Oui,Non,Non,Oui,Away,87,"[28, 37, 87]",True
4212ffe5def422ab,coupe-du-monde,164920,30,2026-09-09T15:11:18Z,Colombia,Sweden,4,2,2.28,3.79,2.8,1.4,1.58,1.23,1.5,2.55,1.47,2.64,Oui,Oui,Oui,Non,Non,Away,85,"[24, 25, 31, 76, 80, 85]",True
1b8a39eb525bb561,coupe-du-monde,164920,30,2026-09-09T15:11:18Z,Norway,Egypt,3,1,2.14,3.7,3.1,1.33,1.66,1.24,1.57,2.35,1.53,2.47,Oui,Oui,Oui,Non,Non,Home,64,"[1, 24, 51, 64]",True
a2bfc4c2ae4f707a,coupe-du-monde,164920,30,2026-09-09T15:11:18Z,New Zealand,Panama,0,3,2.79,3.43,2.44,1.51,1.4,1.28,1.76,2.04,1.62,2.25,Oui,Non,Non,Non,Oui,Away,81,"[46, 59, 81]",True
0340acbc14f4d937,coupe-du-monde,164920,30,2026-09-09T15:11:18Z,USA,Ecuador,4,0,2.29,3.85,2.75,1.41,1.57,1.23,1.46,2.66,1.44,2.73,Oui,Non,Oui,Non,Non,Home,65,"[12, 30, 53, 65]",True
0ec4fb36ca179882,coupe-du-monde,164920,30,2026-09-09T15:11:18Z,Argentina,Spain,0,1,2.83,3.94,2.21,1.62,1.39,1.22,1.42,2.8,1.42,2.82,Non,Non,Non,Non,Oui,Away,29,[29],True
c61ace57c6b38fa5,coupe-du-monde,164920,30,2026-09-09T15:11:18Z,Uruguay,England,1,2,2.71,3.82,2.33,1.55,1.42,1.23,1.47,2.62,1.45,2.71,Oui,Oui,Non,Non,Oui,Away,74,"[39, 40, 74]",True
514b4614cd03c1d9,coupe-du-monde,164920,30,2026-09-09T15:11:18Z,Senegal,Tunisia,0,3,2.04,3.49,3.54,1.26,1.73,1.27,1.78,2.01,1.68,2.16,Oui,Non,Non,Non,Oui,Away,43,"[23, 31, 43]",True
db955a051bd863e5,coupe-du-monde,164920,30,2026-09-09T15:11:18Z,Korea Republic,Jordan,3,1,1.92,3.74,3.67,1.25,1.82,1.24,1.62,2.26,1.59,2.33,Oui,Oui,Oui,Non,Non,Home,88,"[38, 43, 68, 88]",True
e0bb2f0286de9e88,coupe-du-monde,164920,30,2026-09-09T15:11:18Z,Saudi Arabia,Switzerland,1,3,4.97,4.04,1.64,2.19,1.14,1.21,1.61,2.29,1.68,2.15,Oui,Oui,Non,Non,Oui,Away,85,"[28, 29, 78, 85]",True
26095899ce64163a,coupe-du-monde,164920,30,2026-09-09T15:11:18Z,Cabo Verde,Bosnia-Herzegovina,3,2,2.44,3.58,2.7,1.42,1.51,1.26,1.64,2.23,1.55,2.41,Oui,Oui,Oui,Non,Non,Away,78,"[41, 43, 56, 57, 78]",True
8489807208c24a32,coupe-du-monde,164920,30,2026-09-09T15:11:18Z,Australia,Curacao,1,1,1.49,4.43,6.06,1.1,2.51,1.18,1.55,2.42,1.73,2.08,Non,Oui,Non,Oui,Non,Away,41,"[24, 41]",True
355242cdb180ec89,coupe-du-monde,164920,30,2026-09-09T15:11:18Z,Congo DR,Netherlands,1,1,5.25,4.55,1.54,2.39,1.13,1.17,1.42,2.82,1.57,2.37,Non,Oui,Non,Oui,Non,Away,87,"[74, 87]",True
f4a2a5376d5cbd79,coupe-du-monde,164920,30,2026-09-09T15:11:18Z,Haiti,Mexico,0,0,6.13,4.63,1.47,2.59,1.09,1.16,1.48,2.62,1.68,2.16,Non,Non,Non,Oui,Non,,,[],True
1c46bfffa4244b07,coupe-du-monde,164920,30,2026-09-09T15:11:18Z,Qatar,South Africa,1,1,2.19,3.66,3.04,1.34,1.63,1.25,1.6,2.3,1.54,2.44,Non,Oui,Non,Oui,Non,Home,36,"[32, 36]",True
9381a81921580bea,coupe-du-monde,164920,30,2026-09-09T15:11:18Z,Czechia,Belgium,1,3,3.73,3.91,1.87,1.87,1.24,1.22,1.53,2.47,1.53,2.45,Oui,Oui,Non,Non,Oui,Away,72,"[22, 55, 60, 72]",True
6f459f1803558c15,coupe-du-monde,164920,30,2026-09-09T15:11:18Z,Brazil,Morocco,1,4,3.03,3.45,2.28,1.58,1.35,1.27,1.76,2.03,1.64,2.23,Oui,Oui,Non,Non,Oui,Home,64,"[43, 44, 44, 60, 64]",True
4859ba75799522e2,coupe-du-monde,164920,30,2026-09-09T15:11:18Z,France,Cote d'Ivoire,0,0,1.47,4.82,5.78,1.11,2.58,1.15,1.38,2.98,1.58,2.35,Non,Non,Non,Oui,Non,,,[],True
1711b2e0a15bc3f3,coupe-du-monde,164920,30,2026-09-09T15:11:18Z,Turkiye,IR Iran,3,2,2.77,3.66,2.35,1.55,1.4,1.25,1.58,2.34,1.52,2.49,Oui,Oui,Oui,Non,Non,Away,70,"[43, 45, 45, 70, 70]",True
5ea4df05905764fb,coupe-du-monde,164920,30,2026-09-09T15:11:18Z,Canada,Germany,2,1,3.89,4.31,1.75,2.01,1.22,1.19,1.36,3.06,1.43,2.76,Oui,Oui,Oui,Non,Non,Home,83,"[3, 71, 83]",True
64f329d6d2dda5d4,coupe-du-monde,164920,30,2026-09-09T15:11:18Z,Iraq,Croatia,2,1,3.81,3.73,1.89,1.85,1.23,1.24,1.65,2.21,1.62,2.27,Oui,Oui,Oui,Non,Non,Home,58,"[18, 35, 58]",True
bd65622f0a861c56,coupe-du-monde,164920,32,2026-09-09T15:15:18Z,USA,Turkiye,2,0,2.11,4.01,2.96,1.36,1.67,1.21,1.4,2.91,1.41,2.87,Non,Non,Oui,Non,Non,Home,73,"[25, 73]",True
c58317a8cdd6dea1,coupe-du-monde,164920,32,2026-09-09T15:15:18Z,Norway,Morocco,3,2,3.92,3.48,1.93,1.81,1.22,1.27,1.85,1.92,1.75,2.05,Oui,Oui,Oui,Non,Non,Home,70,"[42, 43, 48, 48, 70]",True
731a1ca8a6f64a21,coupe-du-monde,164920,32,2026-09-09T15:15:18Z,Canada,Algeria,1,3,2.71,3.74,2.36,1.54,1.42,1.24,1.52,2.48,1.48,2.61,Oui,Oui,Non,Non,Oui,Away,73,"[10, 60, 67, 73]",True
73dec47fb281c6a4,coupe-du-monde,164920,32,2026-09-09T15:15:18Z,Paraguay,Tunisia,1,3,2.79,3.43,2.44,1.51,1.4,1.28,1.76,2.03,1.63,2.25,Oui,Oui,Non,Non,Oui,Away,88,"[41, 44, 60, 88]",True
bd7dcac90432a75b,coupe-du-monde,164920,32,2026-09-09T15:15:18Z,Saudi Arabia,Jordan,2,1,2.52,3.54,2.62,1.45,1.48,1.26,1.66,2.18,1.57,2.37,Oui,Oui,Oui,Non,Non,Home,57,"[17, 48, 57]",True
6698070af2304903,coupe-du-monde,164920,32,2026-09-09T15:15:18Z,Qatar,Sweden,2,0,3.03,3.76,2.15,1.65,1.34,1.24,1.53,2.45,1.5,2.55,Non,Non,Oui,Non,Non,Home,81,"[51, 81]",True
9289b094ccd86490,coupe-du-monde,164920,32,2026-09-09T15:15:18Z,Cote d'Ivoire,Mexico,1,2,2.87,3.76,2.25,1.6,1.38,1.24,1.52,2.48,1.48,2.59,Oui,Oui,Non,Non,Oui,Home,72,"[56, 60, 72]",True
d1ab8575efbc7d62,coupe-du-monde,164920,32,2026-09-09T15:15:18Z,Panama,Japan,1,3,5.18,4.04,1.61,2.23,1.13,1.21,1.64,2.23,1.72,2.09,Oui,Oui,Non,Non,Oui,Home,70,"[25, 35, 63, 70]",True
257064a613e0b1f0,coupe-du-monde,164920,32,2026-09-09T15:15:18Z,Korea Republic,IR Iran,1,0,2.6,3.55,2.54,1.47,1.45,1.26,1.66,2.19,1.56,2.38,Non,Non,Oui,Non,Non,Home,58,[58],True
4ad1852bd2112d12,coupe-du-monde,164920,32,2026-09-09T15:15:18Z,Haiti,England,0,0,9.48,5.78,1.28,3.52,1.03,1.11,1.39,2.93,1.85,1.93,Non,Non,Non,Oui,Non,,,[],True
90ff73f3b4de041d,coupe-du-monde,164920,32,2026-09-09T15:15:18Z,Iraq,Spain,0,0,8.42,5.22,1.33,3.16,1.04,1.13,1.46,2.66,1.84,1.94,Non,Non,Non,Oui,Non,,,[],True
26ef4a63b1939738,coupe-du-monde,164920,32,2026-09-09T15:15:18Z,Australia,Ecuador,1,2,2.48,3.73,2.58,1.46,1.5,1.24,1.53,2.47,1.48,2.6,Oui,Oui,Non,Non,Oui,Away,83,"[59, 61, 83]",True
dfa7d4230b97a395,coupe-du-monde,164920,32,2026-09-09T15:15:18Z,Uzbekistan,Egypt,1,1,3.6,3.67,1.96,1.78,1.26,1.25,1.65,2.2,1.61,2.29,Non,Oui,Non,Oui,Non,Away,41,"[35, 41]",True
cb0c9a3c1a68a0b1,coupe-du-monde,164920,32,2026-09-09T15:15:18Z,Colombia,Senegal,1,1,2.47,3.69,2.61,1.45,1.5,1.24,1.55,2.4,1.5,2.55,Non,Oui,Non,Oui,Non,Away,83,"[75, 83]",True
e54e7d726fa2abba,coupe-du-monde,164920,32,2026-09-09T15:15:18Z,New Zealand,Belgium,3,1,5.92,4.53,1.49,2.52,1.1,1.17,1.49,2.57,1.67,2.16,Oui,Oui,Oui,Non,Non,Away,75,"[11, 41, 69, 75]",True
08b3742a52719da3,coupe-du-monde,164920,32,2026-09-09T15:15:18Z,France,Austria,3,0,1.6,4.44,4.78,1.15,2.26,1.18,1.41,2.85,1.53,2.47,Oui,Non,Oui,Non,Non,Home,90,"[25, 67, 90]",True
db064790f7a8c09e,coupe-du-monde,164920,32,2026-09-09T15:15:18Z,Brazil,Curacao,4,1,1.22,6.53,11.17,1.01,4.04,1.08,1.34,3.21,1.91,1.87,Oui,Oui,Oui,Non,Non,Home,86,"[25, 43, 59, 76, 86]",True
a3a49bcb30c1d077,coupe-du-monde,164920,32,2026-09-09T15:15:18Z,Czechia,Croatia,2,3,3.3,3.67,2.06,1.71,1.3,1.25,1.62,2.26,1.56,2.38,Oui,Oui,Non,Non,Oui,Home,88,"[30, 31, 64, 82, 88]",True
9f8c025e9f189e4b,coupe-du-monde,164920,32,2026-09-09T15:15:18Z,Argentina,South Africa,1,0,1.35,5.39,7.62,1.06,3.1,1.12,1.37,3.03,1.7,2.12,Non,Non,Oui,Non,Non,Home,28,[28],True
fd6193fdd91bd83e,coupe-du-monde,164920,32,2026-09-09T15:15:18Z,Cabo Verde,Germany,2,1,4.38,4.32,1.67,2.14,1.18,1.18,1.41,2.85,1.5,2.55,Oui,Oui,Oui,Non,Non,Away,72,"[24, 54, 72]",True
9cf2b33fb207ada9,coupe-du-monde,164920,32,2026-09-09T15:15:18Z,Uruguay,Bosnia-Herzegovina,2,1,1.55,4.4,5.36,1.12,2.37,1.18,1.49,2.58,1.63,2.25,Oui,Oui,Oui,Non,Non,Home,90,"[33, 34, 90]",True
1541231e218fa9cd,coupe-du-monde,164920,32,2026-09-09T15:15:18Z,Portugal,Netherlands,0,5,2.08,4.22,2.92,1.37,1.69,1.19,1.31,3.36,1.35,3.13,Oui,Non,Non,Non,Oui,Away,90,"[6, 42, 51, 54, 90]",True
9579e6e74516f39a,coupe-du-monde,164920,32,2026-09-09T15:15:18Z,Congo DR,Switzerland,0,2,5.34,4.02,1.6,2.25,1.12,1.21,1.66,2.18,1.75,2.05,Non,Non,Non,Non,Oui,Away,57,"[57, 57]",True
6dc4c3b4174de548,coupe-du-monde,164920,32,2026-09-09T15:15:18Z,Ghana,Scotland,2,1,2.94,3.69,2.23,1.61,1.36,1.24,1.57,2.36,1.52,2.5,Oui,Oui,Oui,Non,Non,Home,71,"[13, 54, 71]",True
1d323447370d5e37,coupe-du-monde,164920,35,2026-09-09T15:21:18Z,Germany,Czechia,1,2,1.81,4.21,3.71,1.24,1.94,1.19,1.38,2.97,1.44,2.75,Oui,Oui,Non,Non,Oui,Home,84,"[16, 32, 84]",True
88a6d7d4aa234e28,coupe-du-monde,164920,35,2026-09-09T15:21:18Z,Ecuador,Portugal,1,3,4.19,4.38,1.69,2.1,1.2,1.18,1.37,3.03,1.46,2.67,Oui,Oui,Non,Non,Oui,Away,87,"[26, 37, 47, 87]",True
1a5bc50b395f2774,coupe-du-monde,164920,35,2026-09-09T15:21:18Z,Turkiye,Congo DR,3,0,2.06,3.78,3.23,1.31,1.71,1.23,1.54,2.43,1.51,2.51,Oui,Non,Oui,Non,Non,Home,63,"[32, 60, 63]",True
40c262d3220545d2,coupe-du-monde,164920,35,2026-09-09T15:21:18Z,South Africa,Uruguay,2,0,5.9,4.42,1.51,2.48,1.1,1.18,1.54,2.45,1.71,2.11,Non,Non,Oui,Non,Non,Home,59,"[57, 59]",True
a9ccd49c921abbb9,coupe-du-monde,164920,35,2026-09-09T15:21:18Z,Algeria,Iraq,0,3,2.16,3.59,3.14,1.32,1.65,1.26,1.65,2.2,1.58,2.35,Oui,Non,Non,Non,Oui,Away,39,"[18, 31, 39]",True
978003259c92610c,coupe-du-monde,164920,35,2026-09-09T15:21:18Z,Netherlands,Uzbekistan,1,0,1.66,4.31,4.4,1.18,2.14,1.19,1.42,2.82,1.51,2.52,Non,Non,Oui,Non,Non,Home,7,[7],True
102f067d7a653ea0,coupe-du-monde,164920,35,2026-09-09T15:21:18Z,Colombia,Qatar,2,2,1.94,3.99,3.39,1.28,1.8,1.21,1.45,2.7,1.46,2.66,Oui,Oui,Non,Oui,Non,Home,89,"[21, 48, 64, 89]",True
82e99617f0645bea,coupe-du-monde,164920,35,2026-09-09T15:21:18Z,Tunisia,Argentina,0,0,5.48,4.43,1.53,2.41,1.12,1.18,1.48,2.59,1.63,2.23,Non,Non,Non,Oui,Non,,,[],True
fd3317e2254efa5b,coupe-du-monde,164920,35,2026-09-09T15:21:18Z,Curacao,Ghana,4,1,4.17,3.74,1.81,1.94,1.2,1.24,1.68,2.15,1.66,2.18,Oui,Oui,Oui,Non,Non,Away,86,"[37, 44, 48, 82, 86]",True
50eb39938f4bc6c7,coupe-du-monde,164920,35,2026-09-09T15:21:18Z,Morocco,France,1,2,2.9,3.35,2.4,1.53,1.37,1.29,1.85,1.93,1.68,2.15,Oui,Oui,Non,Non,Oui,Away,79,"[59, 68, 79]",True
ee61d5cca1303557,coupe-du-monde,164920,35,2026-09-09T15:21:18Z,Senegal,Canada,1,1,1.99,3.76,3.42,1.28,1.76,1.24,1.57,2.35,1.54,2.43,Non,Oui,Non,Oui,Non,Home,86,"[85, 86]",True
6935953b78aecb8f,coupe-du-monde,164920,35,2026-09-09T15:21:18Z,IR Iran,Paraguay,2,3,2.21,3.55,3.06,1.34,1.61,1.26,1.68,2.15,1.59,2.32,Oui,Oui,Non,Non,Oui,Home,83,"[36, 39, 42, 57, 83]",True
7dfdbb790cccf9b2,coupe-du-monde,164920,35,2026-09-09T15:21:18Z,England,Japan,2,0,1.98,3.86,3.38,1.28,1.77,1.23,1.51,2.52,1.5,2.55,Non,Non,Oui,Non,Non,Home,34,"[23, 34]",True
64afed24e132f4f3,coupe-du-monde,164920,35,2026-09-09T15:21:18Z,USA,Saudi Arabia,0,3,1.87,4.06,3.59,1.26,1.87,1.21,1.43,2.76,1.46,2.66,Oui,Non,Non,Non,Oui,Away,77,"[68, 72, 77]",True
c4437c5701c86a5a,coupe-du-monde,164920,35,2026-09-09T15:21:18Z,Sweden,Cabo Verde,3,0,1.97,3.66,3.58,1.26,1.78,1.25,1.66,2.19,1.61,2.29,Oui,Non,Oui,Non,Non,Home,62,"[25, 50, 62]",True
928737f1d7803f87,coupe-du-monde,164920,35,2026-09-09T15:21:18Z,Switzerland,Norway,2,2,2.37,3.65,2.75,1.41,1.54,1.25,1.58,2.34,1.52,2.5,Oui,Oui,Non,Oui,Non,Home,82,"[36, 37, 65, 82]",True
3fa6e0b94a5ed760,coupe-du-monde,164920,35,2026-09-09T15:21:18Z,Croatia,Cote d'Ivoire,0,1,2.15,3.64,3.12,1.33,1.65,1.25,1.62,2.26,1.55,2.41,Non,Non,Non,Non,Oui,Away,67,[67],True
94418b281ccd2a21,coupe-du-monde,164920,35,2026-09-09T15:21:18Z,Jordan,Brazil,0,2,5.8,4.74,1.48,2.56,1.11,1.16,1.41,2.87,1.6,2.3,Non,Non,Non,Non,Oui,Away,56,"[54, 56]",True
11a73f308affc904,coupe-du-monde,164920,35,2026-09-09T15:21:18Z,Scotland,Panama,3,0,2.04,3.68,3.37,1.29,1.73,1.25,1.62,2.26,1.57,2.37,Oui,Non,Oui,Non,Non,Home,77,"[25, 64, 77]",True
59398ade88775f32,coupe-du-monde,164920,35,2026-09-09T15:21:18Z,Egypt,Mexico,3,3,2.96,3.7,2.21,1.62,1.36,1.24,1.56,2.38,1.51,2.51,Oui,Oui,Non,Oui,Non,Away,72,"[44, 45, 45, 52, 56, 72]",True
0dfcad241fea5e95,coupe-du-monde,164920,35,2026-09-09T15:21:18Z,Austria,Belgium,3,1,3.01,3.79,2.16,1.65,1.35,1.23,1.51,2.5,1.48,2.59,Oui,Oui,Oui,Non,Non,Home,81,"[29, 37, 50, 81]",True
beea95ba81df2b3b,coupe-du-monde,164920,35,2026-09-09T15:21:18Z,Spain,Haiti,4,1,1.18,7.05,14.67,0.99,4.68,1.07,1.37,3.01,2.18,1.66,Oui,Oui,Oui,Non,Non,Home,84,"[25, 31, 58, 82, 84]",True
5e110da9c65cd1d5,coupe-du-monde,164920,35,2026-09-09T15:21:18Z,Bosnia-Herzegovina,New Zealand,3,2,2.19,3.63,3.06,1.34,1.63,1.25,1.62,2.26,1.55,2.41,Oui,Oui,Oui,Non,Non,Home,59,"[26, 27, 48, 49, 59]",True
6e84868a5212ae01,coupe-du-monde,164920,35,2026-09-09T15:21:18Z,Korea Republic,Australia,0,0,2.45,3.76,2.59,1.46,1.51,1.24,1.51,2.52,1.47,2.64,Non,Non,Non,Oui,Non,,,[],True
73653e5ce53d6f32,coupe-du-monde,164920,37,2026-09-09T15:25:18Z,Bosnia-Herzegovina,Japan,2,1,4.42,3.99,1.71,2.06,1.18,1.21,1.56,2.38,1.61,2.29,Oui,Oui,Oui,Non,Non,Home,90,"[35, 77, 90]",True
c602b77a8660d6c0,coupe-du-monde,164920,37,2026-09-09T15:25:18Z,USA,Congo DR,3,1,1.81,4.03,3.87,1.22,1.94,1.21,1.48,2.6,1.51,2.51,Oui,Oui,Oui,Non,Non,Away,80,"[39, 40, 49, 80]",True
f32ac2478fb89e00,coupe-du-monde,164920,37,2026-09-09T15:25:18Z,Netherlands,Panama,6,0,1.49,4.61,5.87,1.1,2.53,1.16,1.46,2.68,1.64,2.22,Oui,Non,Oui,Non,Non,Home,88,"[20, 39, 45, 52, 82, 88]",True
7e21035b46fd2980,coupe-du-monde,164920,37,2026-09-09T15:25:18Z,Algeria,Czechia,0,3,2.64,3.66,2.46,1.5,1.44,1.25,1.58,2.35,1.51,2.51,Oui,Non,Non,Non,Oui,Away,90,"[5, 66, 90]",True
5be6d3bad4250783,coupe-du-monde,164920,37,2026-09-09T15:25:18Z,Tunisia,Iraq,2,1,2.3,3.35,3.06,1.34,1.57,1.29,1.85,1.92,1.69,2.13,Oui,Oui,Oui,Non,Non,Home,64,"[4, 54, 64]",True
12beda868634d143,coupe-du-monde,164920,37,2026-09-09T15:25:18Z,Sweden,Uruguay,2,1,3.52,3.71,1.97,1.77,1.26,1.24,1.62,2.26,1.58,2.34,Oui,Oui,Oui,Non,Non,Away,59,"[21, 51, 59]",True
aa070920232ad0e8,coupe-du-monde,164920,37,2026-09-09T15:25:18Z,Curacao,France,0,4,16.59,8.11,1.14,5.34,0.98,1.05,1.29,3.48,2.19,1.66,Oui,Non,Non,Non,Oui,Away,68,"[34, 36, 38, 68]",True
8137c4d50f79b4f4,coupe-du-monde,164920,37,2026-09-09T15:25:18Z,Paraguay,Canada,1,2,2.75,3.68,2.36,1.54,1.41,1.25,1.56,2.38,1.51,2.52,Oui,Oui,Non,Non,Oui,Away,71,"[12, 50, 71]",True
7e9d7b4e5d9b9254,coupe-du-monde,164920,37,2026-09-09T15:25:18Z,Germany,New Zealand,0,0,1.44,4.93,6.24,1.09,2.7,1.15,1.39,2.95,1.61,2.27,Non,Non,Non,Oui,Non,,,[],True
4043d15d27ea5fc0,coupe-du-monde,164920,37,2026-09-09T15:25:18Z,Jordan,Norway,0,2,4.2,4.02,1.74,2.02,1.19,1.21,1.52,2.48,1.56,2.38,Non,Non,Non,Non,Oui,Away,59,"[43, 59]",True
5e40d099ff00d7d5,coupe-du-monde,164920,37,2026-09-09T15:25:18Z,Scotland,Belgium,2,2,3.79,4.01,1.83,1.91,1.23,1.21,1.48,2.6,1.51,2.52,Oui,Oui,Non,Oui,Non,Home,87,"[9, 35, 37, 87]",True
8f680934d2f29262,coupe-du-monde,164920,37,2026-09-09T15:25:18Z,Ecuador,Ghana,2,2,2.0,3.78,3.39,1.28,1.75,1.23,1.56,2.4,1.53,2.46,Oui,Oui,Non,Oui,Non,Home,79,"[23, 34, 77, 79]",True
202588b3d515474b,coupe-du-monde,164920,37,2026-09-09T15:25:18Z,Spain,Cote d'Ivoire,2,1,1.49,4.57,5.9,1.1,2.53,1.17,1.47,2.62,1.66,2.19,Oui,Oui,Oui,Non,Non,Home,52,"[9, 38, 52]",True
6e2248586a2ea80d,coupe-du-monde,164920,37,2026-09-09T15:25:18Z,Turkiye,Portugal,2,3,4.39,4.51,1.64,2.18,1.18,1.17,1.35,3.14,1.46,2.67,Oui,Oui,Non,Non,Oui,Away,90,"[24, 25, 58, 75, 90]",True
63547bba5c5b326d,coupe-du-monde,164920,37,2026-09-09T15:25:18Z,Switzerland,Uzbekistan,2,0,1.68,3.96,4.74,1.16,2.12,1.22,1.62,2.26,1.67,2.17,Non,Non,Oui,Non,Non,Home,43,"[40, 43]",True
efb922f82f0b418c,coupe-du-monde,164920,37,2026-09-09T15:25:18Z,Egypt,England,0,4,4.47,4.19,1.67,2.12,1.17,1.2,1.48,2.61,1.55,2.4,Oui,Non,Non,Non,Oui,Away,75,"[39, 68, 73, 75]",True
85f9d2c146074fdf,coupe-du-monde,164920,37,2026-09-09T15:25:18Z,IR Iran,Qatar,1,1,2.34,3.6,2.82,1.39,1.55,1.25,1.63,2.25,1.55,2.42,Non,Oui,Non,Oui,Non,Home,26,"[6, 26]",True
2d37e2cd86116b90,coupe-du-monde,164920,37,2026-09-09T15:25:18Z,Morocco,Mexico,0,0,1.87,3.54,4.13,1.2,1.87,1.26,1.83,1.95,1.75,2.04,Non,Non,Non,Oui,Non,,,[],True
1b369ad14330945f,coupe-du-monde,164920,37,2026-09-09T15:25:18Z,Korea Republic,Brazil,0,4,3.99,4.37,1.72,2.05,1.21,1.18,1.36,3.09,1.44,2.74,Oui,Non,Non,Non,Oui,Away,89,"[26, 55, 71, 89]",True
2bbaa4f37f09792a,coupe-du-monde,164920,37,2026-09-09T15:25:18Z,Senegal,Cabo Verde,3,0,1.85,3.73,3.95,1.22,1.88,1.24,1.66,2.18,1.64,2.23,Oui,Non,Oui,Non,Non,Home,86,"[50, 79, 86]",True
2bf3905c233e4951,coupe-du-monde,164920,37,2026-09-09T15:25:18Z,Colombia,Argentina,1,1,3.66,4.28,1.81,1.94,1.25,1.19,1.35,3.13,1.41,2.84,Non,Oui,Non,Oui,Non,Away,48,"[23, 48]",True
4803534e90d69168,coupe-du-monde,164920,37,2026-09-09T15:25:18Z,Croatia,Austria,3,3,2.38,3.63,2.75,1.41,1.53,1.25,1.6,2.29,1.53,2.46,Oui,Oui,Non,Oui,Non,Home,87,"[25, 36, 42, 50, 81, 87]",True
e82f48846aff7177,coupe-du-monde,164920,37,2026-09-09T15:25:18Z,South Africa,Haiti,3,1,2.13,3.51,3.26,1.3,1.66,1.27,1.73,2.07,1.63,2.24,Oui,Oui,Oui,Non,Non,Home,80,"[30, 41, 68, 80]",True
c2f73c89b354be25,coupe-du-monde,164920,37,2026-09-09T15:25:18Z,Saudi Arabia,Australia,0,2,3.32,3.79,2.02,1.74,1.29,1.23,1.55,2.42,1.52,2.48,Non,Non,Non,Non,Oui,Away,68,"[18, 68]",True
6d9c8617d3273470,coupe-du-monde,164920,40,2026-09-09T15:31:18Z,Croatia,Morocco,0,0,4.23,3.35,1.91,1.83,1.19,1.29,2.03,1.76,1.89,1.89,Non,Non,Non,Oui,Non,,,[],True
1d742540f95f5376,coupe-du-monde,164920,40,2026-09-09T15:31:18Z,Mexico,Switzerland,4,2,2.78,3.63,2.35,1.55,1.4,1.25,1.6,2.3,1.53,2.46,Oui,Oui,Oui,Non,Non,Home,70,"[3, 29, 41, 46, 53, 70]",True
f928dd6f091ca957,coupe-du-monde,164920,40,2026-09-09T15:31:18Z,Scotland,Bosnia-Herzegovina,3,1,2.14,3.73,3.08,1.33,1.66,1.24,1.55,2.4,1.51,2.51,Oui,Oui,Oui,Non,Non,Home,85,"[24, 31, 32, 85]",True
ec84905d06fdfbdb,coupe-du-monde,164920,40,2026-09-09T15:31:18Z,Cote d'Ivoire,Algeria,2,1,2.46,3.69,2.61,1.45,1.5,1.24,1.55,2.42,1.49,2.56,Oui,Oui,Oui,Non,Non,Home,89,"[17, 55, 89]",True
70d881fd81b52edf,coupe-du-monde,164920,40,2026-09-09T15:31:18Z,New Zealand,Sweden,1,2,4.57,3.87,1.72,2.06,1.17,1.22,1.66,2.19,1.68,2.15,Oui,Oui,Non,Non,Oui,Home,84,"[50, 77, 84]",True
ce254181c86a1374,coupe-du-monde,164920,40,2026-09-09T15:31:18Z,Brazil,Australia,1,2,1.71,4.34,4.12,1.2,2.07,1.18,1.37,3.01,1.46,2.68,Oui,Oui,Non,Non,Oui,Away,86,"[60, 65, 86]",True
4278da755bb84723,coupe-du-monde,164920,40,2026-09-09T15:31:18Z,Ghana,Korea Republic,1,0,3.37,3.8,2.0,1.75,1.29,1.23,1.54,2.43,1.52,2.49,Non,Non,Oui,Non,Non,Home,84,[84],True
3b41ff9169accf51,coupe-du-monde,164920,40,2026-09-09T15:31:18Z,Austria,Germany,4,0,2.97,4.01,2.11,1.67,1.36,1.21,1.4,2.89,1.41,2.85,Oui,Non,Oui,Non,Non,Home,59,"[24, 25, 36, 59]",True
dbfc4fbd5b2f2542,coupe-du-monde,164920,40,2026-09-09T15:31:18Z,Uruguay,Colombia,3,2,2.14,3.8,3.03,1.35,1.65,1.23,1.51,2.52,1.48,2.6,Oui,Oui,Oui,Non,Non,Away,74,"[25, 27, 59, 65, 74]",True
d13e2d1e8acad915,coupe-du-monde,164920,40,2026-09-09T15:31:18Z,Panama,Ecuador,0,2,3.96,3.83,1.83,1.91,1.22,1.23,1.6,2.31,1.59,2.31,Non,Non,Non,Non,Oui,Away,62,"[20, 62]",True
0b57cd462328005a,coupe-du-monde,164920,40,2026-09-09T15:31:18Z,Uzbekistan,Turkiye,1,1,3.05,3.82,2.13,1.66,1.34,1.23,1.5,2.54,1.48,2.61,Non,Oui,Non,Oui,Non,Home,90,"[35, 90]",True
18eb67f6944c4c7c,coupe-du-monde,164920,40,2026-09-09T15:31:18Z,France,Jordan,4,0,1.31,5.53,8.73,1.04,3.32,1.12,1.4,2.88,1.8,1.98,Oui,Non,Oui,Non,Non,Home,61,"[3, 30, 42, 61]",True
2a738b3a196f37be,coupe-du-monde,164920,40,2026-09-09T15:31:18Z,England,Netherlands,1,1,2.03,4.11,3.09,1.33,1.73,1.2,1.36,3.07,1.39,2.94,Non,Oui,Non,Oui,Non,Home,69,"[57, 69]",True
adfc570294e23a7f,coupe-du-monde,164920,40,2026-09-09T15:31:18Z,Norway,USA,1,1,2.23,3.94,2.79,1.4,1.6,1.22,1.42,2.81,1.42,2.83,Non,Oui,Non,Oui,Non,Home,63,"[28, 63]",True
2c84cf5925e6c2d6,coupe-du-monde,164920,40,2026-09-09T15:31:18Z,Czechia,Senegal,1,1,3.38,3.68,2.03,1.73,1.28,1.24,1.62,2.26,1.57,2.37,Non,Oui,Non,Oui,Non,Home,83,"[68, 83]",True
0925a781b0e4a4ac,coupe-du-monde,164920,40,2026-09-09T15:31:18Z,Cabo Verde,Qatar,2,1,2.84,3.64,2.31,1.57,1.39,1.25,1.59,2.32,1.52,2.48,Oui,Oui,Oui,Non,Non,Home,88,"[25, 88, 88]",True
fbc6593f5ff987dd,coupe-du-monde,164920,40,2026-09-09T15:31:18Z,Iraq,Paraguay,2,0,2.78,3.57,2.38,1.53,1.4,1.26,1.64,2.22,1.55,2.41,Non,Non,Oui,Non,Non,Home,71,"[18, 71]",True
3fbc75fa34715ba4,coupe-du-monde,164920,40,2026-09-09T15:31:18Z,Egypt,Spain,0,2,5.8,4.43,1.51,2.47,1.11,1.18,1.52,2.49,1.69,2.14,Non,Non,Non,Non,Oui,Away,79,"[30, 79]",True
8ea1d6b8b1aed250,coupe-du-monde,164920,40,2026-09-09T15:31:18Z,Japan,South Africa,2,0,1.62,4.14,4.95,1.14,2.21,1.2,1.55,2.41,1.64,2.22,Non,Non,Oui,Non,Non,Home,55,"[23, 55]",True
f6f1c5ef948328e2,coupe-du-monde,164920,40,2026-09-09T15:31:18Z,Argentina,Canada,0,0,1.46,4.92,5.78,1.11,2.61,1.15,1.35,3.12,1.55,2.4,Non,Non,Non,Oui,Non,,,[],True
eff77f0a29bd0349,coupe-du-monde,164920,40,2026-09-09T15:31:18Z,Haiti,Tunisia,1,4,4.41,3.58,1.8,1.94,1.18,1.26,1.84,1.94,1.78,2.0,Oui,Oui,Non,Non,Oui,Home,78,"[16, 19, 33, 50, 78]",True
e9800beefadab3d7,coupe-du-monde,164920,40,2026-09-09T15:31:18Z,Portugal,Saudi Arabia,2,1,1.45,4.93,5.94,1.1,2.64,1.14,1.37,3.05,1.58,2.34,Oui,Oui,Oui,Non,Non,Home,44,"[1, 25, 44]",True
039c1b3dae7a6804,coupe-du-monde,164920,40,2026-09-09T15:31:18Z,Congo DR,IR Iran,1,1,3.86,3.66,1.89,1.84,1.23,1.25,1.69,2.13,1.65,2.21,Non,Oui,Non,Oui,Non,Away,67,"[1, 67]",True
3feab71826e10956,coupe-du-monde,164920,40,2026-09-09T15:31:18Z,Belgium,Curacao,1,0,1.33,5.19,8.47,1.04,3.16,1.13,1.48,2.6,1.86,1.91,Non,Non,Oui,Non,Non,Home,51,[51],True
412dfb2b1679b512,coupe-du-monde,164920,42,2026-09-09T15:35:18Z,Croatia,Curacao,1,1,1.41,4.66,7.37,1.06,2.8,1.16,1.57,2.36,1.85,1.92,Non,Oui,Non,Oui,Non,Away,70,"[29, 70]",True
6aedd736843491b5,coupe-du-monde,164920,42,2026-09-09T15:35:18Z,Haiti,Colombia,1,1,6.29,4.66,1.46,2.63,1.09,1.16,1.48,2.6,1.7,2.13,Non,Oui,Non,Oui,Non,Home,88,"[80, 88]",True
d4925fb7ab1d8ac2,coupe-du-monde,164920,42,2026-09-09T15:35:18Z,Uzbekistan,USA,3,2,3.86,4.09,1.8,1.95,1.23,1.2,1.45,2.7,1.49,2.57,Oui,Oui,Oui,Non,Non,Home,76,"[16, 32, 32, 65, 76]",True
426ed867471d43e1,coupe-du-monde,164920,42,2026-09-09T15:35:18Z,Egypt,South Africa,0,1,2.01,3.59,3.54,1.26,1.75,1.26,1.71,2.11,1.63,2.23,Non,Non,Non,Non,Oui,Away,87,[87],True
1deb54e3514e6eac,coupe-du-monde,164920,42,2026-09-09T15:35:18Z,Panama,Turkiye,0,3,3.73,3.82,1.89,1.85,1.24,1.23,1.58,2.35,1.57,2.37,Oui,Non,Non,Non,Oui,Away,68,"[35, 36, 68]",True
b7e7e8a0849e6561,coupe-du-monde,164920,42,2026-09-09T15:35:18Z,Uruguay,Qatar,2,0,1.7,4.14,4.34,1.18,2.08,1.2,1.48,2.59,1.55,2.42,Non,Non,Oui,Non,Non,Home,63,"[25, 63]",True
bf7c86a095abb5a9,coupe-du-monde,164920,42,2026-09-09T15:35:18Z,Bosnia-Herzegovina,Netherlands,1,3,4.73,4.41,1.61,2.24,1.16,1.18,1.41,2.83,1.53,2.47,Oui,Oui,Non,Non,Oui,Home,67,"[8, 46, 49, 67]",True
d979bfd6ecbedd8f,coupe-du-monde,164920,42,2026-09-09T15:35:18Z,Scotland,Germany,2,1,4.14,4.34,1.7,2.08,1.2,1.18,1.38,2.97,1.46,2.65,Oui,Oui,Oui,Non,Non,Home,86,"[30, 70, 86]",True
55c96d57edcd1d2f,coupe-du-monde,164920,42,2026-09-09T15:35:18Z,Belgium,Ecuador,3,2,1.99,3.79,3.4,1.28,1.76,1.23,1.55,2.4,1.53,2.47,Oui,Oui,Oui,Non,Non,Home,88,"[17, 29, 45, 71, 88]",True
dc51f9e339d87354,coupe-du-monde,164920,42,2026-09-09T15:35:18Z,Mexico,Jordan,4,0,1.79,3.81,4.2,1.19,1.96,1.23,1.64,2.22,1.64,2.22,Oui,Non,Oui,Non,Non,Home,84,"[28, 37, 41, 84]",True
5d987b585c5a3ba6,coupe-du-monde,164920,42,2026-09-09T15:35:18Z,England,Switzerland,1,1,1.97,3.76,3.48,1.27,1.77,1.24,1.58,2.33,1.55,2.41,Non,Oui,Non,Oui,Non,Away,56,"[47, 56]",True
ecb9d4aa590036ca,coupe-du-monde,164920,42,2026-09-09T15:35:18Z,Brazil,IR Iran,2,0,1.75,4.1,4.06,1.21,2.0,1.2,1.47,2.63,1.52,2.49,Non,Non,Oui,Non,Non,Home,85,"[73, 85]",True
37afe143fde01911,coupe-du-monde,164920,42,2026-09-09T15:35:18Z,New Zealand,Senegal,1,0,5.45,4.23,1.56,2.34,1.12,1.19,1.57,2.37,1.69,2.13,Non,Non,Oui,Non,Non,Home,32,[32],True
f99e0ffaf717b670,coupe-du-monde,164920,42,2026-09-09T15:35:18Z,Cabo Verde,Argentina,0,4,6.84,5.08,1.39,2.86,1.07,1.14,1.39,2.92,1.66,2.18,Oui,Non,Non,Non,Oui,Away,77,"[44, 45, 74, 77]",True
b37cc11a6af87ea5,coupe-du-monde,164920,42,2026-09-09T15:35:18Z,Norway,Australia,0,4,2.01,3.95,3.22,1.31,1.74,1.22,1.45,2.7,1.45,2.69,Oui,Non,Non,Non,Oui,Away,76,"[20, 60, 63, 76]",True
676e715cecf56c72,coupe-du-monde,164920,42,2026-09-09T15:35:18Z,Morocco,Spain,0,0,3.15,3.25,2.3,1.57,1.32,1.3,1.97,1.81,1.77,2.02,Non,Non,Non,Oui,Non,,,[],True
945d4a8d1ab62ba5,coupe-du-monde,164920,42,2026-09-09T15:35:18Z,Japan,Sweden,0,1,2.25,3.64,2.94,1.36,1.6,1.25,1.61,2.29,1.54,2.44,Non,Non,Non,Non,Oui,Away,15,[15],True
1d3249587bcd6829,coupe-du-monde,164920,42,2026-09-09T15:35:18Z,Iraq,Canada,3,2,2.83,3.64,2.31,1.56,1.39,1.25,1.59,2.31,1.53,2.47,Oui,Oui,Oui,Non,Non,Home,87,"[12, 25, 52, 68, 87]",True
bfccc9addc62bbaa,coupe-du-monde,164920,42,2026-09-09T15:35:18Z,Ghana,Saudi Arabia,2,0,2.56,3.64,2.53,1.48,1.47,1.25,1.58,2.33,1.52,2.5,Non,Non,Oui,Non,Non,Home,56,"[21, 56]",True
11baa2765f7c240a,coupe-du-monde,164920,42,2026-09-09T15:35:18Z,Austria,Algeria,1,1,2.16,3.7,3.05,1.34,1.64,1.24,1.57,2.36,1.52,2.48,Non,Oui,Non,Oui,Non,Away,72,"[68, 72]",True
df957b04934e2ab7,coupe-du-monde,164920,42,2026-09-09T15:35:18Z,France,Korea Republic,3,2,1.42,5.07,6.37,1.09,2.77,1.14,1.36,3.08,1.6,2.29,Oui,Oui,Oui,Non,Non,Home,81,"[15, 26, 47, 66, 81]",True
e3454942c8d6d5ec,coupe-du-monde,164920,42,2026-09-09T15:35:18Z,Portugal,Congo DR,3,1,1.41,5.13,6.48,1.08,2.81,1.13,1.35,3.11,1.61,2.29,Oui,Oui,Oui,Non,Non,Home,55,"[30, 42, 49, 55]",True
013e60d7b9d81c26,coupe-du-monde,164920,42,2026-09-09T15:35:18Z,Czechia,Paraguay,0,1,2.33,3.61,2.83,1.39,1.56,1.25,1.62,2.26,1.54,2.43,Non,Non,Non,Non,Oui,Away,43,[43],True
dcc143b07515ab5e,coupe-du-monde,164920,42,2026-09-09T15:35:18Z,Cote d'Ivoire,Tunisia,0,2,2.32,3.51,2.9,1.37,1.56,1.27,1.7,2.12,1.59,2.31,Non,Non,Non,Non,Oui,Away,81,"[56, 81]",True
65efe9ff36d83bda,coupe-du-monde,164920,45,2026-09-09T15:41:18Z,Tunisia,Egypt,0,1,2.93,3.39,2.36,1.54,1.36,1.28,1.8,1.98,1.66,2.19,Non,Non,Non,Non,Oui,Away,64,[64],True
cb2fff8daed3301e,coupe-du-monde,164920,45,2026-09-09T15:41:18Z,Korea Republic,Belgium,2,0,3.29,3.81,2.03,1.73,1.3,1.23,1.53,2.46,1.51,2.52,Non,Non,Oui,Non,Non,Home,90,"[44, 90]",True
4d96eb2448d0cae3,coupe-du-monde,164920,45,2026-09-09T15:41:18Z,Australia,France,3,2,6.15,4.97,1.44,2.7,1.09,1.14,1.37,3.02,1.6,2.31,Oui,Oui,Oui,Non,Non,Away,85,"[28, 38, 46, 60, 85]",True
ab1b211614137186,coupe-du-monde,164920,45,2026-09-09T15:41:18Z,Jordan,Croatia,1,3,4.25,3.69,1.81,1.94,1.19,1.24,1.73,2.08,1.7,2.12,Oui,Oui,Non,Non,Oui,Away,82,"[12, 46, 66, 82]",True
b91e23ade1f3cc72,coupe-du-monde,164920,45,2026-09-09T15:41:18Z,USA,Mexico,1,3,2.79,3.87,2.26,1.59,1.4,1.22,1.45,2.7,1.43,2.76,Oui,Oui,Non,Non,Oui,Away,87,"[7, 50, 62, 87]",True
33598221f4c093ff,coupe-du-monde,164920,45,2026-09-09T15:41:18Z,Switzerland,Spain,1,1,4.38,3.79,1.76,1.99,1.18,1.23,1.68,2.15,1.68,2.15,Non,Oui,Non,Oui,Non,Away,85,"[66, 85]",True
a00b2a6711d14990,coupe-du-monde,164920,45,2026-09-09T15:41:18Z,Algeria,Morocco,2,1,5.42,3.74,1.64,2.17,1.12,1.24,1.86,1.92,1.89,1.88,Oui,Oui,Oui,Non,Non,Home,68,"[23, 42, 68]",True
b55becb06aef37fc,coupe-du-monde,164920,45,2026-09-09T15:41:18Z,Brazil,Ghana,4,1,1.46,4.89,5.82,1.1,2.61,1.15,1.36,3.06,1.57,2.37,Oui,Oui,Oui,Non,Non,Home,67,"[25, 44, 50, 63, 67]",True
c2eaed5e1abbd8d9,coupe-du-monde,164920,45,2026-09-09T15:41:18Z,Ecuador,Bosnia-Herzegovina,1,4,2.0,3.8,3.36,1.29,1.75,1.23,1.54,2.43,1.52,2.49,Oui,Oui,Non,Non,Oui,Home,58,"[16, 39, 51, 56, 58]",True
3c585c75fb4c4b5f,coupe-du-monde,164920,45,2026-09-09T15:41:18Z,Argentina,Czechia,2,1,1.55,4.58,5.09,1.14,2.37,1.17,1.39,2.92,1.54,2.44,Oui,Oui,Oui,Non,Non,Home,62,"[36, 40, 62]",True
6e165fda3c846afb,coupe-du-monde,164920,45,2026-09-09T15:41:18Z,Saudi Arabia,Panama,1,0,2.32,3.48,2.93,1.37,1.56,1.27,1.73,2.08,1.61,2.27,Non,Non,Oui,Non,Non,Home,60,[60],True
45b09fd1720e4a66,coupe-du-monde,164920,45,2026-09-09T15:41:18Z,Sweden,Scotland,1,1,2.14,3.71,3.09,1.33,1.66,1.24,1.57,2.36,1.52,2.48,Non,Oui,Non,Oui,Non,Away,75,"[68, 75]",True
2b2fdfcec7d8d826,coupe-du-monde,164920,45,2026-09-09T15:41:18Z,South Africa,Netherlands,1,2,5.16,4.48,1.56,2.35,1.13,1.17,1.43,2.76,1.57,2.36,Oui,Oui,Non,Non,Oui,Away,80,"[7, 38, 80]",True
948928c718197f34,coupe-du-monde,164920,45,2026-09-09T15:41:18Z,Qatar,New Zealand,1,1,1.91,3.78,3.68,1.24,1.83,1.23,1.59,2.32,1.57,2.36,Non,Oui,Non,Oui,Non,Away,76,"[75, 76]",True
fbf05bc8a3446941,coupe-du-monde,164920,45,2026-09-09T15:41:18Z,Paraguay,Cote d'Ivoire,2,3,2.91,3.76,2.22,1.61,1.37,1.24,1.52,2.48,1.48,2.59,Oui,Oui,Non,Non,Oui,Away,87,"[16, 29, 34, 60, 87]",True
8528130de7cdd083,coupe-du-monde,164920,45,2026-09-09T15:41:18Z,Portugal,Norway,2,0,1.97,4.16,3.21,1.31,1.78,1.2,1.36,3.09,1.39,2.91,Non,Non,Oui,Non,Non,Home,88,"[87, 88]",True
eb6db6a876e0aa20,coupe-du-monde,164920,45,2026-09-09T15:41:18Z,Colombia,Japan,1,0,2.54,3.74,2.51,1.48,1.47,1.24,1.52,2.49,1.48,2.62,Non,Non,Oui,Non,Non,Home,59,[59],True
59aa33630862b5fc,coupe-du-monde,164920,45,2026-09-09T15:41:18Z,Canada,Haiti,1,0,1.74,3.97,4.32,1.18,2.03,1.21,1.57,2.37,1.6,2.29,Non,Non,Oui,Non,Non,Home,20,[20],True
70ea4e073111aa8f,coupe-du-monde,164920,45,2026-09-09T15:41:18Z,IR Iran,Iraq,0,0,2.15,3.54,3.19,1.31,1.65,1.26,1.7,2.12,1.61,2.29,Non,Non,Non,Oui,Non,,,[],True
094fa7fbdf01097c,coupe-du-monde,164920,45,2026-09-09T15:41:18Z,Congo DR,Uzbekistan,0,2,2.88,3.57,2.31,1.56,1.38,1.26,1.65,2.2,1.56,2.38,Non,Non,Non,Non,Oui,Away,60,"[3, 60]",True
8781e36af2113512,coupe-du-monde,164920,45,2026-09-09T15:41:18Z,Curacao,Germany,2,3,9.14,5.81,1.28,3.49,1.03,1.11,1.36,3.06,1.79,1.99,Oui,Oui,Non,Non,Oui,Away,87,"[32, 40, 54, 86, 87]",True
f7009b24b503e356,coupe-du-monde,164920,45,2026-09-09T15:41:18Z,Senegal,Austria,4,1,2.31,3.59,2.87,1.38,1.56,1.26,1.63,2.23,1.55,2.4,Oui,Oui,Oui,Non,Non,Away,64,"[36, 44, 44, 55, 64]",True
0d816724d0273ba9,coupe-du-monde,164920,45,2026-09-09T15:41:18Z,Turkiye,England,3,3,4.68,4.42,1.61,2.23,1.16,1.18,1.4,2.88,1.51,2.5,Oui,Oui,Non,Oui,Non,Home,88,"[33, 40, 44, 65, 76, 88]",True
0bfe7213aa9c3426,coupe-du-monde,164920,45,2026-09-09T15:41:18Z,Cabo Verde,Uruguay,1,1,5.09,4.18,1.6,2.25,1.14,1.2,1.55,2.41,1.65,2.2,Non,Oui,Non,Oui,Non,Home,73,"[51, 73]",True
88c1aa8717b243fc,coupe-du-monde,164920,47,2026-09-09T15:45:18Z,Colombia,Egypt,2,1,2.21,3.7,2.97,1.36,1.62,1.24,1.57,2.37,1.52,2.49,Oui,Oui,Oui,Non,Non,Away,76,"[70, 72, 76]",True
082273ca823ef447,coupe-du-monde,164920,47,2026-09-09T15:45:18Z,Senegal,Scotland,5,1,1.96,3.77,3.52,1.27,1.79,1.23,1.58,2.34,1.55,2.41,Oui,Oui,Oui,Non,Non,Home,81,"[6, 17, 34, 68, 68, 81]",True
eb1348ffbfa5de99,coupe-du-monde,164920,47,2026-09-09T15:45:18Z,Qatar,Japan,1,2,3.7,3.94,1.87,1.87,1.24,1.22,1.51,2.53,1.52,2.5,Oui,Oui,Non,Non,Oui,Away,55,"[37, 45, 55]",True
03a32badb13f07e9,coupe-du-monde,164920,47,2026-09-09T15:45:18Z,Ecuador,Germany,2,2,3.46,4.13,1.89,1.85,1.27,1.2,1.39,2.95,1.42,2.8,Oui,Oui,Non,Oui,Non,Away,65,"[22, 32, 40, 65]",True
b61b67b378d4b085,coupe-du-monde,164920,47,2026-09-09T15:45:18Z,Cabo Verde,Haiti,0,0,1.93,3.61,3.77,1.23,1.81,1.25,1.72,2.09,1.66,2.19,Non,Non,Non,Oui,Non,,,[],True
088d171da03e4f54,coupe-du-monde,164920,47,2026-09-09T15:45:18Z,Portugal,Uzbekistan,0,1,1.46,4.9,5.81,1.11,2.61,1.15,1.36,3.06,1.57,2.37,Non,Non,Non,Non,Oui,Away,85,[85],True
6bd89c2231cfe95e,coupe-du-monde,164920,47,2026-09-09T15:45:18Z,Norway,Ghana,2,2,1.68,4.2,4.44,1.18,2.12,1.19,1.47,2.64,1.54,2.43,Oui,Oui,Non,Oui,Non,Away,81,"[4, 52, 58, 81]",True
659e6498b202aab5,coupe-du-monde,164920,47,2026-09-09T15:45:18Z,Congo DR,Panama,3,1,2.48,3.43,2.73,1.41,1.49,1.28,1.76,2.04,1.62,2.25,Oui,Oui,Oui,Non,Non,Home,61,"[42, 43, 52, 61]",True
5121f8680d5b2ac6,coupe-du-monde,164920,47,2026-09-09T15:45:18Z,Australia,Mexico,3,0,2.78,3.78,2.3,1.57,1.4,1.23,1.5,2.53,1.47,2.64,Oui,Non,Oui,Non,Non,Home,66,"[42, 52, 66]",True
7d66a2ed74e30f6a,coupe-du-monde,164920,47,2026-09-09T15:45:18Z,Tunisia,Morocco,0,1,5.73,3.52,1.66,2.14,1.11,1.26,2.09,1.72,2.08,1.72,Non,Non,Non,Non,Oui,Away,89,[89],True
67689d9ecd7db67e,coupe-du-monde,164920,47,2026-09-09T15:45:18Z,Turkiye,Bosnia-Herzegovina,0,1,2.02,3.89,3.25,1.3,1.74,1.22,1.48,2.61,1.47,2.63,Non,Non,Non,Non,Oui,Away,64,[64],True
79ce58f481e45260,coupe-du-monde,164920,47,2026-09-09T15:45:18Z,Korea Republic,Croatia,2,1,3.13,3.7,2.13,1.66,1.33,1.24,1.58,2.34,1.53,2.46,Oui,Oui,Oui,Non,Non,Away,45,"[43, 45, 45]",True
045413d3390f6e94,coupe-du-monde,164920,47,2026-09-09T15:45:18Z,USA,England,0,1,3.86,4.24,1.77,1.98,1.23,1.19,1.39,2.94,1.45,2.7,Non,Non,Non,Non,Oui,Away,21,[21],True
c0ed8565bbf4a7ed,coupe-du-monde,164920,47,2026-09-09T15:45:18Z,Sweden,Netherlands,0,2,3.05,3.94,2.09,1.69,1.34,1.22,1.44,2.75,1.44,2.75,Non,Non,Non,Non,Oui,Away,57,"[29, 57]",True
676bab41f69e43c9,coupe-du-monde,164920,47,2026-09-09T15:45:18Z,Paraguay,Austria,1,2,3.32,3.74,2.04,1.72,1.29,1.24,1.57,2.36,1.53,2.45,Oui,Oui,Non,Non,Oui,Away,36,"[8, 10, 36]",True
ac9d88bbd5b327bb,coupe-du-monde,164920,47,2026-09-09T15:45:18Z,Algeria,Curacao,1,0,1.55,4.15,5.71,1.11,2.36,1.2,1.64,2.23,1.76,2.03,Non,Non,Oui,Non,Non,Home,58,[58],True
a25826cad2e6798b,coupe-du-monde,164920,47,2026-09-09T15:45:18Z,Saudi Arabia,Belgium,0,0,4.54,4.12,1.67,2.12,1.17,1.2,1.52,2.5,1.58,2.34,Non,Non,Non,Oui,Non,,,[],True
18d605a958d80fc3,coupe-du-monde,164920,47,2026-09-09T15:45:18Z,Jordan,Spain,1,3,9.63,5.53,1.29,3.45,1.03,1.12,1.46,2.67,1.93,1.85,Oui,Oui,Non,Non,Oui,Home,80,"[11, 54, 65, 80]",True
e334b337b74cad4f,coupe-du-monde,164920,47,2026-09-09T15:45:18Z,IR Iran,Uruguay,1,3,3.76,3.71,1.91,1.83,1.24,1.24,1.65,2.2,1.61,2.27,Oui,Oui,Non,Non,Oui,Away,79,"[41, 43, 51, 79]",True
8b0dd0e3be7370d5,coupe-du-monde,164920,47,2026-09-09T15:45:18Z,Argentina,New Zealand,4,1,1.27,6.0,9.2,1.03,3.56,1.1,1.33,3.23,1.77,2.02,Oui,Oui,Oui,Non,Non,Home,77,"[32, 45, 49, 66, 77]",True
7ba2a6bc95387bf6,coupe-du-monde,164920,47,2026-09-09T15:45:18Z,Brazil,France,0,2,3.22,4.26,1.94,1.8,1.31,1.19,1.32,3.31,1.37,3.03,Non,Non,Non,Non,Oui,Away,90,"[86, 90]",True
6974c226f392a66b,coupe-du-monde,164920,47,2026-09-09T15:45:18Z,Canada,Cote d'Ivoire,1,3,2.73,3.75,2.34,1.55,1.41,1.24,1.52,2.49,1.48,2.62,Oui,Oui,Non,Non,Oui,Home,70,"[33, 50, 52, 70]",True
43c0ffd8b68d285e,coupe-du-monde,164920,47,2026-09-09T15:45:18Z,Switzerland,South Africa,1,2,1.63,3.91,5.24,1.13,2.2,1.22,1.72,2.09,1.78,2.01,Oui,Oui,Non,Non,Oui,Home,90,"[86, 86, 90]",True
dbe2c295643084d0,coupe-du-monde,164920,47,2026-09-09T15:45:18Z,Iraq,Czechia,0,3,3.08,3.63,2.18,1.63,1.34,1.25,1.62,2.25,1.55,2.4,Oui,Non,Non,Non,Oui,Away,26,"[15, 25, 26]",True
fc92dbc89b710901,coupe-du-monde,164920,50,2026-09-09T15:51:18Z,Ecuador,Sweden,4,0,2.71,3.65,2.4,1.53,1.42,1.25,1.58,2.34,1.51,2.5,Oui,Non,Oui,Non,Non,Home,89,"[28, 52, 54, 89]",True
17ae3437a970507f,coupe-du-monde,164920,50,2026-09-09T15:51:18Z,Panama,Norway,0,4,5.32,4.3,1.56,2.33,1.13,1.19,1.52,2.49,1.65,2.21,Oui,Non,Non,Non,Oui,Away,64,"[31, 53, 63, 64]",True
83926edbcf57f765,coupe-du-monde,164920,50,2026-09-09T15:51:18Z,Bosnia-Herzegovina,Saudi Arabia,3,1,2.55,3.61,2.55,1.47,1.47,1.25,1.61,2.29,1.53,2.46,Oui,Oui,Oui,Non,Non,Away,61,"[29, 57, 59, 61]",True
aa245e118a36b737,coupe-du-monde,164920,50,2026-09-09T15:51:18Z,Haiti,Czechia,1,3,4.73,4.0,1.67,2.13,1.16,1.21,1.6,2.3,1.66,2.19,Oui,Oui,Non,Non,Oui,Away,67,"[27, 33, 65, 67]",True
13495aafd4caa090,coupe-du-monde,164920,50,2026-09-09T15:51:18Z,New Zealand,Uruguay,0,1,7.14,4.82,1.4,2.83,1.07,1.15,1.49,2.57,1.77,2.03,Non,Non,Non,Non,Oui,Away,50,[50],True
c092edaaf0395637,coupe-du-monde,164920,50,2026-09-09T15:51:18Z,Spain,USA,1,2,1.52,4.61,5.46,1.12,2.45,1.16,1.42,2.8,1.59,2.32,Oui,Oui,Non,Non,Oui,Away,77,"[14, 22, 77]",True
aec43114c7497991,coupe-du-monde,164920,50,2026-09-09T15:51:18Z,Egypt,Canada,1,1,2.28,3.67,2.86,1.38,1.58,1.25,1.58,2.35,1.52,2.49,Non,Oui,Non,Oui,Non,Home,45,"[44, 45]",True
e60eadd703bc2d5a,coupe-du-monde,164920,50,2026-09-09T15:51:18Z,England,Congo DR,1,0,1.4,4.95,6.88,1.07,2.83,1.14,1.43,2.77,1.69,2.13,Non,Non,Oui,Non,Non,Home,21,[21],True
43437ddb06b409e9,coupe-du-monde,164920,50,2026-09-09T15:51:18Z,Germany,Korea Republic,3,1,1.9,4.09,3.45,1.27,1.84,1.2,1.4,2.87,1.44,2.75,Oui,Oui,Oui,Non,Non,Home,88,"[17, 24, 80, 88]",True
5617916c206edbbb,coupe-du-monde,164920,50,2026-09-09T15:51:18Z,Croatia,Australia,3,1,2.17,3.74,3.01,1.35,1.64,1.24,1.55,2.42,1.5,2.53,Oui,Oui,Oui,Non,Non,Home,89,"[13, 56, 83, 89]",True
24722187f7a74b04,coupe-du-monde,164920,50,2026-09-09T15:51:18Z,Japan,Cabo Verde,5,0,1.77,3.91,4.16,1.2,1.98,1.22,1.58,2.35,1.6,2.3,Oui,Non,Oui,Non,Non,Home,75,"[44, 45, 46, 60, 75]",True
158f7acabc04575e,coupe-du-monde,164920,50,2026-09-09T15:51:18Z,Austria,Argentina,2,1,4.38,4.33,1.66,2.14,1.18,1.18,1.41,2.85,1.5,2.54,Oui,Oui,Oui,Non,Non,Away,76,"[12, 14, 76]",True
53f3f5f63bc0919d,coupe-du-monde,164920,50,2026-09-09T15:51:18Z,Netherlands,Colombia,2,1,2.31,4.01,2.64,1.44,1.56,1.21,1.37,3.01,1.38,2.97,Oui,Oui,Oui,Non,Non,Home,70,"[6, 55, 70]",True
94b2dddf72455392,coupe-du-monde,164920,50,2026-09-09T15:51:18Z,Algeria,Jordan,0,1,2.13,3.52,3.27,1.3,1.66,1.26,1.73,2.08,1.63,2.25,Non,Non,Non,Non,Oui,Away,8,[8],True
4e790fc24f91ebc9,coupe-du-monde,164920,50,2026-09-09T15:51:18Z,Curacao,Senegal,0,3,7.29,4.65,1.41,2.79,1.06,1.16,1.57,2.37,1.84,1.94,Oui,Non,Non,Non,Oui,Away,61,"[17, 42, 61]",True
8a7d99a6e9d2c0d5,coupe-du-monde,164920,50,2026-09-09T15:51:18Z,Switzerland,Tunisia,2,1,1.98,3.42,3.81,1.23,1.77,1.28,1.89,1.88,1.76,2.03,Oui,Oui,Oui,Non,Non,Away,65,"[22, 42, 65]",True
cd099f406c9e84f3,coupe-du-monde,164920,50,2026-09-09T15:51:18Z,Scotland,Qatar,1,1,2.47,3.76,2.57,1.46,1.5,1.24,1.51,2.52,1.47,2.64,Non,Oui,Non,Oui,Non,Home,62,"[46, 62]",True
06ad8d04f6d4a9da,coupe-du-monde,164920,50,2026-09-09T15:51:18Z,Uzbekistan,IR Iran,1,1,3.6,3.7,1.95,1.79,1.25,1.24,1.64,2.22,1.6,2.31,Non,Oui,Non,Oui,Non,Home,46,"[14, 46]",True
4a9fa19dfdcbf960,coupe-du-monde,164920,50,2026-09-09T15:51:18Z,Morocco,Paraguay,1,0,1.57,3.91,6.02,1.1,2.33,1.22,1.81,1.97,1.92,1.85,Non,Non,Oui,Non,Non,Home,89,[89],True
5f12963e29a58635,coupe-du-monde,164920,50,2026-09-09T15:51:18Z,Mexico,Portugal,0,3,3.38,4.22,1.9,1.84,1.28,1.19,1.35,3.13,1.4,2.9,Oui,Non,Non,Non,Oui,Away,64,"[33, 40, 64]",True
40ae4bfe3f6cd572,coupe-du-monde,164920,50,2026-09-09T15:51:18Z,Belgium,Brazil,2,2,3.02,3.99,2.09,1.69,1.35,1.21,1.41,2.85,1.42,2.82,Oui,Oui,Non,Oui,Non,Away,76,"[32, 69, 75, 76]",True
8750adbac49d933c,coupe-du-monde,164920,50,2026-09-09T15:51:18Z,South Africa,Turkiye,0,2,3.42,3.88,1.96,1.78,1.28,1.22,1.5,2.54,1.5,2.55,Non,Non,Non,Non,Oui,Away,56,"[5, 56]",True
7e802f01fc8068a1,coupe-du-monde,164920,50,2026-09-09T15:51:18Z,Cote d'Ivoire,Iraq,2,1,2.05,3.72,3.31,1.3,1.72,1.24,1.59,2.33,1.54,2.43,Oui,Oui,Oui,Non,Non,Home,45,"[38, 45, 45]",True
14626dfbd80a9791,coupe-du-monde,164920,50,2026-09-09T15:51:18Z,France,Ghana,2,1,1.3,5.71,8.63,1.04,3.37,1.11,1.36,3.08,1.76,2.04,Oui,Oui,Oui,Non,Non,Home,69,"[22, 26, 69]",True
ec10b7f017912870,coupe-du-monde,164920,53,2026-09-09T15:57:18Z,Uruguay,Austria,3,1,1.95,3.82,3.49,1.27,1.79,1.23,1.55,2.42,1.53,2.46,Oui,Oui,Oui,Non,Non,Home,84,"[6, 60, 68, 84]",True
5cdfd2d6a622c7e1,coupe-du-monde,164920,53,2026-09-09T15:57:18Z,France,Panama,4,0,1.27,5.87,9.65,1.03,3.58,1.1,1.38,2.96,1.86,1.92,Oui,Non,Oui,Non,Non,Home,88,"[29, 46, 59, 88]",True
ff67e5032c5d7ede,coupe-du-monde,164920,53,2026-09-09T15:57:18Z,Brazil,Bosnia-Herzegovina,1,1,1.47,4.9,5.76,1.11,2.6,1.15,1.35,3.11,1.55,2.4,Non,Oui,Non,Oui,Non,Away,47,"[20, 47]",True
ac9d22ffa6168da1,coupe-du-monde,164920,53,2026-09-09T15:57:18Z,Korea Republic,Sweden,2,2,2.79,3.66,2.33,1.55,1.4,1.25,1.58,2.35,1.51,2.5,Oui,Oui,Non,Oui,Non,Away,51,"[22, 28, 40, 51]",True
5ad2900dc44cf497,coupe-du-monde,164920,53,2026-09-09T15:57:18Z,Australia,Germany,2,3,3.65,4.19,1.83,1.91,1.25,1.19,1.39,2.95,1.44,2.75,Oui,Oui,Non,Non,Oui,Away,70,"[23, 27, 43, 50, 70]",True
bb8095be55180f69,coupe-du-monde,164920,53,2026-09-09T15:57:18Z,USA,Algeria,1,2,2.24,3.79,2.86,1.38,1.6,1.23,1.5,2.54,1.47,2.64,Oui,Oui,Non,Non,Oui,Home,72,"[17, 52, 72]",True
f91f2885cacf7771,coupe-du-monde,164920,53,2026-09-09T15:57:18Z,Portugal,Croatia,4,0,1.91,4.0,3.47,1.27,1.83,1.21,1.45,2.7,1.47,2.64,Oui,Non,Oui,Non,Non,Home,84,"[19, 25, 47, 84]",True
e25b87dbfffd8c49,coupe-du-monde,164920,53,2026-09-09T15:57:18Z,Turkiye,Tunisia,2,1,2.49,3.48,2.69,1.43,1.49,1.27,1.71,2.11,1.59,2.32,Oui,Oui,Oui,Non,Non,Home,79,"[2, 54, 79]",True
6cd53e86d762b23b,coupe-du-monde,164920,53,2026-09-09T15:57:18Z,Czechia,Japan,3,0,3.42,3.79,1.99,1.76,1.28,1.23,1.55,2.4,1.53,2.46,Oui,Non,Oui,Non,Non,Home,70,"[29, 32, 70]",True
93d46d33911c6707,coupe-du-monde,164920,53,2026-09-09T15:57:18Z,IR Iran,New Zealand,2,1,1.77,3.76,4.35,1.18,1.98,1.24,1.69,2.13,1.69,2.14,Oui,Oui,Oui,Non,Non,Home,81,"[5, 48, 81]",True
5f937c8b496b61a4,coupe-du-monde,164920,53,2026-09-09T15:57:18Z,Cabo Verde,Scotland,1,2,2.77,3.6,2.37,1.54,1.4,1.25,1.62,2.27,1.54,2.44,Oui,Oui,Non,Non,Oui,Away,76,"[50, 76, 76]",True
533b0fd3b106dbea,coupe-du-monde,164920,53,2026-09-09T15:57:18Z,Congo DR,Spain,1,4,9.21,5.39,1.31,3.34,1.03,1.12,1.47,2.64,1.91,1.87,Oui,Oui,Non,Non,Oui,Home,88,"[27, 41, 54, 64, 88]",True
d5a280a7cd7fca84,coupe-du-monde,164920,53,2026-09-09T15:57:18Z,Uzbekistan,Mexico,2,3,4.18,4.08,1.74,2.03,1.2,1.2,1.49,2.56,1.54,2.43,Oui,Oui,Non,Non,Oui,Away,90,"[1, 8, 52, 55, 90]",True
24bb321ded5bda15,coupe-du-monde,164920,53,2026-09-09T15:57:18Z,Senegal,Jordan,3,2,1.79,3.76,4.23,1.19,1.95,1.24,1.68,2.15,1.67,2.17,Oui,Oui,Oui,Non,Non,Home,82,"[39, 40, 46, 76, 82]",True
6c10a28510f3fd7e,coupe-du-monde,164920,53,2026-09-09T15:57:18Z,Colombia,Ecuador,0,2,2.15,3.86,2.98,1.35,1.65,1.23,1.47,2.62,1.46,2.68,Non,Non,Non,Non,Oui,Away,89,"[82, 89]",True
5a65772488b55c0e,coupe-du-monde,164920,53,2026-09-09T15:57:18Z,Qatar,Curacao,1,2,1.6,4.17,5.16,1.13,2.26,1.2,1.56,2.38,1.66,2.18,Oui,Oui,Non,Non,Oui,Away,89,"[37, 40, 89]",True
e614219d030ba837,coupe-du-monde,164920,53,2026-09-09T15:57:18Z,Iraq,Egypt,1,1,3.24,3.58,2.12,1.67,1.31,1.26,1.68,2.15,1.6,2.3,Non,Oui,Non,Oui,Non,Home,90,"[60, 90]",True
19d68b8613d7e083,coupe-du-monde,164920,53,2026-09-09T15:57:18Z,Paraguay,Switzerland,0,1,4.0,3.78,1.83,1.91,1.21,1.23,1.63,2.23,1.62,2.26,Non,Non,Non,Non,Oui,Away,63,[63],True
20c978a871ca6e48,coupe-du-monde,164920,53,2026-09-09T15:57:18Z,Saudi Arabia,South Africa,0,3,2.41,3.58,2.73,1.42,1.52,1.26,1.63,2.24,1.55,2.42,Oui,Non,Non,Non,Oui,Away,62,"[28, 56, 62]",True
519237cc28f205cd,coupe-du-monde,164920,53,2026-09-09T15:57:18Z,Argentina,Morocco,0,2,2.58,3.45,2.62,1.45,1.46,1.27,1.74,2.06,1.61,2.27,Non,Non,Non,Non,Oui,Away,33,"[16, 33]",True
7cb09d79a2cfb50c,coupe-du-monde,164920,53,2026-09-09T15:57:18Z,Ghana,Belgium,3,1,4.6,4.18,1.66,2.15,1.16,1.2,1.49,2.56,1.57,2.35,Oui,Oui,Oui,Non,Non,Away,88,"[35, 59, 73, 88]",True
11b25e58dbb70f8d,coupe-du-monde,164920,53,2026-09-09T15:57:18Z,Canada,Netherlands,1,3,3.84,4.18,1.78,1.96,1.23,1.2,1.41,2.84,1.47,2.65,Oui,Oui,Non,Non,Oui,Away,58,"[20, 40, 54, 58]",True
244ef612a9c821d6,coupe-du-monde,164920,53,2026-09-09T15:57:18Z,Norway,England,2,1,3.22,4.01,2.0,1.75,1.31,1.21,1.42,2.82,1.43,2.77,Oui,Oui,Oui,Non,Non,Home,76,"[21, 54, 76]",True
aebf58e29347eb64,coupe-du-monde,164920,53,2026-09-09T15:57:18Z,Haiti,Cote d'Ivoire,0,4,4.85,4.08,1.64,2.18,1.15,1.2,1.57,2.37,1.64,2.22,Oui,Non,Non,Non,Oui,Away,90,"[20, 21, 71, 90]",True
d156c5447c5e1865,coupe-du-monde,164920,55,2026-09-09T16:01:18Z,Haiti,Austria,0,3,5.49,4.29,1.55,2.36,1.12,1.19,1.54,2.42,1.68,2.16,Oui,Non,Non,Non,Oui,Away,52,"[20, 47, 52]",True
047a8b71145187d4,coupe-du-monde,164920,55,2026-09-09T16:01:18Z,Saudi Arabia,Sweden,0,1,3.62,3.83,1.91,1.83,1.25,1.23,1.55,2.4,1.54,2.43,Non,Non,Non,Non,Oui,Away,58,[58],True
72a17286c820e307,coupe-du-monde,164920,55,2026-09-09T16:01:18Z,Norway,Bosnia-Herzegovina,2,2,1.67,4.24,4.4,1.18,2.12,1.19,1.44,2.72,1.52,2.47,Oui,Oui,Non,Oui,Non,Home,74,"[22, 44, 67, 74]",True
8f279d77c90e5f3d,coupe-du-monde,164920,55,2026-09-09T16:01:18Z,Portugal,Spain,2,3,3.6,4.12,1.85,1.88,1.25,1.2,1.41,2.86,1.45,2.71,Oui,Oui,Non,Non,Oui,Away,86,"[24, 31, 62, 69, 86]",True
0d005f2672c8ef1a,coupe-du-monde,164920,55,2026-09-09T16:01:18Z,France,Belgium,0,0,1.76,4.16,3.98,1.21,2.0,1.2,1.43,2.76,1.49,2.58,Non,Non,Non,Oui,Non,,,[],True
fb3ef171ec3ab456,coupe-du-monde,164920,55,2026-09-09T16:01:18Z,Qatar,Ecuador,1,1,2.9,3.76,2.23,1.61,1.37,1.24,1.52,2.48,1.48,2.59,Non,Oui,Non,Oui,Non,Away,23,"[15, 23]",True
950797b81cabf6b8,coupe-du-monde,164920,55,2026-09-09T16:01:18Z,Argentina,Curacao,3,1,1.17,7.41,14.25,0.99,4.78,1.06,1.31,3.35,2.07,1.73,Oui,Oui,Oui,Non,Non,Home,77,"[19, 38, 41, 77]",True
28ca7aa6bff483fd,coupe-du-monde,164920,55,2026-09-09T16:01:18Z,New Zealand,Japan,1,2,5.59,4.24,1.55,2.36,1.11,1.19,1.58,2.34,1.71,2.1,Oui,Oui,Non,Non,Oui,Away,28,"[26, 27, 28]",True
7ed7edbd2c021a63,coupe-du-monde,164920,55,2026-09-09T16:01:18Z,Congo DR,South Africa,0,1,2.52,3.5,2.65,1.44,1.48,1.27,1.69,2.13,1.59,2.33,Non,Non,Non,Non,Oui,Away,43,[43],True
4166c5fb62a427d3,coupe-du-monde,164920,55,2026-09-09T16:01:18Z,Canada,Switzerland,1,3,3.66,3.74,1.92,1.82,1.25,1.24,1.61,2.27,1.58,2.33,Oui,Oui,Non,Non,Oui,Away,82,"[25, 44, 80, 82]",True
7231ebc4b242f50e,coupe-du-monde,164920,55,2026-09-09T16:01:18Z,Czechia,Egypt,1,3,2.84,3.57,2.34,1.55,1.39,1.26,1.65,2.21,1.56,2.38,Oui,Oui,Non,Non,Oui,Away,68,"[10, 34, 43, 68]",True
e314f3573fad50a9,coupe-du-monde,164920,55,2026-09-09T16:01:18Z,Panama,Mexico,0,2,4.97,4.12,1.62,2.21,1.14,1.2,1.56,2.38,1.65,2.21,Non,Non,Non,Non,Oui,Away,90,"[56, 90]",True
29f3ef6f73799c49,coupe-du-monde,164920,55,2026-09-09T16:01:18Z,IR Iran,Cote d'Ivoire,0,0,2.55,3.64,2.54,1.47,1.47,1.25,1.59,2.32,1.52,2.49,Non,Non,Non,Oui,Non,,,[],True
a26714c64d61d3fe,coupe-du-monde,164920,55,2026-09-09T16:01:18Z,Brazil,Germany,2,2,2.12,4.23,2.85,1.39,1.67,1.19,1.3,3.44,1.34,3.2,Oui,Oui,Non,Oui,Non,Away,89,"[21, 33, 78, 89]",True
73d2e2f00ef0e3ff,coupe-du-monde,164920,55,2026-09-09T16:01:18Z,Iraq,Morocco,1,4,7.42,4.15,1.46,2.61,1.06,1.2,1.82,1.95,2.07,1.74,Oui,Oui,Non,Non,Oui,Home,82,"[29, 44, 48, 62, 82]",True
6181d564d6f7de68,coupe-du-monde,164920,55,2026-09-09T16:01:18Z,Colombia,Turkiye,3,2,2.02,4.0,3.17,1.32,1.74,1.21,1.42,2.82,1.43,2.77,Oui,Oui,Oui,Non,Non,Away,85,"[14, 42, 52, 80, 85]",True
c1d02be2215cd0a1,coupe-du-monde,164920,55,2026-09-09T16:01:18Z,Ghana,Croatia,0,3,4.24,3.91,1.76,1.99,1.19,1.22,1.59,2.33,1.61,2.29,Oui,Non,Non,Non,Oui,Away,42,"[19, 27, 42]",True
523de705e16b9567,coupe-du-monde,164920,55,2026-09-09T16:01:18Z,Uruguay,Scotland,1,1,1.67,4.16,4.56,1.17,2.13,1.2,1.5,2.54,1.57,2.36,Non,Oui,Non,Oui,Non,Home,86,"[59, 86]",True
026ec2e5db3d372b,coupe-du-monde,164920,55,2026-09-09T16:01:18Z,USA,Tunisia,2,1,2.19,3.57,3.1,1.33,1.63,1.26,1.67,2.17,1.58,2.34,Oui,Oui,Oui,Non,Non,Away,28,"[16, 24, 28]",True
3453f09721c3bdf3,coupe-du-monde,164920,55,2026-09-09T16:01:18Z,Uzbekistan,England,0,3,6.5,5.01,1.42,2.78,1.08,1.14,1.39,2.94,1.64,2.23,Oui,Non,Non,Non,Oui,Away,59,"[27, 35, 59]",True
296281c0dd7134b6,coupe-du-monde,164920,55,2026-09-09T16:01:18Z,Australia,Algeria,2,2,2.48,3.66,2.61,1.45,1.49,1.25,1.57,2.36,1.51,2.51,Oui,Oui,Non,Oui,Non,Home,86,"[43, 51, 62, 86]",True
7dab2adb617a4751,coupe-du-monde,164920,55,2026-09-09T16:01:18Z,Korea Republic,Senegal,0,0,3.04,3.68,2.18,1.64,1.34,1.25,1.59,2.33,1.53,2.46,Non,Non,Non,Oui,Non,,,[],True
e8067d64ab703c63,coupe-du-monde,164920,55,2026-09-09T16:01:18Z,Cabo Verde,Netherlands,0,1,4.33,4.19,1.69,2.09,1.18,1.19,1.46,2.67,1.53,2.46,Non,Non,Non,Non,Oui,Away,31,[31],True
c8ae58e9aff7f858,coupe-du-monde,164920,55,2026-09-09T16:01:18Z,Paraguay,Jordan,2,2,2.35,3.56,2.83,1.39,1.55,1.26,1.65,2.2,1.56,2.38,Oui,Oui,Non,Oui,Non,Away,83,"[16, 32, 67, 83]",True
0e6a664f59406024,coupe-du-monde,164920,57,2026-09-09T16:05:18Z,Norway,Germany,2,0,2.76,4.08,2.21,1.62,1.41,1.2,1.35,3.12,1.37,3.02,Non,Non,Oui,Non,Non,Home,77,"[69, 77]",True
7093a7970b9d400e,coupe-du-monde,164920,57,2026-09-09T16:05:18Z,Ghana,Spain,0,2,9.05,5.55,1.3,3.38,1.03,1.12,1.42,2.82,1.84,1.94,Non,Non,Non,Non,Oui,Away,30,"[3, 30]",True
5e9dc6fd7e121e1e,coupe-du-monde,164920,57,2026-09-09T16:05:18Z,Qatar,Turkiye,3,2,2.59,3.87,2.4,1.52,1.45,1.22,1.44,2.72,1.43,2.78,Oui,Oui,Oui,Non,Non,Home,86,"[14, 27, 61, 75, 86]",True
736fd9679edab5ae,coupe-du-monde,164920,57,2026-09-09T16:05:18Z,Australia,Tunisia,0,0,2.46,3.49,2.72,1.42,1.5,1.27,1.71,2.11,1.59,2.31,Non,Non,Non,Oui,Non,,,[],True
6b78488cb19e8918,coupe-du-monde,164920,57,2026-09-09T16:05:18Z,Paraguay,Korea Republic,0,0,2.98,3.71,2.2,1.62,1.35,1.24,1.56,2.39,1.51,2.51,Non,Non,Non,Oui,Non,,,[],True
f241f09048589f18,coupe-du-monde,164920,57,2026-09-09T16:05:18Z,Cabo Verde,Switzerland,0,4,4.23,3.74,1.8,1.95,1.19,1.24,1.69,2.14,1.67,2.16,Oui,Non,Non,Non,Oui,Away,79,"[44, 45, 74, 79]",True
082b35e186c2876b,coupe-du-monde,164920,57,2026-09-09T16:05:18Z,Brazil,Algeria,4,1,1.66,4.37,4.37,1.18,2.14,1.18,1.39,2.92,1.49,2.58,Oui,Oui,Oui,Non,Non,Home,66,"[27, 33, 45, 63, 66]",True
be59db0d64ddf459,coupe-du-monde,164920,57,2026-09-09T16:05:18Z,USA,Colombia,0,1,2.77,3.97,2.24,1.6,1.41,1.21,1.4,2.89,1.4,2.89,Non,Non,Non,Non,Oui,Away,25,[25],True
19ab1d4fdccfdf8f,coupe-du-monde,164920,57,2026-09-09T16:05:18Z,IR Iran,Japan,1,2,3.17,3.61,2.14,1.66,1.32,1.25,1.65,2.2,1.58,2.35,Oui,Oui,Non,Non,Oui,Home,64,"[11, 34, 64]",True
69d51dc3c7a91228,coupe-du-monde,164920,57,2026-09-09T16:05:18Z,Panama,England,3,1,8.06,5.2,1.34,3.1,1.05,1.13,1.45,2.71,1.8,1.98,Oui,Oui,Oui,Non,Non,Home,85,"[17, 46, 48, 85]",True
afb1f4ddc1b21913,coupe-du-monde,164920,57,2026-09-09T16:05:18Z,Mexico,Belgium,2,2,2.78,3.81,2.28,1.58,1.4,1.23,1.49,2.59,1.46,2.67,Oui,Oui,Non,Oui,Non,Home,89,"[14, 34, 56, 89]",True
1b8e4cc274a2a1ae,coupe-du-monde,164920,57,2026-09-09T16:05:18Z,France,Croatia,2,0,1.66,4.25,4.47,1.17,2.14,1.19,1.46,2.68,1.54,2.44,Non,Non,Oui,Non,Non,Home,41,"[35, 41]",True
6c2b4e96f05e1771,coupe-du-monde,164920,57,2026-09-09T16:05:18Z,Uruguay,Netherlands,0,2,2.22,3.9,2.84,1.39,1.61,1.22,1.44,2.74,1.43,2.78,Non,Non,Non,Non,Oui,Away,77,"[63, 77]",True
d8d0e239285a8190,coupe-du-monde,164920,57,2026-09-09T16:05:18Z,Czechia,Morocco,1,2,5.15,3.66,1.69,2.1,1.13,1.25,1.88,1.9,1.88,1.89,Oui,Oui,Non,Non,Oui,Home,44,"[37, 40, 44]",True
04cacd256b613e04,coupe-du-monde,164920,57,2026-09-09T16:05:18Z,Argentina,Ecuador,4,1,1.56,4.66,4.94,1.14,2.35,1.16,1.35,3.11,1.5,2.55,Oui,Oui,Oui,Non,Non,Home,62,"[25, 36, 47, 53, 62]",True
2bcbb58229718338,coupe-du-monde,164920,57,2026-09-09T16:05:18Z,Portugal,South Africa,1,0,1.43,4.95,6.24,1.09,2.71,1.14,1.38,2.98,1.61,2.28,Non,Non,Oui,Non,Non,Home,34,[34],True
bd732b61661bc450,coupe-du-monde,164920,57,2026-09-09T16:05:18Z,Haiti,Scotland,2,0,4.37,3.97,1.73,2.04,1.18,1.21,1.57,2.36,1.61,2.28,Non,Non,Oui,Non,Non,Home,61,"[14, 61]",True
97479586098824a8,coupe-du-monde,164920,57,2026-09-09T16:05:18Z,Saudi Arabia,Senegal,0,4,4.44,3.99,1.71,2.06,1.18,1.21,1.57,2.37,1.61,2.28,Oui,Non,Non,Non,Oui,Away,74,"[10, 50, 57, 74]",True
f0afb9a53ad68065,coupe-du-monde,164920,57,2026-09-09T16:05:18Z,Iraq,Curacao,1,4,1.81,3.67,4.24,1.19,1.93,1.25,1.74,2.06,1.71,2.11,Oui,Oui,Non,Non,Oui,Away,70,"[43, 45, 61, 64, 70]",True
41f779b4785b709d,coupe-du-monde,164920,57,2026-09-09T16:05:18Z,Canada,Jordan,0,1,2.23,3.57,3.03,1.35,1.61,1.26,1.66,2.18,1.58,2.35,Non,Non,Non,Non,Oui,Away,65,[65],True
57d7d0c0d5c228ee,coupe-du-monde,164920,57,2026-09-09T16:05:18Z,Congo DR,Sweden,1,0,3.84,3.71,1.89,1.85,1.23,1.24,1.66,2.18,1.63,2.24,Non,Non,Oui,Non,Non,Home,22,[22],True
f21c93fdc38f3658,coupe-du-monde,164920,57,2026-09-09T16:05:18Z,Cote d'Ivoire,Austria,1,2,2.81,3.81,2.26,1.59,1.39,1.23,1.49,2.58,1.46,2.66,Oui,Oui,Non,Non,Oui,Away,55,"[35, 42, 55]",True
6110d7d7ba82e072,coupe-du-monde,164920,57,2026-09-09T16:05:18Z,Uzbekistan,Bosnia-Herzegovina,2,1,2.48,3.63,2.62,1.45,1.49,1.25,1.59,2.31,1.52,2.48,Oui,Oui,Oui,Non,Non,Home,39,"[20, 28, 39]",True
181c5bba385cd09f,coupe-du-monde,164920,57,2026-09-09T16:05:18Z,New Zealand,Egypt,4,1,4.28,3.71,1.79,1.95,1.19,1.24,1.72,2.1,1.7,2.13,Oui,Oui,Oui,Non,Non,Home,78,"[4, 14, 14, 50, 78]",True
080dfabebd0af1b5,coupe-du-monde,164920,60,2026-09-09T16:11:18Z,Egypt,Austria,2,1,2.91,3.55,2.3,1.57,1.37,1.26,1.67,2.18,1.57,2.36,Oui,Oui,Oui,Non,Non,Home,63,"[37, 55, 63]",True
9c06a2cfd24df1aa,coupe-du-monde,164920,60,2026-09-09T16:11:18Z,Senegal,Brazil,1,3,3.19,3.96,2.03,1.73,1.32,1.22,1.44,2.75,1.44,2.73,Oui,Oui,Non,Non,Oui,Home,71,"[4, 7, 50, 71]",True
a8601242c4909cb5,coupe-du-monde,164920,60,2026-09-09T16:11:18Z,Korea Republic,Argentina,0,3,5.06,4.71,1.54,2.39,1.14,1.16,1.35,3.13,1.5,2.54,Oui,Non,Non,Non,Oui,Away,87,"[4, 6, 87]",True
a3317a17bfcfce7f,coupe-du-monde,164920,60,2026-09-09T16:11:18Z,Curacao,Haiti,1,4,3.0,3.42,2.3,1.57,1.35,1.28,1.79,2.0,1.65,2.2,Oui,Oui,Non,Non,Oui,Away,65,"[36, 37, 43, 55, 65]",True
e2f39e6cca0d69f0,coupe-du-monde,164920,60,2026-09-09T16:11:18Z,Morocco,Cote d'Ivoire,4,1,1.69,3.74,4.98,1.14,2.1,1.24,1.8,1.99,1.81,1.97,Oui,Oui,Oui,Non,Non,Home,77,"[43, 45, 53, 60, 77]",True
90834e4b81807d06,coupe-du-monde,164920,60,2026-09-09T16:11:18Z,Germany,France,0,1,3.94,4.42,1.72,2.04,1.22,1.18,1.33,3.24,1.41,2.83,Non,Non,Non,Non,Oui,Away,12,[12],True
15949625345c2109,coupe-du-monde,164920,60,2026-09-09T16:11:18Z,Scotland,Japan,1,3,3.71,3.95,1.86,1.88,1.24,1.22,1.5,2.55,1.51,2.51,Oui,Oui,Non,Non,Oui,Away,74,"[4, 17, 53, 74]",True
77b2063b8c217e4f,coupe-du-monde,164920,60,2026-09-09T16:11:18Z,Bosnia-Herzegovina,Mexico,3,0,4.16,4.02,1.75,2.01,1.2,1.21,1.52,2.48,1.56,2.39,Oui,Non,Oui,Non,Non,Home,81,"[26, 29, 81]",True
aab4b698451f645f,coupe-du-monde,164920,60,2026-09-09T16:11:18Z,Turkiye,Cabo Verde,3,0,2.12,3.75,3.11,1.33,1.67,1.24,1.55,2.42,1.51,2.52,Oui,Non,Oui,Non,Non,Home,73,"[17, 71, 73]",True
d87def6a45954172,coupe-du-monde,164920,60,2026-09-09T16:11:18Z,Spain,Panama,1,0,1.26,5.76,10.63,1.02,3.67,1.11,1.45,2.69,1.99,1.79,Non,Non,Oui,Non,Non,Home,52,[52],True
c54b4b59a39dec9b,coupe-du-monde,164920,60,2026-09-09T16:11:18Z,Algeria,Ghana,3,0,2.04,3.72,3.32,1.29,1.72,1.24,1.58,2.34,1.54,2.44,Oui,Non,Oui,Non,Non,Home,90,"[1, 85, 90]",True
808092912be5a8f3,coupe-du-monde,164920,60,2026-09-09T16:11:18Z,Croatia,Belgium,0,4,2.76,3.64,2.36,1.54,1.41,1.25,1.59,2.32,1.52,2.49,Oui,Non,Non,Non,Oui,Away,61,"[15, 32, 54, 61]",True
ba5dd3386a28866b,coupe-du-monde,164920,60,2026-09-09T16:11:18Z,Ecuador,Uruguay,1,2,3.93,3.98,1.8,1.94,1.22,1.21,1.51,2.52,1.53,2.45,Oui,Oui,Non,Non,Oui,Away,49,"[12, 36, 49]",True
d0ab7077bd15dbcc,coupe-du-monde,164920,60,2026-09-09T16:11:18Z,Paraguay,Australia,3,1,3.0,3.74,2.18,1.63,1.35,1.24,1.54,2.43,1.5,2.54,Oui,Oui,Oui,Non,Non,Home,87,"[7, 29, 79, 87]",True
09a46a3ea3d9d3a0,coupe-du-monde,164920,60,2026-09-09T16:11:18Z,England,IR Iran,3,1,1.72,4.07,4.27,1.19,2.05,1.21,1.51,2.52,1.56,2.39,Oui,Oui,Oui,Non,Non,Home,90,"[30, 48, 55, 90]",True
485a032830250b65,coupe-du-monde,164920,60,2026-09-09T16:11:18Z,Sweden,Norway,1,1,2.85,3.78,2.25,1.6,1.38,1.23,1.51,2.52,1.47,2.62,Non,Oui,Non,Oui,Non,Away,52,"[16, 52]",True
8a6ef5a9be798bd5,coupe-du-monde,164920,60,2026-09-09T16:11:18Z,Switzerland,Czechia,4,0,2.0,3.64,3.51,1.27,1.75,1.25,1.67,2.17,1.61,2.28,Oui,Non,Oui,Non,Non,Home,81,"[31, 36, 71, 81]",True
c2ed2a84e37515ca,coupe-du-monde,164920,60,2026-09-09T16:11:18Z,Jordan,Iraq,2,2,2.78,3.38,2.48,1.5,1.4,1.29,1.81,1.97,1.66,2.19,Oui,Oui,Non,Oui,Non,Away,64,"[42, 45, 49, 64]",True
35d7200308af2655,coupe-du-monde,164920,60,2026-09-09T16:11:18Z,Netherlands,New Zealand,2,0,1.48,4.72,5.79,1.11,2.55,1.16,1.41,2.83,1.61,2.29,Non,Non,Oui,Non,Non,Home,86,"[81, 86]",True
b04f6112ad659bdd,coupe-du-monde,164920,60,2026-09-09T16:11:18Z,Colombia,Congo DR,1,0,1.66,4.14,4.6,1.17,2.14,1.2,1.51,2.51,1.58,2.33,Non,Non,Oui,Non,Non,Home,63,[63],True
c8ee4fa76da55a07,coupe-du-monde,164920,60,2026-09-09T16:11:18Z,Tunisia,Portugal,3,2,4.64,4.17,1.65,2.16,1.16,1.2,1.5,2.54,1.58,2.34,Oui,Oui,Oui,Non,Non,Away,70,"[35, 37, 45, 54, 70]",True
459a548af432817e,coupe-du-monde,164920,60,2026-09-09T16:11:18Z,USA,Canada,0,0,2.01,3.99,3.2,1.31,1.74,1.21,1.43,2.78,1.44,2.74,Non,Non,Non,Oui,Non,,,[],True
1da2b7836d034a17,coupe-du-monde,164920,60,2026-09-09T16:11:18Z,South Africa,Uzbekistan,1,1,2.76,3.59,2.38,1.53,1.41,1.26,1.63,2.25,1.55,2.42,Non,Oui,Non,Oui,Non,Home,22,"[13, 22]",True
a213f1c1089ccf47,coupe-du-monde,164920,60,2026-09-09T16:11:18Z,Saudi Arabia,Qatar,1,1,2.95,3.73,2.21,1.62,1.36,1.24,1.55,2.41,1.5,2.53,Non,Oui,Non,Oui,Non,Home,66,"[48, 66]",True
f4c219a82124a529,coupe-du-monde,164920,62,2026-09-09T16:15:18Z,South Africa,Panama,0,1,2.44,3.46,2.77,1.4,1.51,1.27,1.73,2.07,1.61,2.28,Non,Non,Non,Non,Oui,Away,20,[20],True
3029157b4cfcc1fa,coupe-du-monde,164920,62,2026-09-09T16:15:18Z,Senegal,Norway,1,2,2.58,3.63,2.52,1.48,1.46,1.25,1.59,2.32,1.52,2.49,Oui,Oui,Non,Non,Oui,Home,90,"[89, 89, 90]",True
26275d78f126c164,coupe-du-monde,164920,62,2026-09-09T16:15:18Z,Korea Republic,Iraq,2,1,2.04,3.68,3.35,1.29,1.72,1.25,1.62,2.26,1.57,2.37,Oui,Oui,Oui,Non,Non,Home,42,"[23, 39, 42]",True
0a93aa732581d9f3,coupe-du-monde,164920,62,2026-09-09T16:15:18Z,Switzerland,New Zealand,1,1,1.58,4.05,5.56,1.12,2.3,1.21,1.68,2.16,1.78,2.01,Non,Oui,Non,Oui,Non,Away,68,"[3, 68]",True
1d44fae93d30296f,coupe-du-monde,164920,62,2026-09-09T16:15:18Z,Tunisia,Ghana,3,0,2.25,3.41,3.1,1.33,1.59,1.28,1.8,1.98,1.66,2.18,Oui,Non,Oui,Non,Non,Home,66,"[51, 57, 66]",True
46e4e3f7daf3c0f3,coupe-du-monde,164920,62,2026-09-09T16:15:18Z,Germany,Mexico,2,1,2.11,4.03,2.96,1.36,1.67,1.21,1.39,2.94,1.4,2.88,Oui,Oui,Oui,Non,Non,Home,67,"[14, 47, 67]",True
3ba196ea1986a94b,coupe-du-monde,164920,62,2026-09-09T16:15:18Z,Jordan,Czechia,2,2,3.18,3.55,2.16,1.65,1.32,1.26,1.69,2.13,1.6,2.29,Oui,Oui,Non,Oui,Non,Away,73,"[27, 38, 46, 73]",True
2649000ab779389c,coupe-du-monde,164920,62,2026-09-09T16:15:18Z,Sweden,Uzbekistan,1,1,1.85,3.84,3.86,1.23,1.89,1.23,1.58,2.35,1.57,2.36,Non,Oui,Non,Oui,Non,Away,63,"[52, 63]",True
0b7ad574d70a7635,coupe-du-monde,164920,62,2026-09-09T16:15:18Z,Colombia,Portugal,1,5,3.34,4.16,1.92,1.82,1.29,1.2,1.36,3.06,1.4,2.88,Oui,Oui,Non,Non,Oui,Away,82,"[26, 27, 35, 61, 82, 82]",True
bd01e8e2ae5cd610,coupe-du-monde,164920,62,2026-09-09T16:15:18Z,Scotland,Egypt,2,2,2.87,3.63,2.29,1.57,1.38,1.25,1.6,2.29,1.53,2.45,Oui,Oui,Non,Oui,Non,Home,89,"[30, 50, 81, 89]",True
fc6d48afdb86b518,coupe-du-monde,164920,62,2026-09-09T16:15:18Z,Netherlands,Japan,2,2,2.42,3.83,2.59,1.46,1.52,1.23,1.47,2.65,1.44,2.73,Oui,Oui,Non,Oui,Non,Away,81,"[19, 28, 74, 81]",True
e02a8fe6f56e63fe,coupe-du-monde,164920,62,2026-09-09T16:15:18Z,Algeria,France,2,3,6.1,4.83,1.45,2.64,1.1,1.15,1.4,2.87,1.62,2.26,Oui,Oui,Non,Non,Oui,Away,90,"[16, 33, 36, 83, 90]",True
795aa96a3a222e9c,coupe-du-monde,164920,62,2026-09-09T16:15:18Z,USA,Cabo Verde,3,3,1.95,3.87,3.47,1.27,1.8,1.22,1.51,2.51,1.51,2.53,Oui,Oui,Non,Oui,Non,Home,70,"[23, 30, 31, 50, 52, 70]",True
58afd830a9a99f85,coupe-du-monde,164920,62,2026-09-09T16:15:18Z,Ecuador,Haiti,1,4,1.65,4.05,4.83,1.15,2.16,1.21,1.58,2.34,1.65,2.2,Oui,Oui,Non,Non,Oui,Away,74,"[21, 27, 46, 59, 74]",True
175b57d4db4d0cf3,coupe-du-monde,164920,62,2026-09-09T16:15:18Z,Saudi Arabia,Argentina,1,3,7.07,5.32,1.37,2.98,1.07,1.13,1.35,3.11,1.65,2.21,Oui,Oui,Non,Non,Oui,Away,90,"[27, 38, 41, 90]",True
94f0cdc5eb067ac1,coupe-du-monde,164920,62,2026-09-09T16:15:18Z,Morocco,Austria,2,0,1.79,3.57,4.51,1.17,1.96,1.26,1.86,1.91,1.81,1.97,Non,Non,Oui,Non,Non,Home,90,"[72, 90]",True
8789f345c1c75b67,coupe-du-monde,164920,62,2026-09-09T16:15:18Z,Croatia,IR Iran,4,0,2.22,3.55,3.05,1.34,1.61,1.26,1.68,2.15,1.59,2.33,Oui,Non,Oui,Non,Non,Home,84,"[18, 59, 73, 84]",True
ca087d4b145a50d3,coupe-du-monde,164920,62,2026-09-09T16:15:18Z,Curacao,Cote d'Ivoire,1,3,5.99,4.42,1.5,2.5,1.1,1.18,1.54,2.44,1.71,2.1,Oui,Oui,Non,Non,Oui,Away,63,"[24, 30, 52, 63]",True
28540b89b0cbc6f4,coupe-du-monde,164920,62,2026-09-09T16:15:18Z,Qatar,Congo DR,0,0,2.07,3.72,3.25,1.31,1.7,1.24,1.58,2.33,1.54,2.44,Non,Non,Non,Oui,Non,,,[],True
46df9774bc90087a,coupe-du-monde,164920,62,2026-09-09T16:15:18Z,Australia,Canada,2,0,2.31,3.77,2.77,1.4,1.57,1.23,1.51,2.52,1.47,2.63,Non,Non,Oui,Non,Non,Home,88,"[74, 88]",True
3e278526b1d444cc,coupe-du-monde,164920,62,2026-09-09T16:15:18Z,Spain,Belgium,4,0,1.74,4.07,4.2,1.19,2.03,1.21,1.5,2.54,1.55,2.41,Oui,Non,Oui,Non,Non,Home,86,"[18, 33, 85, 86]",True
f092a479f3779cfc,coupe-du-monde,164920,62,2026-09-09T16:15:18Z,Turkiye,Uruguay,1,2,4.03,4.08,1.76,1.99,1.21,1.2,1.47,2.62,1.52,2.49,Oui,Oui,Non,Non,Oui,Away,74,"[60, 73, 74]",True
14745a1c195e61d3,coupe-du-monde,164920,62,2026-09-09T16:15:18Z,Paraguay,Brazil,0,3,5.12,4.59,1.55,2.37,1.14,1.17,1.39,2.93,1.54,2.45,Oui,Non,Non,Non,Oui,Away,82,"[3, 58, 82]",True
99a1e59f74b73e16,coupe-du-monde,164920,62,2026-09-09T16:15:18Z,Bosnia-Herzegovina,England,1,5,6.22,4.77,1.45,2.65,1.09,1.15,1.43,2.75,1.65,2.2,Oui,Oui,Non,Non,Oui,Away,81,"[31, 39, 45, 46, 65, 81]",True
84e6506340be0ee3,coupe-du-monde,164920,65,2026-09-09T16:21:18Z,Cote d'Ivoire,Jordan,0,1,2.09,3.59,3.31,1.29,1.69,1.26,1.68,2.15,1.6,2.29,Non,Non,Non,Non,Oui,Away,26,[26],True
b879c2d20884d7b8,coupe-du-monde,164920,65,2026-09-09T16:21:18Z,Ghana,Paraguay,0,5,2.92,3.65,2.25,1.59,1.37,1.25,1.59,2.32,1.53,2.47,Oui,Non,Non,Non,Oui,Away,89,"[3, 18, 65, 77, 89]",True
f52d92d72838ad92,coupe-du-monde,164920,65,2026-09-09T16:21:18Z,Haiti,Korea Republic,3,1,4.64,4.01,1.68,2.11,1.16,1.21,1.58,2.33,1.64,2.22,Oui,Oui,Oui,Non,Non,Away,81,"[36, 60, 67, 81]",True
0e8d6af919e2e633,coupe-du-monde,164920,65,2026-09-09T16:21:18Z,Mexico,Sweden,2,1,2.37,3.66,2.74,1.41,1.54,1.25,1.58,2.35,1.51,2.5,Oui,Oui,Oui,Non,Non,Home,90,"[88, 88, 90]",True
000a99cfb5cd9c66,coupe-du-monde,164920,65,2026-09-09T16:21:18Z,Japan,Ecuador,2,2,2.03,3.82,3.28,1.3,1.73,1.23,1.52,2.48,1.5,2.54,Oui,Oui,Non,Oui,Non,Home,81,"[12, 40, 62, 81]",True
7ba06a3f96278a23,coupe-du-monde,164920,65,2026-09-09T16:21:18Z,Brazil,Argentina,1,2,2.82,4.19,2.14,1.65,1.39,1.2,1.31,3.37,1.34,3.16,Oui,Oui,Non,Non,Oui,Home,59,"[18, 29, 59]",True
55da42aad84ce43a,coupe-du-monde,164920,65,2026-09-09T16:21:18Z,Norway,Qatar,1,0,1.95,3.97,3.37,1.29,1.79,1.21,1.45,2.7,1.46,2.66,Non,Non,Oui,Non,Non,Home,56,[56],True
1e42d482e6521379,coupe-du-monde,164920,65,2026-09-09T16:21:18Z,Czechia,USA,1,1,2.89,3.87,2.19,1.62,1.37,1.22,1.46,2.66,1.45,2.71,Non,Oui,Non,Oui,Non,Away,79,"[75, 79]",True
f0c019765f03b40b,coupe-du-monde,164920,65,2026-09-09T16:21:18Z,Uzbekistan,Colombia,2,2,4.19,4.1,1.73,2.03,1.2,1.2,1.48,2.6,1.53,2.46,Oui,Oui,Non,Oui,Non,Away,73,"[17, 36, 45, 73]",True
64dbb17b77f3541f,coupe-du-monde,164920,65,2026-09-09T16:21:18Z,Belgium,Algeria,2,1,1.99,3.78,3.41,1.28,1.76,1.23,1.56,2.39,1.53,2.45,Oui,Oui,Oui,Non,Non,Home,79,"[8, 18, 79]",True
0cc0d3a79b949cd9,coupe-du-monde,164920,65,2026-09-09T16:21:18Z,England,South Africa,3,1,1.41,4.93,6.81,1.07,2.81,1.15,1.44,2.75,1.7,2.12,Oui,Oui,Oui,Non,Non,Home,76,"[16, 57, 68, 76]",True
6b966225a7a5ce89,coupe-du-monde,164920,65,2026-09-09T16:21:18Z,Austria,Switzerland,1,1,2.93,3.58,2.28,1.58,1.37,1.26,1.65,2.21,1.56,2.38,Non,Oui,Non,Oui,Non,Away,80,"[67, 80]",True
e6d7f0877f0d7e89,coupe-du-monde,164920,65,2026-09-09T16:21:18Z,Scotland,Netherlands,1,1,3.93,4.21,1.76,1.99,1.22,1.19,1.41,2.87,1.46,2.65,Non,Oui,Non,Oui,Non,Home,15,"[8, 15]",True
425b8105765291c8,coupe-du-monde,164920,65,2026-09-09T16:21:18Z,Portugal,Canada,4,1,1.61,4.57,4.56,1.17,2.24,1.17,1.34,3.16,1.47,2.65,Oui,Oui,Oui,Non,Non,Away,75,"[20, 26, 29, 71, 75]",True
680159e371b686ae,coupe-du-monde,164920,65,2026-09-09T16:21:18Z,Bosnia-Herzegovina,Spain,0,5,9.58,5.81,1.28,3.55,1.03,1.11,1.39,2.93,1.86,1.92,Oui,Non,Non,Non,Oui,Away,82,"[28, 41, 49, 57, 82]",True
53100d11c04acdd6,coupe-du-monde,164920,65,2026-09-09T16:21:18Z,France,Senegal,3,1,1.69,4.16,4.38,1.18,2.1,1.2,1.48,2.6,1.55,2.41,Oui,Oui,Oui,Non,Non,Home,83,"[24, 45, 53, 83]",True
443cd00be0a32f98,coupe-du-monde,164920,65,2026-09-09T16:21:18Z,Cabo Verde,Congo DR,1,2,2.33,3.53,2.88,1.38,1.56,1.26,1.68,2.15,1.58,2.34,Oui,Oui,Non,Non,Oui,Away,44,"[43, 44, 44]",True
c27e8851fd08ee57,coupe-du-monde,164920,65,2026-09-09T16:21:18Z,Egypt,Curacao,1,1,1.53,4.21,5.99,1.1,2.43,1.19,1.63,2.23,1.78,2.0,Non,Oui,Non,Oui,Non,Away,81,"[3, 81]",True
36441a3becb14197,coupe-du-monde,164920,65,2026-09-09T16:21:18Z,Panama,Tunisia,1,0,3.7,3.37,2.03,1.73,1.24,1.29,1.92,1.86,1.77,2.01,Non,Non,Oui,Non,Non,Home,59,[59],True
db3a2096ca1a9859,coupe-du-monde,164920,65,2026-09-09T16:21:18Z,New Zealand,Turkiye,0,3,3.94,3.96,1.81,1.94,1.22,1.22,1.52,2.48,1.54,2.42,Oui,Non,Non,Non,Oui,Away,57,"[19, 26, 57]",True
571d464603ae0a10,coupe-du-monde,164920,65,2026-09-09T16:21:18Z,Iraq,Australia,0,1,3.19,3.64,2.12,1.67,1.31,1.25,1.62,2.25,1.56,2.38,Non,Non,Non,Non,Oui,Away,4,[4],True
ca6583db5333b8d6,coupe-du-monde,164920,65,2026-09-09T16:21:18Z,Croatia,Germany,2,3,2.85,3.9,2.2,1.62,1.38,1.22,1.44,2.73,1.43,2.76,Oui,Oui,Non,Non,Oui,Home,85,"[42, 45, 45, 72, 85]",True
cb087c5ecce9f1a8,coupe-du-monde,164920,65,2026-09-09T16:21:18Z,IR Iran,Morocco,0,2,4.95,3.45,1.76,2.0,1.14,1.27,2.04,1.76,1.96,1.81,Non,Non,Non,Non,Oui,Away,62,"[35, 62]",True
8de4eae253e32e37,coupe-du-monde,164920,65,2026-09-09T16:21:18Z,Uruguay,Saudi Arabia,1,0,1.56,4.33,5.36,1.12,2.35,1.18,1.51,2.5,1.65,2.21,Non,Non,Oui,Non,Non,Home,35,[35],True
dbfefef6ced26d9d,coupe-du-monde,164920,67,2026-09-09T16:25:18Z,Ghana,Canada,1,2,2.93,3.73,2.22,1.61,1.37,1.24,1.54,2.43,1.5,2.55,Oui,Oui,Non,Non,Oui,Away,60,"[25, 49, 60]",True
150dc7e61558ae4b,coupe-du-monde,164920,67,2026-09-09T16:25:18Z,Mexico,Senegal,3,2,2.53,3.69,2.54,1.47,1.48,1.24,1.55,2.41,1.49,2.56,Oui,Oui,Oui,Non,Non,Away,82,"[32, 39, 55, 73, 82]",True
b05399b2b8425648,coupe-du-monde,164920,67,2026-09-09T16:25:18Z,New Zealand,USA,0,5,4.96,4.36,1.59,2.28,1.14,1.18,1.46,2.67,1.57,2.35,Oui,Non,Non,Non,Oui,Away,79,"[1, 24, 73, 74, 79]",True
343f32badb79caad,coupe-du-monde,164920,67,2026-09-09T16:25:18Z,Cote d'Ivoire,Korea Republic,1,1,2.53,3.66,2.55,1.47,1.48,1.25,1.57,2.37,1.5,2.53,Non,Oui,Non,Oui,Non,Home,44,"[42, 44]",True
2b1e5116bc0924c2,coupe-du-monde,164920,67,2026-09-09T16:25:18Z,Spain,Germany,2,1,1.74,4.25,4.01,1.21,2.03,1.19,1.4,2.9,1.47,2.65,Oui,Oui,Oui,Non,Non,Away,89,"[16, 60, 89]",True
cf9ef4061584dcab,coupe-du-monde,164920,67,2026-09-09T16:25:18Z,Japan,Turkiye,1,0,1.91,3.95,3.52,1.26,1.83,1.22,1.48,2.61,1.49,2.59,Non,Non,Oui,Non,Non,Home,52,[52],True
9185807a1208a6b1,coupe-du-monde,164920,67,2026-09-09T16:25:18Z,Bosnia-Herzegovina,South Africa,3,1,2.5,3.6,2.62,1.45,1.49,1.26,1.62,2.27,1.54,2.45,Oui,Oui,Oui,Non,Non,Home,82,"[11, 63, 63, 82]",True
24f153cd4c73d300,coupe-du-monde,164920,67,2026-09-09T16:25:18Z,Norway,Argentina,3,3,3.93,4.33,1.74,2.02,1.22,1.18,1.36,3.09,1.43,2.76,Oui,Oui,Non,Oui,Non,Away,77,"[7, 34, 38, 47, 72, 77]",True
9f245c18e43b7a23,coupe-du-monde,164920,67,2026-09-09T16:25:18Z,Egypt,Ecuador,0,3,2.57,3.6,2.54,1.47,1.46,1.25,1.61,2.28,1.53,2.46,Oui,Non,Non,Non,Oui,Away,42,"[38, 41, 42]",True
d08117e57ca7214b,coupe-du-monde,164920,67,2026-09-09T16:25:18Z,Czechia,Australia,2,0,2.65,3.63,2.45,1.5,1.44,1.25,1.59,2.31,1.52,2.48,Non,Non,Oui,Non,Non,Home,76,"[49, 76]",True
ff7536d772d1a8e6,coupe-du-monde,164920,67,2026-09-09T16:25:18Z,England,Sweden,3,1,1.78,4.08,3.95,1.22,1.97,1.2,1.46,2.65,1.51,2.53,Oui,Oui,Oui,Non,Non,Home,82,"[2, 51, 73, 82]",True
4ccf32af55978c89,coupe-du-monde,164920,67,2026-09-09T16:25:18Z,Austria,Jordan,0,3,1.84,3.83,3.9,1.22,1.9,1.23,1.59,2.32,1.59,2.33,Oui,Non,Non,Non,Oui,Away,39,"[9, 23, 39]",True
fcbc5649dd94b0a3,coupe-du-monde,164920,67,2026-09-09T16:25:18Z,France,Paraguay,3,2,1.36,5.29,7.39,1.06,3.03,1.13,1.38,2.98,1.7,2.13,Oui,Oui,Oui,Non,Non,Home,85,"[11, 30, 37, 76, 85]",True
a97d186310a96be2,coupe-du-monde,164920,67,2026-09-09T16:25:18Z,Iraq,Brazil,1,3,5.82,4.8,1.47,2.58,1.1,1.15,1.39,2.93,1.59,2.32,Oui,Oui,Non,Non,Oui,Home,76,"[6, 56, 64, 76]",True
2271dac84cca4fdb,coupe-du-monde,164920,67,2026-09-09T16:25:18Z,Belgium,Tunisia,3,0,1.89,3.64,3.89,1.22,1.85,1.25,1.71,2.1,1.66,2.18,Oui,Non,Oui,Non,Non,Home,86,"[26, 51, 86]",True
3f5ee6af254bce61,coupe-du-monde,164920,67,2026-09-09T16:25:18Z,Portugal,Cabo Verde,5,0,1.46,4.86,5.84,1.1,2.6,1.15,1.37,3.01,1.58,2.35,Oui,Non,Oui,Non,Non,Home,81,"[44, 45, 57, 76, 81]",True
168cc3c0497765fd,coupe-du-monde,164920,67,2026-09-09T16:25:18Z,IR Iran,Netherlands,3,3,3.3,3.86,2.01,1.75,1.3,1.23,1.5,2.53,1.49,2.57,Oui,Oui,Non,Oui,Non,Home,75,"[24, 26, 27, 61, 68, 75]",True
fd83259345371e5f,coupe-du-monde,164920,67,2026-09-09T16:25:18Z,Uruguay,Congo DR,1,0,1.52,4.33,5.88,1.1,2.45,1.18,1.57,2.37,1.73,2.08,Non,Non,Oui,Non,Non,Home,89,[89],True
928a26d8325daee6,coupe-du-monde,164920,67,2026-09-09T16:25:18Z,Morocco,Curacao,4,0,1.25,5.45,13.5,1.0,3.81,1.12,1.67,2.16,2.47,1.53,Oui,Non,Oui,Non,Non,Home,83,"[35, 37, 37, 83]",True
1520570106fb1eab,coupe-du-monde,164920,67,2026-09-09T16:25:18Z,Haiti,Saudi Arabia,1,3,3.57,3.65,1.98,1.77,1.26,1.25,1.67,2.17,1.61,2.27,Oui,Oui,Non,Non,Oui,Away,74,"[29, 30, 52, 74]",True
aa8fda3d763250f9,coupe-du-monde,164920,67,2026-09-09T16:25:18Z,Uzbekistan,Qatar,2,2,2.98,3.78,2.17,1.64,1.35,1.23,1.51,2.5,1.48,2.6,Oui,Oui,Non,Oui,Non,Away,60,"[28, 44, 58, 60]",True
6d58043d4a95db19,coupe-du-monde,164920,67,2026-09-09T16:25:18Z,Croatia,Algeria,3,1,2.13,3.68,3.14,1.32,1.66,1.25,1.6,2.31,1.54,2.43,Oui,Oui,Oui,Non,Non,Home,50,"[37, 41, 47, 50]",True
60397213e537b05a,coupe-du-monde,164920,67,2026-09-09T16:25:18Z,Scotland,Switzerland,3,2,3.64,3.77,1.93,1.82,1.25,1.24,1.6,2.3,1.57,2.36,Oui,Oui,Oui,Non,Non,Home,81,"[19, 26, 61, 64, 81]",True
1c11307e2f68ace1,coupe-du-monde,164920,67,2026-09-09T16:25:18Z,Panama,Colombia,3,3,4.98,4.17,1.61,2.23,1.14,1.2,1.55,2.42,1.64,2.22,Oui,Oui,Non,Oui,Non,Away,84,"[19, 22, 35, 64, 81, 84]",True
ba87fdc720889f65,coupe-du-monde,164920,70,2026-09-09T16:31:18Z,Turkiye,Scotland,2,2,2.33,3.8,2.72,1.42,1.55,1.23,1.49,2.57,1.46,2.67,Oui,Oui,Non,Oui,Non,Away,62,"[26, 41, 57, 62]",True
e7d17f33385b8301,coupe-du-monde,164920,70,2026-09-09T16:31:18Z,Sweden,Spain,0,1,5.58,4.38,1.53,2.41,1.11,1.18,1.52,2.5,1.67,2.18,Non,Non,Non,Non,Oui,Away,13,[13],True
853138aa65f34931,coupe-du-monde,164920,70,2026-09-09T16:31:18Z,Iraq,Ghana,0,0,2.42,3.53,2.75,1.41,1.52,1.26,1.67,2.16,1.57,2.35,Non,Non,Non,Oui,Non,,,[],True
3c440d775763f8f8,coupe-du-monde,164920,70,2026-09-09T16:31:18Z,Korea Republic,Egypt,3,2,2.55,3.6,2.56,1.47,1.47,1.25,1.61,2.28,1.53,2.45,Oui,Oui,Oui,Non,Non,Home,84,"[19, 22, 54, 63, 84]",True
ccbc26b30f88472b,coupe-du-monde,164920,70,2026-09-09T16:31:18Z,Norway,Uruguay,0,2,3.18,3.86,2.06,1.71,1.32,1.23,1.49,2.57,1.48,2.62,Non,Non,Non,Non,Oui,Away,44,"[24, 44]",True
c4280234c85f4a0c,coupe-du-monde,164920,70,2026-09-09T16:31:18Z,Algeria,Germany,0,2,3.72,4.16,1.82,1.93,1.24,1.2,1.41,2.85,1.46,2.67,Non,Non,Non,Non,Oui,Away,62,"[59, 62]",True
14fd91c5936ba4ab,coupe-du-monde,164920,70,2026-09-09T16:31:18Z,Ecuador,Netherlands,3,2,3.16,4.01,2.02,1.73,1.32,1.21,1.41,2.83,1.43,2.78,Oui,Oui,Oui,Non,Non,Away,81,"[9, 19, 63, 76, 81]",True
7ddee833a573b5d1,coupe-du-monde,164920,70,2026-09-09T16:31:18Z,Senegal,Croatia,1,0,2.6,3.59,2.52,1.48,1.45,1.26,1.62,2.26,1.54,2.44,Non,Non,Oui,Non,Non,Home,84,[84],True
6053861a0b5ca3a3,coupe-du-monde,164920,70,2026-09-09T16:31:18Z,Cabo Verde,Uzbekistan,2,0,2.51,3.53,2.64,1.44,1.48,1.26,1.67,2.16,1.57,2.36,Non,Non,Oui,Non,Non,Home,51,"[31, 51]",True
2a4e8e71003ebafb,coupe-du-monde,164920,70,2026-09-09T16:31:18Z,USA,Austria,3,2,2.55,3.77,2.48,1.49,1.47,1.23,1.5,2.54,1.46,2.66,Oui,Oui,Oui,Non,Non,Away,86,"[40, 41, 44, 73, 86]",True
63c391df480c834b,coupe-du-monde,164920,70,2026-09-09T16:31:18Z,Brazil,Haiti,3,0,1.29,5.88,8.93,1.04,3.48,1.1,1.34,3.17,1.76,2.03,Oui,Non,Oui,Non,Non,Home,88,"[40, 43, 88]",True
085b11fc67c0c1e2,coupe-du-monde,164920,70,2026-09-09T16:31:18Z,Portugal,Czechia,1,1,1.65,4.39,4.41,1.18,2.16,1.18,1.39,2.95,1.48,2.59,Non,Oui,Non,Oui,Non,Home,90,"[84, 90]",True
90457b925eedacbe,coupe-du-monde,164920,70,2026-09-09T16:31:18Z,Qatar,Mexico,1,4,3.14,3.84,2.08,1.7,1.32,1.23,1.5,2.56,1.48,2.61,Oui,Oui,Non,Non,Oui,Away,62,"[39, 41, 48, 57, 62]",True
e52e21890176d1bd,coupe-du-monde,164920,70,2026-09-09T16:31:18Z,Congo DR,New Zealand,0,4,2.29,3.48,2.97,1.36,1.57,1.27,1.72,2.09,1.61,2.28,Oui,Non,Non,Non,Oui,Away,85,"[11, 44, 67, 85]",True
099bca0c76ccefb5,coupe-du-monde,164920,70,2026-09-09T16:31:18Z,Canada,Panama,3,1,1.94,3.69,3.65,1.25,1.8,1.24,1.65,2.21,1.6,2.29,Oui,Oui,Oui,Non,Non,Home,81,"[18, 38, 45, 81]",True
42f6fb7f2b399ddb,coupe-du-monde,164920,70,2026-09-09T16:31:18Z,Switzerland,Curacao,2,1,1.37,4.66,8.47,1.04,2.95,1.16,1.66,2.18,2.03,1.76,Oui,Oui,Oui,Non,Non,Home,68,"[30, 31, 68]",True
42fe2324201b85c0,coupe-du-monde,164920,70,2026-09-09T16:31:18Z,Paraguay,Belgium,0,1,4.29,4.03,1.73,2.04,1.19,1.21,1.53,2.47,1.57,2.36,Non,Non,Non,Non,Oui,Away,85,[85],True
66b6d3826feb1150,coupe-du-monde,164920,70,2026-09-09T16:31:18Z,Argentina,France,4,1,2.66,4.11,2.27,1.58,1.43,1.2,1.34,3.19,1.36,3.07,Oui,Oui,Oui,Non,Non,Home,89,"[25, 40, 48, 79, 89]",True
8a22c329180d3624,coupe-du-monde,164920,70,2026-09-09T16:31:18Z,Jordan,Morocco,1,2,7.42,4.0,1.48,2.55,1.06,1.21,1.92,1.86,2.14,1.69,Oui,Oui,Non,Non,Oui,Away,79,"[28, 59, 79]",True
f1d91550fefd15f8,coupe-du-monde,164920,70,2026-09-09T16:31:18Z,South Africa,IR Iran,1,1,3.73,3.61,1.94,1.8,1.24,1.25,1.72,2.09,1.65,2.2,Non,Oui,Non,Oui,Non,Home,45,"[30, 45]",True
ae6346360c23a6a9,coupe-du-monde,164920,70,2026-09-09T16:31:18Z,Colombia,England,0,0,3.36,4.01,1.95,1.79,1.29,1.21,1.43,2.77,1.45,2.71,Non,Non,Non,Oui,Non,,,[],True
7a66d4da799a54c6,coupe-du-monde,164920,70,2026-09-09T16:31:18Z,Tunisia,Bosnia-Herzegovina,0,1,2.24,3.43,3.1,1.33,1.6,1.28,1.78,2.0,1.65,2.2,Non,Non,Non,Non,Oui,Away,26,[26],True
c8f2eca01ee310c3,coupe-du-monde,164920,70,2026-09-09T16:31:18Z,Saudi Arabia,Japan,0,2,4.31,4.05,1.72,2.05,1.19,1.21,1.52,2.49,1.57,2.37,Non,Non,Non,Non,Oui,Away,67,"[30, 67]",True
878fd63d3127b667,coupe-du-monde,164920,70,2026-09-09T16:31:18Z,Australia,Cote d'Ivoire,1,2,2.53,3.73,2.52,1.48,1.48,1.24,1.52,2.48,1.48,2.61,Oui,Oui,Non,Non,Oui,Away,58,"[11, 54, 58]",True
fba68e89bdee3241,coupe-du-monde,164920,72,2026-09-09T16:35:18Z,Australia,Austria,2,0,2.79,3.74,2.31,1.57,1.4,1.24,1.53,2.47,1.48,2.6,Non,Non,Oui,Non,Non,Home,40,"[32, 40]",True
97f2f2afac5ac4ca,coupe-du-monde,164920,72,2026-09-09T16:35:18Z,Brazil,Cote d'Ivoire,2,3,1.69,4.43,4.11,1.2,2.09,1.18,1.35,3.14,1.44,2.74,Oui,Oui,Non,Non,Oui,Away,70,"[14, 30, 57, 61, 70]",True
4332bb2ea90acc5c,coupe-du-monde,164920,72,2026-09-09T16:35:18Z,Jordan,Curacao,1,1,1.91,3.52,3.96,1.22,1.83,1.27,1.82,1.96,1.73,2.07,Non,Oui,Non,Oui,Non,Home,78,"[52, 78]",True
96be729edaab644f,coupe-du-monde,164920,72,2026-09-09T16:35:18Z,Korea Republic,Morocco,2,0,4.92,3.68,1.71,2.07,1.15,1.25,1.83,1.94,1.83,1.95,Non,Non,Oui,Non,Non,Home,89,"[68, 89]",True
ea9cf04d7b1cdad0,coupe-du-monde,164920,72,2026-09-09T16:35:18Z,Norway,Haiti,0,0,1.45,4.69,6.42,1.09,2.66,1.16,1.48,2.61,1.7,2.13,Non,Non,Non,Oui,Non,,,[],True
805688fa5832d7e3,coupe-du-monde,164920,72,2026-09-09T16:35:18Z,Ghana,Czechia,0,1,3.38,3.72,2.02,1.74,1.28,1.24,1.59,2.32,1.55,2.41,Non,Non,Non,Non,Oui,Away,28,[28],True
a6ac2d9958f5800a,coupe-du-monde,164920,72,2026-09-09T16:35:18Z,Qatar,England,1,2,4.99,4.52,1.57,2.33,1.14,1.17,1.4,2.89,1.53,2.46,Oui,Oui,Non,Non,Oui,Away,68,"[31, 65, 68]",True
15ea6700f6e65240,coupe-du-monde,164920,72,2026-09-09T16:35:18Z,Argentina,Mexico,2,1,1.72,4.37,4.02,1.21,2.06,1.18,1.36,3.1,1.44,2.74,Oui,Oui,Oui,Non,Non,Home,86,"[23, 43, 86]",True
aae9aede34d8034f,coupe-du-monde,164920,72,2026-09-09T16:35:18Z,Colombia,Bosnia-Herzegovina,2,2,1.72,4.13,4.23,1.19,2.05,1.2,1.48,2.61,1.53,2.45,Oui,Oui,Non,Oui,Non,Away,62,"[20, 23, 33, 62]",True
2fbcbf5c4b004dc0,coupe-du-monde,164920,72,2026-09-09T16:35:18Z,Canada,Belgium,0,3,3.93,4.01,1.8,1.95,1.22,1.21,1.5,2.54,1.53,2.46,Oui,Non,Non,Non,Oui,Away,87,"[2, 82, 87]",True
5db613a1f58294d4,coupe-du-monde,164920,72,2026-09-09T16:35:18Z,Ecuador,Switzerland,0,2,3.45,3.63,2.02,1.74,1.27,1.25,1.67,2.18,1.6,2.29,Non,Non,Non,Non,Oui,Away,73,"[13, 73]",True
a801f0fcc5917aa0,coupe-du-monde,164920,72,2026-09-09T16:35:18Z,Algeria,IR Iran,3,1,2.9,3.57,2.3,1.57,1.37,1.26,1.65,2.2,1.56,2.38,Oui,Oui,Oui,Non,Non,Home,59,"[7, 51, 59, 59]",True
1ddf025f604708fa,coupe-du-monde,164920,72,2026-09-09T16:35:18Z,Congo DR,Japan,0,2,4.72,4.07,1.66,2.15,1.16,1.21,1.56,2.39,1.62,2.25,Non,Non,Non,Non,Oui,Away,85,"[62, 85]",True
6a42e80c93c9ea2b,coupe-du-monde,164920,72,2026-09-09T16:35:18Z,Uruguay,Uzbekistan,1,1,1.54,4.38,5.5,1.12,2.39,1.18,1.51,2.51,1.66,2.19,Non,Oui,Non,Oui,Non,Away,83,"[74, 83]",True
6ac875afc98f29ed,coupe-du-monde,164920,72,2026-09-09T16:35:18Z,Tunisia,Germany,1,1,3.84,3.87,1.85,1.89,1.23,1.22,1.56,2.39,1.56,2.39,Non,Oui,Non,Oui,Non,Away,45,"[24, 45]",True
9caa53bb36b5db79,coupe-du-monde,164920,72,2026-09-09T16:35:18Z,Senegal,Spain,3,1,4.77,4.07,1.65,2.16,1.15,1.21,1.57,2.37,1.64,2.23,Oui,Oui,Oui,Non,Non,Home,80,"[1, 42, 60, 80]",True
aac0253afd364356,coupe-du-monde,164920,72,2026-09-09T16:35:18Z,USA,Scotland,3,3,2.1,3.94,3.03,1.35,1.68,1.22,1.43,2.76,1.43,2.76,Oui,Oui,Non,Oui,Non,Home,71,"[14, 21, 38, 64, 67, 71]",True
6b3addabf49d0537,coupe-du-monde,164920,72,2026-09-09T16:35:18Z,Cabo Verde,Panama,2,1,2.18,3.47,3.2,1.31,1.63,1.27,1.76,2.04,1.64,2.22,Oui,Oui,Oui,Non,Non,Home,83,"[38, 60, 83]",True
1da58ac14f404d22,coupe-du-monde,164920,72,2026-09-09T16:35:18Z,Iraq,France,1,4,7.72,5.33,1.35,3.09,1.05,1.13,1.39,2.92,1.73,2.08,Oui,Oui,Non,Non,Oui,Away,87,"[8, 44, 52, 77, 87]",True
7ce0d7557dd0fa42,coupe-du-monde,164920,72,2026-09-09T16:35:18Z,Paraguay,Croatia,0,2,3.64,3.78,1.92,1.82,1.25,1.23,1.59,2.32,1.57,2.37,Non,Non,Non,Non,Oui,Away,86,"[11, 86]",True
98398dbc0b46b2ce,coupe-du-monde,164920,72,2026-09-09T16:35:18Z,Portugal,New Zealand,5,0,1.32,5.58,8.17,1.05,3.26,1.11,1.36,3.07,1.73,2.07,Oui,Non,Oui,Non,Non,Home,53,"[21, 29, 36, 50, 53]",True
31fba79919b68811,coupe-du-monde,164920,72,2026-09-09T16:35:18Z,Sweden,South Africa,5,0,1.84,3.72,4.03,1.21,1.9,1.24,1.68,2.16,1.65,2.2,Oui,Non,Oui,Non,Non,Home,58,"[18, 20, 56, 56, 58]",True
9661d4d3d293d96f,coupe-du-monde,164920,72,2026-09-09T16:35:18Z,Saudi Arabia,Egypt,1,2,3.37,3.71,2.03,1.73,1.29,1.24,1.6,2.29,1.56,2.39,Oui,Oui,Non,Non,Oui,Home,68,"[28, 36, 68]",True
668ecb10c7283018,coupe-du-monde,164920,72,2026-09-09T16:35:18Z,Turkiye,Netherlands,1,4,3.38,4.14,1.91,1.83,1.28,1.2,1.37,3.01,1.41,2.84,Oui,Oui,Non,Non,Oui,Home,88,"[33, 36, 86, 87, 88]",True
fd1763b8124ade2f,coupe-du-monde,164920,75,2026-09-09T16:41:18Z,Japan,Norway,3,2,2.47,3.76,2.57,1.46,1.5,1.24,1.51,2.52,1.47,2.64,Oui,Oui,Oui,Non,Non,Home,79,"[21, 29, 51, 55, 79]",True
bc5212d09ef3d024,coupe-du-monde,164920,75,2026-09-09T16:41:18Z,Austria,Portugal,1,2,3.58,4.15,1.85,1.89,1.26,1.2,1.39,2.93,1.43,2.76,Oui,Oui,Non,Non,Oui,Away,66,"[22, 51, 66]",True
8fb0a981f1117ac6,coupe-du-monde,164920,75,2026-09-09T16:41:18Z,Egypt,Brazil,1,3,4.08,4.15,1.74,2.02,1.2,1.2,1.45,2.71,1.5,2.54,Oui,Oui,Non,Non,Oui,Away,83,"[7, 28, 70, 83]",True
961f752bc3e01870,coupe-du-monde,164920,75,2026-09-09T16:41:18Z,Bosnia-Herzegovina,Canada,1,5,3.05,3.72,2.16,1.64,1.34,1.24,1.56,2.39,1.51,2.51,Oui,Oui,Non,Non,Oui,Away,57,"[6, 15, 15, 52, 55, 57]",True
c8dfc2bc49603534,coupe-du-monde,164920,75,2026-09-09T16:41:18Z,Netherlands,Saudi Arabia,2,1,1.67,4.29,4.38,1.18,2.13,1.19,1.42,2.8,1.51,2.52,Oui,Oui,Oui,Non,Non,Home,80,"[36, 42, 80]",True
a91cdc5c61ddb30a,coupe-du-monde,164920,75,2026-09-09T16:41:18Z,Sweden,Tunisia,1,1,2.24,3.45,3.1,1.33,1.6,1.27,1.77,2.02,1.65,2.21,Non,Oui,Non,Oui,Non,Home,70,"[55, 70]",True
edf35ebe4a87cdd1,coupe-du-monde,164920,75,2026-09-09T16:41:18Z,New Zealand,Uzbekistan,1,0,3.05,3.55,2.22,1.61,1.34,1.26,1.68,2.15,1.59,2.33,Non,Non,Oui,Non,Non,Home,67,[67],True
87c533652868b51a,coupe-du-monde,164920,75,2026-09-09T16:41:18Z,Morocco,Australia,0,0,1.75,3.61,4.71,1.16,2.01,1.25,1.85,1.92,1.82,1.96,Non,Non,Non,Oui,Non,,,[],True
29dff0761cf6dec8,coupe-du-monde,164920,75,2026-09-09T16:41:18Z,Mexico,Uruguay,0,1,3.26,3.77,2.05,1.72,1.3,1.23,1.55,2.42,1.52,2.5,Non,Non,Non,Non,Oui,Away,72,[72],True
916efe88b2ea9cf4,coupe-du-monde,164920,75,2026-09-09T16:41:18Z,IR Iran,Jordan,1,4,1.95,3.56,3.76,1.24,1.8,1.26,1.76,2.04,1.68,2.15,Oui,Oui,Non,Non,Oui,Home,75,"[2, 32, 59, 63, 75]",True
9ab7eec04f63831d,coupe-du-monde,164920,75,2026-09-09T16:41:18Z,France,Haiti,5,0,1.17,7.28,14.2,0.99,4.72,1.06,1.33,3.27,2.07,1.73,Oui,Non,Oui,Non,Non,Home,72,"[35, 38, 57, 62, 72]",True
3a28c086fcdd0c1d,coupe-du-monde,164920,75,2026-09-09T16:41:18Z,Algeria,Senegal,2,1,3.23,3.68,2.09,1.69,1.31,1.25,1.61,2.28,1.56,2.4,Oui,Oui,Oui,Non,Non,Home,90,"[50, 85, 90]",True
58e35357facde16f,coupe-du-monde,164920,75,2026-09-09T16:41:18Z,Curacao,USA,2,0,6.39,4.71,1.45,2.66,1.09,1.16,1.47,2.62,1.7,2.12,Non,Non,Oui,Non,Non,Home,51,"[38, 51]",True
1d28260baf851bd8,coupe-du-monde,164920,75,2026-09-09T16:41:18Z,Cote d'Ivoire,Ghana,1,0,1.99,3.82,3.4,1.28,1.76,1.23,1.54,2.45,1.52,2.49,Non,Non,Oui,Non,Non,Home,51,[51],True
baf282ba49a08d27,coupe-du-monde,164920,75,2026-09-09T16:41:18Z,Spain,Qatar,1,1,1.41,4.91,6.85,1.07,2.81,1.15,1.44,2.73,1.7,2.12,Non,Oui,Non,Oui,Non,Away,86,"[14, 86]",True
d025e1d2a5a4a55b,coupe-du-monde,164920,75,2026-09-09T16:41:18Z,Belgium,Iraq,1,1,1.76,3.9,4.26,1.19,2.0,1.22,1.59,2.32,1.61,2.27,Non,Oui,Non,Oui,Non,Home,17,"[8, 17]",True
4741a3c19b269968,coupe-du-monde,164920,75,2026-09-09T16:41:18Z,England,Cabo Verde,1,1,1.5,4.59,5.68,1.11,2.49,1.17,1.44,2.72,1.62,2.26,Non,Oui,Non,Oui,Non,Home,80,"[80, 80]",True
a91b642870c9e5a1,coupe-du-monde,164920,75,2026-09-09T16:41:18Z,Croatia,Argentina,3,0,3.85,4.03,1.81,1.93,1.23,1.21,1.48,2.61,1.51,2.52,Oui,Non,Oui,Non,Non,Home,78,"[54, 67, 78]",True
7e0a82420a342597,coupe-du-monde,164920,75,2026-09-09T16:41:18Z,Switzerland,Korea Republic,2,1,2.12,3.57,3.24,1.31,1.67,1.26,1.68,2.15,1.6,2.3,Oui,Oui,Oui,Non,Non,Home,89,"[46, 68, 89]",True
fb173312933ee301,coupe-du-monde,164920,75,2026-09-09T16:41:18Z,Germany,Paraguay,4,1,1.7,4.29,4.19,1.19,2.08,1.19,1.4,2.9,1.48,2.61,Oui,Oui,Oui,Non,Non,Home,51,"[11, 14, 30, 50, 51]",True
240b0fd81088dbf6,coupe-du-monde,164920,75,2026-09-09T16:41:18Z,South Africa,Colombia,0,3,4.66,4.24,1.64,2.18,1.16,1.19,1.48,2.62,1.57,2.37,Oui,Non,Non,Non,Oui,Away,89,"[20, 24, 89]",True
f66923661778650c,coupe-du-monde,164920,75,2026-09-09T16:41:18Z,Ecuador,Turkiye,4,2,2.22,3.84,2.87,1.38,1.61,1.23,1.47,2.63,1.45,2.7,Oui,Oui,Oui,Non,Non,Away,87,"[23, 29, 33, 69, 75, 87]",True
3bb92a25b9e9c21b,coupe-du-monde,164920,75,2026-09-09T16:41:18Z,Panama,Czechia,2,3,3.76,3.64,1.93,1.81,1.24,1.25,1.7,2.12,1.64,2.22,Oui,Oui,Non,Non,Oui,Home,90,"[25, 34, 40, 59, 90]",True
6f1369230e7fcfb4,coupe-du-monde,164920,75,2026-09-09T16:41:18Z,Scotland,Congo DR,1,0,2.09,3.66,3.24,1.31,1.69,1.25,1.61,2.27,1.56,2.4,Non,Non,Oui,Non,Non,Home,66,[66],True
8c782e993ecd2cbb,coupe-du-monde,164920,78,2026-09-09T16:47:18Z,Senegal,IR Iran,0,1,2.27,3.53,2.97,1.36,1.58,1.26,1.69,2.14,1.59,2.33,Non,Non,Non,Non,Oui,Away,46,[46],True
76eb335b301e1bec,coupe-du-monde,164920,78,2026-09-09T16:47:18Z,Iraq,Bosnia-Herzegovina,1,1,2.47,3.56,2.67,1.43,1.5,1.26,1.65,2.21,1.56,2.39,Non,Oui,Non,Oui,Non,Home,74,"[74, 74]",True
ad42f1cbb3bb03dc,coupe-du-monde,164920,78,2026-09-09T16:47:18Z,Norway,Scotland,1,2,1.92,3.93,3.53,1.26,1.82,1.22,1.49,2.57,1.5,2.55,Oui,Oui,Non,Non,Oui,Away,84,"[34, 82, 84]",True
8f7d55b4ff1fd8d9,coupe-du-monde,164920,78,2026-09-09T16:47:18Z,Argentina,Germany,3,0,1.94,4.32,3.19,1.31,1.8,1.18,1.3,3.46,1.35,3.11,Oui,Non,Oui,Non,Non,Home,72,"[26, 49, 72]",True
44d12c7ab50a4e2b,coupe-du-monde,164920,78,2026-09-09T16:47:18Z,Panama,Cote d'Ivoire,3,1,3.9,3.83,1.84,1.9,1.22,1.23,1.59,2.31,1.59,2.32,Oui,Oui,Oui,Non,Non,Away,83,"[28, 41, 81, 83]",True
44f2da3031c80140,coupe-du-monde,164920,78,2026-09-09T16:47:18Z,Australia,Switzerland,1,1,3.46,3.66,2.01,1.75,1.27,1.25,1.64,2.21,1.59,2.32,Non,Oui,Non,Oui,Non,Home,67,"[44, 67]",True
5499d065766eb603,coupe-du-monde,164920,78,2026-09-09T16:47:18Z,France,Japan,4,1,1.7,4.19,4.31,1.19,2.09,1.19,1.45,2.68,1.52,2.47,Oui,Oui,Oui,Non,Non,Home,82,"[21, 23, 58, 64, 82]",True
4bec8ca2e34e5bf6,coupe-du-monde,164920,78,2026-09-09T16:47:18Z,Canada,South Africa,1,0,2.01,3.72,3.39,1.28,1.74,1.24,1.6,2.31,1.56,2.4,Non,Non,Oui,Non,Non,Home,10,[10],True
bf6d9f1c9e402385,coupe-du-monde,164920,78,2026-09-09T16:47:18Z,Ghana,Egypt,1,0,3.55,3.72,1.96,1.78,1.26,1.24,1.62,2.26,1.58,2.34,Non,Non,Oui,Non,Non,Home,46,[46],True
ba50c861259f40e0,coupe-du-monde,164920,78,2026-09-09T16:47:18Z,Qatar,Algeria,1,3,2.75,3.7,2.35,1.55,1.41,1.24,1.55,2.41,1.5,2.55,Oui,Oui,Non,Non,Oui,Away,80,"[30, 42, 73, 80]",True
ac72838d14593bc4,coupe-du-monde,164920,78,2026-09-09T16:47:18Z,Colombia,Tunisia,0,4,2.0,3.67,3.47,1.27,1.75,1.25,1.64,2.22,1.59,2.32,Oui,Non,Non,Non,Oui,Away,80,"[41, 44, 54, 80]",True
2e1120af01e53909,coupe-du-monde,164920,78,2026-09-09T16:47:18Z,Czechia,England,1,1,4.81,4.29,1.62,2.23,1.15,1.19,1.47,2.63,1.57,2.36,Non,Oui,Non,Oui,Non,Home,27,"[24, 27]",True
e1316a1550afa6b3,coupe-du-monde,164920,78,2026-09-09T16:47:18Z,USA,Jordan,1,0,1.81,3.91,3.99,1.21,1.94,1.22,1.56,2.4,1.57,2.37,Non,Non,Oui,Non,Non,Home,60,[60],True
1bbb6aa488bbbd4f,coupe-du-monde,164920,78,2026-09-09T16:47:18Z,Korea Republic,Turkiye,3,1,2.43,3.81,2.59,1.45,1.52,1.23,1.48,2.6,1.45,2.7,Oui,Oui,Oui,Non,Non,Home,62,"[10, 17, 52, 62]",True
8f5c6f1f543f58cb,coupe-du-monde,164920,78,2026-09-09T16:47:18Z,Brazil,Netherlands,1,1,2.05,4.2,2.98,1.35,1.71,1.19,1.32,3.33,1.35,3.11,Non,Oui,Non,Oui,Non,Away,41,"[26, 41]",True
f9e6821e7c7db429,coupe-du-monde,164920,78,2026-09-09T16:47:18Z,Uzbekistan,Austria,0,2,4.01,3.92,1.8,1.95,1.21,1.22,1.56,2.4,1.57,2.36,Non,Non,Non,Non,Oui,Away,89,"[84, 89]",True
95aeeddf4f6650c4,coupe-du-monde,164920,78,2026-09-09T16:47:18Z,Congo DR,Curacao,3,0,2.0,3.53,3.62,1.25,1.75,1.26,1.76,2.03,1.67,2.16,Oui,Non,Oui,Non,Non,Home,59,"[4, 54, 59]",True
361531b7399acc30,coupe-du-monde,164920,78,2026-09-09T16:47:18Z,Saudi Arabia,Ecuador,0,1,3.43,3.87,1.96,1.79,1.28,1.22,1.51,2.51,1.5,2.53,Non,Non,Non,Non,Oui,Away,71,[71],True
577d22553538e290,coupe-du-monde,164920,78,2026-09-09T16:47:18Z,Portugal,Morocco,0,4,3.07,3.47,2.24,1.6,1.34,1.27,1.74,2.06,1.63,2.24,Oui,Non,Non,Non,Oui,Away,74,"[21, 40, 57, 74]",True
2d9ccf13e63f4e73,coupe-du-monde,164920,78,2026-09-09T16:47:18Z,Uruguay,Croatia,1,2,2.08,3.64,3.28,1.3,1.69,1.25,1.64,2.23,1.57,2.36,Oui,Oui,Non,Non,Oui,Away,79,"[24, 67, 79]",True
e6d45a1c00f4f21b,coupe-du-monde,164920,78,2026-09-09T16:47:18Z,New Zealand,Mexico,1,0,4.96,4.23,1.61,2.24,1.14,1.19,1.52,2.5,1.62,2.26,Non,Non,Oui,Non,Non,Home,52,[52],True
3d74f2344aff4a63,coupe-du-monde,164920,78,2026-09-09T16:47:18Z,Haiti,Belgium,0,5,7.09,4.79,1.41,2.8,1.07,1.15,1.5,2.53,1.77,2.02,Oui,Non,Non,Non,Oui,Away,76,"[31, 34, 46, 75, 76]",True
a0f4918ecf988a1f,coupe-du-monde,164920,78,2026-09-09T16:47:18Z,Paraguay,Sweden,1,3,3.21,3.63,2.11,1.67,1.31,1.25,1.64,2.23,1.57,2.37,Oui,Oui,Non,Non,Oui,Away,87,"[12, 19, 65, 87]",True
616e7c1b281d481a,coupe-du-monde,164920,78,2026-09-09T16:47:18Z,Cabo Verde,Spain,0,5,8.39,5.19,1.34,3.15,1.04,1.13,1.47,2.62,1.85,1.92,Oui,Non,Non,Non,Oui,Away,90,"[23, 29, 74, 88, 90]",True
352c59e29ca350e7,coupe-du-monde,164920,80,2026-09-09T16:51:18Z,Cabo Verde,South Africa,1,0,2.28,3.49,2.99,1.35,1.58,1.27,1.72,2.09,1.61,2.28,Non,Non,Oui,Non,Non,Home,29,[29],True
5a70a882690065b2,coupe-du-monde,164920,80,2026-09-09T16:51:18Z,Congo DR,Ecuador,2,2,3.57,3.82,1.93,1.81,1.26,1.23,1.56,2.4,1.54,2.44,Oui,Oui,Non,Oui,Non,Home,76,"[16, 30, 51, 76]",True
ef02477bcf94912c,coupe-du-monde,164920,80,2026-09-09T16:51:18Z,Uzbekistan,Scotland,0,1,3.06,3.76,2.14,1.65,1.34,1.24,1.53,2.45,1.5,2.55,Non,Non,Non,Non,Oui,Away,20,[20],True
6c0807de01bb3889,coupe-du-monde,164920,80,2026-09-09T16:51:18Z,New Zealand,England,0,2,7.45,5.1,1.37,2.97,1.06,1.14,1.43,2.76,1.74,2.06,Non,Non,Non,Non,Oui,Away,80,"[57, 80]",True
0435168ccdfe7286,coupe-du-monde,164920,80,2026-09-09T16:51:18Z,Colombia,IR Iran,1,2,2.15,3.7,3.07,1.34,1.65,1.24,1.58,2.35,1.52,2.47,Oui,Oui,Non,Non,Oui,Away,70,"[42, 48, 70]",True
45544755806da336,coupe-du-monde,164920,80,2026-09-09T16:51:18Z,Saudi Arabia,Turkiye,1,2,3.15,3.82,2.08,1.69,1.32,1.23,1.51,2.53,1.48,2.59,Oui,Oui,Non,Non,Oui,Away,30,"[12, 19, 30]",True
8457af147108b773,coupe-du-monde,164920,80,2026-09-09T16:51:18Z,Brazil,Switzerland,1,0,2.06,3.86,3.17,1.32,1.71,1.23,1.48,2.59,1.47,2.63,Non,Non,Oui,Non,Non,Home,50,[50],True
ba5b69304232f6be,coupe-du-monde,164920,80,2026-09-09T16:51:18Z,Canada,Sweden,0,3,3.19,3.75,2.08,1.69,1.31,1.24,1.56,2.39,1.52,2.49,Oui,Non,Non,Non,Oui,Away,72,"[15, 47, 72]",True
17df552e20a4b2e5,coupe-du-monde,164920,80,2026-09-09T16:51:18Z,Argentina,Algeria,5,1,1.55,4.64,5.06,1.14,2.38,1.16,1.37,3.04,1.51,2.5,Oui,Oui,Oui,Non,Non,Away,78,"[30, 39, 41, 68, 76, 78]",True
ef96898ea6169a8b,coupe-du-monde,164920,80,2026-09-09T16:51:18Z,Mexico,Japan,1,4,2.69,3.7,2.4,1.53,1.43,1.24,1.55,2.41,1.5,2.56,Oui,Oui,Non,Non,Oui,Away,84,"[25, 27, 55, 67, 84]",True
3975f42a2cab5cd6,coupe-du-monde,164920,80,2026-09-09T16:51:18Z,Australia,Jordan,2,3,2.01,3.62,3.5,1.27,1.75,1.25,1.67,2.16,1.61,2.28,Oui,Oui,Non,Non,Oui,Home,85,"[35, 42, 77, 84, 85]",True
6f44cf01be72b06f,coupe-du-monde,164920,80,2026-09-09T16:51:18Z,Qatar,Tunisia,1,2,2.56,3.46,2.63,1.44,1.47,1.27,1.73,2.08,1.61,2.29,Oui,Oui,Non,Non,Oui,Away,83,"[60, 70, 83]",True
ea08715e27d4544d,coupe-du-monde,164920,80,2026-09-09T16:51:18Z,Uruguay,Spain,1,3,3.62,3.86,1.9,1.83,1.25,1.23,1.54,2.44,1.53,2.46,Oui,Oui,Non,Non,Oui,Away,70,"[7, 24, 26, 70]",True
9ef3351ba8fa52c6,coupe-du-monde,164920,80,2026-09-09T16:51:18Z,Iraq,Germany,2,3,4.56,4.42,1.63,2.2,1.17,1.18,1.4,2.91,1.5,2.53,Oui,Oui,Non,Non,Oui,Away,77,"[1, 39, 40, 59, 77]",True
fcc4a79fe19bfe45,coupe-du-monde,164920,80,2026-09-09T16:51:18Z,USA,Korea Republic,2,3,2.31,3.9,2.7,1.42,1.57,1.22,1.43,2.77,1.42,2.81,Oui,Oui,Non,Non,Oui,Home,79,"[39, 43, 49, 51, 79]",True
fe16c653c96ac829,coupe-du-monde,164920,80,2026-09-09T16:51:18Z,Haiti,Croatia,0,4,6.74,4.56,1.44,2.67,1.08,1.17,1.56,2.39,1.79,1.99,Oui,Non,Non,Non,Oui,Away,58,"[17, 22, 49, 58]",True
60ac320338922e65,coupe-du-monde,164920,80,2026-09-09T16:51:18Z,Czechia,Bosnia-Herzegovina,2,3,2.11,3.72,3.16,1.32,1.68,1.24,1.57,2.37,1.52,2.48,Oui,Oui,Non,Non,Oui,Home,81,"[19, 43, 58, 62, 81]",True
a43f66b3df60758d,coupe-du-monde,164920,80,2026-09-09T16:51:18Z,Paraguay,Senegal,2,2,3.55,3.75,1.95,1.79,1.26,1.24,1.59,2.31,1.56,2.38,Oui,Oui,Non,Oui,Non,Away,71,"[1, 19, 64, 71]",True
0217994f6ee6c158,coupe-du-monde,164920,80,2026-09-09T16:51:18Z,France,Egypt,2,1,1.47,4.72,6.0,1.1,2.59,1.16,1.43,2.76,1.63,2.23,Oui,Oui,Oui,Non,Non,Home,85,"[82, 84, 85]",True
27515dcdfea1a944,coupe-du-monde,164920,80,2026-09-09T16:51:18Z,Norway,Netherlands,2,3,2.74,4.04,2.23,1.6,1.41,1.21,1.37,3.05,1.38,2.98,Oui,Oui,Non,Non,Oui,Home,82,"[5, 32, 61, 78, 82]",True
1595a6a87c64c65b,coupe-du-monde,164920,80,2026-09-09T16:51:18Z,Portugal,Curacao,3,3,1.23,6.52,10.97,1.01,4.02,1.08,1.33,3.28,1.88,1.9,Oui,Oui,Non,Oui,Non,Home,83,"[43, 44, 44, 79, 82, 83]",True
e29f75d6c04e0802,coupe-du-monde,164920,80,2026-09-09T16:51:18Z,Cote d'Ivoire,Belgium,4,1,3.26,3.78,2.05,1.72,1.3,1.23,1.54,2.43,1.51,2.5,Oui,Oui,Oui,Non,Non,Home,88,"[44, 45, 48, 54, 88]",True
877be5adcaabc7e7,coupe-du-monde,164920,80,2026-09-09T16:51:18Z,Panama,Austria,1,4,4.33,3.82,1.76,1.99,1.18,1.23,1.66,2.19,1.66,2.18,Oui,Oui,Non,Non,Oui,Away,58,"[6, 11, 15, 55, 58]",True
9e48dade0b46741b,coupe-du-monde,164920,80,2026-09-09T16:51:18Z,Ghana,Morocco,0,1,7.56,4.34,1.43,2.71,1.06,1.18,1.73,2.08,2.0,1.78,Non,Non,Non,Non,Oui,Away,13,[13],True
28b929b1cf1be64c,coupe-du-monde,164920,82,2026-09-09T16:55:18Z,Czechia,Germany,1,3,3.85,4.23,1.77,1.98,1.23,1.19,1.39,2.94,1.45,2.7,Oui,Oui,Non,Non,Oui,Away,88,"[22, 24, 72, 88]",True
ea165ca70c0d863d,coupe-du-monde,164920,82,2026-09-09T16:55:18Z,Portugal,Ecuador,1,2,1.73,4.34,3.98,1.21,2.04,1.18,1.36,3.07,1.44,2.74,Oui,Oui,Non,Non,Oui,Away,52,"[21, 48, 52]",True
7cf837bc19acd6a8,coupe-du-monde,164920,82,2026-09-09T16:55:18Z,Congo DR,Turkiye,2,1,3.38,3.81,1.99,1.76,1.28,1.23,1.54,2.43,1.52,2.49,Oui,Oui,Oui,Non,Non,Away,86,"[22, 45, 86]",True
a1d3970bdc5677db,coupe-du-monde,164920,82,2026-09-09T16:55:18Z,Uruguay,South Africa,2,3,1.51,4.43,5.83,1.1,2.47,1.18,1.52,2.49,1.69,2.14,Oui,Oui,Non,Non,Oui,Home,76,"[11, 21, 68, 76, 76]",True
c713c623f1a8ae36,coupe-du-monde,164920,82,2026-09-09T16:55:18Z,Iraq,Algeria,0,1,3.2,3.64,2.12,1.67,1.31,1.25,1.63,2.24,1.56,2.38,Non,Non,Non,Non,Oui,Away,49,[49],True
51e7663c888a5313,coupe-du-monde,164920,82,2026-09-09T16:55:18Z,Uzbekistan,Netherlands,0,2,4.42,4.3,1.66,2.14,1.18,1.19,1.42,2.79,1.51,2.51,Non,Non,Non,Non,Oui,Away,80,"[9, 80]",True
5d910285a4e5a3c8,coupe-du-monde,164920,82,2026-09-09T16:55:18Z,Qatar,Colombia,0,2,3.38,3.93,1.96,1.79,1.28,1.22,1.47,2.63,1.47,2.62,Non,Non,Non,Non,Oui,Away,48,"[37, 48]",True
137b5daf3afa2212,coupe-du-monde,164920,82,2026-09-09T16:55:18Z,Argentina,Tunisia,1,0,1.52,4.48,5.55,1.12,2.43,1.17,1.47,2.63,1.63,2.25,Non,Non,Oui,Non,Non,Home,17,[17],True
9a14d72336331541,coupe-du-monde,164920,82,2026-09-09T16:55:18Z,Ghana,Curacao,3,0,1.85,3.74,3.96,1.22,1.89,1.24,1.66,2.19,1.63,2.23,Oui,Non,Oui,Non,Non,Home,86,"[9, 54, 86]",True
0a965e5476199c7e,coupe-du-monde,164920,82,2026-09-09T16:55:18Z,France,Morocco,0,2,2.4,3.38,2.88,1.38,1.53,1.28,1.81,1.97,1.66,2.18,Non,Non,Non,Non,Oui,Away,35,"[18, 35]",True
1aec91c60a124b54,coupe-du-monde,164920,82,2026-09-09T16:55:18Z,Canada,Senegal,1,1,3.45,3.82,1.97,1.78,1.27,1.23,1.54,2.43,1.52,2.48,Non,Oui,Non,Oui,Non,Away,36,"[30, 36]",True
c066b257e8e3e051,coupe-du-monde,164920,82,2026-09-09T16:55:18Z,Paraguay,IR Iran,0,3,3.02,3.59,2.22,1.61,1.35,1.26,1.65,2.2,1.57,2.36,Oui,Non,Non,Non,Oui,Away,61,"[39, 51, 61]",True
09988312aadca6dc,coupe-du-monde,164920,82,2026-09-09T16:55:18Z,Japan,England,1,1,3.39,3.91,1.96,1.78,1.28,1.22,1.48,2.59,1.48,2.59,Non,Oui,Non,Oui,Non,Away,87,"[49, 87]",True
30fcba0bf310b15c,coupe-du-monde,164920,82,2026-09-09T16:55:18Z,Saudi Arabia,USA,1,1,3.76,4.01,1.84,1.9,1.24,1.21,1.47,2.62,1.5,2.55,Non,Oui,Non,Oui,Non,Away,51,"[32, 51]",True
f6aecc74b0f6f981,coupe-du-monde,164920,82,2026-09-09T16:55:18Z,Cabo Verde,Sweden,0,2,3.64,3.69,1.95,1.8,1.25,1.24,1.65,2.2,1.61,2.29,Non,Non,Non,Non,Oui,Away,80,"[17, 80]",True
785ed86c1f0f6a70,coupe-du-monde,164920,82,2026-09-09T16:55:18Z,Norway,Switzerland,4,1,2.7,3.62,2.42,1.52,1.42,1.25,1.6,2.3,1.53,2.47,Oui,Oui,Oui,Non,Non,Home,80,"[10, 28, 50, 69, 80]",True
39b77daaeffe2e80,coupe-du-monde,164920,82,2026-09-09T16:55:18Z,Cote d'Ivoire,Croatia,4,1,3.0,3.63,2.22,1.61,1.35,1.25,1.62,2.27,1.55,2.42,Oui,Oui,Oui,Non,Non,Away,90,"[24, 27, 81, 82, 90]",True
8c7317a167b10063,coupe-du-monde,164920,82,2026-09-09T16:55:18Z,Brazil,Jordan,1,2,1.47,4.72,5.91,1.1,2.58,1.16,1.42,2.81,1.61,2.27,Oui,Oui,Non,Non,Oui,Home,42,"[20, 30, 42]",True
7362c358957f1139,coupe-du-monde,164920,82,2026-09-09T16:55:18Z,Panama,Scotland,1,1,3.61,3.67,1.96,1.79,1.25,1.25,1.65,2.2,1.6,2.29,Non,Oui,Non,Oui,Non,Away,42,"[28, 42]",True
e359bea5e97bc93d,coupe-du-monde,164920,82,2026-09-09T16:55:18Z,Mexico,Egypt,2,3,2.25,3.64,2.93,1.36,1.59,1.25,1.6,2.29,1.53,2.45,Oui,Oui,Non,Non,Oui,Away,85,"[28, 30, 39, 75, 85]",True
9b133966635484c3,coupe-du-monde,164920,82,2026-09-09T16:55:18Z,Belgium,Austria,3,0,2.17,3.7,3.04,1.34,1.64,1.24,1.57,2.36,1.52,2.48,Oui,Non,Oui,Non,Non,Home,84,"[21, 41, 84]",True
e4b68bf09e6cdec2,coupe-du-monde,164920,82,2026-09-09T16:55:18Z,Haiti,Spain,0,3,14.78,6.9,1.18,4.62,0.99,1.07,1.4,2.91,2.21,1.65,Oui,Non,Non,Non,Oui,Away,69,"[20, 50, 69]",True
03faf52f66e4fc05,coupe-du-monde,164920,82,2026-09-09T16:55:18Z,New Zealand,Bosnia-Herzegovina,2,3,3.06,3.55,2.22,1.61,1.34,1.26,1.68,2.16,1.59,2.33,Oui,Oui,Non,Non,Oui,Home,79,"[3, 12, 55, 66, 79]",True
d1b36d4d33891033,coupe-du-monde,164920,82,2026-09-09T16:55:18Z,Australia,Korea Republic,4,0,2.52,3.73,2.53,1.48,1.48,1.24,1.53,2.47,1.48,2.61,Oui,Non,Oui,Non,Non,Home,74,"[29, 35, 69, 74]",True
0c7e5a0d62aabdcc,coupe-du-monde,164920,85,2026-09-09T17:01:18Z,Colombia,Cabo Verde,1,1,1.79,3.98,4.01,1.21,1.96,1.21,1.52,2.5,1.54,2.43,Non,Oui,Non,Oui,Non,Away,80,"[55, 80]",True
bdbc9f5e0d73c39a,coupe-du-monde,164920,85,2026-09-09T17:01:18Z,Morocco,Belgium,1,1,2.05,3.37,3.63,1.25,1.71,1.29,1.91,1.87,1.76,2.03,Non,Oui,Non,Oui,Non,Home,14,"[3, 14]",True
3af5c6520150eef8,coupe-du-monde,164920,85,2026-09-09T17:01:18Z,Paraguay,Argentina,2,1,6.17,4.93,1.44,2.69,1.09,1.14,1.38,2.98,1.6,2.29,Oui,Oui,Oui,Non,Non,Away,56,"[15, 37, 56]",True
a01d0c83e4d190f5,coupe-du-monde,164920,85,2026-09-09T17:01:18Z,Switzerland,France,3,3,4.04,4.0,1.78,1.97,1.21,1.21,1.51,2.51,1.54,2.43,Oui,Oui,Non,Oui,Non,Away,70,"[12, 38, 42, 57, 63, 70]",True
9bfadf597a290b17,coupe-du-monde,164920,85,2026-09-09T17:01:18Z,Ecuador,Uzbekistan,0,1,2.0,3.79,3.37,1.29,1.75,1.23,1.55,2.42,1.52,2.48,Non,Non,Non,Non,Oui,Away,80,[80],True
65e98309cebd0d73,coupe-du-monde,164920,85,2026-09-09T17:01:18Z,Algeria,Haiti,1,2,1.68,3.95,4.72,1.16,2.11,1.22,1.63,2.24,1.68,2.16,Oui,Oui,Non,Non,Oui,Away,80,"[23, 74, 80]",True
9a169558a2c6b0ea,coupe-du-monde,164920,85,2026-09-09T17:01:18Z,South Africa,New Zealand,1,2,2.37,3.45,2.87,1.38,1.54,1.27,1.75,2.05,1.62,2.25,Oui,Oui,Non,Non,Oui,Home,43,"[27, 37, 43]",True
35c457fe9a09a41f,coupe-du-monde,164920,85,2026-09-09T17:01:18Z,Scotland,England,0,2,4.99,4.48,1.57,2.32,1.14,1.17,1.42,2.83,1.55,2.42,Non,Non,Non,Non,Oui,Away,71,"[59, 71]",True
feabb0629839c512,coupe-du-monde,164920,85,2026-09-09T17:01:18Z,Bosnia-Herzegovina,Austria,0,0,3.93,3.97,1.81,1.94,1.22,1.21,1.52,2.49,1.54,2.43,Non,Non,Non,Oui,Non,,,[],True
02e7c42a652fdca3,coupe-du-monde,164920,85,2026-09-09T17:01:18Z,Curacao,Panama,1,1,3.55,3.51,2.02,1.73,1.26,1.27,1.77,2.03,1.67,2.17,Non,Oui,Non,Oui,Non,Home,41,"[22, 41]",True
2b2298e560f5ecca,coupe-du-monde,164920,85,2026-09-09T17:01:18Z,Senegal,Iraq,3,2,1.89,3.73,3.82,1.23,1.85,1.24,1.64,2.21,1.62,2.27,Oui,Oui,Oui,Non,Non,Away,83,"[5, 34, 36, 47, 83]",True
5d588e2c10840826,coupe-du-monde,164920,85,2026-09-09T17:01:18Z,Croatia,Egypt,2,3,2.22,3.55,3.05,1.34,1.61,1.26,1.68,2.16,1.58,2.33,Oui,Oui,Non,Non,Oui,Away,87,"[8, 22, 26, 52, 87]",True
936a0cfb1ea65d77,coupe-du-monde,164920,85,2026-09-09T17:01:18Z,Jordan,Ghana,0,1,2.61,3.48,2.57,1.46,1.45,1.27,1.71,2.11,1.59,2.31,Non,Non,Non,Non,Oui,Away,21,[21],True
9b08608da11bf94b,coupe-du-monde,164920,85,2026-09-09T17:01:18Z,IR Iran,Australia,1,1,2.47,3.61,2.64,1.44,1.5,1.25,1.61,2.29,1.53,2.46,Non,Oui,Non,Oui,Non,Away,58,"[20, 58]",True
609e018071fb61c9,coupe-du-monde,164920,85,2026-09-09T17:01:18Z,Turkiye,Norway,1,5,3.26,4.0,1.99,1.76,1.3,1.21,1.43,2.78,1.44,2.74,Oui,Oui,Non,Non,Oui,Home,75,"[38, 39, 44, 48, 55, 75]",True
f64041c9fd1603b6,coupe-du-monde,164920,85,2026-09-09T17:01:18Z,Germany,Cote d'Ivoire,2,0,1.94,4.11,3.31,1.29,1.8,1.2,1.39,2.96,1.42,2.83,Non,Non,Oui,Non,Non,Home,81,"[24, 81]",True
d00ade79605b4f02,coupe-du-monde,164920,85,2026-09-09T17:01:18Z,Sweden,Czechia,2,1,2.32,3.64,2.82,1.39,1.56,1.25,1.6,2.3,1.53,2.47,Oui,Oui,Oui,Non,Non,Home,79,"[43, 44, 79]",True
92ca635793a749bd,coupe-du-monde,164920,85,2026-09-09T17:01:18Z,Qatar,Canada,2,2,2.45,3.77,2.58,1.46,1.5,1.23,1.5,2.55,1.46,2.66,Oui,Oui,Non,Oui,Non,Home,69,"[35, 40, 55, 69]",True
a0e612bcdb4a82a3,coupe-du-monde,164920,85,2026-09-09T17:01:18Z,Korea Republic,Portugal,1,1,3.9,4.26,1.76,2.0,1.22,1.19,1.38,2.98,1.45,2.71,Non,Oui,Non,Oui,Non,Home,55,"[28, 55]",True
a64fb1e2875504df,coupe-du-monde,164920,85,2026-09-09T17:01:18Z,Saudi Arabia,Congo DR,1,2,2.33,3.56,2.85,1.38,1.55,1.26,1.65,2.2,1.56,2.38,Oui,Oui,Non,Non,Oui,Away,47,"[17, 30, 47]",True
268588fa96073a89,coupe-du-monde,164920,85,2026-09-09T17:01:18Z,Netherlands,Mexico,1,2,2.26,3.92,2.76,1.41,1.59,1.22,1.43,2.79,1.42,2.81,Oui,Oui,Non,Non,Oui,Away,57,"[36, 43, 57]",True
9bd3876a9715af5e,coupe-du-monde,164920,85,2026-09-09T17:01:18Z,Tunisia,Uruguay,2,1,4.61,3.8,1.72,2.04,1.16,1.23,1.7,2.12,1.71,2.1,Oui,Oui,Oui,Non,Non,Home,65,"[6, 53, 65]",True
3555d360c2a5aba4,coupe-du-monde,164920,85,2026-09-09T17:01:18Z,Spain,Japan,4,0,1.66,4.1,4.7,1.16,2.15,1.2,1.54,2.43,1.61,2.27,Oui,Non,Oui,Non,Non,Home,51,"[37, 38, 43, 51]",True
9a6590064bd3ab8a,coupe-du-monde,164920,85,2026-09-09T17:01:18Z,USA,Brazil,0,1,3.52,4.27,1.85,1.89,1.27,1.19,1.34,3.18,1.4,2.9,Non,Non,Non,Non,Oui,Away,58,[58],True
b3c3609435932790,coupe-du-monde,164920,87,2026-09-09T17:05:18Z,Morocco,Croatia,4,0,1.95,3.34,4.04,1.21,1.8,1.29,2.0,1.78,1.85,1.92,Oui,Non,Oui,Non,Non,Home,70,"[4, 65, 68, 70]",True
547c2c5f98050447,coupe-du-monde,164920,87,2026-09-09T17:05:18Z,Switzerland,Mexico,3,2,2.29,3.61,2.89,1.38,1.57,1.25,1.62,2.25,1.55,2.42,Oui,Oui,Oui,Non,Non,Home,76,"[24, 32, 46, 61, 76]",True
be58eca03b0afbfa,coupe-du-monde,164920,87,2026-09-09T17:05:18Z,Bosnia-Herzegovina,Scotland,0,0,2.98,3.69,2.21,1.62,1.36,1.24,1.58,2.35,1.52,2.48,Non,Non,Non,Oui,Non,,,[],True
5772a5a8e02fa7b2,coupe-du-monde,164920,87,2026-09-09T17:05:18Z,Algeria,Cote d'Ivoire,2,0,2.62,3.7,2.45,1.5,1.45,1.24,1.55,2.41,1.5,2.56,Non,Non,Oui,Non,Non,Home,67,"[53, 67]",True
4d2e42bd05656e55,coupe-du-monde,164920,87,2026-09-09T17:05:18Z,Sweden,New Zealand,3,0,1.69,3.96,4.6,1.16,2.09,1.22,1.61,2.29,1.65,2.2,Oui,Non,Oui,Non,Non,Home,40,"[4, 14, 40]",True
853fab836ce2ce08,coupe-du-monde,164920,87,2026-09-09T17:05:18Z,Australia,Brazil,1,1,4.39,4.45,1.65,2.17,1.18,1.18,1.37,3.04,1.47,2.63,Non,Oui,Non,Oui,Non,Home,55,"[39, 55]",True
8fda4b1bb774bfb9,coupe-du-monde,164920,87,2026-09-09T17:05:18Z,Korea Republic,Ghana,0,0,1.99,3.88,3.34,1.29,1.76,1.22,1.5,2.56,1.49,2.58,Non,Non,Non,Oui,Non,,,[],True
894a34413f0da7d1,coupe-du-monde,164920,87,2026-09-09T17:05:18Z,Germany,Austria,1,0,2.13,4.0,2.93,1.37,1.66,1.21,1.4,2.9,1.41,2.87,Non,Non,Oui,Non,Non,Home,51,[51],True
0d43e5e0d9b62c88,coupe-du-monde,164920,87,2026-09-09T17:05:18Z,Colombia,Uruguay,1,3,3.05,3.83,2.12,1.67,1.34,1.23,1.49,2.57,1.47,2.63,Oui,Oui,Non,Non,Oui,Away,88,"[20, 37, 70, 88]",True
91639c832eec3c06,coupe-du-monde,164920,87,2026-09-09T17:05:18Z,Ecuador,Panama,1,2,1.85,3.77,3.94,1.22,1.89,1.24,1.64,2.23,1.62,2.26,Oui,Oui,Non,Non,Oui,Away,86,"[22, 39, 86]",True
4b75ffe1ba47f621,coupe-du-monde,164920,87,2026-09-09T17:05:18Z,Turkiye,Uzbekistan,0,2,2.08,3.86,3.13,1.33,1.7,1.23,1.48,2.59,1.47,2.63,Non,Non,Non,Non,Oui,Away,89,"[21, 89]",True
921645dfa78774d7,coupe-du-monde,164920,87,2026-09-09T17:05:18Z,Jordan,France,2,4,8.66,5.45,1.31,3.28,1.04,1.12,1.42,2.81,1.82,1.96,Oui,Oui,Non,Non,Oui,Home,86,"[12, 23, 23, 66, 67, 86]",True
079a3cb4e005f46d,coupe-du-monde,164920,87,2026-09-09T17:05:18Z,Netherlands,England,3,2,3.23,4.07,1.98,1.77,1.31,1.21,1.39,2.93,1.42,2.83,Oui,Oui,Oui,Non,Non,Away,79,"[21, 41, 59, 59, 79]",True
54ccac0d7bb4aa19,coupe-du-monde,164920,87,2026-09-09T17:05:18Z,USA,Norway,3,0,2.82,3.96,2.21,1.62,1.39,1.22,1.41,2.84,1.41,2.84,Oui,Non,Oui,Non,Non,Home,86,"[19, 83, 86]",True
995742b0666738db,coupe-du-monde,164920,87,2026-09-09T17:05:18Z,Senegal,Czechia,2,3,2.17,3.62,3.1,1.33,1.64,1.25,1.63,2.23,1.56,2.38,Oui,Oui,Non,Non,Oui,Away,86,"[12, 25, 74, 79, 86]",True
0cb9f224872d6373,coupe-du-monde,164920,87,2026-09-09T17:05:18Z,Qatar,Cabo Verde,2,3,2.25,3.66,2.93,1.37,1.6,1.25,1.59,2.31,1.53,2.46,Oui,Oui,Non,Non,Oui,Home,64,"[15, 19, 45, 54, 64]",True
f3d3d6436f75f044,coupe-du-monde,164920,87,2026-09-09T17:05:18Z,Paraguay,Iraq,1,0,2.42,3.56,2.73,1.42,1.52,1.26,1.65,2.2,1.56,2.39,Non,Non,Oui,Non,Non,Home,57,[57],True
d279b4b216f83796,coupe-du-monde,164920,87,2026-09-09T17:05:18Z,Spain,Egypt,2,0,1.48,4.5,6.09,1.1,2.54,1.17,1.52,2.5,1.71,2.11,Non,Non,Oui,Non,Non,Home,18,"[5, 18]",True
7115d1edfe6120cc,coupe-du-monde,164920,87,2026-09-09T17:05:18Z,South Africa,Japan,1,0,4.85,4.04,1.65,2.16,1.15,1.21,1.59,2.32,1.66,2.19,Non,Non,Oui,Non,Non,Home,34,[34],True
dd030b418b8925b9,coupe-du-monde,164920,87,2026-09-09T17:05:18Z,Canada,Argentina,1,1,5.88,5.01,1.45,2.66,1.1,1.14,1.33,3.22,1.55,2.42,Non,Oui,Non,Oui,Non,Away,73,"[21, 73]",True
d8c91d9711cf492c,coupe-du-monde,164920,87,2026-09-09T17:05:18Z,Tunisia,Haiti,3,1,1.81,3.6,4.36,1.18,1.93,1.26,1.82,1.96,1.77,2.03,Oui,Oui,Oui,Non,Non,Home,46,"[8, 15, 28, 46]",True
6c51afbd7743cdc9,coupe-du-monde,164920,87,2026-09-09T17:05:18Z,Saudi Arabia,Portugal,0,3,5.68,4.91,1.47,2.58,1.11,1.15,1.35,3.14,1.55,2.42,Oui,Non,Non,Non,Oui,Away,46,"[29, 43, 46]",True
a9e21ba0037279e6,coupe-du-monde,164920,87,2026-09-09T17:05:18Z,IR Iran,Congo DR,2,1,1.94,3.6,3.74,1.24,1.8,1.25,1.73,2.08,1.66,2.19,Oui,Oui,Oui,Non,Non,Away,75,"[27, 62, 75]",True
749c00e7dfb6037f,coupe-du-monde,164920,87,2026-09-09T17:05:18Z,Curacao,Belgium,0,5,8.72,5.34,1.32,3.25,1.04,1.12,1.45,2.7,1.85,1.92,Oui,Non,Non,Non,Oui,Away,75,"[22, 27, 36, 67, 75]",True
f1a92d82968eea5f,coupe-du-monde,164920,90,2026-09-09T17:11:18Z,Belgium,Jordan,1,1,1.7,3.95,4.58,1.17,2.08,1.22,1.61,2.28,1.65,2.2,Non,Oui,Non,Oui,Non,Home,89,"[81, 89]",True
a3873ea97ca38aed,coupe-du-monde,164920,90,2026-09-09T17:11:18Z,Croatia,Switzerland,0,1,2.69,3.39,2.54,1.47,1.43,1.28,1.79,1.99,1.65,2.21,Non,Non,Non,Non,Oui,Away,86,[86],True
f3b4686620d2fac9,coupe-du-monde,164920,90,2026-09-09T17:11:18Z,Bosnia-Herzegovina,Curacao,1,3,1.88,3.71,3.89,1.22,1.86,1.24,1.67,2.17,1.63,2.23,Oui,Oui,Non,Non,Oui,Away,69,"[32, 36, 39, 69]",True
bdc1239cd0a9b7a2,coupe-du-monde,164920,90,2026-09-09T17:11:18Z,Cabo Verde,IR Iran,1,0,3.39,3.59,2.06,1.71,1.28,1.26,1.68,2.15,1.61,2.29,Non,Non,Oui,Non,Non,Home,35,[35],True
2b17e42a4cfbb94f,coupe-du-monde,164920,90,2026-09-09T17:11:18Z,Uruguay,Canada,1,1,1.7,4.08,4.4,1.18,2.08,1.2,1.52,2.49,1.57,2.36,Non,Oui,Non,Oui,Non,Home,45,"[31, 45]",True
03c2891b07ab765a,coupe-du-monde,164920,90,2026-09-09T17:11:18Z,Cote d'Ivoire,Senegal,0,1,2.98,3.7,2.2,1.62,1.36,1.24,1.56,2.38,1.51,2.51,Non,Non,Non,Non,Oui,Away,86,[86],True
485f840f4e5b3062,coupe-du-monde,164920,90,2026-09-09T17:11:18Z,Ghana,Australia,1,1,3.33,3.81,2.01,1.75,1.29,1.23,1.53,2.46,1.51,2.52,Non,Oui,Non,Oui,Non,Home,28,"[25, 28]",True
645149f5b65162c6,coupe-du-monde,164920,90,2026-09-09T17:11:18Z,Panama,Korea Republic,1,0,4.02,3.81,1.82,1.92,1.21,1.23,1.62,2.26,1.61,2.27,Non,Non,Oui,Non,Non,Home,60,[60],True
6d2b606cae4d773c,coupe-du-monde,164920,90,2026-09-09T17:11:18Z,Egypt,Algeria,1,0,2.45,3.51,2.73,1.42,1.51,1.27,1.69,2.14,1.58,2.34,Non,Non,Oui,Non,Non,Home,22,[22],True
53940b935f1a5c8f,coupe-du-monde,164920,90,2026-09-09T17:11:18Z,New Zealand,Colombia,2,3,5.33,4.46,1.54,2.38,1.12,1.17,1.46,2.66,1.61,2.28,Oui,Oui,Non,Non,Oui,Home,90,"[5, 24, 58, 74, 90]",True
0887ed8b219f2052,coupe-du-monde,164920,90,2026-09-09T17:11:18Z,Norway,Congo DR,3,0,1.59,4.32,4.97,1.14,2.27,1.18,1.48,2.61,1.59,2.32,Oui,Non,Oui,Non,Non,Home,68,"[47, 48, 68]",True
4b50e870313807ed,coupe-du-monde,164920,90,2026-09-09T17:11:18Z,France,USA,2,4,1.51,4.81,5.21,1.13,2.46,1.15,1.33,3.23,1.5,2.55,Oui,Oui,Non,Non,Oui,Away,83,"[9, 15, 36, 60, 64, 83]",True
a669cedafbea175d,coupe-du-monde,164920,90,2026-09-09T17:11:18Z,Haiti,Paraguay,3,2,4.15,3.86,1.79,1.96,1.2,1.23,1.61,2.29,1.61,2.27,Oui,Oui,Oui,Non,Non,Home,75,"[7, 35, 65, 71, 75]",True
b095a4a12bcd4cd5,coupe-du-monde,164920,90,2026-09-09T17:11:18Z,Austria,Sweden,1,1,2.44,3.63,2.66,1.43,1.51,1.25,1.59,2.32,1.52,2.49,Non,Oui,Non,Oui,Non,Away,77,"[60, 77]",True
e056dcb9836e8a55,coupe-du-monde,164920,90,2026-09-09T17:11:18Z,Iraq,Argentina,1,3,6.35,4.97,1.43,2.74,1.09,1.14,1.38,2.97,1.62,2.26,Oui,Oui,Non,Non,Oui,Away,83,"[35, 49, 62, 83]",True
485dce36f53f7217,coupe-du-monde,164920,90,2026-09-09T17:11:18Z,Morocco,Germany,1,0,2.01,3.6,3.52,1.26,1.75,1.25,1.7,2.12,1.63,2.24,Non,Non,Oui,Non,Non,Home,28,[28],True
256ae62d8cfab489,coupe-du-monde,164920,90,2026-09-09T17:11:18Z,Spain,Netherlands,1,0,1.72,4.21,4.17,1.2,2.06,1.19,1.44,2.75,1.5,2.53,Non,Non,Oui,Non,Non,Home,62,[62],True
f3314b56981c344f,coupe-du-monde,164920,90,2026-09-09T17:11:18Z,Uzbekistan,Saudi Arabia,0,4,2.52,3.64,2.58,1.46,1.48,1.25,1.59,2.32,1.52,2.49,Oui,Non,Non,Non,Oui,Away,67,"[18, 28, 56, 67]",True
5e0a6231dc15af69,coupe-du-monde,164920,90,2026-09-09T17:11:18Z,Portugal,Brazil,2,1,2.47,4.2,2.4,1.53,1.5,1.19,1.3,3.45,1.33,3.23,Oui,Oui,Oui,Non,Non,Away,60,"[13, 36, 60]",True
aefd221d7b757075,coupe-du-monde,164920,90,2026-09-09T17:11:18Z,Mexico,Turkiye,2,2,2.09,3.89,3.07,1.34,1.69,1.22,1.46,2.66,1.45,2.69,Oui,Oui,Non,Oui,Non,Home,76,"[21, 24, 55, 76]",True
bd29ab66e2e9f62a,coupe-du-monde,164920,90,2026-09-09T17:11:18Z,Czechia,Qatar,4,0,2.44,3.67,2.65,1.44,1.51,1.25,1.57,2.36,1.51,2.52,Oui,Non,Oui,Non,Non,Home,83,"[34, 57, 69, 83]",True
cb14cea9c6a44ba0,coupe-du-monde,164920,90,2026-09-09T17:11:18Z,Scotland,South Africa,3,0,2.05,3.71,3.31,1.29,1.72,1.24,1.59,2.31,1.55,2.41,Oui,Non,Oui,Non,Non,Home,79,"[32, 78, 79]",True
f8a678d9ff3ea063,coupe-du-monde,164920,90,2026-09-09T17:11:18Z,Japan,Tunisia,0,1,1.89,3.62,3.93,1.22,1.85,1.25,1.74,2.06,1.68,2.15,Non,Non,Non,Non,Oui,Away,8,[8],True
db14a88c353d073a,coupe-du-monde,164920,90,2026-09-09T17:11:18Z,England,Ecuador,0,0,1.68,4.23,4.37,1.18,2.11,1.19,1.45,2.7,1.53,2.47,Non,Non,Non,Oui,Non,,,[],True
5b671a5053c20fb5,coupe-du-monde,164920,92,2026-09-09T17:15:18Z,Egypt,Tunisia,2,0,2.48,3.35,2.79,1.4,1.49,1.29,1.84,1.94,1.67,2.16,Non,Non,Oui,Non,Non,Home,44,"[27, 44]",True
ceb8008ff404c8d1,coupe-du-monde,164920,92,2026-09-09T17:15:18Z,Belgium,Korea Republic,2,1,2.07,3.77,3.21,1.31,1.7,1.23,1.54,2.43,1.51,2.51,Oui,Oui,Oui,Non,Non,Home,88,"[87, 87, 88]",True
28f5e1b02c5503e5,coupe-du-monde,164920,92,2026-09-09T17:15:18Z,France,Australia,4,0,1.43,4.99,6.14,1.09,2.7,1.14,1.36,3.07,1.59,2.33,Oui,Non,Oui,Non,Non,Home,88,"[10, 28, 57, 88]",True
b1f10165d59ffe65,coupe-du-monde,164920,92,2026-09-09T17:15:18Z,Croatia,Jordan,2,3,1.76,3.83,4.35,1.18,2.0,1.23,1.65,2.2,1.66,2.19,Oui,Oui,Non,Non,Oui,Away,86,"[25, 27, 32, 52, 86]",True
90d27be99e86b1a6,coupe-du-monde,164920,92,2026-09-09T17:15:18Z,Mexico,USA,1,3,2.3,3.91,2.7,1.42,1.57,1.22,1.43,2.79,1.42,2.82,Oui,Oui,Non,Non,Oui,Home,84,"[1, 28, 49, 84]",True
7bd37b37d4bac653,coupe-du-monde,164920,92,2026-09-09T17:15:18Z,Spain,Switzerland,2,1,1.75,3.81,4.41,1.18,2.01,1.23,1.67,2.17,1.68,2.15,Oui,Oui,Oui,Non,Non,Home,45,"[7, 41, 45]",True
f8cb43b74e3ecb16,coupe-du-monde,164920,92,2026-09-09T17:15:18Z,Morocco,Algeria,1,2,1.64,3.75,5.46,1.12,2.18,1.24,1.86,1.91,1.91,1.87,Oui,Oui,Non,Non,Oui,Away,75,"[16, 66, 75]",True
5016ae8008eec649,coupe-du-monde,164920,92,2026-09-09T17:15:18Z,Ghana,Brazil,1,4,5.82,5.01,1.45,2.64,1.11,1.14,1.33,3.22,1.54,2.42,Oui,Oui,Non,Non,Oui,Away,68,"[20, 39, 54, 57, 68]",True
cf5668e9eea9b34e,coupe-du-monde,164920,92,2026-09-09T17:15:18Z,Bosnia-Herzegovina,Ecuador,1,1,3.36,3.83,2.0,1.76,1.29,1.23,1.53,2.47,1.51,2.52,Non,Oui,Non,Oui,Non,Home,84,"[32, 84]",True
256f8d8abdece653,coupe-du-monde,164920,92,2026-09-09T17:15:18Z,Czechia,Argentina,1,1,5.37,4.72,1.51,2.46,1.12,1.16,1.38,3.0,1.54,2.43,Non,Oui,Non,Oui,Non,Away,42,"[27, 42]",True
d66b3fff15c48270,coupe-du-monde,164920,92,2026-09-09T17:15:18Z,Panama,Saudi Arabia,2,2,2.94,3.46,2.32,1.56,1.36,1.27,1.74,2.06,1.62,2.26,Oui,Oui,Non,Oui,Non,Away,86,"[18, 31, 62, 86]",True
ff90726282fcfddd,coupe-du-monde,164920,92,2026-09-09T17:15:18Z,Scotland,Sweden,1,0,2.96,3.74,2.2,1.62,1.36,1.24,1.54,2.43,1.5,2.55,Non,Non,Oui,Non,Non,Home,67,[67],True
796547badaddf566,coupe-du-monde,164920,92,2026-09-09T17:15:18Z,Netherlands,South Africa,1,1,1.57,4.45,5.04,1.14,2.32,1.17,1.43,2.76,1.56,2.38,Non,Oui,Non,Oui,Non,Home,86,"[60, 86]",True
87813c368fb158c6,coupe-du-monde,164920,92,2026-09-09T17:15:18Z,New Zealand,Qatar,3,2,3.59,3.77,1.94,1.81,1.26,1.23,1.58,2.33,1.56,2.39,Oui,Oui,Oui,Non,Non,Away,86,"[33, 38, 47, 83, 86]",True
7c1dd7d4e19dd4a1,coupe-du-monde,164920,92,2026-09-09T17:15:18Z,Cote d'Ivoire,Paraguay,3,1,2.15,3.74,3.05,1.34,1.65,1.24,1.55,2.42,1.5,2.53,Oui,Oui,Oui,Non,Non,Home,83,"[24, 46, 76, 83]",True
a45d208957de3ade,coupe-du-monde,164920,92,2026-09-09T17:15:18Z,Norway,Portugal,4,1,3.12,4.2,1.99,1.76,1.33,1.19,1.33,3.24,1.37,3.02,Oui,Oui,Oui,Non,Non,Away,71,"[4, 11, 39, 61, 71]",True
6f0e2eea324e5906,coupe-du-monde,164920,92,2026-09-09T17:15:18Z,Japan,Colombia,1,2,2.5,3.76,2.54,1.47,1.49,1.24,1.51,2.52,1.47,2.64,Oui,Oui,Non,Non,Oui,Away,56,"[10, 50, 56]",True
6cf75a1f6fa577e4,coupe-du-monde,164920,92,2026-09-09T17:15:18Z,Haiti,Canada,0,1,4.15,3.91,1.77,1.98,1.2,1.22,1.57,2.35,1.59,2.31,Non,Non,Non,Non,Oui,Away,65,[65],True
e51a0e47eb8654ef,coupe-du-monde,164920,92,2026-09-09T17:15:18Z,Iraq,IR Iran,3,3,3.25,3.55,2.13,1.66,1.31,1.26,1.7,2.12,1.61,2.28,Oui,Oui,Non,Oui,Non,Home,90,"[8, 10, 35, 54, 73, 90]",True
20834e94ccbb82ac,coupe-du-monde,164920,92,2026-09-09T17:15:18Z,Uzbekistan,Congo DR,2,1,2.36,3.61,2.79,1.4,1.54,1.25,1.61,2.28,1.54,2.45,Oui,Oui,Oui,Non,Non,Home,69,"[43, 52, 69]",True
65045fccfdeba747,coupe-du-monde,164920,92,2026-09-09T17:15:18Z,Germany,Curacao,3,0,1.29,5.79,9.09,1.03,3.47,1.11,1.37,3.04,1.79,1.99,Oui,Non,Oui,Non,Non,Home,53,"[9, 16, 53]",True
b6344bb425387741,coupe-du-monde,164920,92,2026-09-09T17:15:18Z,Austria,Senegal,0,2,2.69,3.61,2.43,1.51,1.43,1.25,1.61,2.27,1.54,2.44,Non,Non,Non,Non,Oui,Away,44,"[20, 44]",True
71762150efc1142e,coupe-du-monde,164920,92,2026-09-09T17:15:18Z,England,Turkiye,2,0,1.59,4.53,4.71,1.16,2.27,1.17,1.37,3.04,1.49,2.57,Non,Non,Oui,Non,Non,Home,83,"[36, 83]",True
acff671eab50098e,coupe-du-monde,164920,92,2026-09-09T17:15:18Z,Uruguay,Cabo Verde,0,1,1.6,4.1,5.18,1.13,2.25,1.2,1.6,2.3,1.69,2.13,Non,Non,Non,Non,Oui,Away,10,[10],True
