match_key,league,season_id,round_number,expected_start,home_team,away_team,home_score,away_score,odds_1,odds_X,odds_2,odds_dc_1x,odds_dc_x2,odds_dc_12,odds_over_2_5,odds_under_2_5,odds_btts_yes,odds_btts_no,over_2_5,btts,home_win,draw,away_win,first_goal_team,last_goal_minute,goal_timeline,had_odds
37b2ccd5e36c7f42,coupe-du-monde,164938,1,2026-09-09T17:24:18Z,Switzerland,Portugal,1,2,2.94,3.77,2.2,1.62,1.36,1.23,1.52,2.5,1.48,2.6,Oui,Oui,Non,Non,Oui,Home,72,"[20, 65, 72]",True
1cd425267c8f5381,coupe-du-monde,164938,1,2026-09-09T17:24:18Z,Iraq,Brazil,0,3,5.29,4.61,1.53,2.42,1.13,1.16,1.41,2.87,1.56,2.38,Oui,Non,Non,Non,Oui,Away,73,"[16, 20, 73]",True
81cbac7012eefbf1,coupe-du-monde,164938,1,2026-09-09T17:24:18Z,Mexico,South Africa,2,0,1.69,4.09,4.45,1.18,2.09,1.2,1.52,2.5,1.58,2.35,Non,Non,Oui,Non,Non,Home,56,"[44, 56]",True
76babf869069fb8b,coupe-du-monde,164938,1,2026-09-09T17:24:18Z,Senegal,Panama,2,1,1.63,4.03,5.07,1.14,2.2,1.21,1.63,2.24,1.71,2.11,Oui,Oui,Oui,Non,Non,Home,87,"[69, 71, 87]",True
a7304034a585d68e,coupe-du-monde,164938,1,2026-09-09T17:24:18Z,Uzbekistan,Germany,1,4,4.96,4.56,1.56,2.33,1.14,1.17,1.38,2.97,1.52,2.49,Oui,Oui,Non,Non,Oui,Away,89,"[9, 26, 55, 56, 89]",True
d3f554087cb3caf4,coupe-du-monde,164938,1,2026-09-09T17:24:18Z,England,Morocco,1,0,3.03,3.36,2.32,1.56,1.35,1.29,1.85,1.93,1.69,2.14,Non,Non,Oui,Non,Non,Home,66,[66],True
a271e866df8f041f,coupe-du-monde,164938,1,2026-09-09T17:24:18Z,Ghana,IR Iran,2,3,3.63,3.7,1.94,1.8,1.25,1.24,1.64,2.23,1.6,2.31,Oui,Oui,Non,Non,Oui,Away,90,"[44, 45, 45, 88, 90]",True
eb8d30c73298aba5,coupe-du-monde,164938,1,2026-09-09T17:24:18Z,USA,Argentina,1,4,4.38,4.5,1.64,2.18,1.18,1.17,1.35,3.14,1.46,2.68,Oui,Oui,Non,Non,Oui,Home,84,"[33, 37, 38, 46, 84]",True
1428f7a7139f54cb,coupe-du-monde,164938,1,2026-09-09T17:24:18Z,Colombia,Norway,3,1,2.46,3.91,2.51,1.48,1.5,1.22,1.42,2.81,1.41,2.85,Oui,Oui,Oui,Non,Non,Home,61,"[27, 34, 42, 61]",True
a9f939c1e7d7e41f,coupe-du-monde,164938,1,2026-09-09T17:24:18Z,Jordan,Curacao,1,2,1.82,3.61,4.29,1.19,1.92,1.25,1.8,1.98,1.75,2.04,Oui,Oui,Non,Non,Oui,Home,49,"[7, 18, 49]",True
75690ff1ac4a86fb,coupe-du-monde,164938,1,2026-09-09T17:24:18Z,Scotland,Paraguay,1,2,2.42,3.71,2.65,1.44,1.52,1.24,1.54,2.44,1.49,2.58,Oui,Oui,Non,Non,Oui,Away,79,"[26, 63, 79]",True
0da88d2f96847586,coupe-du-monde,164938,1,2026-09-09T17:24:18Z,Cabo Verde,Czechia,3,1,3.05,3.64,2.19,1.63,1.34,1.25,1.61,2.27,1.55,2.42,Oui,Oui,Oui,Non,Non,Home,87,"[26, 43, 86, 87]",True
a4846eaca79f5358,coupe-du-monde,164938,1,2026-09-09T17:24:18Z,France,Egypt,1,0,1.5,4.63,5.7,1.11,2.51,1.16,1.44,2.75,1.62,2.27,Non,Non,Oui,Non,Non,Home,28,[28],True
cdc6ce6004ad75d0,coupe-du-monde,164938,1,2026-09-09T17:24:18Z,Spain,Bosnia-Herzegovina,5,1,1.31,5.43,8.88,1.04,3.31,1.12,1.44,2.75,1.85,1.93,Oui,Oui,Oui,Non,Non,Home,90,"[10, 30, 35, 57, 76, 90]",True
e0b364189f900b06,coupe-du-monde,164938,1,2026-09-09T17:24:18Z,Canada,Saudi Arabia,0,0,2.21,3.74,2.94,1.36,1.62,1.24,1.54,2.45,1.49,2.56,Non,Non,Non,Oui,Non,,,[],True
26b0d8484cfb23b6,coupe-du-monde,164938,1,2026-09-09T17:24:18Z,Algeria,Netherlands,2,3,3.39,3.97,1.95,1.8,1.28,1.21,1.45,2.68,1.47,2.65,Oui,Oui,Non,Non,Oui,Home,70,"[38, 45, 51, 52, 70]",True
e1759f723eb7de1b,coupe-du-monde,164938,1,2026-09-09T17:24:18Z,Turkiye,Japan,2,2,3.61,3.94,1.89,1.85,1.25,1.22,1.5,2.55,1.51,2.53,Oui,Oui,Non,Oui,Non,Home,83,"[30, 44, 81, 83]",True
44aa6a76f011c090,coupe-du-monde,164938,1,2026-09-09T17:24:18Z,Congo DR,Uruguay,0,2,6.04,4.45,1.49,2.51,1.1,1.18,1.53,2.45,1.71,2.1,Non,Non,Non,Non,Oui,Away,29,"[28, 29]",True
9379a3ce65f693a4,coupe-du-monde,164938,1,2026-09-09T17:24:18Z,Belgium,Croatia,0,1,2.34,3.65,2.79,1.4,1.55,1.25,1.58,2.34,1.52,2.49,Non,Non,Non,Non,Oui,Away,39,[39],True
a38948230325e76f,coupe-du-monde,164938,1,2026-09-09T17:24:18Z,Australia,Cote d'Ivoire,1,2,2.45,3.77,2.59,1.46,1.51,1.23,1.5,2.54,1.46,2.65,Oui,Oui,Non,Non,Oui,Away,87,"[21, 68, 87]",True
a6f7c3de317d486e,coupe-du-monde,164938,1,2026-09-09T17:24:18Z,Haiti,Sweden,1,1,5.31,4.13,1.59,2.28,1.13,1.2,1.6,2.3,1.7,2.12,Non,Oui,Non,Oui,Non,Home,63,"[63, 63]",True
f49ff8c8fc503cdd,coupe-du-monde,164938,1,2026-09-09T17:24:18Z,Tunisia,Qatar,0,0,2.53,3.46,2.66,1.44,1.48,1.27,1.73,2.07,1.61,2.28,Non,Non,Non,Oui,Non,,,[],True
5478cfd0e3a2f9a7,coupe-du-monde,164938,1,2026-09-09T17:24:18Z,Ecuador,New Zealand,3,0,1.82,3.85,3.99,1.21,1.92,1.23,1.59,2.31,1.59,2.31,Oui,Non,Oui,Non,Non,Home,71,"[68, 70, 71]",True
e4ea3f5ebab549ed,coupe-du-monde,164938,1,2026-09-09T17:24:18Z,Austria,Korea Republic,2,2,2.29,3.71,2.82,1.39,1.57,1.24,1.55,2.42,1.5,2.55,Oui,Oui,Non,Oui,Non,Home,86,"[5, 38, 84, 86]",True
d3c78cd41b2e6971,coupe-du-monde,164938,2,2026-09-09T17:26:18Z,Saudi Arabia,Mexico,1,1,3.99,3.97,1.79,1.95,1.21,1.21,1.52,2.49,1.55,2.42,Non,Oui,Non,Oui,Non,Home,62,"[57, 62]",True
4f2eeaae94db155a,coupe-du-monde,164938,2,2026-09-09T17:26:18Z,Portugal,Cabo Verde,2,0,1.52,4.62,5.37,1.12,2.44,1.16,1.4,2.88,1.56,2.38,Non,Non,Oui,Non,Non,Home,86,"[76, 86]",True
703b1a5581fcc4c2,coupe-du-monde,164938,2,2026-09-09T17:26:18Z,Qatar,Iraq,1,0,2.33,3.66,2.79,1.4,1.55,1.25,1.58,2.34,1.52,2.5,Non,Non,Oui,Non,Non,Home,25,[25],True
9f7e4790cd7efe9d,coupe-du-monde,164938,2,2026-09-09T17:26:18Z,IR Iran,Algeria,3,1,2.55,3.55,2.59,1.46,1.47,1.26,1.66,2.19,1.56,2.38,Oui,Oui,Oui,Non,Non,Away,65,"[16, 47, 63, 65]",True
cdb5fa00485f0771,coupe-du-monde,164938,2,2026-09-09T17:26:18Z,Egypt,Ghana,3,1,2.02,3.7,3.39,1.28,1.74,1.24,1.61,2.28,1.56,2.38,Oui,Oui,Oui,Non,Non,Away,71,"[39, 64, 68, 71]",True
813d103b3182fde1,coupe-du-monde,164938,2,2026-09-09T17:26:18Z,Brazil,Australia,2,2,1.71,4.29,4.11,1.2,2.06,1.19,1.4,2.91,1.47,2.63,Oui,Oui,Non,Oui,Non,Away,59,"[32, 37, 57, 59]",True
fd9cc5a8422e9d7c,coupe-du-monde,164938,2,2026-09-09T17:26:18Z,Belgium,England,1,2,3.15,3.92,2.05,1.72,1.32,1.22,1.46,2.68,1.45,2.69,Oui,Oui,Non,Non,Oui,Away,24,"[4, 14, 24]",True
cf978e3731573981,coupe-du-monde,164938,2,2026-09-09T17:26:18Z,Curacao,Colombia,1,2,7.77,5.08,1.36,3.01,1.05,1.14,1.46,2.67,1.78,2.0,Oui,Oui,Non,Non,Oui,Home,68,"[25, 31, 68]",True
27c9ed581fe6f97b,coupe-du-monde,164938,2,2026-09-09T17:26:18Z,Morocco,Uzbekistan,3,0,1.43,4.36,7.5,1.06,2.7,1.18,1.72,2.09,1.99,1.79,Oui,Non,Oui,Non,Non,Home,61,"[38, 40, 61]",True
07ca81e9d5b856c5,coupe-du-monde,164938,2,2026-09-09T17:26:18Z,Uruguay,Scotland,1,2,1.67,4.17,4.54,1.17,2.13,1.2,1.49,2.56,1.57,2.37,Oui,Oui,Non,Non,Oui,Home,76,"[64, 73, 76]",True
d48f4d075d21806c,coupe-du-monde,164938,2,2026-09-09T17:26:18Z,Japan,Paraguay,2,1,1.86,3.87,3.8,1.23,1.88,1.22,1.56,2.4,1.56,2.39,Oui,Oui,Oui,Non,Non,Home,75,"[19, 52, 75]",True
87de7fc5148005c2,coupe-du-monde,164938,2,2026-09-09T17:26:18Z,Cote d'Ivoire,Spain,1,5,6.31,4.7,1.45,2.64,1.09,1.16,1.46,2.66,1.68,2.15,Oui,Oui,Non,Non,Oui,Away,80,"[41, 42, 44, 50, 62, 80]",True
bfc03432b1d454f7,coupe-du-monde,164938,2,2026-09-09T17:26:18Z,Argentina,Turkiye,1,1,1.48,4.92,5.53,1.12,2.55,1.15,1.33,3.23,1.52,2.48,Non,Oui,Non,Oui,Non,Home,41,"[5, 41]",True
c152adc7d3fe02b7,coupe-du-monde,164938,2,2026-09-09T17:26:18Z,Netherlands,Canada,0,0,1.79,4.25,3.77,1.24,1.96,1.19,1.37,3.01,1.43,2.76,Non,Non,Non,Oui,Non,,,[],True
8b9056e6959d5846,coupe-du-monde,164938,2,2026-09-09T17:26:18Z,Germany,Jordan,0,1,1.61,4.33,4.79,1.15,2.23,1.18,1.45,2.69,1.56,2.39,Non,Non,Non,Non,Oui,Away,67,[67],True
a31eaefc208c0edf,coupe-du-monde,164938,2,2026-09-09T17:26:18Z,New Zealand,France,0,2,10.8,6.26,1.24,3.89,1.01,1.09,1.36,3.07,1.91,1.87,Non,Non,Non,Non,Oui,Away,40,"[24, 40]",True
aeb7d85918fc7a4b,coupe-du-monde,164938,2,2026-09-09T17:26:18Z,Panama,Ecuador,0,2,3.75,3.75,1.9,1.84,1.24,1.24,1.62,2.26,1.59,2.31,Non,Non,Non,Non,Oui,Away,81,"[73, 81]",True
788f08d95b32a454,coupe-du-monde,164938,2,2026-09-09T17:26:18Z,South Africa,Switzerland,2,1,4.86,3.94,1.66,2.14,1.15,1.22,1.65,2.21,1.7,2.12,Oui,Oui,Oui,Non,Non,Home,72,"[7, 59, 72]",True
8bd5c02d78260e9f,coupe-du-monde,164938,2,2026-09-09T17:26:18Z,Norway,Austria,3,1,2.32,3.82,2.72,1.42,1.56,1.23,1.48,2.6,1.45,2.69,Oui,Oui,Oui,Non,Non,Home,77,"[40, 43, 64, 77]",True
74182eb8afc5abdb,coupe-du-monde,164938,2,2026-09-09T17:26:18Z,Czechia,Haiti,0,1,1.69,3.9,4.7,1.16,2.09,1.22,1.65,2.21,1.68,2.15,Non,Non,Non,Non,Oui,Away,88,[88],True
6bdd7173bb95b761,coupe-du-monde,164938,2,2026-09-09T17:26:18Z,Croatia,Senegal,3,0,2.5,3.5,2.67,1.43,1.49,1.27,1.69,2.14,1.58,2.34,Oui,Non,Oui,Non,Non,Home,45,"[24, 41, 45]",True
08cb55d65c2029f0,coupe-du-monde,164938,2,2026-09-09T17:26:18Z,Bosnia-Herzegovina,USA,2,3,3.75,4.06,1.83,1.91,1.24,1.21,1.45,2.69,1.49,2.58,Oui,Oui,Non,Non,Oui,Home,74,"[16, 27, 36, 52, 74]",True
91f9088873c33859,coupe-du-monde,164938,2,2026-09-09T17:26:18Z,Sweden,Congo DR,3,1,1.87,3.81,3.82,1.23,1.87,1.23,1.59,2.31,1.58,2.34,Oui,Oui,Oui,Non,Non,Away,74,"[23, 57, 68, 74]",True
020454ad90db4eba,coupe-du-monde,164938,2,2026-09-09T17:26:18Z,Korea Republic,Tunisia,1,0,2.41,3.42,2.84,1.39,1.52,1.28,1.77,2.03,1.63,2.24,Non,Non,Oui,Non,Non,Home,11,[11],True
7fbbbd09e42cbe3b,coupe-du-monde,164938,4,2026-09-09T17:30:18Z,Brazil,USA,2,1,1.75,4.4,3.83,1.23,2.01,1.18,1.33,3.26,1.41,2.87,Oui,Oui,Oui,Non,Non,Away,43,"[9, 10, 43]",True
6cea1ac586271562,coupe-du-monde,164938,4,2026-09-09T17:30:18Z,Panama,Ghana,0,0,2.97,3.54,2.27,1.58,1.36,1.26,1.68,2.15,1.59,2.33,Non,Non,Non,Oui,Non,,,[],True
97789ffa82a766ad,coupe-du-monde,164938,4,2026-09-09T17:30:18Z,Curacao,Tunisia,0,1,4.98,3.71,1.7,2.09,1.14,1.24,1.82,1.96,1.82,1.96,Non,Non,Non,Non,Oui,Away,12,[12],True
9c25d0a7cfd42adb,coupe-du-monde,164938,4,2026-09-09T17:30:18Z,Portugal,Congo DR,2,0,1.44,4.91,6.18,1.09,2.69,1.15,1.39,2.94,1.61,2.28,Non,Non,Oui,Non,Non,Home,74,"[42, 74]",True
58788fe5d4965183,coupe-du-monde,164938,4,2026-09-09T17:30:18Z,Czechia,Uruguay,0,0,3.98,3.83,1.82,1.92,1.21,1.23,1.6,2.3,1.6,2.3,Non,Non,Non,Oui,Non,,,[],True
36173eef89405a37,coupe-du-monde,164938,4,2026-09-09T17:30:18Z,South Africa,Haiti,2,0,2.02,3.57,3.51,1.27,1.74,1.26,1.72,2.09,1.64,2.22,Non,Non,Oui,Non,Non,Home,57,"[5, 57]",True
9066d32c1a35f8c4,coupe-du-monde,164938,4,2026-09-09T17:30:18Z,Egypt,Canada,0,0,2.33,3.62,2.82,1.39,1.56,1.25,1.61,2.28,1.54,2.44,Non,Non,Non,Oui,Non,,,[],True
ff521936d13ad4e9,coupe-du-monde,164938,4,2026-09-09T17:30:18Z,Cote d'Ivoire,Turkiye,1,4,2.36,3.88,2.64,1.44,1.54,1.22,1.44,2.73,1.43,2.79,Oui,Oui,Non,Non,Oui,Home,78,"[12, 38, 51, 58, 78]",True
8141d351be414842,coupe-du-monde,164938,4,2026-09-09T17:30:18Z,Morocco,Colombia,2,0,1.94,3.51,3.86,1.23,1.8,1.27,1.81,1.97,1.72,2.08,Non,Non,Oui,Non,Non,Home,87,"[72, 87]",True
c43a2173d1c9d532,coupe-du-monde,164938,4,2026-09-09T17:30:18Z,Belgium,Jordan,3,1,1.7,4.0,4.54,1.17,2.09,1.21,1.57,2.36,1.62,2.26,Oui,Oui,Oui,Non,Non,Home,77,"[17, 21, 39, 77]",True
457af02147e35fd7,coupe-du-monde,164938,4,2026-09-09T17:30:18Z,Qatar,Spain,0,2,7.07,5.11,1.38,2.91,1.07,1.14,1.4,2.89,1.68,2.15,Non,Non,Non,Non,Oui,Away,90,"[52, 90]",True
5a782de1b64876d0,coupe-du-monde,164938,4,2026-09-09T17:30:18Z,Saudi Arabia,Cabo Verde,1,4,2.65,3.57,2.49,1.49,1.44,1.26,1.64,2.22,1.55,2.41,Oui,Oui,Non,Non,Oui,Home,86,"[33, 43, 50, 56, 86]",True
1012ab7c31a09b39,coupe-du-monde,164938,4,2026-09-09T17:30:18Z,England,Ecuador,5,1,1.65,4.29,4.54,1.17,2.17,1.19,1.44,2.74,1.53,2.46,Oui,Oui,Oui,Non,Non,Home,87,"[11, 35, 35, 51, 54, 87]",True
407357faf3c1609b,coupe-du-monde,164938,4,2026-09-09T17:30:18Z,Sweden,Scotland,1,1,2.11,3.72,3.16,1.32,1.68,1.24,1.57,2.36,1.53,2.46,Non,Oui,Non,Oui,Non,Home,20,"[11, 20]",True
8d3941b25194f3d0,coupe-du-monde,164938,4,2026-09-09T17:30:18Z,Bosnia-Herzegovina,Paraguay,1,1,2.79,3.64,2.35,1.55,1.4,1.25,1.59,2.32,1.52,2.48,Non,Oui,Non,Oui,Non,Home,89,"[36, 89]",True
80300cf8ab11ecae,coupe-du-monde,164938,4,2026-09-09T17:30:18Z,Senegal,Uzbekistan,2,3,1.74,3.92,4.32,1.18,2.02,1.22,1.59,2.32,1.62,2.27,Oui,Oui,Non,Non,Oui,Away,71,"[24, 25, 28, 62, 71]",True
ec6ea595c370dd85,coupe-du-monde,164938,4,2026-09-09T17:30:18Z,IR Iran,Mexico,1,3,3.02,3.63,2.2,1.62,1.35,1.25,1.61,2.27,1.54,2.42,Oui,Oui,Non,Non,Oui,Home,86,"[19, 77, 78, 86]",True
702829e890a09728,coupe-du-monde,164938,4,2026-09-09T17:30:18Z,Netherlands,Switzerland,1,2,2.48,3.72,2.58,1.46,1.49,1.24,1.53,2.45,1.48,2.59,Oui,Oui,Non,Non,Oui,Away,90,"[22, 46, 90]",True
80956cde4c3b426e,coupe-du-monde,164938,4,2026-09-09T17:30:18Z,Croatia,France,1,3,4.59,4.26,1.65,2.17,1.17,1.19,1.46,2.66,1.55,2.41,Oui,Oui,Non,Non,Oui,Away,75,"[8, 20, 43, 75]",True
0fc76241352ba44b,coupe-du-monde,164938,4,2026-09-09T17:30:18Z,Argentina,Japan,2,2,1.8,4.19,3.78,1.23,1.95,1.19,1.4,2.89,1.45,2.69,Oui,Oui,Non,Oui,Non,Home,69,"[24, 50, 64, 69]",True
bb677779d80db500,coupe-du-monde,164938,4,2026-09-09T17:30:18Z,Germany,Austria,1,2,2.04,3.99,3.12,1.33,1.72,1.21,1.41,2.83,1.42,2.8,Oui,Oui,Non,Non,Oui,Home,87,"[51, 61, 87]",True
e71f754e75df1ddf,coupe-du-monde,164938,4,2026-09-09T17:30:18Z,Norway,Iraq,4,1,1.79,3.98,4.0,1.21,1.96,1.21,1.52,2.48,1.55,2.41,Oui,Oui,Oui,Non,Non,Away,68,"[30, 38, 38, 53, 68]",True
8e145aa2c47ff6ba,coupe-du-monde,164938,4,2026-09-09T17:30:18Z,New Zealand,Algeria,0,1,4.14,3.81,1.8,1.95,1.2,1.23,1.64,2.23,1.63,2.23,Non,Non,Non,Non,Oui,Away,10,[10],True
11af01e124aa5e01,coupe-du-monde,164938,4,2026-09-09T17:30:18Z,Korea Republic,Australia,2,2,2.54,3.72,2.51,1.48,1.47,1.24,1.53,2.45,1.48,2.59,Oui,Oui,Non,Oui,Non,Home,88,"[2, 43, 78, 88]",True
2a35db6ea1f4b047,coupe-du-monde,164938,7,2026-09-09T17:36:18Z,France,Jordan,2,1,1.32,5.43,8.34,1.04,3.23,1.12,1.41,2.86,1.79,2.0,Oui,Oui,Oui,Non,Non,Away,89,"[70, 76, 89]",True
ba3e3cf1aabc4de2,coupe-du-monde,164938,7,2026-09-09T17:36:18Z,Japan,Brazil,1,4,3.24,4.02,1.99,1.76,1.31,1.21,1.42,2.82,1.43,2.76,Oui,Oui,Non,Non,Oui,Away,73,"[43, 44, 44, 52, 73]",True
0123bb8b16c973d5,coupe-du-monde,164938,7,2026-09-09T17:36:18Z,Uruguay,Saudi Arabia,2,2,1.54,4.38,5.51,1.12,2.39,1.18,1.51,2.52,1.65,2.2,Oui,Oui,Non,Oui,Non,Home,81,"[11, 16, 72, 81]",True
1dec70450d8c2229,coupe-du-monde,164938,7,2026-09-09T17:36:18Z,Colombia,Ecuador,5,0,2.07,3.9,3.12,1.33,1.7,1.22,1.46,2.65,1.46,2.68,Oui,Non,Oui,Non,Non,Home,88,"[9, 45, 75, 77, 88]",True
d2d82f5fc842c7d4,coupe-du-monde,164938,7,2026-09-09T17:36:18Z,Cabo Verde,Egypt,2,1,3.33,3.53,2.1,1.68,1.29,1.26,1.73,2.08,1.63,2.24,Oui,Oui,Oui,Non,Non,Away,90,"[89, 90, 90]",True
ffd9220f02824fe1,coupe-du-monde,164938,7,2026-09-09T17:36:18Z,Sweden,South Africa,2,0,1.84,3.8,3.93,1.22,1.9,1.23,1.61,2.27,1.6,2.29,Non,Non,Oui,Non,Non,Home,27,"[24, 27]",True
be6348715b88826c,coupe-du-monde,164938,7,2026-09-09T17:36:18Z,Canada,Croatia,1,2,3.47,3.82,1.96,1.79,1.27,1.23,1.54,2.43,1.53,2.47,Oui,Oui,Non,Non,Oui,Away,66,"[32, 57, 66]",True
ccbbf894032ca68f,coupe-du-monde,164938,7,2026-09-09T17:36:18Z,Algeria,England,1,1,4.62,4.2,1.65,2.16,1.16,1.19,1.49,2.58,1.57,2.36,Non,Oui,Non,Oui,Non,Home,62,"[62, 62]",True
2720b2c979ce666e,coupe-du-monde,164938,7,2026-09-09T17:36:18Z,Tunisia,Belgium,0,0,3.71,3.63,1.94,1.8,1.24,1.25,1.7,2.12,1.64,2.22,Non,Non,Non,Oui,Non,,,[],True
b7f70c98a536c3d7,coupe-du-monde,164938,7,2026-09-09T17:36:18Z,Austria,Senegal,0,3,2.66,3.65,2.44,1.51,1.44,1.25,1.57,2.35,1.51,2.51,Oui,Non,Non,Non,Oui,Away,74,"[27, 49, 74]",True
f8f20106e198aa9e,coupe-du-monde,164938,7,2026-09-09T17:36:18Z,Congo DR,Netherlands,0,3,5.32,4.54,1.53,2.4,1.13,1.17,1.43,2.76,1.59,2.33,Oui,Non,Non,Non,Oui,Away,84,"[19, 40, 84]",True
1fe1cd52830369e4,coupe-du-monde,164938,7,2026-09-09T17:36:18Z,Iraq,Morocco,0,2,6.49,3.91,1.54,2.39,1.08,1.22,1.88,1.9,2.01,1.78,Non,Non,Non,Non,Oui,Away,85,"[81, 85]",True
3a2785d73d51afd6,coupe-du-monde,164938,7,2026-09-09T17:36:18Z,Haiti,IR Iran,1,3,5.16,3.99,1.63,2.21,1.13,1.21,1.66,2.18,1.73,2.07,Oui,Oui,Non,Non,Oui,Away,60,"[1, 32, 48, 60]",True
89909f8fa55d3acb,coupe-du-monde,164938,7,2026-09-09T17:36:18Z,Scotland,Bosnia-Herzegovina,1,1,2.14,3.79,3.04,1.34,1.66,1.23,1.51,2.5,1.48,2.59,Non,Oui,Non,Oui,Non,Home,29,"[22, 29]",True
9d8249bfa391f339,coupe-du-monde,164938,7,2026-09-09T17:36:18Z,Ghana,Uzbekistan,4,0,2.51,3.68,2.57,1.46,1.48,1.25,1.56,2.39,1.5,2.54,Oui,Non,Oui,Non,Non,Home,84,"[5, 43, 82, 84]",True
401bab6d00573c2b,coupe-du-monde,164938,7,2026-09-09T17:36:18Z,Turkiye,Korea Republic,1,0,2.58,3.84,2.43,1.51,1.46,1.23,1.46,2.68,1.43,2.76,Non,Non,Oui,Non,Non,Home,81,[81],True
0b8027e1ec655abd,coupe-du-monde,164938,7,2026-09-09T17:36:18Z,USA,Norway,2,2,2.77,3.95,2.24,1.6,1.4,1.22,1.41,2.85,1.41,2.85,Oui,Oui,Non,Oui,Non,Away,77,"[23, 40, 64, 77]",True
07fbc1135cc70c61,coupe-du-monde,164938,7,2026-09-09T17:36:18Z,Switzerland,New Zealand,1,1,1.55,4.11,5.79,1.11,2.36,1.2,1.67,2.17,1.79,1.99,Non,Oui,Non,Oui,Non,Home,89,"[87, 89]",True
d29e95fa7c4fa5ca,coupe-du-monde,164938,7,2026-09-09T17:36:18Z,Australia,Germany,1,2,3.48,4.19,1.87,1.87,1.27,1.19,1.37,3.04,1.41,2.84,Oui,Oui,Non,Non,Oui,Home,64,"[24, 47, 64]",True
5ce1f0dda37f6bf9,coupe-du-monde,164938,7,2026-09-09T17:36:18Z,Czechia,Portugal,3,1,4.25,4.35,1.68,2.11,1.19,1.18,1.39,2.94,1.48,2.62,Oui,Oui,Oui,Non,Non,Home,81,"[30, 51, 56, 81]",True
748505c8f55f6130,coupe-du-monde,164938,7,2026-09-09T17:36:18Z,Mexico,Panama,1,1,1.65,4.04,4.8,1.15,2.15,1.21,1.59,2.33,1.65,2.2,Non,Oui,Non,Oui,Non,Home,45,"[44, 45]",True
4ef6964067a4999e,coupe-du-monde,164938,7,2026-09-09T17:36:18Z,Spain,Curacao,3,0,1.15,7.63,17.24,0.98,5.19,1.06,1.36,3.09,2.3,1.6,Oui,Non,Oui,Non,Non,Home,86,"[75, 77, 86]",True
f29b871678426bdc,coupe-du-monde,164938,7,2026-09-09T17:36:18Z,Argentina,Cote d'Ivoire,2,3,1.55,4.65,5.05,1.14,2.38,1.16,1.37,3.04,1.51,2.5,Oui,Oui,Non,Non,Oui,Home,90,"[21, 25, 28, 68, 90]",True
6cca7489623aae53,coupe-du-monde,164938,7,2026-09-09T17:36:18Z,Paraguay,Qatar,3,1,2.61,3.69,2.46,1.5,1.45,1.24,1.55,2.42,1.49,2.56,Oui,Oui,Oui,Non,Non,Home,82,"[35, 41, 43, 82]",True
2e2e77d5aea0f9e0,coupe-du-monde,164938,9,2026-09-09T17:40:18Z,Scotland,Cote d'Ivoire,3,0,2.85,3.77,2.25,1.59,1.38,1.24,1.51,2.51,1.48,2.61,Oui,Non,Oui,Non,Non,Home,59,"[24, 27, 59]",True
e92f484aa74e3988,coupe-du-monde,164938,9,2026-09-09T17:40:18Z,Czechia,Saudi Arabia,1,2,2.1,3.67,3.21,1.31,1.68,1.25,1.61,2.28,1.55,2.4,Oui,Oui,Non,Non,Oui,Away,71,"[32, 62, 71]",True
22ba93d2dd40f360,coupe-du-monde,164938,9,2026-09-09T17:40:18Z,Cabo Verde,Panama,3,1,2.22,3.45,3.13,1.32,1.61,1.27,1.77,2.02,1.65,2.21,Oui,Oui,Oui,Non,Non,Home,76,"[33, 43, 74, 76]",True
4f2af2203a27e0dc,coupe-du-monde,164938,9,2026-09-09T17:40:18Z,Australia,Belgium,2,2,3.35,3.8,2.01,1.75,1.29,1.23,1.54,2.43,1.52,2.49,Oui,Oui,Non,Oui,Non,Home,73,"[29, 36, 49, 73]",True
099e4ab234697886,coupe-du-monde,164938,9,2026-09-09T17:40:18Z,Paraguay,Norway,0,3,3.7,4.04,1.84,1.89,1.24,1.21,1.46,2.68,1.48,2.59,Oui,Non,Non,Non,Oui,Away,82,"[65, 67, 82]",True
52381cab98732c9f,coupe-du-monde,164938,9,2026-09-09T17:40:18Z,Bosnia-Herzegovina,Brazil,0,4,5.95,4.93,1.45,2.65,1.1,1.15,1.36,3.06,1.57,2.36,Oui,Non,Non,Non,Oui,Away,83,"[29, 31, 65, 83]",True
8eb1ed8d39028347,coupe-du-monde,164938,9,2026-09-09T17:40:18Z,Switzerland,Croatia,1,1,2.43,3.42,2.81,1.39,1.51,1.28,1.77,2.02,1.63,2.23,Non,Oui,Non,Oui,Non,Away,53,"[22, 53]",True
c2061ab22f40d6bf,coupe-du-monde,164938,9,2026-09-09T17:40:18Z,Algeria,Jordan,2,0,2.07,3.6,3.34,1.29,1.7,1.25,1.67,2.17,1.6,2.3,Non,Non,Oui,Non,Non,Home,65,"[44, 65]",True
16dd312626aa44f2,coupe-du-monde,164938,9,2026-09-09T17:40:18Z,Sweden,Netherlands,1,0,3.2,3.9,2.04,1.72,1.31,1.22,1.47,2.63,1.46,2.65,Non,Non,Oui,Non,Non,Home,62,[62],True
4937f301386cb339,coupe-du-monde,164938,9,2026-09-09T17:40:18Z,Congo DR,Egypt,1,3,3.99,3.72,1.85,1.89,1.21,1.24,1.67,2.16,1.64,2.21,Oui,Oui,Non,Non,Oui,Away,68,"[34, 42, 55, 68]",True
e740ccb321e355ab,coupe-du-monde,164938,9,2026-09-09T17:40:18Z,Japan,Korea Republic,2,2,2.05,3.77,3.26,1.3,1.72,1.24,1.55,2.41,1.52,2.49,Oui,Oui,Non,Oui,Non,Home,73,"[37, 40, 41, 73]",True
62cc5fdee976aa97,coupe-du-monde,164938,9,2026-09-09T17:40:18Z,Ghana,Colombia,1,1,4.12,4.18,1.73,2.04,1.2,1.2,1.44,2.74,1.5,2.54,Non,Oui,Non,Oui,Non,Away,85,"[71, 85]",True
8d809070f2b82381,coupe-du-monde,164938,9,2026-09-09T17:40:18Z,Tunisia,Ecuador,5,0,2.91,3.49,2.33,1.56,1.37,1.27,1.71,2.1,1.6,2.29,Oui,Non,Oui,Non,Non,Home,74,"[18, 26, 39, 68, 74]",True
b89d114fe51e0389,coupe-du-monde,164938,9,2026-09-09T17:40:18Z,Canada,Uzbekistan,1,3,2.17,3.72,3.02,1.35,1.64,1.24,1.56,2.39,1.51,2.51,Oui,Oui,Non,Non,Oui,Home,50,"[35, 36, 44, 50]",True
f532ca114e67d2d5,coupe-du-monde,164938,9,2026-09-09T17:40:18Z,Argentina,Qatar,2,0,1.47,4.89,5.74,1.11,2.59,1.15,1.36,3.1,1.55,2.4,Non,Non,Oui,Non,Non,Home,69,"[57, 69]",True
1933eab63c2c79c3,coupe-du-monde,164938,9,2026-09-09T17:40:18Z,Spain,Morocco,2,1,2.42,3.18,3.01,1.35,1.52,1.32,2.04,1.75,1.8,1.98,Oui,Oui,Oui,Non,Non,Home,67,"[22, 58, 67]",True
74ca7422efee44b5,coupe-du-monde,164938,9,2026-09-09T17:40:18Z,Austria,France,1,2,4.83,4.47,1.59,2.28,1.15,1.17,1.4,2.87,1.53,2.47,Oui,Oui,Non,Non,Oui,Away,55,"[33, 42, 55]",True
4d6489f464ae90bf,coupe-du-monde,164938,9,2026-09-09T17:40:18Z,USA,Germany,3,1,3.08,4.19,2.01,1.74,1.33,1.19,1.33,3.24,1.37,3.04,Oui,Oui,Oui,Non,Non,Away,83,"[17, 21, 23, 83]",True
509ae86ca0720ff0,coupe-du-monde,164938,9,2026-09-09T17:40:18Z,Iraq,Senegal,2,2,3.81,3.68,1.9,1.84,1.23,1.24,1.68,2.16,1.63,2.23,Oui,Oui,Non,Oui,Non,Home,84,"[24, 80, 83, 84]",True
26e7c5a2c3a51cbb,coupe-du-monde,164938,9,2026-09-09T17:40:18Z,Turkiye,Curacao,3,0,1.53,4.39,5.57,1.11,2.41,1.18,1.51,2.51,1.66,2.18,Oui,Non,Oui,Non,Non,Home,74,"[39, 66, 74]",True
5091631cd9e4270d,coupe-du-monde,164938,9,2026-09-09T17:40:18Z,Uruguay,IR Iran,1,1,1.88,3.78,3.81,1.23,1.86,1.23,1.61,2.28,1.59,2.31,Non,Oui,Non,Oui,Non,Away,41,"[30, 41]",True
b7c3bb419d616aa3,coupe-du-monde,164938,9,2026-09-09T17:40:18Z,Portugal,South Africa,4,0,1.41,5.12,6.52,1.08,2.82,1.13,1.36,3.09,1.61,2.27,Oui,Non,Oui,Non,Non,Home,68,"[13, 42, 61, 68]",True
9e34dd6356f7eb35,coupe-du-monde,164938,9,2026-09-09T17:40:18Z,Haiti,New Zealand,2,2,2.86,3.42,2.39,1.53,1.38,1.28,1.78,2.01,1.64,2.22,Oui,Oui,Non,Oui,Non,Home,67,"[35, 54, 59, 67]",True
e24321b07b0871d2,coupe-du-monde,164938,9,2026-09-09T17:40:18Z,Mexico,England,1,1,3.48,4.03,1.91,1.83,1.27,1.21,1.44,2.75,1.46,2.68,Non,Oui,Non,Oui,Non,Home,89,"[77, 89]",True
625bbdfaf2dfc36b,coupe-du-monde,164938,12,2026-09-09T17:46:18Z,Netherlands,South Africa,3,0,1.54,4.57,5.25,1.13,2.4,1.17,1.41,2.85,1.56,2.39,Oui,Non,Oui,Non,Non,Home,67,"[55, 63, 67]",True
1d4fae9db1507d1f,coupe-du-monde,164938,12,2026-09-09T17:46:18Z,Germany,Japan,1,1,2.3,3.94,2.7,1.42,1.57,1.22,1.41,2.84,1.41,2.86,Non,Oui,Non,Oui,Non,Home,74,"[58, 74]",True
d1bd6c3b055576ff,coupe-du-monde,164938,12,2026-09-09T17:46:18Z,Austria,Canada,1,2,2.04,3.77,3.27,1.3,1.72,1.23,1.55,2.41,1.52,2.49,Oui,Oui,Non,Non,Oui,Away,51,"[34, 40, 51]",True
412fd6870fd6ad9e,coupe-du-monde,164938,12,2026-09-09T17:46:18Z,Korea Republic,Cote d'Ivoire,2,0,2.45,3.74,2.61,1.45,1.51,1.24,1.52,2.49,1.47,2.62,Non,Non,Oui,Non,Non,Home,66,"[50, 66]",True
c7791871dba7a27d,coupe-du-monde,164938,12,2026-09-09T17:46:18Z,Panama,Uruguay,1,1,6.66,4.56,1.45,2.66,1.08,1.17,1.55,2.42,1.77,2.01,Non,Oui,Non,Oui,Non,Home,33,"[18, 33]",True
b93a6d7a027b0533,coupe-du-monde,164938,12,2026-09-09T17:46:18Z,Uzbekistan,Cabo Verde,1,1,2.81,3.56,2.37,1.54,1.4,1.26,1.65,2.2,1.56,2.38,Non,Oui,Non,Oui,Non,Home,31,"[14, 31]",True
0f7b8d5fef9d0ae3,coupe-du-monde,164938,12,2026-09-09T17:46:18Z,New Zealand,Sweden,0,2,4.55,3.94,1.7,2.07,1.17,1.22,1.61,2.29,1.65,2.21,Non,Non,Non,Non,Oui,Away,61,"[35, 61]",True
a3758d25d5abd3ec,coupe-du-monde,164938,12,2026-09-09T17:46:18Z,Norway,Bosnia-Herzegovina,0,0,1.72,4.18,4.2,1.19,2.06,1.2,1.45,2.69,1.52,2.5,Non,Non,Non,Oui,Non,,,[],True
c12c64f7ceb9bba2,coupe-du-monde,164938,12,2026-09-09T17:46:18Z,Algeria,Tunisia,1,0,2.54,3.41,2.68,1.43,1.47,1.28,1.77,2.02,1.63,2.23,Non,Non,Oui,Non,Non,Home,28,[28],True
d07cc33ac3423d67,coupe-du-monde,164938,12,2026-09-09T17:46:18Z,Egypt,Czechia,2,1,2.42,3.57,2.73,1.41,1.52,1.26,1.64,2.21,1.56,2.4,Oui,Oui,Oui,Non,Non,Home,73,"[53, 64, 73]",True
ce6956051642b194,coupe-du-monde,164938,12,2026-09-09T17:46:18Z,France,Australia,1,1,1.48,4.77,5.67,1.11,2.54,1.15,1.39,2.96,1.57,2.36,Non,Oui,Non,Oui,Non,Away,53,"[49, 53]",True
6272818bccfb3814,coupe-du-monde,164938,12,2026-09-09T17:46:18Z,Jordan,Switzerland,0,3,4.82,3.83,1.69,2.09,1.15,1.23,1.71,2.1,1.74,2.06,Oui,Non,Non,Non,Oui,Away,90,"[11, 51, 90]",True
e28dd7b5f4928bc0,coupe-du-monde,164938,12,2026-09-09T17:46:18Z,Croatia,Congo DR,3,0,1.71,3.96,4.52,1.17,2.07,1.22,1.59,2.31,1.63,2.23,Oui,Non,Oui,Non,Non,Home,72,"[61, 65, 72]",True
506b33a9d40700ae,coupe-du-monde,164938,12,2026-09-09T17:46:18Z,Ecuador,Spain,0,2,6.16,4.65,1.46,2.6,1.09,1.16,1.47,2.64,1.68,2.16,Non,Non,Non,Non,Oui,Away,51,"[47, 51]",True
710c2a723e4ba1fe,coupe-du-monde,164938,12,2026-09-09T17:46:18Z,England,Haiti,5,0,1.27,5.8,10.02,1.02,3.61,1.11,1.41,2.83,1.91,1.87,Oui,Non,Oui,Non,Non,Home,80,"[12, 19, 31, 48, 80]",True
fb8af83845beb7be,coupe-du-monde,164938,12,2026-09-09T17:46:18Z,Colombia,Mexico,1,2,2.37,3.84,2.65,1.44,1.54,1.23,1.47,2.65,1.44,2.73,Oui,Oui,Non,Non,Oui,Away,88,"[26, 36, 88]",True
e1329f2dad970e0f,coupe-du-monde,164938,12,2026-09-09T17:46:18Z,IR Iran,Portugal,1,0,3.96,4.13,1.77,1.98,1.22,1.2,1.44,2.72,1.49,2.56,Non,Non,Oui,Non,Non,Home,6,[6],True
08621f0446b7510d,coupe-du-monde,164938,12,2026-09-09T17:46:18Z,Morocco,Paraguay,2,1,1.53,4.0,6.33,1.09,2.41,1.21,1.8,1.99,1.94,1.84,Oui,Oui,Oui,Non,Non,Home,77,"[27, 38, 77]",True
10d9cfd5984a105c,coupe-du-monde,164938,12,2026-09-09T17:46:18Z,Curacao,Argentina,0,2,12.93,7.01,1.19,4.46,1.0,1.07,1.33,3.27,2.01,1.78,Non,Non,Non,Non,Oui,Away,68,"[57, 68]",True
be670051dd4da74f,coupe-du-monde,164938,12,2026-09-09T17:46:18Z,Senegal,USA,0,0,2.25,3.78,2.85,1.38,1.59,1.23,1.5,2.53,1.47,2.63,Non,Non,Non,Oui,Non,,,[],True
2d52079dd247f2b6,coupe-du-monde,164938,12,2026-09-09T17:46:18Z,Ghana,Iraq,1,1,2.74,3.57,2.41,1.52,1.41,1.26,1.64,2.22,1.55,2.41,Non,Oui,Non,Oui,Non,Home,74,"[43, 74]",True
ea3befbabe6e7dc8,coupe-du-monde,164938,12,2026-09-09T17:46:18Z,Saudi Arabia,Scotland,4,1,3.0,3.8,2.16,1.65,1.35,1.23,1.51,2.52,1.48,2.61,Oui,Oui,Oui,Non,Non,Home,87,"[25, 42, 56, 69, 87]",True
0704eb607fca1914,coupe-du-monde,164938,12,2026-09-09T17:46:18Z,Qatar,Brazil,1,2,4.67,4.6,1.59,2.28,1.16,1.16,1.34,3.17,1.47,2.63,Oui,Oui,Non,Non,Oui,Away,45,"[28, 35, 45]",True
a94c65124ad17c96,coupe-du-monde,164938,12,2026-09-09T17:46:18Z,Belgium,Turkiye,3,1,1.91,4.02,3.49,1.27,1.83,1.21,1.44,2.72,1.46,2.65,Oui,Oui,Oui,Non,Non,Home,56,"[35, 37, 46, 56]",True
dc86801f7db39d30,coupe-du-monde,164938,14,2026-09-09T17:50:18Z,Colombia,Cabo Verde,1,0,1.76,4.06,4.09,1.2,2.0,1.21,1.49,2.58,1.53,2.46,Non,Non,Oui,Non,Non,Home,58,[58],True
6fbc0539fa2d2c3f,coupe-du-monde,164938,14,2026-09-09T17:50:18Z,Jordan,Haiti,2,1,2.08,3.46,3.44,1.28,1.69,1.27,1.8,1.99,1.68,2.15,Oui,Oui,Oui,Non,Non,Home,67,"[6, 49, 67]",True
ea3a0a77bda37307,coupe-du-monde,164938,14,2026-09-09T17:50:18Z,Germany,Bosnia-Herzegovina,3,1,1.59,4.46,4.8,1.15,2.27,1.17,1.4,2.88,1.52,2.48,Oui,Oui,Oui,Non,Non,Home,86,"[18, 63, 77, 86]",True
fc47e36d599afd77,coupe-du-monde,164938,14,2026-09-09T17:50:18Z,Curacao,Cote d'Ivoire,0,3,5.85,4.26,1.53,2.42,1.1,1.19,1.6,2.31,1.74,2.05,Oui,Non,Non,Non,Oui,Away,71,"[60, 68, 71]",True
77c5fa590c30d8d8,coupe-du-monde,164938,14,2026-09-09T17:50:18Z,Egypt,South Africa,1,2,2.0,3.6,3.55,1.26,1.76,1.25,1.7,2.13,1.63,2.24,Oui,Oui,Non,Non,Oui,Home,83,"[80, 80, 83]",True
52ba4eb9fb04bf4d,coupe-du-monde,164938,14,2026-09-09T17:50:18Z,Norway,Brazil,0,5,3.2,4.12,1.98,1.77,1.31,1.2,1.37,3.05,1.4,2.91,Oui,Non,Non,Non,Oui,Away,66,"[22, 24, 33, 61, 66]",True
2d1f3baecf7149cb,coupe-du-monde,164938,14,2026-09-09T17:50:18Z,Panama,Czechia,1,4,3.62,3.64,1.97,1.78,1.25,1.25,1.68,2.15,1.62,2.25,Oui,Oui,Non,Non,Oui,Away,83,"[28, 29, 38, 65, 83]",True
083a62669012892c,coupe-du-monde,164938,14,2026-09-09T17:50:18Z,Morocco,Argentina,2,0,2.66,3.43,2.55,1.47,1.43,1.28,1.76,2.03,1.63,2.25,Non,Non,Oui,Non,Non,Home,30,"[19, 30]",True
dac92756526220f1,coupe-du-monde,164938,14,2026-09-09T17:50:18Z,Belgium,Japan,1,1,2.37,3.67,2.74,1.41,1.54,1.25,1.57,2.36,1.51,2.52,Non,Oui,Non,Oui,Non,Home,63,"[63, 63]",True
0befd98e5c871093,coupe-du-monde,164938,14,2026-09-09T17:50:18Z,England,Uruguay,1,0,2.28,3.81,2.79,1.4,1.58,1.23,1.49,2.57,1.46,2.67,Non,Non,Oui,Non,Non,Home,13,[13],True
f28e86acb38d6cd4,coupe-du-monde,164938,14,2026-09-09T17:50:18Z,Uzbekistan,Congo DR,1,2,2.34,3.57,2.84,1.39,1.55,1.26,1.65,2.2,1.56,2.38,Oui,Oui,Non,Non,Oui,Away,90,"[32, 56, 90]",True
b81411d3194b06f0,coupe-du-monde,164938,14,2026-09-09T17:50:18Z,New Zealand,Portugal,1,4,7.86,5.57,1.33,3.2,1.05,1.11,1.34,3.17,1.69,2.14,Oui,Oui,Non,Non,Oui,Away,85,"[20, 44, 54, 79, 85]",True
2c8d13bda13544d6,coupe-du-monde,164938,14,2026-09-09T17:50:18Z,Ecuador,Turkiye,3,1,2.34,3.83,2.69,1.43,1.55,1.23,1.47,2.64,1.44,2.73,Oui,Oui,Oui,Non,Non,Home,72,"[31, 42, 68, 72]",True
7646d7c941b95344,coupe-du-monde,164938,14,2026-09-09T17:50:18Z,Austria,Switzerland,1,0,3.06,3.57,2.21,1.62,1.34,1.26,1.67,2.17,1.58,2.34,Non,Non,Oui,Non,Non,Home,19,[19],True
7100a9e20ffbac33,coupe-du-monde,164938,14,2026-09-09T17:50:18Z,Algeria,Australia,1,1,2.79,3.65,2.34,1.55,1.4,1.25,1.58,2.34,1.52,2.49,Non,Oui,Non,Oui,Non,Away,52,"[10, 52]",True
ce4b47c619b42089,coupe-du-monde,164938,14,2026-09-09T17:50:18Z,Canada,Iraq,2,1,2.32,3.6,2.85,1.39,1.56,1.25,1.63,2.25,1.55,2.42,Oui,Oui,Oui,Non,Non,Home,88,"[17, 61, 88]",True
d0ca35640cf70067,coupe-du-monde,164938,14,2026-09-09T17:50:18Z,Senegal,Paraguay,3,2,1.9,3.79,3.7,1.24,1.84,1.23,1.59,2.32,1.57,2.36,Oui,Oui,Oui,Non,Non,Home,72,"[22, 23, 31, 57, 72]",True
051508b22a0b5848,coupe-du-monde,164938,14,2026-09-09T17:50:18Z,Ghana,Spain,1,5,8.94,5.62,1.3,3.39,1.04,1.11,1.4,2.9,1.82,1.96,Oui,Oui,Non,Non,Oui,Away,69,"[36, 40, 41, 53, 61, 69]",True
164d8569980dd7f6,coupe-du-monde,164938,14,2026-09-09T17:50:18Z,Netherlands,Scotland,2,1,1.81,4.22,3.68,1.25,1.93,1.19,1.38,3.0,1.43,2.77,Oui,Oui,Oui,Non,Non,Away,85,"[34, 51, 85]",True
01a463933bbeb351,coupe-du-monde,164938,14,2026-09-09T17:50:18Z,France,USA,4,2,1.54,4.7,5.03,1.14,2.38,1.16,1.35,3.14,1.5,2.54,Oui,Oui,Oui,Non,Non,Home,69,"[6, 7, 42, 46, 57, 69]",True
576a4211da884c10,coupe-du-monde,164938,14,2026-09-09T17:50:18Z,IR Iran,Saudi Arabia,2,1,1.93,3.72,3.65,1.25,1.81,1.24,1.62,2.25,1.59,2.32,Oui,Oui,Oui,Non,Non,Home,85,"[66, 66, 85]",True
007e08b882a7a50e,coupe-du-monde,164938,14,2026-09-09T17:50:18Z,Korea Republic,Qatar,0,0,2.26,3.75,2.86,1.38,1.59,1.24,1.52,2.48,1.48,2.59,Non,Non,Non,Oui,Non,,,[],True
47238ad81c5c04c2,coupe-du-monde,164938,14,2026-09-09T17:50:18Z,Croatia,Sweden,3,1,2.32,3.6,2.85,1.38,1.56,1.25,1.62,2.25,1.55,2.42,Oui,Oui,Oui,Non,Non,Away,88,"[25, 71, 75, 88]",True
38acf1908be90cf6,coupe-du-monde,164938,14,2026-09-09T17:50:18Z,Tunisia,Mexico,0,2,3.26,3.51,2.14,1.66,1.3,1.27,1.74,2.07,1.63,2.23,Non,Non,Non,Non,Oui,Away,54,"[27, 54]",True
80ecae7484885fb7,coupe-du-monde,164938,17,2026-09-09T17:56:18Z,Scotland,Norway,1,1,3.41,3.97,1.94,1.8,1.28,1.21,1.45,2.69,1.46,2.66,Non,Oui,Non,Oui,Non,Away,37,"[25, 37]",True
08da0d3f438f8f05,coupe-du-monde,164938,17,2026-09-09T17:56:18Z,USA,Canada,0,0,2.12,3.88,3.02,1.35,1.67,1.22,1.46,2.65,1.45,2.69,Non,Non,Non,Oui,Non,,,[],True
5ea025a3edea67c6,coupe-du-monde,164938,17,2026-09-09T17:56:18Z,Qatar,Germany,1,2,3.64,4.21,1.82,1.92,1.25,1.19,1.38,3.0,1.43,2.78,Oui,Oui,Non,Non,Oui,Away,67,"[53, 54, 67]",True
3fa6598e0fd3b1db,coupe-du-monde,164938,17,2026-09-09T17:56:18Z,Paraguay,Ghana,2,1,2.34,3.62,2.8,1.4,1.55,1.25,1.61,2.28,1.54,2.45,Oui,Oui,Oui,Non,Non,Away,66,"[29, 43, 66]",True
6a7ceb593e61a684,coupe-du-monde,164938,17,2026-09-09T17:56:18Z,Switzerland,Australia,1,0,2.05,3.64,3.36,1.29,1.72,1.25,1.65,2.21,1.58,2.33,Non,Non,Oui,Non,Non,Home,4,[4],True
788b14ee55c9d177,coupe-du-monde,164938,17,2026-09-09T17:56:18Z,Japan,France,1,3,4.52,4.28,1.65,2.16,1.17,1.19,1.44,2.73,1.53,2.46,Oui,Oui,Non,Non,Oui,Home,68,"[32, 44, 49, 68]",True
a5e9592774da2575,coupe-du-monde,164938,17,2026-09-09T17:56:18Z,Cote d'Ivoire,Belgium,0,1,3.38,3.91,1.97,1.78,1.28,1.22,1.49,2.58,1.48,2.59,Non,Non,Non,Non,Oui,Away,60,[60],True
ab48595775228820,coupe-du-monde,164938,17,2026-09-09T17:56:18Z,Cabo Verde,Iraq,0,0,2.56,3.48,2.61,1.45,1.46,1.27,1.71,2.1,1.59,2.31,Non,Non,Non,Oui,Non,,,[],True
26b0a23b0612311a,coupe-du-monde,164938,17,2026-09-09T17:56:18Z,IR Iran,Egypt,0,2,2.6,3.43,2.61,1.45,1.45,1.28,1.75,2.05,1.62,2.26,Non,Non,Non,Non,Oui,Away,45,"[43, 45]",True
fc241bf7837378c0,coupe-du-monde,164938,17,2026-09-09T17:56:18Z,Uruguay,Colombia,1,2,2.16,3.82,2.98,1.36,1.64,1.23,1.49,2.56,1.47,2.64,Oui,Oui,Non,Non,Oui,Home,42,"[36, 40, 42]",True
8f061dd7c2767dfc,coupe-du-monde,164938,17,2026-09-09T17:56:18Z,Sweden,Jordan,1,1,1.92,3.69,3.71,1.24,1.82,1.24,1.65,2.2,1.61,2.27,Non,Oui,Non,Oui,Non,Home,32,"[29, 32]",True
cc97250724c95385,coupe-du-monde,164938,17,2026-09-09T17:56:18Z,Turkiye,Algeria,2,2,2.5,3.75,2.55,1.47,1.49,1.24,1.51,2.5,1.47,2.63,Oui,Oui,Non,Oui,Non,Away,70,"[23, 28, 39, 70]",True
3762dda0da1363fa,coupe-du-monde,164938,17,2026-09-09T17:56:18Z,Saudi Arabia,Panama,1,0,2.23,3.51,3.06,1.34,1.6,1.27,1.71,2.11,1.6,2.29,Non,Non,Oui,Non,Non,Home,71,[71],True
a9c9fb7848942524,coupe-du-monde,164938,17,2026-09-09T17:56:18Z,Brazil,Morocco,2,2,3.03,3.5,2.25,1.59,1.34,1.27,1.72,2.09,1.61,2.28,Oui,Oui,Non,Oui,Non,Away,51,"[11, 35, 36, 51]",True
def0698479512a74,coupe-du-monde,164938,17,2026-09-09T17:56:18Z,Netherlands,New Zealand,3,2,1.44,4.87,6.19,1.09,2.67,1.15,1.4,2.89,1.62,2.25,Oui,Oui,Oui,Non,Non,Home,73,"[18, 21, 61, 65, 73]",True
cecd7bb70876b03f,coupe-du-monde,164938,17,2026-09-09T17:56:18Z,Korea Republic,Curacao,1,1,1.55,4.29,5.47,1.12,2.36,1.19,1.54,2.43,1.67,2.16,Non,Oui,Non,Oui,Non,Home,70,"[65, 70]",True
800439264235d85b,coupe-du-monde,164938,17,2026-09-09T17:56:18Z,Czechia,Uzbekistan,0,1,2.04,3.76,3.3,1.3,1.72,1.24,1.56,2.38,1.53,2.47,Non,Non,Non,Non,Oui,Away,23,[23],True
364a0fd3ba272d3a,coupe-du-monde,164938,17,2026-09-09T17:56:18Z,Bosnia-Herzegovina,Senegal,1,3,4.03,3.8,1.82,1.92,1.21,1.23,1.63,2.24,1.62,2.26,Oui,Oui,Non,Non,Oui,Home,64,"[44, 57, 63, 64]",True
00afce66a051cd3b,coupe-du-monde,164938,17,2026-09-09T17:56:18Z,South Africa,Croatia,3,1,4.56,3.99,1.7,2.09,1.17,1.21,1.58,2.33,1.63,2.24,Oui,Oui,Oui,Non,Non,Home,70,"[28, 29, 65, 70]",True
a08b29a246355b79,coupe-du-monde,164938,17,2026-09-09T17:56:18Z,Portugal,England,2,2,2.64,4.08,2.29,1.57,1.44,1.2,1.35,3.15,1.37,3.05,Oui,Oui,Non,Oui,Non,Away,83,"[12, 17, 54, 83]",True
a79068967b7cca55,coupe-du-monde,164938,17,2026-09-09T17:56:18Z,Spain,Mexico,2,2,1.6,4.29,4.99,1.14,2.27,1.19,1.49,2.57,1.6,2.29,Oui,Oui,Non,Oui,Non,Away,87,"[19, 24, 48, 87]",True
259cccb85259d8c7,coupe-du-monde,164938,17,2026-09-09T17:56:18Z,Argentina,Ecuador,1,2,1.55,4.7,4.94,1.14,2.36,1.16,1.34,3.16,1.49,2.56,Oui,Oui,Non,Non,Oui,Home,89,"[37, 43, 89]",True
3b7aa428681f1155,coupe-du-monde,164938,17,2026-09-09T17:56:18Z,Congo DR,Austria,0,2,3.94,3.8,1.84,1.9,1.22,1.23,1.61,2.27,1.6,2.29,Non,Non,Non,Non,Oui,Away,64,"[54, 64]",True
04a9305d32e39265,coupe-du-monde,164938,17,2026-09-09T17:56:18Z,Haiti,Tunisia,3,1,4.26,3.55,1.84,1.9,1.19,1.26,1.84,1.94,1.77,2.02,Oui,Oui,Oui,Non,Non,Home,76,"[42, 44, 66, 76]",True
edfb0d0b0c99906e,coupe-du-monde,164938,19,2026-09-09T18:00:18Z,Brazil,Senegal,1,1,1.91,4.0,3.49,1.27,1.83,1.21,1.45,2.69,1.47,2.63,Non,Oui,Non,Oui,Non,Home,79,"[72, 79]",True
518f2d929eae630e,coupe-du-monde,164938,19,2026-09-09T18:00:18Z,South Africa,Uzbekistan,0,3,2.68,3.59,2.45,1.51,1.43,1.26,1.62,2.26,1.54,2.44,Oui,Non,Non,Non,Oui,Away,79,"[27, 51, 79]",True
7c723f8cd76934d6,coupe-du-monde,164938,19,2026-09-09T18:00:18Z,Egypt,New Zealand,2,1,1.78,3.82,4.2,1.19,1.97,1.23,1.63,2.23,1.64,2.23,Oui,Oui,Oui,Non,Non,Away,67,"[29, 59, 67]",True
019be77d3e8c8785,coupe-du-monde,164938,19,2026-09-09T18:00:18Z,Turkiye,Mexico,0,0,3.15,3.92,2.05,1.71,1.32,1.22,1.46,2.67,1.45,2.68,Non,Non,Non,Oui,Non,,,[],True
7e1c529be86fc28f,coupe-du-monde,164938,19,2026-09-09T18:00:18Z,Norway,Germany,1,2,2.76,4.1,2.21,1.62,1.41,1.2,1.34,3.16,1.37,3.05,Oui,Oui,Non,Non,Oui,Home,44,"[40, 43, 44]",True
12265cbff7dc3283,coupe-du-monde,164938,19,2026-09-09T18:00:18Z,Uruguay,Tunisia,0,0,1.76,3.8,4.39,1.18,2.0,1.23,1.67,2.16,1.68,2.16,Non,Non,Non,Oui,Non,,,[],True
468a50878324273d,coupe-du-monde,164938,19,2026-09-09T18:00:18Z,Cabo Verde,Spain,2,1,8.17,5.15,1.35,3.1,1.05,1.13,1.47,2.64,1.82,1.96,Oui,Oui,Oui,Non,Non,Away,59,"[9, 49, 59]",True
fd381bbfcf30b1a4,coupe-du-monde,164938,19,2026-09-09T18:00:18Z,Cote d'Ivoire,Ecuador,0,3,2.42,3.74,2.63,1.44,1.52,1.24,1.52,2.48,1.48,2.61,Oui,Non,Non,Non,Oui,Away,74,"[19, 36, 74]",True
69d507069f45470e,coupe-du-monde,164938,19,2026-09-09T18:00:18Z,Portugal,Jordan,3,1,1.47,4.72,5.89,1.1,2.57,1.16,1.42,2.81,1.61,2.28,Oui,Oui,Oui,Non,Non,Home,90,"[19, 25, 70, 90]",True
d7b633c89d16b781,coupe-du-monde,164938,19,2026-09-09T18:00:18Z,Czechia,Colombia,2,0,3.33,3.84,2.0,1.75,1.29,1.23,1.52,2.49,1.5,2.54,Non,Non,Oui,Non,Non,Home,43,"[24, 43]",True
ac672061733a49b1,coupe-du-monde,164938,19,2026-09-09T18:00:18Z,Bosnia-Herzegovina,France,0,0,8.1,5.57,1.32,3.24,1.05,1.11,1.36,3.07,1.73,2.08,Non,Non,Non,Oui,Non,,,[],True
7ac88c1ce9ad114e,coupe-du-monde,164938,19,2026-09-09T18:00:18Z,Scotland,Curacao,1,2,1.61,4.19,4.98,1.14,2.23,1.19,1.53,2.45,1.63,2.24,Oui,Oui,Non,Non,Oui,Home,50,"[1, 41, 50]",True
849f65f363d7da27,coupe-du-monde,164938,19,2026-09-09T18:00:18Z,Paraguay,Canada,2,1,2.64,3.71,2.43,1.52,1.44,1.24,1.53,2.45,1.48,2.59,Oui,Oui,Oui,Non,Non,Home,67,"[37, 57, 67]",True
cc8c8fd78e6c7f98,coupe-du-monde,164938,19,2026-09-09T18:00:18Z,Japan,Algeria,2,0,1.99,3.75,3.44,1.28,1.76,1.24,1.59,2.33,1.55,2.41,Non,Non,Oui,Non,Non,Home,45,"[42, 45]",True
d448f13385b2b80a,coupe-du-monde,164938,19,2026-09-09T18:00:18Z,IR Iran,Panama,1,1,1.85,3.6,4.14,1.2,1.89,1.25,1.78,2.01,1.73,2.08,Non,Oui,Non,Oui,Non,Home,45,"[38, 45]",True
9a45ee116ced25bf,coupe-du-monde,164938,19,2026-09-09T18:00:18Z,Sweden,Austria,0,4,2.56,3.61,2.55,1.47,1.47,1.25,1.61,2.29,1.53,2.46,Oui,Non,Non,Non,Oui,Away,87,"[28, 35, 82, 87]",True
2116a8527f117751,coupe-du-monde,164938,19,2026-09-09T18:00:18Z,Congo DR,Iraq,2,1,2.93,3.51,2.31,1.57,1.37,1.27,1.7,2.11,1.6,2.3,Oui,Oui,Oui,Non,Non,Away,81,"[52, 70, 81]",True
9ede6d7a71dded90,coupe-du-monde,164938,19,2026-09-09T18:00:18Z,Qatar,Belgium,1,1,3.75,3.98,1.84,1.9,1.24,1.21,1.49,2.57,1.51,2.51,Non,Oui,Non,Oui,Non,Away,85,"[78, 85]",True
eae1199196101363,coupe-du-monde,164938,19,2026-09-09T18:00:18Z,Korea Republic,Morocco,3,2,4.92,3.7,1.71,2.07,1.15,1.24,1.82,1.96,1.82,1.96,Oui,Oui,Oui,Non,Non,Away,65,"[27, 29, 39, 54, 65]",True
bffad560c070d3a7,coupe-du-monde,164938,19,2026-09-09T18:00:18Z,Netherlands,Croatia,1,1,2.23,3.86,2.83,1.39,1.6,1.22,1.46,2.67,1.44,2.72,Non,Oui,Non,Oui,Non,Away,50,"[47, 50]",True
c5e7101f8575fb7e,coupe-du-monde,164938,19,2026-09-09T18:00:18Z,Haiti,Australia,2,2,5.14,4.12,1.6,2.25,1.13,1.2,1.59,2.33,1.68,2.15,Oui,Oui,Non,Oui,Non,Home,86,"[18, 29, 65, 86]",True
5bc3b5a797bf4494,coupe-du-monde,164938,19,2026-09-09T18:00:18Z,USA,Switzerland,1,1,2.93,3.7,2.23,1.6,1.37,1.24,1.56,2.39,1.51,2.53,Non,Oui,Non,Oui,Non,Away,47,"[30, 47]",True
6745f559254130b3,coupe-du-monde,164938,19,2026-09-09T18:00:18Z,Saudi Arabia,England,2,2,6.28,4.93,1.43,2.71,1.09,1.15,1.39,2.93,1.62,2.26,Oui,Oui,Non,Oui,Non,Home,84,"[15, 37, 48, 84]",True
ded49f331d4eb03e,coupe-du-monde,164938,19,2026-09-09T18:00:18Z,Argentina,Ghana,2,3,1.34,5.53,7.64,1.06,3.15,1.12,1.34,3.18,1.68,2.16,Oui,Oui,Non,Non,Oui,Home,84,"[13, 27, 52, 56, 84]",True
3593bf25df2eaba0,coupe-du-monde,164938,22,2026-09-09T18:06:18Z,Ghana,Brazil,1,5,5.75,4.91,1.47,2.6,1.11,1.15,1.35,3.12,1.55,2.41,Oui,Oui,Non,Non,Oui,Away,84,"[10, 30, 34, 78, 78, 84]",True
a23ad0111f6e48fd,coupe-du-monde,164938,22,2026-09-09T18:06:18Z,France,Qatar,3,2,1.39,5.15,6.83,1.07,2.88,1.13,1.37,3.01,1.65,2.21,Oui,Oui,Oui,Non,Non,Home,89,"[13, 16, 28, 78, 89]",True
9ec6041014420067,coupe-du-monde,164938,22,2026-09-09T18:06:18Z,Canada,Bosnia-Herzegovina,2,1,2.15,3.77,3.04,1.34,1.65,1.23,1.53,2.47,1.49,2.57,Oui,Oui,Oui,Non,Non,Away,82,"[60, 81, 82]",True
1e87aa70a14efbb5,coupe-du-monde,164938,22,2026-09-09T18:06:18Z,Cabo Verde,Paraguay,1,3,2.75,3.59,2.39,1.53,1.41,1.26,1.63,2.24,1.55,2.42,Oui,Oui,Non,Non,Oui,Away,66,"[13, 49, 62, 66]",True
29466a889ed0e8c2,coupe-du-monde,164938,22,2026-09-09T18:06:18Z,Jordan,Netherlands,2,2,4.73,4.26,1.63,2.2,1.16,1.19,1.48,2.62,1.57,2.37,Oui,Oui,Non,Oui,Non,Away,73,"[30, 53, 66, 73]",True
83bd3dc028917ef6,coupe-du-monde,164938,22,2026-09-09T18:06:18Z,Colombia,Saudi Arabia,2,1,1.72,4.15,4.19,1.2,2.05,1.2,1.46,2.66,1.52,2.49,Oui,Oui,Oui,Non,Non,Home,86,"[6, 50, 86]",True
afd22e9da08c3065,coupe-du-monde,164938,22,2026-09-09T18:06:18Z,Croatia,New Zealand,3,0,1.55,4.24,5.6,1.11,2.37,1.19,1.58,2.34,1.71,2.1,Oui,Non,Oui,Non,Non,Home,81,"[24, 53, 81]",True
52d83a5d4c55e537,coupe-du-monde,164938,22,2026-09-09T18:06:18Z,Australia,Sweden,3,1,2.64,3.63,2.47,1.5,1.44,1.25,1.6,2.3,1.53,2.47,Oui,Oui,Oui,Non,Non,Home,79,"[4, 47, 62, 79]",True
7c18c02bf777c679,coupe-du-monde,164938,22,2026-09-09T18:06:18Z,Belgium,Curacao,1,1,1.33,5.26,8.58,1.04,3.2,1.13,1.47,2.65,1.86,1.92,Non,Oui,Non,Oui,Non,Home,86,"[28, 86]",True
a2d68d92a52a1087,coupe-du-monde,164938,22,2026-09-09T18:06:18Z,USA,Congo DR,0,1,1.75,4.08,4.1,1.2,2.01,1.2,1.48,2.6,1.53,2.47,Non,Non,Non,Non,Oui,Away,88,[88],True
219526aee0e4c13e,coupe-du-monde,164938,22,2026-09-09T18:06:18Z,Spain,Uruguay,2,1,1.94,3.79,3.57,1.26,1.8,1.23,1.57,2.36,1.55,2.41,Oui,Oui,Oui,Non,Non,Away,87,"[38, 60, 87]",True
3c05170ca8bdfdc4,coupe-du-monde,164938,22,2026-09-09T18:06:18Z,Iraq,Czechia,2,0,2.98,3.58,2.25,1.6,1.36,1.26,1.65,2.21,1.56,2.38,Non,Non,Oui,Non,Non,Home,82,"[64, 82]",True
6facf3526484f590,coupe-du-monde,164938,22,2026-09-09T18:06:18Z,Mexico,Argentina,2,1,4.11,4.38,1.7,2.08,1.2,1.18,1.36,3.09,1.44,2.72,Oui,Oui,Oui,Non,Non,Home,89,"[9, 12, 89]",True
b3c28b79d68ef9f5,coupe-du-monde,164938,22,2026-09-09T18:06:18Z,Austria,South Africa,3,1,1.76,3.9,4.25,1.19,2.0,1.22,1.6,2.3,1.62,2.26,Oui,Oui,Oui,Non,Non,Home,85,"[2, 61, 85, 85]",True
4493ca0f74c4985b,coupe-du-monde,164938,22,2026-09-09T18:06:18Z,Switzerland,Japan,1,2,2.56,3.45,2.64,1.44,1.47,1.27,1.74,2.06,1.61,2.27,Oui,Oui,Non,Non,Oui,Home,88,"[77, 79, 88]",True
c17c13ab30a29c33,coupe-du-monde,164938,22,2026-09-09T18:06:18Z,Morocco,Germany,5,1,2.04,3.57,3.46,1.27,1.72,1.26,1.71,2.1,1.63,2.24,Oui,Oui,Oui,Non,Non,Away,77,"[25, 34, 41, 50, 66, 77]",True
6c1bbea5b0b97f01,coupe-du-monde,164938,22,2026-09-09T18:06:18Z,Algeria,Cote d'Ivoire,2,2,2.58,3.69,2.49,1.49,1.46,1.24,1.55,2.41,1.49,2.56,Oui,Oui,Non,Oui,Non,Away,76,"[14, 22, 69, 76]",True
26980f172ba9954c,coupe-du-monde,164938,22,2026-09-09T18:06:18Z,England,Egypt,0,2,1.71,4.12,4.29,1.19,2.06,1.2,1.49,2.58,1.55,2.42,Non,Non,Non,Non,Oui,Away,73,"[68, 73]",True
d0aff1b99514fad5,coupe-du-monde,164938,22,2026-09-09T18:06:18Z,Haiti,Turkiye,1,2,4.51,4.04,1.69,2.09,1.17,1.21,1.55,2.41,1.6,2.29,Oui,Oui,Non,Non,Oui,Away,70,"[41, 65, 70]",True
888f8758bf420fda,coupe-du-monde,164938,22,2026-09-09T18:06:18Z,Uzbekistan,IR Iran,2,1,3.34,3.69,2.04,1.72,1.29,1.24,1.61,2.27,1.56,2.38,Oui,Oui,Oui,Non,Non,Away,70,"[36, 41, 70]",True
3fdc1620d5096e55,coupe-du-monde,164938,22,2026-09-09T18:06:18Z,Ecuador,Korea Republic,1,1,2.55,3.69,2.52,1.48,1.47,1.24,1.55,2.41,1.49,2.56,Non,Oui,Non,Oui,Non,Away,57,"[22, 57]",True
81de3af49afd25b9,coupe-du-monde,164938,22,2026-09-09T18:06:18Z,Tunisia,Portugal,0,6,4.6,4.21,1.65,2.16,1.16,1.19,1.49,2.58,1.57,2.37,Oui,Non,Non,Non,Oui,Away,57,"[10, 17, 21, 54, 54, 57]",True
8a5f2badbb64fcae,coupe-du-monde,164938,22,2026-09-09T18:06:18Z,Senegal,Norway,2,1,2.49,3.71,2.58,1.46,1.49,1.24,1.54,2.43,1.49,2.58,Oui,Oui,Oui,Non,Non,Home,60,"[34, 36, 60]",True
dec8eabdbf740dda,coupe-du-monde,164938,22,2026-09-09T18:06:18Z,Panama,Scotland,1,4,3.44,3.66,2.02,1.74,1.28,1.25,1.64,2.21,1.59,2.32,Oui,Oui,Non,Non,Oui,Away,65,"[2, 9, 31, 63, 65]",True
83059d10de6a79bc,coupe-du-monde,164938,24,2026-09-09T18:10:18Z,Mexico,Cote d'Ivoire,1,1,2.23,3.83,2.85,1.38,1.6,1.23,1.48,2.6,1.46,2.68,Non,Oui,Non,Oui,Non,Home,71,"[51, 71]",True
b23072f0bcf1d5d0,coupe-du-monde,164938,24,2026-09-09T18:10:18Z,France,Norway,0,1,1.64,4.5,4.38,1.18,2.18,1.17,1.35,3.14,1.46,2.68,Non,Non,Non,Non,Oui,Away,33,[33],True
ac3da00a2c6cb651,coupe-du-monde,164938,24,2026-09-09T18:10:18Z,Jordan,Egypt,3,0,3.54,3.57,2.01,1.75,1.26,1.26,1.72,2.09,1.64,2.22,Oui,Non,Oui,Non,Non,Home,81,"[20, 21, 81]",True
bc0133c17c3a2010,coupe-du-monde,164938,24,2026-09-09T18:10:18Z,Turkiye,Uruguay,0,1,4.22,4.17,1.71,2.06,1.19,1.2,1.46,2.67,1.52,2.48,Non,Non,Non,Non,Oui,Away,68,[68],True
dcc67a9b84685efa,coupe-du-monde,164938,24,2026-09-09T18:10:18Z,Senegal,Germany,2,1,2.85,3.9,2.21,1.62,1.38,1.22,1.44,2.73,1.43,2.77,Oui,Oui,Oui,Non,Non,Home,82,"[22, 26, 82]",True
58f1a10f9ee85543,coupe-du-monde,164938,24,2026-09-09T18:10:18Z,Uzbekistan,New Zealand,2,1,2.25,3.57,2.98,1.36,1.59,1.26,1.66,2.18,1.57,2.35,Oui,Oui,Oui,Non,Non,Home,78,"[43, 72, 78]",True
72b84514f2352702,coupe-du-monde,164938,24,2026-09-09T18:10:18Z,Colombia,IR Iran,2,1,2.18,3.73,3.0,1.35,1.63,1.24,1.54,2.42,1.5,2.54,Oui,Oui,Oui,Non,Non,Home,70,"[30, 58, 70]",True
3300fb39d9d7f9e1,coupe-du-monde,164938,24,2026-09-09T18:10:18Z,Haiti,Japan,2,2,6.88,4.6,1.43,2.71,1.07,1.16,1.55,2.4,1.8,1.98,Oui,Oui,Non,Oui,Non,Away,81,"[18, 22, 79, 81]",True
2229bee7f25c3ecb,coupe-du-monde,164938,24,2026-09-09T18:10:18Z,Switzerland,Bosnia-Herzegovina,2,0,1.67,4.0,4.7,1.16,2.12,1.21,1.59,2.31,1.65,2.2,Non,Non,Oui,Non,Non,Home,81,"[77, 81]",True
7784629e35f95f65,coupe-du-monde,164938,24,2026-09-09T18:10:18Z,Croatia,Scotland,1,1,1.97,3.76,3.48,1.27,1.78,1.24,1.58,2.34,1.55,2.4,Non,Oui,Non,Oui,Non,Home,63,"[29, 63]",True
87fb1c565f8fab06,coupe-du-monde,164938,24,2026-09-09T18:10:18Z,Australia,Portugal,1,1,4.16,4.42,1.69,2.1,1.2,1.18,1.36,3.1,1.45,2.71,Non,Oui,Non,Oui,Non,Away,39,"[37, 39]",True
9d876306c04a515d,coupe-du-monde,164938,24,2026-09-09T18:10:18Z,Canada,Brazil,0,3,4.74,4.57,1.59,2.28,1.16,1.17,1.36,3.06,1.49,2.57,Oui,Non,Non,Non,Oui,Away,44,"[42, 44, 44]",True
9b11c8e0947bbedf,coupe-du-monde,164938,24,2026-09-09T18:10:18Z,Congo DR,Paraguay,1,1,3.1,3.6,2.18,1.63,1.33,1.26,1.65,2.2,1.57,2.36,Non,Oui,Non,Oui,Non,Away,86,"[52, 86]",True
e39f28c1c911c347,coupe-du-monde,164938,24,2026-09-09T18:10:18Z,Ecuador,Curacao,1,0,1.54,4.33,5.64,1.11,2.4,1.18,1.55,2.42,1.69,2.13,Non,Non,Oui,Non,Non,Home,46,[46],True
eb9f352eefff44dc,coupe-du-monde,164938,24,2026-09-09T18:10:18Z,Belgium,Morocco,0,1,3.79,3.41,1.99,1.76,1.23,1.28,1.89,1.88,1.76,2.03,Non,Non,Non,Non,Oui,Away,35,[35],True
6d58171813c6be28,coupe-du-monde,164938,24,2026-09-09T18:10:18Z,Tunisia,Saudi Arabia,1,2,2.26,3.44,3.07,1.34,1.59,1.28,1.77,2.02,1.65,2.21,Oui,Oui,Non,Non,Oui,Home,39,"[30, 31, 39]",True
39c8b207efd6ad32,coupe-du-monde,164938,24,2026-09-09T18:10:18Z,England,Panama,3,1,1.38,4.98,7.5,1.06,2.94,1.14,1.47,2.63,1.78,2.01,Oui,Oui,Oui,Non,Non,Home,48,"[20, 24, 43, 48]",True
73a0c4b6fecff0c4,coupe-du-monde,164938,24,2026-09-09T18:10:18Z,Iraq,South Africa,1,0,2.27,3.55,2.97,1.36,1.59,1.26,1.67,2.17,1.58,2.34,Non,Non,Oui,Non,Non,Home,51,[51],True
7058af848d0b5f60,coupe-du-monde,164938,24,2026-09-09T18:10:18Z,Ghana,Korea Republic,0,0,3.29,3.82,2.02,1.74,1.3,1.23,1.52,2.48,1.5,2.53,Non,Non,Non,Oui,Non,,,[],True
acb1fcd0b6b206ec,coupe-du-monde,164938,24,2026-09-09T18:10:18Z,Austria,Netherlands,1,1,2.89,3.97,2.17,1.64,1.38,1.22,1.41,2.85,1.41,2.85,Non,Oui,Non,Oui,Non,Home,26,"[12, 26]",True
c7714b05ecff842e,coupe-du-monde,164938,24,2026-09-09T18:10:18Z,Algeria,Qatar,1,0,2.39,3.7,2.69,1.43,1.53,1.24,1.55,2.41,1.5,2.55,Non,Non,Oui,Non,Non,Home,80,[80],True
01518549579ec99d,coupe-du-monde,164938,24,2026-09-09T18:10:18Z,Spain,Czechia,3,0,1.46,4.62,6.27,1.09,2.61,1.16,1.49,2.57,1.7,2.12,Oui,Non,Oui,Non,Non,Home,69,"[5, 31, 69]",True
0de0e4d546545b48,coupe-du-monde,164938,24,2026-09-09T18:10:18Z,Cabo Verde,Argentina,0,3,7.06,5.27,1.37,2.96,1.07,1.13,1.36,3.07,1.65,2.2,Oui,Non,Non,Non,Oui,Away,75,"[43, 44, 75]",True
f0bedb5d7a599f8c,coupe-du-monde,164938,24,2026-09-09T18:10:18Z,USA,Sweden,2,3,2.38,3.78,2.67,1.43,1.54,1.23,1.5,2.56,1.46,2.66,Oui,Oui,Non,Non,Oui,Away,68,"[43, 44, 45, 63, 68]",True
2c5e947472a193dd,coupe-du-monde,164938,27,2026-09-09T18:16:18Z,Portugal,Turkiye,2,2,1.58,4.66,4.73,1.16,2.31,1.16,1.33,3.22,1.47,2.63,Oui,Oui,Non,Oui,Non,Away,82,"[36, 45, 74, 82]",True
c72af6e3569da166,coupe-du-monde,164938,27,2026-09-09T18:16:18Z,South Africa,USA,2,0,3.97,4.0,1.79,1.96,1.21,1.21,1.5,2.53,1.53,2.45,Non,Non,Oui,Non,Non,Home,80,"[9, 80]",True
fb96816cd0e1a5df,coupe-du-monde,164938,27,2026-09-09T18:16:18Z,Norway,Canada,3,1,1.92,3.99,3.48,1.27,1.82,1.21,1.46,2.68,1.47,2.63,Oui,Oui,Oui,Non,Non,Home,83,"[23, 40, 71, 83]",True
5027c086a5a8ee2d,coupe-du-monde,164938,27,2026-09-09T18:16:18Z,England,Uzbekistan,3,0,1.42,4.97,6.4,1.09,2.75,1.14,1.39,2.93,1.63,2.24,Oui,Non,Oui,Non,Non,Home,80,"[50, 79, 80]",True
8499ae1af019a70c,coupe-du-monde,164938,27,2026-09-09T18:16:18Z,Belgium,Ecuador,1,0,2.05,3.77,3.26,1.3,1.72,1.23,1.55,2.42,1.51,2.5,Non,Non,Oui,Non,Non,Home,24,[24],True
0c690504bc50de04,coupe-du-monde,164938,27,2026-09-09T18:16:18Z,Germany,Ghana,2,1,1.58,4.52,4.84,1.15,2.29,1.17,1.39,2.96,1.51,2.51,Oui,Oui,Oui,Non,Non,Home,49,"[18, 22, 49]",True
8ecb39a168517205,coupe-du-monde,164938,27,2026-09-09T18:16:18Z,Curacao,Algeria,0,0,5.28,4.15,1.59,2.28,1.13,1.2,1.59,2.33,1.69,2.13,Non,Non,Non,Oui,Non,,,[],True
438d9439b12e7c86,coupe-du-monde,164938,27,2026-09-09T18:16:18Z,Netherlands,Australia,2,1,2.03,4.0,3.16,1.32,1.73,1.21,1.42,2.81,1.43,2.77,Oui,Oui,Oui,Non,Non,Home,69,"[60, 68, 69]",True
482e39a45a7158a6,coupe-du-monde,164938,27,2026-09-09T18:16:18Z,New Zealand,Austria,0,4,4.6,3.99,1.69,2.1,1.16,1.21,1.59,2.32,1.64,2.22,Oui,Non,Non,Non,Oui,Away,55,"[18, 20, 29, 55]",True
434a4335887bebf9,coupe-du-monde,164938,27,2026-09-09T18:16:18Z,Egypt,Tunisia,1,1,2.35,3.37,2.96,1.36,1.55,1.29,1.83,1.94,1.68,2.16,Non,Oui,Non,Oui,Non,Away,37,"[13, 37]",True
4d5852e53e09df85,coupe-du-monde,164938,27,2026-09-09T18:16:18Z,Korea Republic,Mexico,0,1,3.0,3.84,2.14,1.65,1.35,1.23,1.48,2.6,1.46,2.66,Non,Non,Non,Non,Oui,Away,9,[9],True
8488495514bd8d94,coupe-du-monde,164938,27,2026-09-09T18:16:18Z,Bosnia-Herzegovina,Congo DR,1,0,2.46,3.57,2.68,1.43,1.5,1.26,1.64,2.22,1.55,2.41,Non,Non,Oui,Non,Non,Home,20,[20],True
fc8cfd3befcd276f,coupe-du-monde,164938,27,2026-09-09T18:16:18Z,Morocco,France,0,0,3.0,3.42,2.3,1.57,1.35,1.28,1.79,2.0,1.65,2.2,Non,Non,Non,Oui,Non,,,[],True
ee23015e47cbddb2,coupe-du-monde,164938,27,2026-09-09T18:16:18Z,Qatar,Switzerland,1,1,3.7,3.69,1.93,1.81,1.24,1.24,1.66,2.19,1.61,2.27,Non,Oui,Non,Oui,Non,Home,88,"[85, 88]",True
24de2180f7e6ca7a,coupe-du-monde,164938,27,2026-09-09T18:16:18Z,Argentina,Uruguay,3,1,2.1,3.9,3.05,1.34,1.68,1.22,1.45,2.68,1.45,2.71,Oui,Oui,Oui,Non,Non,Home,73,"[30, 44, 72, 73]",True
fb8114507ff253a7,coupe-du-monde,164938,27,2026-09-09T18:16:18Z,Scotland,Senegal,0,0,3.45,3.75,1.99,1.76,1.27,1.24,1.59,2.33,1.55,2.41,Non,Non,Non,Oui,Non,,,[],True
03708d70c7850f27,coupe-du-monde,164938,27,2026-09-09T18:16:18Z,Panama,Colombia,1,2,4.89,4.18,1.62,2.21,1.15,1.2,1.53,2.47,1.62,2.26,Oui,Oui,Non,Non,Oui,Home,89,"[64, 64, 89]",True
99424f98e6b9ca15,coupe-du-monde,164938,27,2026-09-09T18:16:18Z,Croatia,Jordan,1,1,1.77,3.76,4.39,1.18,1.99,1.24,1.7,2.12,1.69,2.13,Non,Oui,Non,Oui,Non,Home,40,"[39, 40]",True
b05b1827e301896f,coupe-du-monde,164938,27,2026-09-09T18:16:18Z,Saudi Arabia,Spain,0,6,10.0,5.85,1.27,3.62,1.02,1.1,1.4,2.88,1.89,1.88,Oui,Non,Non,Non,Oui,Away,69,"[39, 43, 44, 58, 67, 69]",True
8ebe8134816349eb,coupe-du-monde,164938,27,2026-09-09T18:16:18Z,Brazil,Cabo Verde,4,0,1.5,4.73,5.52,1.12,2.5,1.16,1.39,2.94,1.57,2.37,Oui,Non,Oui,Non,Non,Home,89,"[13, 20, 67, 89]",True
a868d4c76c73b467,coupe-du-monde,164938,27,2026-09-09T18:16:18Z,Czechia,Paraguay,2,2,2.28,3.68,2.87,1.38,1.58,1.25,1.57,2.36,1.51,2.5,Oui,Oui,Non,Oui,Non,Home,90,"[19, 27, 36, 90]",True
ca53ea87b29afa79,coupe-du-monde,164938,27,2026-09-09T18:16:18Z,IR Iran,Iraq,1,3,2.1,3.55,3.31,1.3,1.68,1.26,1.7,2.11,1.62,2.26,Oui,Oui,Non,Non,Oui,Away,68,"[34, 51, 63, 68]",True
5429610fe2956bcb,coupe-du-monde,164938,27,2026-09-09T18:16:18Z,Cote d'Ivoire,Haiti,1,2,1.62,4.15,4.97,1.14,2.22,1.2,1.55,2.4,1.64,2.22,Oui,Oui,Non,Non,Oui,Home,84,"[76, 81, 84]",True
171a908e67138ed3,coupe-du-monde,164938,27,2026-09-09T18:16:18Z,Sweden,Japan,3,1,3.07,3.65,2.18,1.63,1.34,1.25,1.61,2.28,1.55,2.42,Oui,Oui,Oui,Non,Non,Home,90,"[10, 20, 68, 90]",True
6aa50c25e4e2933a,coupe-du-monde,164938,29,2026-09-09T18:20:18Z,Croatia,Austria,2,0,2.42,3.6,2.7,1.42,1.52,1.25,1.62,2.27,1.54,2.44,Non,Non,Oui,Non,Non,Home,75,"[60, 75]",True
b81241c912f46f68,coupe-du-monde,164938,29,2026-09-09T18:20:18Z,Morocco,Algeria,2,1,1.62,3.8,5.54,1.12,2.21,1.23,1.83,1.95,1.89,1.89,Oui,Oui,Oui,Non,Non,Away,90,"[35, 60, 90]",True
decc316c1c4c470a,coupe-du-monde,164938,29,2026-09-09T18:20:18Z,New Zealand,Iraq,1,0,3.26,3.48,2.15,1.65,1.3,1.27,1.76,2.03,1.65,2.2,Non,Non,Oui,Non,Non,Home,39,[39],True
1739988f246dd84f,coupe-du-monde,164938,29,2026-09-09T18:20:18Z,Germany,Canada,2,2,1.73,4.39,3.93,1.22,2.03,1.18,1.34,3.18,1.42,2.8,Oui,Oui,Non,Oui,Non,Home,77,"[28, 37, 42, 77]",True
9debea945bbf45a3,coupe-du-monde,164938,29,2026-09-09T18:20:18Z,Senegal,France,1,2,4.5,4.25,1.66,2.14,1.17,1.19,1.45,2.69,1.54,2.44,Oui,Oui,Non,Non,Oui,Home,89,"[14, 50, 89]",True
7ce36d4684b54ec5,coupe-du-monde,164938,29,2026-09-09T18:20:18Z,IR Iran,Spain,0,3,5.61,4.25,1.55,2.37,1.11,1.19,1.58,2.35,1.71,2.1,Oui,Non,Non,Non,Oui,Away,74,"[16, 32, 74]",True
353d392c97fe0362,coupe-du-monde,164938,29,2026-09-09T18:20:18Z,Panama,Tunisia,1,0,3.42,3.35,2.13,1.66,1.28,1.29,1.9,1.87,1.74,2.06,Non,Non,Oui,Non,Non,Home,5,[5],True
00a5dd9e77f1a1a8,coupe-du-monde,164938,29,2026-09-09T18:20:18Z,Curacao,Mexico,0,2,6.74,4.63,1.44,2.69,1.08,1.16,1.53,2.46,1.77,2.02,Non,Non,Non,Non,Oui,Away,89,"[59, 89]",True
ec92c2e8dc1820e0,coupe-du-monde,164938,29,2026-09-09T18:20:18Z,Egypt,Australia,2,1,2.61,3.57,2.52,1.48,1.45,1.26,1.64,2.23,1.55,2.41,Oui,Oui,Oui,Non,Non,Home,75,"[34, 66, 75]",True
d0089fba53b0a774,coupe-du-monde,164938,29,2026-09-09T18:20:18Z,Belgium,Ghana,1,1,1.67,4.17,4.51,1.17,2.13,1.2,1.49,2.57,1.56,2.38,Non,Oui,Non,Oui,Non,Away,46,"[38, 46]",True
60b171a666e0b7d6,coupe-du-monde,164938,29,2026-09-09T18:20:18Z,Norway,Switzerland,3,0,2.78,3.61,2.36,1.54,1.4,1.25,1.61,2.27,1.54,2.44,Oui,Non,Oui,Non,Non,Home,85,"[52, 72, 85]",True
c8a1c3462db46e09,coupe-du-monde,164938,29,2026-09-09T18:20:18Z,Czechia,Argentina,1,4,5.32,4.69,1.52,2.44,1.13,1.16,1.38,3.0,1.54,2.44,Oui,Oui,Non,Non,Oui,Away,83,"[16, 24, 31, 81, 83]",True
9be6aa3a70ddd52f,coupe-du-monde,164938,29,2026-09-09T18:20:18Z,Saudi Arabia,Turkiye,1,1,3.24,3.83,2.04,1.72,1.31,1.23,1.52,2.5,1.5,2.55,Non,Oui,Non,Oui,Non,Home,51,"[51, 51]",True
f54532cb292c3aaa,coupe-du-monde,164938,29,2026-09-09T18:20:18Z,Portugal,Japan,0,4,2.01,4.01,3.2,1.31,1.75,1.21,1.42,2.8,1.44,2.75,Oui,Non,Non,Non,Oui,Away,68,"[22, 38, 47, 68]",True
1cdd7a591d6079cc,coupe-du-monde,164938,29,2026-09-09T18:20:18Z,England,Colombia,4,0,1.96,4.07,3.29,1.3,1.79,1.21,1.4,2.9,1.42,2.8,Oui,Non,Oui,Non,Non,Home,71,"[11, 13, 59, 71]",True
13693454f6ee4384,coupe-du-monde,164938,29,2026-09-09T18:20:18Z,Uzbekistan,Jordan,2,3,2.45,3.48,2.74,1.41,1.51,1.27,1.71,2.1,1.6,2.3,Oui,Oui,Non,Non,Oui,Away,90,"[24, 25, 34, 59, 90]",True
a2136778c6a2f251,coupe-du-monde,164938,29,2026-09-09T18:20:18Z,Korea Republic,Cabo Verde,3,0,2.09,3.69,3.22,1.31,1.69,1.24,1.6,2.3,1.55,2.42,Oui,Non,Oui,Non,Non,Home,76,"[10, 55, 76]",True
3141750bdbfa3698,coupe-du-monde,164938,29,2026-09-09T18:20:18Z,Cote d'Ivoire,Uruguay,3,2,3.75,3.95,1.85,1.89,1.24,1.22,1.51,2.51,1.52,2.48,Oui,Oui,Oui,Non,Non,Away,88,"[12, 30, 54, 84, 88]",True
e334f337e21dbfa4,coupe-du-monde,164938,29,2026-09-09T18:20:18Z,Brazil,Congo DR,3,2,1.42,4.98,6.47,1.08,2.76,1.14,1.39,2.93,1.64,2.23,Oui,Oui,Oui,Non,Non,Home,72,"[44, 45, 67, 70, 72]",True
6966cb6704f7d62f,coupe-du-monde,164938,29,2026-09-09T18:20:18Z,Scotland,Ecuador,0,1,2.89,3.74,2.24,1.6,1.37,1.24,1.53,2.46,1.49,2.57,Non,Non,Non,Non,Oui,Away,50,[50],True
4a4e515de045f004,coupe-du-monde,164938,29,2026-09-09T18:20:18Z,Qatar,Haiti,1,2,1.74,3.94,4.33,1.18,2.03,1.22,1.58,2.33,1.61,2.27,Oui,Oui,Non,Non,Oui,Away,65,"[19, 61, 65]",True
15844ce1d8286d0c,coupe-du-monde,164938,29,2026-09-09T18:20:18Z,South Africa,Paraguay,0,0,3.02,3.65,2.2,1.62,1.35,1.25,1.61,2.28,1.54,2.43,Non,Non,Non,Oui,Non,,,[],True
8b1fc75660d1bd1b,coupe-du-monde,164938,29,2026-09-09T18:20:18Z,Bosnia-Herzegovina,Sweden,1,1,3.7,3.86,1.88,1.85,1.24,1.23,1.55,2.42,1.54,2.43,Non,Oui,Non,Oui,Non,Away,81,"[59, 81]",True
8ccb4be421a91260,coupe-du-monde,164938,29,2026-09-09T18:20:18Z,Netherlands,USA,2,3,2.11,4.11,2.91,1.37,1.67,1.2,1.35,3.13,1.38,3.0,Oui,Oui,Non,Non,Oui,Home,90,"[32, 35, 53, 59, 90]",True
3c2ffa3c06272714,coupe-du-monde,164938,32,2026-09-09T18:26:18Z,Congo DR,Norway,1,1,4.7,4.23,1.64,2.19,1.16,1.19,1.48,2.59,1.57,2.35,Non,Oui,Non,Oui,Non,Away,58,"[56, 58]",True
336fcc6a26c9675d,coupe-du-monde,164938,32,2026-09-09T18:26:18Z,Canada,Senegal,1,0,3.31,3.71,2.05,1.72,1.3,1.24,1.59,2.32,1.55,2.42,Non,Non,Oui,Non,Non,Home,69,[69],True
9158e4508a1f0ecc,coupe-du-monde,164938,32,2026-09-09T18:26:18Z,Sweden,Qatar,2,3,2.12,3.79,3.09,1.33,1.67,1.23,1.52,2.49,1.49,2.57,Oui,Oui,Non,Non,Oui,Home,55,"[33, 38, 44, 49, 55]",True
6bb7a2e96c47e329,coupe-du-monde,164938,32,2026-09-09T18:26:18Z,Bosnia-Herzegovina,South Africa,0,0,2.4,3.57,2.75,1.41,1.52,1.26,1.64,2.21,1.56,2.4,Non,Non,Non,Oui,Non,,,[],True
cfaf96938b911cec,coupe-du-monde,164938,32,2026-09-09T18:26:18Z,Austria,Jordan,3,1,1.89,3.67,3.89,1.22,1.85,1.25,1.7,2.13,1.65,2.2,Oui,Oui,Oui,Non,Non,Home,59,"[14, 40, 47, 59]",True
bb46e4b8245b4f5e,coupe-du-monde,164938,32,2026-09-09T18:26:18Z,Turkiye,Egypt,2,2,2.68,3.62,2.43,1.51,1.43,1.25,1.6,2.31,1.52,2.48,Oui,Oui,Non,Oui,Non,Home,79,"[19, 47, 76, 79]",True
a5ec6d760f6c9c76,coupe-du-monde,164938,32,2026-09-09T18:26:18Z,Spain,Panama,2,1,1.25,5.92,10.88,1.01,3.76,1.1,1.43,2.77,1.99,1.8,Oui,Oui,Oui,Non,Non,Home,45,"[17, 40, 45]",True
4eccabbfa3b91908,coupe-du-monde,164938,32,2026-09-09T18:26:18Z,Paraguay,IR Iran,2,1,3.09,3.58,2.19,1.63,1.33,1.26,1.66,2.18,1.58,2.34,Oui,Oui,Oui,Non,Non,Home,58,"[13, 39, 58]",True
1a9c056cedd38009,coupe-du-monde,164938,32,2026-09-09T18:26:18Z,Portugal,Cote d'Ivoire,2,2,1.76,4.28,3.89,1.22,2.0,1.19,1.37,3.01,1.44,2.73,Oui,Oui,Non,Oui,Non,Home,83,"[3, 32, 78, 83]",True
db5aedd485f00633,coupe-du-monde,164938,32,2026-09-09T18:26:18Z,Uruguay,Korea Republic,1,1,1.8,3.97,3.96,1.22,1.94,1.21,1.52,2.49,1.54,2.43,Non,Oui,Non,Oui,Non,Home,41,"[38, 41]",True
ea241a84acf8de95,coupe-du-monde,164938,32,2026-09-09T18:26:18Z,Mexico,Belgium,2,1,2.9,3.74,2.23,1.6,1.37,1.24,1.54,2.45,1.49,2.56,Oui,Oui,Oui,Non,Non,Home,50,"[24, 33, 50]",True
6f70b2159c33350d,coupe-du-monde,164938,32,2026-09-09T18:26:18Z,Iraq,England,0,1,5.56,4.5,1.52,2.44,1.12,1.17,1.47,2.64,1.63,2.24,Non,Non,Non,Non,Oui,Away,23,[23],True
fd9556c737acdc95,coupe-du-monde,164938,32,2026-09-09T18:26:18Z,Haiti,Curacao,0,2,2.3,3.42,3.01,1.35,1.57,1.28,1.78,2.0,1.65,2.21,Non,Non,Non,Non,Oui,Away,86,"[84, 86]",True
5de11dd4c4067b1d,coupe-du-monde,164938,32,2026-09-09T18:26:18Z,Japan,Netherlands,0,3,2.59,3.87,2.41,1.52,1.46,1.22,1.44,2.73,1.42,2.79,Oui,Non,Non,Non,Oui,Away,80,"[52, 60, 80]",True
84d8c25850a60ec9,coupe-du-monde,164938,32,2026-09-09T18:26:18Z,Ghana,France,2,3,8.57,5.81,1.3,3.4,1.04,1.11,1.34,3.19,1.74,2.06,Oui,Oui,Non,Non,Oui,Away,76,"[9, 24, 46, 50, 76]",True
ea8636291f01df18,coupe-du-monde,164938,32,2026-09-09T18:26:18Z,USA,New Zealand,3,0,1.66,4.22,4.54,1.17,2.15,1.19,1.47,2.62,1.55,2.4,Oui,Non,Oui,Non,Non,Home,87,"[33, 55, 87]",True
2f3913543023ceb0,coupe-du-monde,164938,32,2026-09-09T18:26:18Z,Tunisia,Uzbekistan,3,0,2.23,3.47,3.08,1.33,1.6,1.27,1.75,2.05,1.63,2.24,Oui,Non,Oui,Non,Non,Home,57,"[32, 36, 57]",True
364ac7b1b53f33c4,coupe-du-monde,164938,32,2026-09-09T18:26:18Z,Australia,Croatia,1,1,3.1,3.69,2.15,1.65,1.33,1.24,1.58,2.34,1.53,2.47,Non,Oui,Non,Oui,Non,Home,80,"[9, 80]",True
670c5c957daeb3df,coupe-du-monde,164938,32,2026-09-09T18:26:18Z,Cabo Verde,Germany,1,3,4.37,4.31,1.67,2.13,1.18,1.19,1.41,2.84,1.5,2.55,Oui,Oui,Non,Non,Oui,Away,80,"[20, 38, 58, 80]",True
e8736d7347ec3207,coupe-du-monde,164938,32,2026-09-09T18:26:18Z,Switzerland,Morocco,0,2,3.85,3.21,2.05,1.72,1.23,1.31,2.12,1.7,1.91,1.87,Non,Non,Non,Non,Oui,Away,54,"[50, 54]",True
04c03ccf6cd70413,coupe-du-monde,164938,32,2026-09-09T18:26:18Z,Czechia,Brazil,2,2,4.4,4.38,1.66,2.15,1.18,1.18,1.4,2.91,1.49,2.57,Oui,Oui,Non,Oui,Non,Home,74,"[13, 27, 57, 74]",True
83cdafe95f85ab11,coupe-du-monde,164938,32,2026-09-09T18:26:18Z,Colombia,Scotland,3,0,1.9,4.03,3.49,1.27,1.84,1.21,1.44,2.72,1.47,2.64,Oui,Non,Oui,Non,Non,Home,82,"[17, 66, 82]",True
e56991f6f3bd3d60,coupe-du-monde,164938,32,2026-09-09T18:26:18Z,Algeria,Ecuador,2,0,2.69,3.62,2.42,1.52,1.42,1.25,1.6,2.3,1.53,2.47,Non,Non,Oui,Non,Non,Home,43,"[34, 43]",True
c1321f2dcfee4ddb,coupe-du-monde,164938,32,2026-09-09T18:26:18Z,Argentina,Saudi Arabia,2,1,1.36,5.38,7.25,1.06,3.03,1.12,1.35,3.14,1.65,2.2,Oui,Oui,Oui,Non,Non,Away,74,"[23, 55, 74]",True
3352e385b640d667,coupe-du-monde,164938,34,2026-09-09T18:30:18Z,Switzerland,Senegal,2,2,2.51,3.38,2.74,1.41,1.48,1.28,1.8,1.98,1.65,2.2,Oui,Oui,Non,Oui,Non,Home,75,"[2, 60, 71, 75]",True
2f20362b54c8ac0d,coupe-du-monde,164938,34,2026-09-09T18:30:18Z,Spain,England,1,2,1.95,3.88,3.46,1.27,1.8,1.22,1.51,2.53,1.5,2.54,Oui,Oui,Non,Non,Oui,Away,87,"[54, 69, 87]",True
7ef9aac43849bb7d,coupe-du-monde,164938,34,2026-09-09T18:30:18Z,Cote d'Ivoire,Saudi Arabia,5,0,1.94,3.86,3.52,1.27,1.81,1.23,1.52,2.47,1.52,2.5,Oui,Non,Oui,Non,Non,Home,78,"[7, 35, 52, 57, 78]",True
848a70fe53b9f85c,coupe-du-monde,164938,34,2026-09-09T18:30:18Z,Congo DR,Germany,0,2,5.18,4.58,1.54,2.39,1.13,1.17,1.4,2.88,1.55,2.41,Non,Non,Non,Non,Oui,Away,59,"[19, 59]",True
f4c6b3be308ac39d,coupe-du-monde,164938,34,2026-09-09T18:30:18Z,Tunisia,Colombia,1,1,3.56,3.66,1.98,1.77,1.26,1.25,1.65,2.2,1.6,2.3,Non,Oui,Non,Oui,Non,Away,49,"[23, 49]",True
9139117dca8706ec,coupe-du-monde,164938,34,2026-09-09T18:30:18Z,Canada,France,2,3,6.79,5.27,1.38,2.91,1.08,1.13,1.34,3.17,1.62,2.26,Oui,Oui,Non,Non,Oui,Away,86,"[19, 26, 67, 74, 86]",True
aa3a7fd1c23931f7,coupe-du-monde,164938,34,2026-09-09T18:30:18Z,Bosnia-Herzegovina,Netherlands,1,1,4.7,4.46,1.6,2.25,1.16,1.17,1.4,2.89,1.52,2.49,Non,Oui,Non,Oui,Non,Home,76,"[66, 76]",True
ab42d0cca7a41511,coupe-du-monde,164938,34,2026-09-09T18:30:18Z,South Africa,Brazil,0,3,6.6,5.08,1.4,2.82,1.08,1.14,1.37,3.01,1.63,2.24,Oui,Non,Non,Non,Oui,Away,74,"[21, 71, 74]",True
f9bc1e5f759beedc,coupe-du-monde,164938,34,2026-09-09T18:30:18Z,Turkiye,Panama,1,3,1.91,3.8,3.68,1.25,1.83,1.23,1.58,2.34,1.56,2.38,Oui,Oui,Non,Non,Oui,Away,49,"[17, 23, 26, 49]",True
33b72cf39057e6a4,coupe-du-monde,164938,34,2026-09-09T18:30:18Z,Haiti,Morocco,0,0,11.11,4.95,1.3,3.36,1.01,1.14,1.73,2.08,2.33,1.59,Non,Non,Non,Oui,Non,,,[],True
939c6207fad5c343,coupe-du-monde,164938,34,2026-09-09T18:30:18Z,Japan,Egypt,1,1,2.13,3.63,3.17,1.32,1.66,1.25,1.63,2.23,1.57,2.37,Non,Oui,Non,Oui,Non,Away,89,"[54, 89]",True
d0f676bf3d251fc1,coupe-du-monde,164938,34,2026-09-09T18:30:18Z,Iraq,Jordan,0,1,2.41,3.44,2.82,1.39,1.52,1.28,1.75,2.05,1.62,2.26,Non,Non,Non,Non,Oui,Away,22,[22],True
35f9d825673cc3a5,coupe-du-monde,164938,34,2026-09-09T18:30:18Z,Portugal,Qatar,4,0,1.57,4.61,4.81,1.15,2.31,1.16,1.35,3.11,1.49,2.58,Oui,Non,Oui,Non,Non,Home,89,"[2, 25, 74, 89]",True
8717d82aa39eb8b9,coupe-du-monde,164938,34,2026-09-09T18:30:18Z,Algeria,Ghana,2,2,2.01,3.74,3.38,1.28,1.74,1.24,1.58,2.34,1.55,2.42,Oui,Oui,Non,Oui,Non,Home,62,"[31, 33, 42, 62]",True
71eb72fd08513c05,coupe-du-monde,164938,34,2026-09-09T18:30:18Z,Czechia,Korea Republic,0,1,2.67,3.62,2.44,1.51,1.43,1.25,1.6,2.3,1.53,2.47,Non,Non,Non,Non,Oui,Away,58,[58],True
e3af664ba8333fc4,coupe-du-monde,164938,34,2026-09-09T18:30:18Z,Cabo Verde,Belgium,0,0,4.35,4.05,1.71,2.06,1.18,1.21,1.53,2.47,1.58,2.35,Non,Non,Non,Oui,Non,,,[],True
d41e43874f5ea784,coupe-du-monde,164938,34,2026-09-09T18:30:18Z,USA,Croatia,1,1,2.75,3.74,2.33,1.55,1.41,1.24,1.53,2.47,1.48,2.6,Non,Oui,Non,Oui,Non,Home,48,"[21, 48]",True
a6943dfde21d0b2d,coupe-du-monde,164938,34,2026-09-09T18:30:18Z,Australia,Uzbekistan,3,0,2.02,3.78,3.33,1.29,1.74,1.23,1.55,2.42,1.52,2.49,Oui,Non,Oui,Non,Non,Home,81,"[72, 74, 81]",True
446c5f5cf7dd1cdd,coupe-du-monde,164938,34,2026-09-09T18:30:18Z,Paraguay,New Zealand,0,3,1.91,3.73,3.71,1.24,1.83,1.24,1.63,2.24,1.6,2.31,Oui,Non,Non,Non,Oui,Away,85,"[69, 79, 85]",True
348c7094d319f915,coupe-du-monde,164938,34,2026-09-09T18:30:18Z,Uruguay,Curacao,3,0,1.29,5.45,10.12,1.02,3.48,1.12,1.51,2.53,2.01,1.78,Oui,Non,Oui,Non,Non,Home,53,"[14, 18, 53]",True
cd0b64b9443c6f8c,coupe-du-monde,164938,34,2026-09-09T18:30:18Z,Sweden,Norway,1,1,2.82,3.81,2.26,1.59,1.39,1.23,1.49,2.58,1.46,2.66,Non,Oui,Non,Oui,Non,Home,80,"[28, 80]",True
16c104ec913a3a79,coupe-du-monde,164938,34,2026-09-09T18:30:18Z,Argentina,IR Iran,2,2,1.63,4.31,4.68,1.16,2.2,1.19,1.45,2.7,1.55,2.42,Oui,Oui,Non,Oui,Non,Away,79,"[9, 18, 46, 79]",True
a6d7975b26eb0c46,coupe-du-monde,164938,34,2026-09-09T18:30:18Z,Austria,Scotland,3,2,2.04,3.81,3.27,1.3,1.73,1.23,1.53,2.47,1.5,2.53,Oui,Oui,Oui,Non,Non,Home,65,"[23, 33, 47, 54, 65]",True
8d0ff125f9aeee91,coupe-du-monde,164938,34,2026-09-09T18:30:18Z,Mexico,Ecuador,1,3,2.14,3.88,2.99,1.35,1.66,1.22,1.46,2.65,1.45,2.69,Oui,Oui,Non,Non,Oui,Away,89,"[15, 16, 57, 89]",True
2f2206d4ea5ecddb,coupe-du-monde,164938,37,2026-09-09T18:36:18Z,Jordan,USA,1,3,3.86,3.87,1.84,1.9,1.23,1.22,1.56,2.39,1.56,2.38,Oui,Oui,Non,Non,Oui,Home,87,"[29, 37, 69, 87]",True
8c9f1909d5e5696b,coupe-du-monde,164938,37,2026-09-09T18:36:18Z,Croatia,Japan,2,2,2.58,3.56,2.55,1.47,1.46,1.26,1.65,2.21,1.56,2.4,Oui,Oui,Non,Oui,Non,Home,53,"[2, 9, 28, 53]",True
01264ceae3830223,coupe-du-monde,164938,37,2026-09-09T18:36:18Z,Tunisia,Iraq,0,1,2.36,3.36,2.95,1.36,1.54,1.29,1.83,1.94,1.68,2.16,Non,Non,Non,Non,Oui,Away,60,[60],True
51ad9e85a16a414a,coupe-du-monde,164938,37,2026-09-09T18:36:18Z,New Zealand,Bosnia-Herzegovina,0,3,3.04,3.55,2.23,1.61,1.34,1.26,1.68,2.15,1.59,2.33,Oui,Non,Non,Non,Oui,Away,87,"[64, 64, 87]",True
70e50f52d4bfcb06,coupe-du-monde,164938,37,2026-09-09T18:36:18Z,Colombia,Spain,1,3,4.76,4.29,1.62,2.21,1.15,1.19,1.46,2.66,1.56,2.39,Oui,Oui,Non,Non,Oui,Away,81,"[37, 40, 47, 81]",True
f74c4e6326148c7b,coupe-du-monde,164938,37,2026-09-09T18:36:18Z,Ecuador,Haiti,1,1,1.68,3.99,4.68,1.16,2.11,1.21,1.6,2.3,1.65,2.2,Non,Oui,Non,Oui,Non,Away,78,"[17, 78]",True
3bf35e76e9dbc1b0,coupe-du-monde,164938,37,2026-09-09T18:36:18Z,Netherlands,Qatar,1,0,1.78,4.16,3.86,1.23,1.97,1.2,1.42,2.81,1.47,2.63,Non,Non,Oui,Non,Non,Home,33,[33],True
b0d4488eab912501,coupe-du-monde,164938,37,2026-09-09T18:36:18Z,Senegal,Congo DR,5,1,1.69,3.93,4.67,1.16,2.09,1.22,1.64,2.23,1.68,2.16,Oui,Oui,Oui,Non,Non,Home,71,"[23, 29, 33, 46, 66, 71]",True
df69da3c28fa8eb9,coupe-du-monde,164938,37,2026-09-09T18:36:18Z,Algeria,Mexico,1,0,3.0,3.74,2.18,1.63,1.35,1.24,1.54,2.43,1.5,2.54,Non,Non,Oui,Non,Non,Home,74,[74],True
500b4bd4d159e481,coupe-du-monde,164938,37,2026-09-09T18:36:18Z,France,Cabo Verde,1,2,1.34,5.46,7.79,1.05,3.15,1.12,1.36,3.06,1.7,2.12,Oui,Oui,Non,Non,Oui,Away,57,"[19, 56, 57]",True
84c2bb95e42066f0,coupe-du-monde,164938,37,2026-09-09T18:36:18Z,Belgium,Uruguay,1,3,2.8,3.68,2.32,1.56,1.4,1.24,1.56,2.39,1.5,2.53,Oui,Oui,Non,Non,Oui,Away,87,"[19, 24, 69, 87]",True
339c6d8bc9c599f7,coupe-du-monde,164938,37,2026-09-09T18:36:18Z,IR Iran,Brazil,1,1,4.1,4.15,1.74,2.03,1.2,1.2,1.45,2.69,1.51,2.52,Non,Oui,Non,Oui,Non,Away,89,"[11, 89]",True
9715eb6369505030,coupe-du-monde,164938,37,2026-09-09T18:36:18Z,Morocco,Sweden,0,1,1.77,3.49,4.79,1.15,1.98,1.27,1.98,1.8,1.91,1.87,Non,Non,Non,Non,Oui,Away,31,[31],True
414a933b9053158d,coupe-du-monde,164938,37,2026-09-09T18:36:18Z,Austria,Australia,0,6,2.26,3.76,2.85,1.39,1.59,1.24,1.52,2.5,1.48,2.61,Oui,Non,Non,Non,Oui,Away,88,"[14, 22, 30, 61, 62, 88]",True
53a7c05222befa4d,coupe-du-monde,164938,37,2026-09-09T18:36:18Z,Ghana,Switzerland,0,1,4.5,3.9,1.72,2.05,1.17,1.22,1.63,2.25,1.66,2.19,Non,Non,Non,Non,Oui,Away,83,[83],True
e2717edf54f9428b,coupe-du-monde,164938,37,2026-09-09T18:36:18Z,Scotland,Canada,2,1,2.52,3.78,2.51,1.48,1.48,1.23,1.5,2.55,1.46,2.66,Oui,Oui,Oui,Non,Non,Home,56,"[30, 41, 56]",True
63942a2a1667e51d,coupe-du-monde,164938,37,2026-09-09T18:36:18Z,Uzbekistan,Turkiye,0,2,3.15,3.9,2.06,1.71,1.32,1.22,1.47,2.65,1.46,2.67,Non,Non,Non,Non,Oui,Away,46,"[26, 46]",True
0fbcfdce48d16169,coupe-du-monde,164938,37,2026-09-09T18:36:18Z,Norway,South Africa,1,2,1.64,4.18,4.75,1.16,2.18,1.2,1.52,2.5,1.6,2.3,Oui,Oui,Non,Non,Oui,Home,89,"[22, 85, 89]",True
5d79086d612f18e4,coupe-du-monde,164938,37,2026-09-09T18:36:18Z,Germany,Czechia,3,1,1.86,4.05,3.62,1.25,1.88,1.21,1.44,2.74,1.47,2.64,Oui,Oui,Oui,Non,Non,Home,85,"[39, 43, 63, 85]",True
24d9e1dfeacc605d,coupe-du-monde,164938,37,2026-09-09T18:36:18Z,Curacao,Portugal,0,0,11.32,6.67,1.22,4.12,1.01,1.08,1.32,3.32,1.9,1.88,Non,Non,Non,Oui,Non,,,[],True
1e48d198695adf24,coupe-du-monde,164938,37,2026-09-09T18:36:18Z,Korea Republic,Saudi Arabia,2,0,2.02,3.79,3.34,1.29,1.74,1.23,1.55,2.42,1.52,2.48,Non,Non,Oui,Non,Non,Home,64,"[54, 64]",True
5b9d4f5fcfaf4fc0,coupe-du-monde,164938,37,2026-09-09T18:36:18Z,England,Paraguay,2,1,1.51,4.62,5.47,1.12,2.46,1.16,1.42,2.83,1.58,2.34,Oui,Oui,Oui,Non,Non,Away,76,"[72, 76, 76]",True
b9c3c6aaa2e55a76,coupe-du-monde,164938,37,2026-09-09T18:36:18Z,Panama,Argentina,1,1,8.62,5.56,1.31,3.32,1.04,1.12,1.39,2.92,1.8,1.99,Non,Oui,Non,Oui,Non,Away,31,"[29, 31]",True
24f5cba135bc7335,coupe-du-monde,164938,37,2026-09-09T18:36:18Z,Egypt,Cote d'Ivoire,2,2,2.56,3.59,2.55,1.47,1.46,1.26,1.62,2.26,1.54,2.44,Oui,Oui,Non,Oui,Non,Home,87,"[15, 39, 48, 87]",True
f37ea8d0c1e07507,coupe-du-monde,164938,38,2026-09-09T18:38:18Z,Paraguay,Uzbekistan,1,3,2.33,3.58,2.84,1.39,1.55,1.26,1.63,2.23,1.55,2.41,Oui,Oui,Non,Non,Oui,Away,81,"[43, 45, 73, 81]",True
bbb326cd096997b1,coupe-du-monde,164938,38,2026-09-09T18:38:18Z,Sweden,Belgium,1,2,3.13,3.74,2.11,1.67,1.33,1.24,1.55,2.4,1.51,2.5,Oui,Oui,Non,Non,Oui,Away,63,"[2, 7, 63]",True
b2799881e8faedcf,coupe-du-monde,164938,38,2026-09-09T18:38:18Z,Qatar,IR Iran,2,3,2.9,3.63,2.27,1.58,1.37,1.25,1.6,2.29,1.53,2.45,Oui,Oui,Non,Non,Oui,Away,67,"[29, 30, 31, 47, 67]",True
8dff71e13875c8f4,coupe-du-monde,164938,38,2026-09-09T18:38:18Z,Bosnia-Herzegovina,Panama,0,0,2.34,3.53,2.87,1.38,1.55,1.26,1.68,2.15,1.58,2.34,Non,Non,Non,Oui,Non,,,[],True
481849ce0b580800,coupe-du-monde,164938,38,2026-09-09T18:38:18Z,Czechia,Morocco,1,2,5.28,3.72,1.66,2.14,1.13,1.24,1.85,1.92,1.88,1.9,Oui,Oui,Non,Non,Oui,Away,51,"[10, 46, 51]",True
e5cbc0d166f3dc90,coupe-du-monde,164938,38,2026-09-09T18:38:18Z,Saudi Arabia,Norway,1,4,4.35,4.19,1.69,2.09,1.18,1.2,1.46,2.66,1.53,2.45,Oui,Oui,Non,Non,Oui,Away,73,"[13, 16, 63, 63, 73]",True
643347a193cbc02d,coupe-du-monde,164938,38,2026-09-09T18:38:18Z,USA,Colombia,1,0,2.87,3.97,2.18,1.63,1.38,1.21,1.41,2.87,1.41,2.85,Non,Non,Oui,Non,Non,Home,21,[21],True
f7f436a512f97264,coupe-du-monde,164938,38,2026-09-09T18:38:18Z,Congo DR,Ecuador,2,1,3.63,3.78,1.92,1.82,1.25,1.23,1.59,2.32,1.57,2.37,Oui,Oui,Oui,Non,Non,Away,46,"[44, 45, 46]",True
030189b105522787,coupe-du-monde,164938,38,2026-09-09T18:38:18Z,Brazil,Egypt,2,1,1.7,4.18,4.27,1.19,2.07,1.2,1.46,2.67,1.53,2.47,Oui,Oui,Oui,Non,Non,Away,67,"[18, 30, 67]",True
8dbd6b5345874afd,coupe-du-monde,164938,38,2026-09-09T18:38:18Z,Portugal,Germany,4,1,2.05,4.26,2.96,1.36,1.71,1.19,1.3,3.45,1.34,3.17,Oui,Oui,Oui,Non,Non,Home,75,"[1, 15, 40, 54, 75]",True
30f7d6e571149227,coupe-du-monde,164938,38,2026-09-09T18:38:18Z,Mexico,Canada,2,1,2.04,3.87,3.2,1.31,1.72,1.22,1.49,2.58,1.48,2.61,Oui,Oui,Oui,Non,Non,Away,45,"[38, 39, 45]",True
5cfe5aa8ae7f87ec,coupe-du-monde,164938,38,2026-09-09T18:38:18Z,Japan,England,1,4,3.39,3.88,1.97,1.78,1.28,1.22,1.5,2.54,1.49,2.56,Oui,Oui,Non,Non,Oui,Away,76,"[30, 37, 40, 70, 76]",True
8c9330dd05fec90a,coupe-du-monde,164938,38,2026-09-09T18:38:18Z,Turkiye,Jordan,2,1,2.08,3.74,3.22,1.31,1.7,1.24,1.56,2.38,1.52,2.48,Oui,Oui,Oui,Non,Non,Home,65,"[32, 50, 65]",True
ece0d0d010c34d4e,coupe-du-monde,164938,38,2026-09-09T18:38:18Z,Spain,Austria,1,0,1.55,4.36,5.35,1.12,2.36,1.18,1.5,2.55,1.63,2.24,Non,Non,Oui,Non,Non,Home,51,[51],True
f7cb9fcb6c03bf22,coupe-du-monde,164938,38,2026-09-09T18:38:18Z,Cote d'Ivoire,New Zealand,0,1,1.76,3.92,4.21,1.19,1.99,1.22,1.58,2.34,1.6,2.29,Non,Non,Non,Non,Oui,Away,59,[59],True
82d6762871b7ab65,coupe-du-monde,164938,38,2026-09-09T18:38:18Z,Argentina,Croatia,2,1,1.8,4.09,3.84,1.23,1.94,1.2,1.45,2.7,1.49,2.58,Oui,Oui,Oui,Non,Non,Home,87,"[10, 56, 87]",True
a6ffd94665e9b2c1,coupe-du-monde,164938,38,2026-09-09T18:38:18Z,South Africa,Curacao,3,1,1.86,3.64,4.06,1.21,1.88,1.25,1.74,2.06,1.69,2.13,Oui,Oui,Oui,Non,Non,Home,74,"[13, 51, 68, 74]",True
18c076a781ae4cf1,coupe-du-monde,164938,38,2026-09-09T18:38:18Z,Haiti,France,1,3,14.09,7.24,1.18,4.7,0.99,1.06,1.33,3.27,2.07,1.74,Oui,Oui,Non,Non,Oui,Home,86,"[15, 29, 31, 86]",True
381dc1ade8a9979d,coupe-du-monde,164938,38,2026-09-09T18:38:18Z,Switzerland,Algeria,1,1,1.95,3.65,3.66,1.25,1.79,1.25,1.67,2.16,1.62,2.26,Non,Oui,Non,Oui,Non,Away,60,"[40, 60]",True
b7dfc384cef10e35,coupe-du-monde,164938,38,2026-09-09T18:38:18Z,Netherlands,Korea Republic,1,0,1.96,4.1,3.26,1.3,1.78,1.2,1.38,2.98,1.41,2.86,Non,Non,Oui,Non,Non,Home,57,[57],True
1fffb671012bdbcd,coupe-du-monde,164938,38,2026-09-09T18:38:18Z,Iraq,Scotland,2,1,2.78,3.66,2.34,1.55,1.4,1.25,1.58,2.35,1.52,2.5,Oui,Oui,Oui,Non,Non,Home,65,"[31, 35, 65]",True
42cf6ae52b80d6fd,coupe-du-monde,164938,38,2026-09-09T18:38:18Z,Cabo Verde,Ghana,3,0,2.45,3.57,2.7,1.42,1.51,1.26,1.64,2.22,1.55,2.4,Oui,Non,Oui,Non,Non,Home,82,"[13, 80, 82]",True
aa6c4fd53d408fcf,coupe-du-monde,164938,38,2026-09-09T18:38:18Z,Australia,Tunisia,1,3,2.4,3.51,2.79,1.4,1.53,1.27,1.69,2.14,1.58,2.33,Oui,Oui,Non,Non,Oui,Away,69,"[23, 38, 62, 69]",True
be049e699a2a24b5,coupe-du-monde,164938,38,2026-09-09T18:38:18Z,Uruguay,Senegal,4,0,2.07,3.67,3.29,1.3,1.7,1.25,1.61,2.27,1.56,2.39,Oui,Non,Oui,Non,Non,Home,70,"[34, 55, 62, 70]",True
aa6acf6f1b1c7a3c,coupe-du-monde,164938,39,2026-09-09T18:40:18Z,Egypt,Qatar,2,1,2.24,3.65,2.94,1.36,1.6,1.25,1.6,2.31,1.53,2.46,Oui,Oui,Oui,Non,Non,Home,56,"[12, 53, 56]",True
687e9687e41c1bb7,coupe-du-monde,164938,39,2026-09-09T18:40:18Z,Canada,Switzerland,1,3,3.77,3.71,1.9,1.84,1.24,1.24,1.65,2.21,1.61,2.27,Oui,Oui,Non,Non,Oui,Away,60,"[9, 42, 53, 60]",True
022c7920470f2347,coupe-du-monde,164938,39,2026-09-09T18:40:18Z,Senegal,Sweden,2,1,2.2,3.58,3.07,1.34,1.62,1.26,1.66,2.19,1.58,2.35,Oui,Oui,Oui,Non,Non,Home,85,"[81, 84, 85]",True
60de89547abab248,coupe-du-monde,164938,39,2026-09-09T18:40:18Z,Panama,Cote d'Ivoire,1,1,3.87,3.83,1.85,1.89,1.22,1.23,1.58,2.34,1.58,2.35,Non,Oui,Non,Oui,Non,Away,86,"[83, 86]",True
4b73711511bccb0d,coupe-du-monde,164938,39,2026-09-09T18:40:18Z,England,Argentina,2,3,2.82,4.07,2.18,1.63,1.39,1.21,1.36,3.09,1.38,3.0,Oui,Oui,Non,Non,Oui,Away,85,"[23, 32, 79, 81, 85]",True
28a9e31e8790d0a9,coupe-du-monde,164938,39,2026-09-09T18:40:18Z,Germany,South Africa,2,1,1.53,4.61,5.3,1.13,2.42,1.16,1.4,2.89,1.56,2.39,Oui,Oui,Oui,Non,Non,Home,73,"[11, 33, 73]",True
bc3d39dbc4c6a44a,coupe-du-monde,164938,39,2026-09-09T18:40:18Z,Tunisia,Spain,1,0,6.87,4.5,1.44,2.67,1.07,1.17,1.6,2.31,1.84,1.94,Non,Non,Oui,Non,Non,Home,74,[74],True
fc24e87208f4585e,coupe-du-monde,164938,39,2026-09-09T18:40:18Z,Austria,USA,0,0,2.51,3.88,2.48,1.5,1.48,1.22,1.44,2.73,1.43,2.79,Non,Non,Non,Oui,Non,,,[],True
dd2a047c34ac3301,coupe-du-monde,164938,39,2026-09-09T18:40:18Z,Iraq,Australia,2,3,3.2,3.73,2.09,1.69,1.31,1.24,1.57,2.36,1.53,2.47,Oui,Oui,Non,Non,Oui,Away,76,"[22, 39, 50, 59, 76]",True
d750b9ef25e84ad9,coupe-du-monde,164938,39,2026-09-09T18:40:18Z,New Zealand,Brazil,1,3,7.49,5.41,1.35,3.08,1.06,1.12,1.36,3.07,1.69,2.14,Oui,Oui,Non,Non,Oui,Away,89,"[40, 42, 55, 89]",True
46dfcfc1b1cd452b,coupe-du-monde,164938,39,2026-09-09T18:40:18Z,Curacao,Saudi Arabia,1,3,3.98,3.8,1.83,1.91,1.21,1.23,1.62,2.27,1.61,2.28,Oui,Oui,Non,Non,Oui,Away,63,"[21, 29, 61, 63]",True
d8a3896ef0329d01,coupe-du-monde,164938,39,2026-09-09T18:40:18Z,IR Iran,Korea Republic,1,0,2.5,3.57,2.63,1.44,1.49,1.26,1.64,2.23,1.55,2.41,Non,Non,Oui,Non,Non,Home,33,[33],True
4b4797292ddf73d9,coupe-du-monde,164938,39,2026-09-09T18:40:18Z,Scotland,Mexico,3,0,3.19,3.84,2.06,1.71,1.31,1.23,1.5,2.54,1.48,2.59,Oui,Non,Oui,Non,Non,Home,85,"[11, 78, 85]",True
ba2b60167096323b,coupe-du-monde,164938,39,2026-09-09T18:40:18Z,Croatia,Bosnia-Herzegovina,1,2,1.8,3.82,4.15,1.2,1.95,1.23,1.63,2.24,1.63,2.24,Oui,Oui,Non,Non,Oui,Away,58,"[38, 43, 58]",True
309d3dd2d9e1bb40,coupe-du-monde,164938,39,2026-09-09T18:40:18Z,France,Congo DR,4,2,1.26,6.11,9.84,1.02,3.7,1.1,1.35,3.16,1.83,1.95,Oui,Oui,Oui,Non,Non,Away,83,"[42, 44, 45, 67, 69, 83]",True
dbd0ce7f8eea8560,coupe-du-monde,164938,39,2026-09-09T18:40:18Z,Uzbekistan,Japan,1,3,4.51,4.12,1.68,2.11,1.17,1.2,1.51,2.51,1.58,2.35,Oui,Oui,Non,Non,Oui,Home,74,"[30, 53, 65, 74]",True
69383b3e4cda695e,coupe-du-monde,164938,39,2026-09-09T18:40:18Z,Belgium,Czechia,1,0,1.96,3.84,3.45,1.27,1.78,1.23,1.54,2.45,1.52,2.48,Non,Non,Oui,Non,Non,Home,64,[64],True
4f817b3e73117850,coupe-du-monde,164938,39,2026-09-09T18:40:18Z,Jordan,Paraguay,3,1,2.89,3.47,2.35,1.55,1.37,1.27,1.73,2.07,1.61,2.27,Oui,Oui,Oui,Non,Non,Home,88,"[35, 44, 78, 88]",True
cb5f651d4abe6fdb,coupe-du-monde,164938,39,2026-09-09T18:40:18Z,Colombia,Turkiye,3,1,2.0,4.01,3.21,1.31,1.75,1.21,1.42,2.81,1.43,2.76,Oui,Oui,Oui,Non,Non,Away,55,"[30, 38, 43, 55]",True
94aeb889548fb58e,coupe-du-monde,164938,39,2026-09-09T18:40:18Z,Ecuador,Uruguay,1,3,3.78,4.0,1.83,1.91,1.23,1.21,1.48,2.6,1.51,2.53,Oui,Oui,Non,Non,Oui,Away,83,"[33, 44, 46, 83]",True
0d4c3bb8f88b06b6,coupe-du-monde,164938,39,2026-09-09T18:40:18Z,Morocco,Portugal,1,1,2.28,3.52,2.97,1.36,1.58,1.26,1.69,2.13,1.59,2.31,Non,Oui,Non,Oui,Non,Away,52,"[23, 52]",True
9fa84d8db0f5ba5b,coupe-du-monde,164938,39,2026-09-09T18:40:18Z,Ghana,Haiti,0,0,2.03,3.65,3.41,1.28,1.73,1.25,1.64,2.22,1.58,2.33,Non,Non,Non,Oui,Non,,,[],True
cd4bed88efd372ce,coupe-du-monde,164938,39,2026-09-09T18:40:18Z,Algeria,Cabo Verde,3,1,2.15,3.61,3.15,1.32,1.65,1.25,1.64,2.22,1.57,2.36,Oui,Oui,Oui,Non,Non,Home,48,"[7, 41, 44, 48]",True
c65123757a59c9c0,coupe-du-monde,164938,39,2026-09-09T18:40:18Z,Norway,Netherlands,0,0,2.75,3.98,2.25,1.6,1.41,1.21,1.4,2.91,1.4,2.89,Non,Non,Non,Oui,Non,,,[],True
f833298d9f42d1c2,coupe-du-monde,164938,42,2026-09-09T18:46:18Z,IR Iran,Germany,1,2,3.49,3.94,1.92,1.82,1.27,1.22,1.48,2.6,1.49,2.58,Oui,Oui,Non,Non,Oui,Away,86,"[56, 68, 86]",True
7df5d68cf9a81738,coupe-du-monde,164938,42,2026-09-09T18:46:18Z,Turkiye,Iraq,1,1,2.19,3.7,3.01,1.35,1.63,1.24,1.57,2.37,1.52,2.49,Non,Oui,Non,Oui,Non,Away,89,"[24, 89]",True
dbb302c53f4531bb,coupe-du-monde,164938,42,2026-09-09T18:46:18Z,Brazil,England,4,1,2.67,4.0,2.3,1.57,1.43,1.21,1.38,2.96,1.39,2.93,Oui,Oui,Oui,Non,Non,Home,88,"[26, 34, 61, 65, 88]",True
7a8e7fd59b273cac,coupe-du-monde,164938,42,2026-09-09T18:46:18Z,Cabo Verde,Switzerland,0,3,4.27,3.72,1.8,1.95,1.19,1.24,1.71,2.1,1.69,2.13,Oui,Non,Non,Non,Oui,Away,89,"[26, 46, 89]",True
73eab3e53dab8342,coupe-du-monde,164938,42,2026-09-09T18:46:18Z,Norway,New Zealand,3,1,1.52,4.48,5.6,1.11,2.44,1.17,1.48,2.6,1.64,2.22,Oui,Oui,Oui,Non,Non,Home,72,"[23, 28, 49, 72]",True
3a48894a7f95daf6,coupe-du-monde,164938,42,2026-09-09T18:46:18Z,Sweden,Ghana,2,3,1.89,3.82,3.72,1.24,1.85,1.23,1.57,2.35,1.56,2.38,Oui,Oui,Non,Non,Oui,Away,88,"[25, 37, 57, 72, 88]",True
f2eed3464c56b5e2,coupe-du-monde,164938,42,2026-09-09T18:46:18Z,Netherlands,Morocco,0,4,3.52,3.55,2.02,1.73,1.27,1.26,1.73,2.07,1.65,2.21,Oui,Non,Non,Non,Oui,Away,76,"[14, 32, 58, 76]",True
460b6b07fc0e8b67,coupe-du-monde,164938,42,2026-09-09T18:46:18Z,Japan,Austria,1,1,2.14,3.71,3.09,1.33,1.66,1.24,1.57,2.37,1.52,2.49,Non,Oui,Non,Oui,Non,Away,62,"[36, 62]",True
71d787955ef48ed6,coupe-du-monde,164938,42,2026-09-09T18:46:18Z,Spain,Scotland,1,2,1.37,5.12,7.29,1.06,2.95,1.14,1.42,2.82,1.72,2.09,Oui,Oui,Non,Non,Oui,Home,77,"[49, 73, 77]",True
5445143758b5834f,coupe-du-monde,164938,42,2026-09-09T18:46:18Z,Cote d'Ivoire,Uzbekistan,3,2,1.98,3.84,3.4,1.28,1.77,1.23,1.53,2.47,1.51,2.51,Oui,Oui,Oui,Non,Non,Home,67,"[33, 34, 45, 53, 67]",True
edf71f1676370a8c,coupe-du-monde,164938,42,2026-09-09T18:46:18Z,Haiti,Mexico,0,4,6.05,4.56,1.48,2.55,1.1,1.17,1.49,2.58,1.68,2.16,Oui,Non,Non,Non,Oui,Away,85,"[2, 21, 85, 85]",True
8d706a862641691c,coupe-du-monde,164938,42,2026-09-09T18:46:18Z,USA,Australia,1,1,2.28,3.91,2.74,1.41,1.58,1.22,1.43,2.77,1.42,2.81,Non,Oui,Non,Oui,Non,Away,67,"[64, 67]",True
2ec9d3ced06bf546,coupe-du-monde,164938,42,2026-09-09T18:46:18Z,Uruguay,Algeria,2,1,1.8,3.92,4.03,1.21,1.95,1.22,1.56,2.4,1.57,2.36,Oui,Oui,Oui,Non,Non,Away,82,"[52, 56, 82]",True
c4c4a3c8c661f56a,coupe-du-monde,164938,42,2026-09-09T18:46:18Z,Argentina,Colombia,1,0,1.77,4.31,3.79,1.23,1.98,1.19,1.36,3.1,1.42,2.8,Non,Non,Oui,Non,Non,Home,30,[30],True
c0d6470e882196ce,coupe-du-monde,164938,42,2026-09-09T18:46:18Z,Bosnia-Herzegovina,Jordan,1,1,2.55,3.55,2.59,1.46,1.47,1.26,1.66,2.19,1.56,2.39,Non,Oui,Non,Oui,Non,Home,61,"[59, 61]",True
a6220271f076b5d5,coupe-du-monde,164938,42,2026-09-09T18:46:18Z,Portugal,Ecuador,4,1,1.73,4.32,4.01,1.21,2.04,1.18,1.37,3.01,1.45,2.7,Oui,Oui,Oui,Non,Non,Home,89,"[44, 45, 69, 72, 89]",True
471a1ce772d8b9fb,coupe-du-monde,164938,42,2026-09-09T18:46:18Z,Korea Republic,Panama,3,1,1.83,3.79,3.98,1.21,1.91,1.23,1.62,2.26,1.61,2.28,Oui,Oui,Oui,Non,Non,Away,59,"[5, 19, 57, 59]",True
e195da410c4a93eb,coupe-du-monde,164938,42,2026-09-09T18:46:18Z,Czechia,France,3,0,6.38,4.95,1.43,2.73,1.09,1.14,1.39,2.93,1.63,2.25,Oui,Non,Oui,Non,Non,Home,74,"[33, 36, 74]",True
d4c130f52b283eb5,coupe-du-monde,164938,42,2026-09-09T18:46:18Z,Paraguay,Tunisia,2,0,2.79,3.4,2.45,1.51,1.4,1.28,1.78,2.0,1.64,2.22,Non,Non,Oui,Non,Non,Home,77,"[55, 77]",True
f37a0dfbfba8287b,coupe-du-monde,164938,42,2026-09-09T18:46:18Z,Qatar,Croatia,1,3,3.48,3.82,1.96,1.79,1.27,1.23,1.54,2.42,1.53,2.47,Oui,Oui,Non,Non,Oui,Away,76,"[6, 32, 60, 76]",True
a392c8338889b91c,coupe-du-monde,164938,42,2026-09-09T18:46:18Z,South Africa,Senegal,2,3,4.4,3.81,1.75,2.0,1.18,1.23,1.67,2.17,1.67,2.16,Oui,Oui,Non,Non,Oui,Away,74,"[1, 27, 42, 56, 74]",True
c7957fa7e4306f03,coupe-du-monde,164938,42,2026-09-09T18:46:18Z,Congo DR,Canada,0,1,3.22,3.73,2.08,1.7,1.31,1.24,1.57,2.36,1.53,2.46,Non,Non,Non,Non,Oui,Away,1,[1],True
69169f477611def5,coupe-du-monde,164938,42,2026-09-09T18:46:18Z,Saudi Arabia,Belgium,0,2,4.84,4.2,1.63,2.21,1.15,1.19,1.51,2.5,1.6,2.29,Non,Non,Non,Non,Oui,Away,76,"[49, 76]",True
eebb2723ae944b4d,coupe-du-monde,164938,42,2026-09-09T18:46:18Z,Egypt,Curacao,1,2,1.53,4.15,6.04,1.1,2.41,1.2,1.67,2.16,1.82,1.96,Oui,Oui,Non,Non,Oui,Away,88,"[16, 82, 88]",True
cc43fea9219175b0,coupe-du-monde,164938,44,2026-09-09T18:50:18Z,Sweden,Canada,0,1,2.19,3.73,2.98,1.35,1.63,1.24,1.55,2.41,1.5,2.53,Non,Non,Non,Non,Oui,Away,65,[65],True
603ae5b468afb6d4,coupe-du-monde,164938,44,2026-09-09T18:50:18Z,New Zealand,Germany,1,1,6.19,4.85,1.44,2.67,1.09,1.15,1.41,2.86,1.63,2.25,Non,Oui,Non,Oui,Non,Home,82,"[8, 82]",True
4ffbe3ba5215a1cb,coupe-du-monde,164938,44,2026-09-09T18:50:18Z,Turkiye,Spain,0,1,6.88,5.01,1.4,2.85,1.07,1.14,1.42,2.82,1.69,2.14,Non,Non,Non,Non,Oui,Away,78,[78],True
93a301ef21366db2,coupe-du-monde,164938,44,2026-09-09T18:50:18Z,Uruguay,Mexico,1,1,2.02,3.84,3.28,1.3,1.74,1.23,1.51,2.51,1.49,2.56,Non,Oui,Non,Oui,Non,Home,35,"[9, 35]",True
f245410aa82ea59a,coupe-du-monde,164938,44,2026-09-09T18:50:18Z,IR Iran,Belgium,1,1,3.36,3.7,2.03,1.73,1.29,1.24,1.61,2.28,1.56,2.38,Non,Oui,Non,Oui,Non,Away,80,"[75, 80]",True
390acd6893b9abfa,coupe-du-monde,164938,44,2026-09-09T18:50:18Z,Bosnia-Herzegovina,Austria,2,2,3.84,3.95,1.83,1.91,1.23,1.22,1.52,2.49,1.53,2.45,Oui,Oui,Non,Oui,Non,Home,78,"[16, 48, 65, 78]",True
ae912d1cd3a67ade,coupe-du-monde,164938,44,2026-09-09T18:50:18Z,Korea Republic,England,4,0,4.44,4.24,1.67,2.13,1.18,1.19,1.45,2.7,1.53,2.46,Oui,Non,Oui,Non,Non,Home,90,"[4, 52, 67, 90]",True
08d9350868df81d5,coupe-du-monde,164938,44,2026-09-09T18:50:18Z,Curacao,Panama,1,3,3.66,3.45,2.01,1.74,1.25,1.27,1.84,1.94,1.72,2.09,Oui,Oui,Non,Non,Oui,Away,89,"[11, 74, 78, 89]",True
56bbf742ad19ba82,coupe-du-monde,164938,44,2026-09-09T18:50:18Z,Cote d'Ivoire,Colombia,2,0,3.01,3.87,2.13,1.66,1.35,1.22,1.47,2.64,1.45,2.69,Non,Non,Oui,Non,Non,Home,42,"[15, 42]",True
3047aa6693f61bfc,coupe-du-monde,164938,44,2026-09-09T18:50:18Z,Haiti,Cabo Verde,2,1,3.64,3.59,1.97,1.77,1.25,1.26,1.72,2.09,1.65,2.21,Oui,Oui,Oui,Non,Non,Home,90,"[12, 55, 90]",True
e4fc67fe9af89b0b,coupe-du-monde,164938,44,2026-09-09T18:50:18Z,Netherlands,Senegal,2,1,2.26,3.87,2.78,1.4,1.59,1.22,1.46,2.68,1.44,2.74,Oui,Oui,Oui,Non,Non,Away,77,"[41, 43, 77]",True
0124a054f77f2267,coupe-du-monde,164938,44,2026-09-09T18:50:18Z,Czechia,Algeria,3,2,2.43,3.63,2.68,1.43,1.51,1.25,1.59,2.31,1.52,2.48,Oui,Oui,Oui,Non,Non,Home,55,"[28, 29, 43, 52, 55]",True
4e95a1e5a1c815b6,coupe-du-monde,164938,44,2026-09-09T18:50:18Z,Congo DR,Switzerland,1,3,4.77,3.85,1.69,2.09,1.15,1.23,1.69,2.13,1.72,2.09,Oui,Oui,Non,Non,Oui,Home,60,"[29, 52, 60, 60]",True
32fe0d2899f28bb6,coupe-du-monde,164938,44,2026-09-09T18:50:18Z,Saudi Arabia,Ecuador,0,2,3.57,3.83,1.93,1.81,1.26,1.23,1.55,2.42,1.53,2.45,Non,Non,Non,Non,Oui,Away,40,"[22, 40]",True
f06f0a625f45ee8f,coupe-du-monde,164938,44,2026-09-09T18:50:18Z,Norway,Croatia,0,0,2.45,3.69,2.62,1.45,1.51,1.24,1.55,2.41,1.5,2.56,Non,Non,Non,Oui,Non,,,[],True
e14ea29fc4f88ace,coupe-du-monde,164938,44,2026-09-09T18:50:18Z,Portugal,Ghana,0,0,1.49,4.8,5.52,1.12,2.52,1.15,1.36,3.06,1.55,2.42,Non,Non,Non,Oui,Non,,,[],True
e5a97eb751a4c1cf,coupe-du-monde,164938,44,2026-09-09T18:50:18Z,Egypt,Morocco,0,0,4.99,3.55,1.73,2.03,1.14,1.26,1.96,1.82,1.92,1.86,Non,Non,Non,Oui,Non,,,[],True
1e1debb712197a9a,coupe-du-monde,164938,44,2026-09-09T18:50:18Z,Brazil,Jordan,6,0,1.46,4.77,5.99,1.1,2.61,1.15,1.41,2.84,1.62,2.27,Oui,Non,Oui,Non,Non,Home,90,"[16, 20, 25, 47, 89, 90]",True
e5cce913e7788428,coupe-du-monde,164938,44,2026-09-09T18:50:18Z,Japan,Iraq,0,2,1.77,3.92,4.17,1.2,1.98,1.22,1.57,2.36,1.59,2.31,Non,Non,Non,Non,Oui,Away,83,"[83, 83]",True
8538c6d070599a8c,coupe-du-monde,164938,44,2026-09-09T18:50:18Z,USA,Scotland,2,2,2.03,3.96,3.17,1.32,1.73,1.22,1.44,2.74,1.44,2.73,Oui,Oui,Non,Oui,Non,Away,88,"[26, 73, 83, 88]",True
9bed6de872d9693f,coupe-du-monde,164938,44,2026-09-09T18:50:18Z,South Africa,France,0,4,9.24,5.89,1.28,3.53,1.03,1.1,1.36,3.08,1.81,1.97,Oui,Non,Non,Non,Oui,Away,88,"[17, 73, 78, 88]",True
b4fea4b88ad33d48,coupe-du-monde,164938,44,2026-09-09T18:50:18Z,Qatar,Uzbekistan,2,0,2.18,3.72,3.0,1.35,1.63,1.24,1.56,2.4,1.51,2.52,Non,Non,Oui,Non,Non,Home,48,"[19, 48]",True
56d89f67f9d38efb,coupe-du-monde,164938,44,2026-09-09T18:50:18Z,Argentina,Tunisia,1,1,1.53,4.43,5.49,1.12,2.41,1.18,1.49,2.59,1.63,2.23,Non,Oui,Non,Oui,Non,Home,90,"[82, 90]",True
ec55d99aed0ef77e,coupe-du-monde,164938,44,2026-09-09T18:50:18Z,Paraguay,Australia,5,0,3.0,3.69,2.2,1.62,1.35,1.24,1.57,2.36,1.52,2.49,Oui,Non,Oui,Non,Non,Home,55,"[27, 39, 44, 50, 55]",True
ecb27766fd561320,coupe-du-monde,164938,47,2026-09-09T18:56:18Z,England,Germany,1,1,2.13,4.07,2.9,1.37,1.66,1.21,1.36,3.06,1.38,2.97,Non,Oui,Non,Oui,Non,Home,87,"[86, 87]",True
82d19a9da82c523e,coupe-du-monde,164938,47,2026-09-09T18:56:18Z,Iraq,Cote d'Ivoire,0,2,3.28,3.71,2.06,1.71,1.3,1.24,1.58,2.33,1.54,2.44,Non,Non,Non,Non,Oui,Away,45,"[44, 45]",True
50f0cf68c851cea1,coupe-du-monde,164938,47,2026-09-09T18:56:18Z,Canada,South Africa,3,2,2.03,3.71,3.35,1.29,1.73,1.24,1.6,2.3,1.55,2.4,Oui,Oui,Oui,Non,Non,Home,77,"[8, 42, 57, 68, 77]",True
8876c8b658ce4a1d,coupe-du-monde,164938,47,2026-09-09T18:56:18Z,Senegal,New Zealand,0,3,1.6,4.1,5.2,1.13,2.25,1.2,1.61,2.29,1.7,2.12,Oui,Non,Non,Non,Oui,Away,85,"[11, 63, 85]",True
aeccd72879264756,coupe-du-monde,164938,47,2026-09-09T18:56:18Z,USA,Japan,1,3,2.8,3.8,2.28,1.58,1.4,1.23,1.49,2.56,1.46,2.66,Oui,Oui,Non,Non,Oui,Away,79,"[29, 31, 42, 79]",True
74c0b290bf6ee1c4,coupe-du-monde,164938,47,2026-09-09T18:56:18Z,Scotland,Congo DR,1,1,2.13,3.64,3.17,1.32,1.66,1.25,1.62,2.26,1.56,2.39,Non,Oui,Non,Oui,Non,Away,74,"[17, 74]",True
3a62701b46209851,coupe-du-monde,164938,47,2026-09-09T18:56:18Z,Austria,Qatar,1,2,2.16,3.77,3.02,1.35,1.65,1.24,1.53,2.46,1.49,2.56,Oui,Oui,Non,Non,Oui,Home,87,"[86, 86, 87]",True
f43775c2352257c6,coupe-du-monde,164938,47,2026-09-09T18:56:18Z,Switzerland,Czechia,5,1,1.94,3.66,3.68,1.25,1.8,1.25,1.67,2.16,1.62,2.26,Oui,Oui,Oui,Non,Non,Away,87,"[44, 45, 45, 59, 74, 87]",True
59bf1fde41f41063,coupe-du-monde,164938,47,2026-09-09T18:56:18Z,Colombia,Korea Republic,4,0,2.07,3.88,3.12,1.33,1.7,1.22,1.47,2.62,1.46,2.65,Oui,Non,Oui,Non,Non,Home,70,"[11, 21, 66, 70]",True
90f4d38e3e82896e,coupe-du-monde,164938,47,2026-09-09T18:56:18Z,Belgium,Panama,1,1,1.56,4.22,5.53,1.12,2.35,1.19,1.58,2.34,1.71,2.11,Non,Oui,Non,Oui,Non,Home,9,"[2, 9]",True
c3797e3227996d3f,coupe-du-monde,164938,47,2026-09-09T18:56:18Z,Cabo Verde,Sweden,3,1,3.54,3.68,1.98,1.77,1.26,1.25,1.64,2.22,1.59,2.31,Oui,Oui,Oui,Non,Non,Home,65,"[19, 42, 53, 65]",True
3f89e1e0556c1feb,coupe-du-monde,164938,47,2026-09-09T18:56:18Z,Jordan,Norway,2,2,4.19,4.0,1.75,2.01,1.19,1.21,1.53,2.46,1.57,2.37,Oui,Oui,Non,Oui,Non,Away,65,"[26, 28, 57, 65]",True
c636cac2b8c0dc86,coupe-du-monde,164938,47,2026-09-09T18:56:18Z,Croatia,Morocco,0,3,3.96,3.33,1.97,1.78,1.22,1.29,2.0,1.79,1.84,1.93,Oui,Non,Non,Non,Oui,Away,52,"[24, 52, 52]",True
f0525bc1e98edeca,coupe-du-monde,164938,47,2026-09-09T18:56:18Z,Algeria,Saudi Arabia,1,0,2.13,3.67,3.13,1.32,1.66,1.25,1.6,2.3,1.54,2.43,Non,Non,Oui,Non,Non,Home,56,[56],True
ea3bfb5a9d0a15c2,coupe-du-monde,164938,47,2026-09-09T18:56:18Z,Australia,Bosnia-Herzegovina,0,0,1.95,3.83,3.5,1.27,1.8,1.23,1.54,2.44,1.52,2.48,Non,Non,Non,Oui,Non,,,[],True
9c0cc942668ca812,coupe-du-monde,164938,47,2026-09-09T18:56:18Z,Turkiye,Paraguay,0,2,2.29,3.78,2.8,1.4,1.58,1.23,1.5,2.53,1.47,2.64,Non,Non,Non,Non,Oui,Away,78,"[20, 78]",True
d63b19ab7f0198ca,coupe-du-monde,164938,47,2026-09-09T18:56:18Z,Spain,Argentina,1,0,2.22,3.96,2.81,1.39,1.61,1.22,1.41,2.85,1.41,2.85,Non,Non,Oui,Non,Non,Home,12,[12],True
5189a60e588df2be,coupe-du-monde,164938,47,2026-09-09T18:56:18Z,Uzbekistan,Curacao,4,1,1.84,3.74,4.01,1.21,1.9,1.24,1.66,2.18,1.64,2.22,Oui,Oui,Oui,Non,Non,Away,69,"[22, 24, 34, 53, 69]",True
c5ff135152df8283,coupe-du-monde,164938,47,2026-09-09T18:56:18Z,Haiti,Uruguay,0,1,8.54,5.12,1.34,3.14,1.04,1.14,1.5,2.54,1.88,1.89,Non,Non,Non,Non,Oui,Away,59,[59],True
7268fb8ba37111aa,coupe-du-monde,164938,47,2026-09-09T18:56:18Z,Tunisia,Brazil,4,0,4.71,4.18,1.64,2.17,1.16,1.2,1.51,2.51,1.59,2.31,Oui,Non,Oui,Non,Non,Home,89,"[37, 40, 68, 89]",True
fbc1aa45b209bc60,coupe-du-monde,164938,47,2026-09-09T18:56:18Z,France,IR Iran,4,1,1.51,4.51,5.61,1.11,2.45,1.17,1.47,2.64,1.63,2.23,Oui,Oui,Oui,Non,Non,Home,88,"[13, 23, 40, 83, 88]",True
5b273321f817238f,coupe-du-monde,164938,47,2026-09-09T18:56:18Z,Mexico,Portugal,1,1,3.27,4.15,1.95,1.79,1.3,1.2,1.36,3.06,1.4,2.89,Non,Oui,Non,Oui,Non,Away,43,"[37, 43]",True
38e83b4c59804a08,coupe-du-monde,164938,47,2026-09-09T18:56:18Z,Ghana,Netherlands,3,3,4.56,4.38,1.63,2.19,1.17,1.18,1.41,2.85,1.51,2.51,Oui,Oui,Non,Oui,Non,Home,76,"[16, 25, 35, 46, 47, 76]",True
4d70ef462d887531,coupe-du-monde,164938,47,2026-09-09T18:56:18Z,Ecuador,Egypt,1,2,2.68,3.62,2.44,1.51,1.43,1.25,1.61,2.29,1.53,2.46,Oui,Oui,Non,Non,Oui,Away,82,"[43, 44, 82]",True
17e422846ce352d5,coupe-du-monde,164938,50,2026-09-09T19:02:18Z,Curacao,Austria,1,3,7.12,4.74,1.41,2.79,1.07,1.16,1.52,2.48,1.79,2.0,Oui,Oui,Non,Non,Oui,Home,79,"[18, 53, 62, 79]",True
ee1b59781b10b41a,coupe-du-monde,164938,50,2026-09-09T19:02:18Z,Argentina,Paraguay,2,1,1.4,5.18,6.49,1.08,2.83,1.13,1.34,3.17,1.6,2.3,Oui,Oui,Oui,Non,Non,Away,55,"[11, 48, 55]",True
dc4fc8ed30b6e86e,coupe-du-monde,164938,50,2026-09-09T19:02:18Z,Bosnia-Herzegovina,Turkiye,2,3,3.03,3.81,2.14,1.66,1.34,1.23,1.5,2.54,1.48,2.61,Oui,Oui,Non,Non,Oui,Home,80,"[43, 44, 45, 69, 80]",True
0492b03dfc5ec5f0,coupe-du-monde,164938,50,2026-09-09T19:02:18Z,Portugal,Haiti,1,0,1.26,6.2,9.79,1.02,3.73,1.09,1.33,3.26,1.8,1.98,Non,Non,Oui,Non,Non,Home,81,[81],True
fba6670a62bddf08,coupe-du-monde,164938,50,2026-09-09T19:02:18Z,Sweden,Uruguay,0,2,3.7,3.81,1.9,1.84,1.24,1.23,1.58,2.35,1.56,2.38,Non,Non,Non,Non,Oui,Away,35,"[9, 35]",True
a11956f02a908b74,coupe-du-monde,164938,50,2026-09-09T19:02:18Z,England,Senegal,3,0,1.9,3.92,3.59,1.26,1.84,1.22,1.5,2.54,1.51,2.52,Oui,Non,Oui,Non,Non,Home,83,"[15, 69, 83]",True
48a328ae0b66e018,coupe-du-monde,164938,50,2026-09-09T19:02:18Z,Morocco,Jordan,4,1,1.47,4.1,7.34,1.06,2.58,1.2,1.85,1.93,2.08,1.73,Oui,Oui,Oui,Non,Non,Home,89,"[8, 39, 67, 76, 89]",True
d1589320fffe9503,coupe-du-monde,164938,50,2026-09-09T19:02:18Z,Brazil,Spain,3,0,3.23,4.0,2.0,1.75,1.31,1.21,1.43,2.79,1.44,2.74,Oui,Non,Oui,Non,Non,Home,41,"[32, 38, 41]",True
4fd93f2aa9852ea8,coupe-du-monde,164938,50,2026-09-09T19:02:18Z,Norway,Tunisia,0,2,1.95,3.72,3.58,1.26,1.79,1.24,1.62,2.27,1.58,2.34,Non,Non,Non,Non,Oui,Away,90,"[75, 90]",True
f281000b563958e2,coupe-du-monde,164938,50,2026-09-09T19:02:18Z,Korea Republic,Iraq,3,0,2.06,3.74,3.25,1.3,1.71,1.24,1.57,2.36,1.53,2.46,Oui,Non,Oui,Non,Non,Home,44,"[37, 38, 44]",True
ab18fdbd9a25c881,coupe-du-monde,164938,50,2026-09-09T19:02:18Z,Croatia,Ecuador,0,2,2.16,3.68,3.07,1.34,1.64,1.25,1.59,2.32,1.53,2.45,Non,Non,Non,Non,Oui,Away,87,"[61, 87]",True
d498305dada3c4f4,coupe-du-monde,164938,50,2026-09-09T19:02:18Z,Japan,Scotland,2,4,1.9,3.87,3.61,1.25,1.83,1.22,1.53,2.45,1.53,2.46,Oui,Oui,Non,Non,Oui,Away,82,"[33, 42, 43, 68, 70, 82]",True
3cde8ea358121607,coupe-du-monde,164938,50,2026-09-09T19:02:18Z,Panama,France,1,4,10.8,6.23,1.24,3.88,1.01,1.09,1.37,3.05,1.91,1.87,Oui,Oui,Non,Non,Oui,Home,77,"[35, 40, 54, 62, 77]",True
4f9710d81685689a,coupe-du-monde,164938,50,2026-09-09T19:02:18Z,South Africa,Cabo Verde,1,0,2.95,3.51,2.29,1.57,1.36,1.27,1.7,2.12,1.6,2.3,Non,Non,Oui,Non,Non,Home,48,[48],True
48e2cd6c5682c763,coupe-du-monde,164938,50,2026-09-09T19:02:18Z,New Zealand,Ghana,1,3,2.96,3.54,2.28,1.58,1.36,1.26,1.68,2.15,1.58,2.33,Oui,Oui,Non,Non,Oui,Home,61,"[39, 44, 56, 61]",True
401f3e195bfc3a3e,coupe-du-monde,164938,50,2026-09-09T19:02:18Z,IR Iran,Canada,2,1,2.19,3.65,3.03,1.35,1.62,1.25,1.6,2.3,1.54,2.44,Oui,Oui,Oui,Non,Non,Away,62,"[52, 54, 62]",True
9961077ffe167740,coupe-du-monde,164938,50,2026-09-09T19:02:18Z,Saudi Arabia,Switzerland,2,2,4.66,3.86,1.7,2.07,1.16,1.23,1.67,2.17,1.7,2.12,Oui,Oui,Non,Oui,Non,Away,66,"[2, 7, 8, 66]",True
db16e179b20886c2,coupe-du-monde,164938,50,2026-09-09T19:02:18Z,Germany,Colombia,3,1,2.19,4.02,2.82,1.39,1.63,1.21,1.38,2.96,1.39,2.92,Oui,Oui,Oui,Non,Non,Home,88,"[3, 36, 73, 88]",True
f4640b82d9a76e3f,coupe-du-monde,164938,50,2026-09-09T19:02:18Z,Czechia,Congo DR,2,2,1.98,3.76,3.45,1.27,1.77,1.24,1.57,2.36,1.54,2.43,Oui,Oui,Non,Oui,Non,Away,56,"[31, 46, 49, 56]",True
45898f87b88eeb12,coupe-du-monde,164938,50,2026-09-09T19:02:18Z,Belgium,Uzbekistan,0,0,1.68,4.11,4.54,1.17,2.12,1.2,1.52,2.49,1.59,2.33,Non,Non,Non,Oui,Non,,,[],True
c8e1a25ec202665d,coupe-du-monde,164938,50,2026-09-09T19:02:18Z,Cote d'Ivoire,USA,0,1,2.8,3.86,2.25,1.59,1.4,1.23,1.46,2.67,1.44,2.73,Non,Non,Non,Non,Oui,Away,50,[50],True
11e98ee7921d50d3,coupe-du-monde,164938,50,2026-09-09T19:02:18Z,Qatar,Australia,2,2,2.77,3.76,2.31,1.56,1.41,1.24,1.51,2.51,1.47,2.63,Oui,Oui,Non,Oui,Non,Away,89,"[40, 77, 86, 89]",True
0a9a7ad3cec958ac,coupe-du-monde,164938,50,2026-09-09T19:02:18Z,Netherlands,Mexico,0,3,2.31,3.97,2.67,1.43,1.56,1.21,1.4,2.9,1.4,2.9,Oui,Non,Non,Non,Oui,Away,64,"[10, 48, 64]",True
2857647d2b4cdf74,coupe-du-monde,164938,50,2026-09-09T19:02:18Z,Egypt,Algeria,0,3,2.39,3.58,2.76,1.41,1.53,1.26,1.64,2.23,1.55,2.41,Oui,Non,Non,Non,Oui,Away,72,"[31, 69, 72]",True
889f7e7891a8f0d0,coupe-du-monde,164938,52,2026-09-09T19:06:18Z,Egypt,Mexico,2,1,2.91,3.61,2.27,1.58,1.37,1.25,1.62,2.26,1.54,2.43,Oui,Oui,Oui,Non,Non,Away,68,"[25, 47, 68]",True
2cbf6d3607e431b2,coupe-du-monde,164938,52,2026-09-09T19:06:18Z,Curacao,Iraq,0,1,4.27,3.73,1.79,1.95,1.19,1.24,1.7,2.11,1.69,2.14,Non,Non,Non,Non,Oui,Away,84,[84],True
67f0a82a38fb9e6b,coupe-du-monde,164938,52,2026-09-09T19:06:18Z,Senegal,Jordan,2,0,1.78,3.77,4.29,1.19,1.97,1.24,1.68,2.15,1.67,2.16,Non,Non,Oui,Non,Non,Home,76,"[17, 76]",True
91388e793bda49fb,coupe-du-monde,164938,52,2026-09-09T19:06:18Z,Belgium,Colombia,1,4,2.4,3.79,2.63,1.44,1.52,1.23,1.49,2.57,1.46,2.68,Oui,Oui,Non,Non,Oui,Away,87,"[31, 37, 43, 50, 87]",True
331c178db22cde70,coupe-du-monde,164938,52,2026-09-09T19:06:18Z,Czechia,Sweden,1,1,2.77,3.62,2.37,1.54,1.4,1.25,1.61,2.29,1.53,2.46,Non,Oui,Non,Oui,Non,Home,51,"[41, 51]",True
699b5583cef249f0,coupe-du-monde,164938,52,2026-09-09T19:06:18Z,Uzbekistan,Ecuador,3,0,3.34,3.81,2.01,1.75,1.29,1.23,1.53,2.45,1.51,2.51,Oui,Non,Oui,Non,Non,Home,64,"[10, 60, 64]",True
05f75b79796ec876,coupe-du-monde,164938,52,2026-09-09T19:06:18Z,England,France,1,1,2.94,4.0,2.13,1.66,1.36,1.21,1.4,2.89,1.41,2.86,Non,Oui,Non,Oui,Non,Away,69,"[21, 69]",True
cbbb4dc0b6bcc2c1,coupe-du-monde,164938,52,2026-09-09T19:06:18Z,IR Iran,Switzerland,1,1,3.2,3.49,2.17,1.64,1.31,1.27,1.74,2.06,1.63,2.23,Non,Oui,Non,Oui,Non,Away,72,"[43, 72]",True
0ee2d958b273edea,coupe-du-monde,164938,52,2026-09-09T19:06:18Z,Germany,Tunisia,2,4,1.77,4.06,4.03,1.21,1.99,1.21,1.49,2.58,1.53,2.47,Oui,Oui,Non,Non,Oui,Away,90,"[14, 26, 28, 65, 66, 90]",True
eaa9a0a1bedd69c7,coupe-du-monde,164938,52,2026-09-09T19:06:18Z,South Africa,Congo DR,1,2,2.71,3.49,2.48,1.5,1.42,1.27,1.7,2.11,1.59,2.32,Oui,Oui,Non,Non,Oui,Home,73,"[23, 40, 73]",True
00d8f475dd8e7b1e,coupe-du-monde,164938,52,2026-09-09T19:06:18Z,New Zealand,Canada,3,0,3.8,3.76,1.88,1.86,1.23,1.24,1.62,2.26,1.6,2.3,Oui,Non,Oui,Non,Non,Home,21,"[4, 16, 21]",True
afaaf6a7338ac0e5,coupe-du-monde,164938,52,2026-09-09T19:06:18Z,Croatia,Ghana,2,0,1.79,3.85,4.12,1.2,1.95,1.23,1.61,2.28,1.62,2.27,Non,Non,Oui,Non,Non,Home,62,"[42, 62]",True
e48c4ad22f2218ea,coupe-du-monde,164938,52,2026-09-09T19:06:18Z,Cote d'Ivoire,Paraguay,1,2,2.21,3.71,2.95,1.36,1.61,1.24,1.56,2.39,1.51,2.52,Oui,Oui,Non,Non,Oui,Away,74,"[69, 73, 74]",True
0326ecc147f2f8bc,coupe-du-monde,164938,52,2026-09-09T19:06:18Z,Argentina,Scotland,1,0,1.45,5.04,5.8,1.11,2.65,1.14,1.33,3.27,1.54,2.44,Non,Non,Oui,Non,Non,Home,10,[10],True
b583ff6e3dc764ae,coupe-du-monde,164938,52,2026-09-09T19:06:18Z,Panama,Algeria,0,2,4.01,3.75,1.84,1.9,1.21,1.24,1.65,2.2,1.63,2.23,Non,Non,Non,Non,Oui,Away,67,"[60, 67]",True
c736b93e24641116,coupe-du-monde,164938,52,2026-09-09T19:06:18Z,Brazil,Turkiye,3,1,1.65,4.52,4.31,1.19,2.17,1.17,1.34,3.21,1.44,2.73,Oui,Oui,Oui,Non,Non,Away,49,"[7, 9, 47, 49]",True
64a319799d03b55a,coupe-du-monde,164938,52,2026-09-09T19:06:18Z,Bosnia-Herzegovina,Japan,1,3,4.47,4.06,1.7,2.09,1.17,1.21,1.54,2.44,1.59,2.31,Oui,Oui,Non,Non,Oui,Away,59,"[18, 38, 52, 59]",True
fa3c68d9a23a9561,coupe-du-monde,164938,52,2026-09-09T19:06:18Z,Norway,Australia,1,1,2.12,3.87,3.03,1.35,1.67,1.22,1.47,2.63,1.46,2.68,Non,Oui,Non,Oui,Non,Home,90,"[82, 90]",True
754e2bd929b6a5c6,coupe-du-monde,164938,52,2026-09-09T19:06:18Z,Portugal,Uruguay,3,1,2.28,3.88,2.75,1.41,1.58,1.22,1.45,2.7,1.43,2.76,Oui,Oui,Oui,Non,Non,Away,71,"[19, 26, 60, 71]",True
7edc5a0199ee7f62,coupe-du-monde,164938,52,2026-09-09T19:06:18Z,Netherlands,Cabo Verde,0,1,1.65,4.32,4.51,1.17,2.17,1.18,1.43,2.79,1.52,2.49,Non,Non,Non,Non,Oui,Away,55,[55],True
efe2f04b00e78108,coupe-du-monde,164938,52,2026-09-09T19:06:18Z,Korea Republic,Spain,1,4,6.14,4.67,1.46,2.6,1.09,1.16,1.46,2.67,1.66,2.19,Oui,Oui,Non,Non,Oui,Away,85,"[33, 43, 61, 69, 85]",True
c96f3a742b10767c,coupe-du-monde,164938,52,2026-09-09T19:06:18Z,Saudi Arabia,Haiti,2,2,1.98,3.71,3.49,1.27,1.76,1.24,1.62,2.27,1.57,2.36,Oui,Oui,Non,Oui,Non,Away,81,"[41, 45, 49, 81]",True
a3f0b3d1ec97393f,coupe-du-monde,164938,52,2026-09-09T19:06:18Z,Morocco,Austria,1,2,1.82,3.55,4.36,1.18,1.92,1.26,1.86,1.92,1.79,1.99,Oui,Oui,Non,Non,Oui,Home,84,"[82, 82, 84]",True
a865bc2e6bb88074,coupe-du-monde,164938,52,2026-09-09T19:06:18Z,Qatar,USA,0,0,3.05,3.92,2.1,1.68,1.34,1.22,1.44,2.72,1.44,2.74,Non,Non,Non,Oui,Non,,,[],True
98dbfd3da3a6110a,coupe-du-monde,164938,54,2026-09-09T19:10:18Z,Jordan,France,2,1,8.82,5.7,1.3,3.4,1.04,1.11,1.37,3.01,1.79,2.0,Oui,Oui,Oui,Non,Non,Home,70,"[26, 58, 70]",True
1cd99d5818a7362d,coupe-du-monde,164938,54,2026-09-09T19:10:18Z,Brazil,Japan,3,2,1.97,4.0,3.3,1.3,1.77,1.21,1.43,2.76,1.45,2.72,Oui,Oui,Oui,Non,Non,Home,82,"[21, 30, 58, 79, 82]",True
c88af4dbf855649a,coupe-du-monde,164938,54,2026-09-09T19:10:18Z,Saudi Arabia,Uruguay,0,2,5.58,4.42,1.53,2.42,1.11,1.18,1.5,2.55,1.65,2.2,Non,Non,Non,Non,Oui,Away,83,"[82, 83]",True
45c7012fa2c41ff5,coupe-du-monde,164938,54,2026-09-09T19:10:18Z,Ecuador,Colombia,2,2,3.11,3.89,2.08,1.7,1.33,1.22,1.47,2.63,1.46,2.66,Oui,Oui,Non,Oui,Non,Home,90,"[19, 41, 79, 90]",True
2c4f2a978d213b8e,coupe-du-monde,164938,54,2026-09-09T19:10:18Z,Egypt,Cabo Verde,1,0,2.14,3.53,3.22,1.31,1.65,1.26,1.71,2.1,1.62,2.26,Non,Non,Oui,Non,Non,Home,11,[11],True
ec0206872b0050ae,coupe-du-monde,164938,54,2026-09-09T19:10:18Z,South Africa,Sweden,1,1,3.98,3.82,1.83,1.91,1.21,1.23,1.6,2.29,1.6,2.3,Non,Oui,Non,Oui,Non,Away,76,"[28, 76]",True
084e30407b0e8cdf,coupe-du-monde,164938,54,2026-09-09T19:10:18Z,Croatia,Canada,2,0,2.05,3.76,3.27,1.3,1.72,1.24,1.56,2.39,1.53,2.47,Non,Non,Oui,Non,Non,Home,54,"[46, 54]",True
84ae06de4b2b0feb,coupe-du-monde,164938,54,2026-09-09T19:10:18Z,England,Algeria,2,0,1.61,4.31,4.79,1.15,2.23,1.19,1.46,2.67,1.56,2.38,Non,Non,Oui,Non,Non,Home,66,"[47, 66]",True
5166b23db7a930d7,coupe-du-monde,164938,54,2026-09-09T19:10:18Z,Belgium,Tunisia,3,0,1.85,3.68,4.04,1.21,1.89,1.25,1.71,2.11,1.67,2.16,Oui,Non,Oui,Non,Non,Home,54,"[22, 46, 54]",True
6955dc89bccbb586,coupe-du-monde,164938,54,2026-09-09T19:10:18Z,Senegal,Austria,3,0,2.4,3.55,2.76,1.41,1.52,1.26,1.66,2.19,1.56,2.38,Oui,Non,Oui,Non,Non,Home,42,"[8, 16, 42]",True
9b951a6d6f408dd9,coupe-du-monde,164938,54,2026-09-09T19:10:18Z,Netherlands,Congo DR,3,0,1.56,4.49,5.15,1.13,2.35,1.17,1.43,2.78,1.56,2.38,Oui,Non,Oui,Non,Non,Home,79,"[70, 78, 79]",True
042b5ce6489c157b,coupe-du-monde,164938,54,2026-09-09T19:10:18Z,Morocco,Iraq,1,0,1.52,3.95,6.68,1.08,2.44,1.22,1.87,1.91,2.02,1.77,Non,Non,Oui,Non,Non,Home,70,[70],True
4c6235a9100bace2,coupe-du-monde,164938,54,2026-09-09T19:10:18Z,IR Iran,Haiti,1,0,1.67,3.9,4.88,1.15,2.13,1.22,1.68,2.16,1.72,2.09,Non,Non,Oui,Non,Non,Home,65,[65],True
283184d6f28cafcd,coupe-du-monde,164938,54,2026-09-09T19:10:18Z,Bosnia-Herzegovina,Scotland,2,1,3.02,3.74,2.17,1.64,1.35,1.24,1.54,2.43,1.5,2.54,Oui,Oui,Oui,Non,Non,Home,86,"[51, 60, 86]",True
40cb60da61dc4571,coupe-du-monde,164938,54,2026-09-09T19:10:18Z,Uzbekistan,Ghana,2,3,2.5,3.66,2.58,1.46,1.49,1.25,1.57,2.37,1.5,2.53,Oui,Oui,Non,Non,Oui,Home,74,"[5, 8, 43, 71, 74]",True
225d9cf1c620219e,coupe-du-monde,164938,54,2026-09-09T19:10:18Z,Korea Republic,Turkiye,1,2,2.4,3.78,2.64,1.44,1.52,1.23,1.5,2.55,1.46,2.66,Oui,Oui,Non,Non,Oui,Home,82,"[22, 48, 82]",True
d1af2c1406a5505e,coupe-du-monde,164938,54,2026-09-09T19:10:18Z,Norway,USA,0,2,2.29,3.94,2.71,1.42,1.57,1.22,1.41,2.83,1.41,2.85,Non,Non,Non,Non,Oui,Away,76,"[64, 76]",True
c6e217b197c49394,coupe-du-monde,164938,54,2026-09-09T19:10:18Z,New Zealand,Switzerland,1,1,6.16,4.26,1.51,2.47,1.09,1.19,1.63,2.24,1.8,1.98,Non,Oui,Non,Oui,Non,Away,87,"[81, 87]",True
82361700361c437a,coupe-du-monde,164938,54,2026-09-09T19:10:18Z,Germany,Australia,4,1,1.89,4.18,3.44,1.28,1.85,1.2,1.37,3.01,1.42,2.82,Oui,Oui,Oui,Non,Non,Home,80,"[31, 33, 42, 59, 80]",True
f4abadcfb819fac2,coupe-du-monde,164938,54,2026-09-09T19:10:18Z,Portugal,Czechia,1,1,1.67,4.37,4.28,1.19,2.12,1.18,1.38,2.96,1.47,2.62,Non,Oui,Non,Oui,Non,Home,46,"[29, 46]",True
95eb0612bccb4d7a,coupe-du-monde,164938,54,2026-09-09T19:10:18Z,Panama,Mexico,2,1,4.62,3.99,1.69,2.1,1.16,1.21,1.59,2.31,1.64,2.22,Oui,Oui,Oui,Non,Non,Home,51,"[5, 22, 51]",True
3e3587d5b69b788c,coupe-du-monde,164938,54,2026-09-09T19:10:18Z,Curacao,Spain,0,5,16.81,7.32,1.16,5.01,0.98,1.06,1.39,2.94,2.33,1.59,Oui,Non,Non,Non,Oui,Away,77,"[10, 25, 69, 77, 77]",True
14e1ff2028364ae9,coupe-du-monde,164938,54,2026-09-09T19:10:18Z,Cote d'Ivoire,Argentina,2,3,4.76,4.58,1.58,2.29,1.15,1.17,1.36,3.08,1.49,2.57,Oui,Oui,Non,Non,Oui,Home,84,"[34, 35, 45, 73, 84]",True
f33ea4e401c89721,coupe-du-monde,164938,54,2026-09-09T19:10:18Z,Qatar,Paraguay,1,4,2.4,3.69,2.69,1.43,1.53,1.24,1.55,2.4,1.5,2.55,Oui,Oui,Non,Non,Oui,Away,72,"[2, 13, 22, 69, 72]",True
5f3a012a8b9b932c,coupe-du-monde,164938,57,2026-09-09T19:16:18Z,Paraguay,Curacao,0,5,1.65,3.97,4.91,1.15,2.16,1.21,1.64,2.22,1.7,2.12,Oui,Non,Non,Non,Oui,Away,90,"[18, 26, 43, 72, 90]",True
9219afd075e0eb3d,coupe-du-monde,164938,57,2026-09-09T19:16:18Z,Australia,Senegal,0,1,2.98,3.69,2.21,1.62,1.36,1.24,1.57,2.36,1.52,2.5,Non,Non,Non,Non,Oui,Away,53,[53],True
961f434f1b970794,coupe-du-monde,164938,57,2026-09-09T19:16:18Z,Japan,Norway,2,1,2.39,3.74,2.67,1.43,1.53,1.24,1.52,2.48,1.48,2.61,Oui,Oui,Oui,Non,Non,Away,76,"[13, 69, 76]",True
3b3dc1506ab708bb,coupe-du-monde,164938,57,2026-09-09T19:16:18Z,Austria,Ghana,3,0,1.93,3.83,3.55,1.26,1.81,1.23,1.55,2.41,1.53,2.45,Oui,Non,Oui,Non,Non,Home,73,"[28, 30, 73]",True
56a89cf79a16e021,coupe-du-monde,164938,57,2026-09-09T19:16:18Z,Argentina,Korea Republic,3,1,1.57,4.56,4.9,1.15,2.32,1.17,1.38,2.97,1.52,2.49,Oui,Oui,Oui,Non,Non,Home,63,"[35, 39, 44, 63]",True
ca6cb9f74fb9e0e2,coupe-du-monde,164938,57,2026-09-09T19:16:18Z,Canada,Jordan,1,1,2.17,3.61,3.11,1.33,1.64,1.25,1.63,2.23,1.56,2.38,Non,Oui,Non,Oui,Non,Home,75,"[49, 75]",True
cf95edff16019971,coupe-du-monde,164938,57,2026-09-09T19:16:18Z,Cote d'Ivoire,Brazil,3,0,3.98,4.33,1.73,2.04,1.21,1.18,1.36,3.06,1.44,2.74,Oui,Non,Oui,Non,Non,Home,85,"[58, 75, 85]",True
2fc08eb70654a395,coupe-du-monde,164938,57,2026-09-09T19:16:18Z,Uruguay,Egypt,2,1,1.87,3.77,3.85,1.23,1.87,1.24,1.62,2.25,1.6,2.29,Oui,Oui,Oui,Non,Non,Home,83,"[28, 57, 83]",True
5500160ea3a01919,coupe-du-monde,164938,57,2026-09-09T19:16:18Z,Mexico,Uzbekistan,2,2,1.78,4.0,4.05,1.21,1.97,1.21,1.52,2.49,1.55,2.41,Oui,Oui,Non,Oui,Non,Away,82,"[25, 57, 76, 82]",True
f2dc9ecc7be38c67,coupe-du-monde,164938,57,2026-09-09T19:16:18Z,Haiti,Panama,0,1,3.15,3.45,2.21,1.62,1.32,1.27,1.77,2.02,1.65,2.2,Non,Non,Non,Non,Oui,Away,59,[59],True
c6d37d412e8e6203,coupe-du-monde,164938,57,2026-09-09T19:16:18Z,Sweden,IR Iran,3,0,2.45,3.54,2.71,1.42,1.51,1.26,1.67,2.17,1.57,2.36,Oui,Non,Oui,Non,Non,Home,86,"[38, 45, 86]",True
69bc7251f5c93510,coupe-du-monde,164938,57,2026-09-09T19:16:18Z,Portugal,Saudi Arabia,3,1,1.47,4.93,5.71,1.11,2.6,1.14,1.35,3.16,1.55,2.42,Oui,Oui,Oui,Non,Non,Home,82,"[33, 44, 76, 82]",True
f870e6f963be02b8,coupe-du-monde,164938,57,2026-09-09T19:16:18Z,Czechia,Netherlands,0,1,3.46,4.09,1.9,1.84,1.27,1.2,1.41,2.86,1.44,2.74,Non,Non,Non,Non,Oui,Away,56,[56],True
be5b9257b1f31c90,coupe-du-monde,164938,57,2026-09-09T19:16:18Z,Spain,Belgium,1,0,1.69,4.1,4.44,1.18,2.09,1.2,1.52,2.49,1.58,2.34,Non,Non,Oui,Non,Non,Home,48,[48],True
0c2aa78910695b88,coupe-du-monde,164938,57,2026-09-09T19:16:18Z,Cabo Verde,Croatia,0,0,3.79,3.74,1.89,1.85,1.23,1.24,1.63,2.24,1.6,2.29,Non,Non,Non,Oui,Non,,,[],True
40781e511130bdd8,coupe-du-monde,164938,57,2026-09-09T19:16:18Z,Switzerland,England,0,1,3.44,3.76,1.99,1.76,1.28,1.24,1.58,2.35,1.55,2.42,Non,Non,Non,Non,Oui,Away,4,[4],True
f99e883eb1f17516,coupe-du-monde,164938,57,2026-09-09T19:16:18Z,Algeria,Colombia,2,3,3.21,3.86,2.04,1.72,1.31,1.23,1.5,2.56,1.48,2.6,Oui,Oui,Non,Non,Oui,Away,85,"[36, 45, 59, 62, 85]",True
eabfde62252cf949,coupe-du-monde,164938,57,2026-09-09T19:16:18Z,Bosnia-Herzegovina,Qatar,2,0,2.94,3.67,2.24,1.6,1.36,1.25,1.58,2.34,1.52,2.48,Non,Non,Oui,Non,Non,Home,57,"[26, 57]",True
bd7791834397acb8,coupe-du-monde,164938,57,2026-09-09T19:16:18Z,USA,Morocco,0,1,4.59,3.71,1.75,2.01,1.17,1.24,1.76,2.03,1.75,2.05,Non,Non,Non,Non,Oui,Away,34,[34],True
3f495cd216d9cff5,coupe-du-monde,164938,57,2026-09-09T19:16:18Z,Scotland,South Africa,0,1,2.07,3.7,3.26,1.3,1.7,1.24,1.59,2.31,1.55,2.42,Non,Non,Non,Non,Oui,Away,27,[27],True
97c9d71daeef0006,coupe-du-monde,164938,57,2026-09-09T19:16:18Z,Tunisia,France,1,3,6.38,4.61,1.46,2.63,1.09,1.16,1.5,2.53,1.72,2.09,Oui,Oui,Non,Non,Oui,Away,85,"[30, 62, 77, 85]",True
151df0347f5a4d55,coupe-du-monde,164938,57,2026-09-09T19:16:18Z,Congo DR,New Zealand,2,0,2.2,3.51,3.12,1.33,1.62,1.27,1.72,2.1,1.61,2.27,Non,Non,Oui,Non,Non,Home,80,"[78, 80]",True
da043516a8e8aac1,coupe-du-monde,164938,57,2026-09-09T19:16:18Z,Turkiye,Germany,0,1,3.74,4.25,1.79,1.95,1.24,1.19,1.37,3.03,1.43,2.77,Non,Non,Non,Non,Oui,Away,49,[49],True
4010a353faa4015d,coupe-du-monde,164938,57,2026-09-09T19:16:18Z,Iraq,Ecuador,1,4,3.32,3.74,2.03,1.73,1.29,1.24,1.58,2.35,1.54,2.44,Oui,Oui,Non,Non,Oui,Away,78,"[8, 23, 40, 55, 78]",True
62d193b466f1e42b,coupe-du-monde,164938,59,2026-09-09T19:20:18Z,South Africa,Netherlands,3,1,4.93,4.45,1.58,2.3,1.14,1.17,1.42,2.81,1.55,2.42,Oui,Oui,Oui,Non,Non,Home,88,"[31, 49, 71, 88]",True
5dfec034204360ba,coupe-du-monde,164938,59,2026-09-09T19:20:18Z,Japan,Germany,2,1,2.73,3.9,2.28,1.58,1.41,1.22,1.43,2.78,1.42,2.82,Oui,Oui,Oui,Non,Non,Away,73,"[35, 44, 73]",True
db46d9636573ebda,coupe-du-monde,164938,59,2026-09-09T19:20:18Z,Canada,Austria,0,2,3.1,3.83,2.1,1.68,1.33,1.23,1.5,2.55,1.48,2.61,Non,Non,Non,Non,Oui,Away,33,"[24, 33]",True
01fafa73a8e2761d,coupe-du-monde,164938,59,2026-09-09T19:20:18Z,Cote d'Ivoire,Korea Republic,1,4,2.58,3.74,2.47,1.5,1.46,1.24,1.52,2.48,1.48,2.61,Oui,Oui,Non,Non,Oui,Away,90,"[22, 26, 46, 76, 90]",True
ba3c4aa4549a5894,coupe-du-monde,164938,59,2026-09-09T19:20:18Z,Uruguay,Panama,1,1,1.42,4.64,7.02,1.07,2.74,1.16,1.55,2.41,1.81,1.97,Non,Oui,Non,Oui,Non,Away,86,"[49, 86]",True
34d85a287dc803ef,coupe-du-monde,164938,59,2026-09-09T19:20:18Z,Cabo Verde,Uzbekistan,0,1,2.41,3.54,2.75,1.41,1.52,1.26,1.66,2.19,1.56,2.38,Non,Non,Non,Non,Oui,Away,36,[36],True
199661d6fa1af35c,coupe-du-monde,164938,59,2026-09-09T19:20:18Z,Sweden,New Zealand,0,1,1.69,4.0,4.59,1.17,2.1,1.21,1.58,2.34,1.63,2.24,Non,Non,Non,Non,Oui,Away,56,[56],True
635c579f85914f9e,coupe-du-monde,164938,59,2026-09-09T19:20:18Z,Bosnia-Herzegovina,Norway,0,2,4.31,4.13,1.71,2.07,1.19,1.2,1.48,2.59,1.54,2.43,Non,Non,Non,Non,Oui,Away,53,"[21, 53]",True
9710cc95a6a8c164,coupe-du-monde,164938,59,2026-09-09T19:20:18Z,Tunisia,Algeria,0,2,2.77,3.4,2.47,1.5,1.4,1.28,1.78,2.0,1.64,2.22,Non,Non,Non,Non,Oui,Away,31,"[4, 31]",True
6e57e9ec69ed5354,coupe-du-monde,164938,59,2026-09-09T19:20:18Z,Czechia,Egypt,3,1,2.68,3.57,2.46,1.5,1.43,1.26,1.63,2.23,1.55,2.42,Oui,Oui,Oui,Non,Non,Home,82,"[34, 79, 79, 82]",True
b6230f8bddbee9dd,coupe-du-monde,164938,59,2026-09-09T19:20:18Z,Australia,France,1,1,5.88,4.86,1.46,2.61,1.1,1.15,1.38,2.99,1.58,2.34,Non,Oui,Non,Oui,Non,Away,67,"[57, 67]",True
8deb0c3ea675c95b,coupe-du-monde,164938,59,2026-09-09T19:20:18Z,Switzerland,Jordan,0,0,1.67,3.83,5.03,1.14,2.13,1.23,1.74,2.06,1.78,2.01,Non,Non,Non,Oui,Non,,,[],True
837e84144dc3193c,coupe-du-monde,164938,59,2026-09-09T19:20:18Z,Congo DR,Croatia,3,0,4.55,3.88,1.72,2.05,1.17,1.22,1.65,2.21,1.67,2.17,Oui,Non,Oui,Non,Non,Home,74,"[64, 64, 74]",True
d534d30bdd167b24,coupe-du-monde,164938,59,2026-09-09T19:20:18Z,Spain,Ecuador,1,2,1.5,4.52,5.88,1.1,2.51,1.17,1.49,2.57,1.67,2.17,Oui,Oui,Non,Non,Oui,Away,89,"[31, 83, 89]",True
b1af8d9e137456fe,coupe-du-monde,164938,59,2026-09-09T19:20:18Z,Haiti,England,0,2,9.45,5.73,1.28,3.5,1.03,1.11,1.4,2.89,1.86,1.92,Non,Non,Non,Non,Oui,Away,49,"[47, 49]",True
9b327b9f1f700044,coupe-du-monde,164938,59,2026-09-09T19:20:18Z,Mexico,Colombia,0,2,2.59,3.86,2.41,1.52,1.46,1.23,1.46,2.68,1.44,2.75,Non,Non,Non,Non,Oui,Away,67,"[29, 67]",True
b2631d722d64b501,coupe-du-monde,164938,59,2026-09-09T19:20:18Z,Portugal,IR Iran,1,2,1.76,4.09,4.02,1.21,1.99,1.2,1.47,2.65,1.51,2.51,Oui,Oui,Non,Non,Oui,Away,78,"[20, 54, 78]",True
984abc86e4439f1a,coupe-du-monde,164938,59,2026-09-09T19:20:18Z,Paraguay,Morocco,1,2,6.18,3.94,1.55,2.36,1.09,1.22,1.82,1.96,1.94,1.84,Oui,Oui,Non,Non,Oui,Away,85,"[19, 58, 85]",True
8228a78b0ecca051,coupe-du-monde,164938,59,2026-09-09T19:20:18Z,Argentina,Curacao,3,0,1.16,7.63,14.46,0.99,4.9,1.06,1.3,3.47,2.07,1.74,Oui,Non,Oui,Non,Non,Home,82,"[70, 74, 82]",True
43db9ceb6176dc59,coupe-du-monde,164938,59,2026-09-09T19:20:18Z,USA,Senegal,3,1,2.84,3.78,2.26,1.59,1.39,1.23,1.5,2.54,1.47,2.64,Oui,Oui,Oui,Non,Non,Away,68,"[18, 20, 54, 68]",True
f41e2ac6a6ca1850,coupe-du-monde,164938,59,2026-09-09T19:20:18Z,Iraq,Ghana,0,1,2.39,3.55,2.78,1.4,1.53,1.26,1.65,2.2,1.56,2.38,Non,Non,Non,Non,Oui,Away,22,[22],True
75efe584a6d82667,coupe-du-monde,164938,59,2026-09-09T19:20:18Z,Scotland,Saudi Arabia,2,1,2.19,3.75,2.97,1.36,1.63,1.24,1.53,2.46,1.49,2.56,Oui,Oui,Oui,Non,Non,Away,44,"[31, 39, 44]",True
aec9cb8f16db9c05,coupe-du-monde,164938,59,2026-09-09T19:20:18Z,Brazil,Qatar,1,1,1.56,4.6,4.92,1.15,2.33,1.16,1.37,3.05,1.5,2.53,Non,Oui,Non,Oui,Non,Home,41,"[29, 41]",True
c7d8a54b45314137,coupe-du-monde,164938,59,2026-09-09T19:20:18Z,Turkiye,Belgium,2,2,3.46,3.92,1.94,1.8,1.27,1.22,1.48,2.59,1.49,2.58,Oui,Oui,Non,Oui,Non,Home,77,"[42, 43, 73, 77]",True
9aa1178f74d7d70f,coupe-du-monde,164938,62,2026-09-09T19:26:18Z,Austria,Cabo Verde,0,0,1.88,3.82,3.74,1.24,1.85,1.23,1.58,2.34,1.57,2.37,Non,Non,Non,Oui,Non,,,[],True
ef4ba7826858240b,coupe-du-monde,164938,62,2026-09-09T19:26:18Z,Ecuador,Paraguay,2,1,2.15,3.72,3.06,1.34,1.65,1.24,1.56,2.4,1.51,2.51,Oui,Oui,Oui,Non,Non,Home,75,"[40, 43, 75]",True
1d2e6f6ee949c90b,coupe-du-monde,164938,62,2026-09-09T19:26:18Z,Morocco,Bosnia-Herzegovina,3,0,1.45,4.25,7.45,1.06,2.65,1.19,1.77,2.02,2.03,1.77,Oui,Non,Oui,Non,Non,Home,72,"[13, 54, 72]",True
863d44a3423f548e,coupe-du-monde,164938,62,2026-09-09T19:26:18Z,Egypt,Saudi Arabia,0,2,2.03,3.69,3.37,1.29,1.73,1.24,1.61,2.28,1.56,2.39,Non,Non,Non,Non,Oui,Away,79,"[12, 79]",True
f97c4f6392dc0204,coupe-du-monde,164938,62,2026-09-09T19:26:18Z,IR Iran,Netherlands,0,4,3.52,3.94,1.91,1.83,1.26,1.22,1.48,2.6,1.49,2.57,Oui,Non,Non,Non,Oui,Away,86,"[17, 73, 77, 86]",True
fd4236194fd53347,coupe-du-monde,164938,62,2026-09-09T19:26:18Z,Tunisia,Switzerland,1,2,3.72,3.42,2.01,1.75,1.24,1.28,1.87,1.9,1.75,2.05,Oui,Oui,Non,Non,Oui,Home,89,"[87, 88, 89]",True
bfcd1b7ab45c6206,coupe-du-monde,164938,62,2026-09-09T19:26:18Z,Uzbekistan,Uruguay,1,2,5.33,4.34,1.56,2.35,1.13,1.18,1.5,2.53,1.63,2.23,Oui,Oui,Non,Non,Oui,Away,75,"[20, 31, 75]",True
aeb60efed233fa43,coupe-du-monde,164938,62,2026-09-09T19:26:18Z,Ghana,USA,0,0,3.65,4.02,1.86,1.88,1.25,1.21,1.46,2.68,1.48,2.6,Non,Non,Non,Oui,Non,,,[],True
cabd328a0b341c3d,coupe-du-monde,164938,62,2026-09-09T19:26:18Z,Jordan,Congo DR,1,2,2.51,3.44,2.69,1.42,1.48,1.28,1.75,2.05,1.62,2.27,Oui,Oui,Non,Non,Oui,Away,41,"[28, 33, 41]",True
2cc38bcc3d0700d8,coupe-du-monde,164938,62,2026-09-09T19:26:18Z,Norway,Qatar,2,2,1.84,4.08,3.7,1.24,1.9,1.2,1.44,2.74,1.47,2.62,Oui,Oui,Non,Oui,Non,Home,67,"[32, 35, 55, 67]",True
722b60198127bacb,coupe-du-monde,164938,62,2026-09-09T19:26:18Z,England,Sweden,3,1,1.75,4.06,4.13,1.2,2.01,1.21,1.5,2.55,1.54,2.43,Oui,Oui,Oui,Non,Non,Home,65,"[40, 43, 58, 65]",True
a1ce2714446d14e1,coupe-du-monde,164938,62,2026-09-09T19:26:18Z,Algeria,Spain,1,3,6.67,4.72,1.43,2.71,1.08,1.16,1.49,2.58,1.73,2.08,Oui,Oui,Non,Non,Oui,Home,81,"[18, 41, 58, 81]",True
02a241b354f98934,coupe-du-monde,164938,62,2026-09-09T19:26:18Z,France,Turkiye,3,1,1.46,4.99,5.78,1.11,2.63,1.14,1.34,3.21,1.54,2.43,Oui,Oui,Oui,Non,Non,Home,75,"[25, 34, 60, 75]",True
24418e34870163eb,coupe-du-monde,164938,62,2026-09-09T19:26:18Z,Colombia,Haiti,4,1,1.42,4.83,6.61,1.08,2.74,1.15,1.45,2.71,1.69,2.14,Oui,Oui,Oui,Non,Non,Home,84,"[12, 18, 52, 71, 84]",True
7f5f6729b1c332f4,coupe-du-monde,164938,62,2026-09-09T19:26:18Z,Senegal,Japan,2,1,2.64,3.57,2.49,1.49,1.44,1.26,1.64,2.22,1.55,2.41,Oui,Oui,Oui,Non,Non,Away,60,"[16, 34, 60]",True
d72a700b373497eb,coupe-du-monde,164938,62,2026-09-09T19:26:18Z,Iraq,Mexico,0,1,3.9,3.87,1.83,1.91,1.22,1.22,1.57,2.36,1.57,2.35,Non,Non,Non,Non,Oui,Away,51,[51],True
81107d8b87f92eda,coupe-du-monde,164938,62,2026-09-09T19:26:18Z,Curacao,Brazil,1,3,10.58,6.33,1.24,3.89,1.02,1.09,1.34,3.18,1.87,1.9,Oui,Oui,Non,Non,Oui,Away,57,"[23, 28, 50, 57]",True
63bfc56edf8d659f,coupe-du-monde,164938,62,2026-09-09T19:26:18Z,Korea Republic,Scotland,3,0,2.26,3.81,2.82,1.39,1.59,1.23,1.49,2.58,1.46,2.67,Oui,Non,Oui,Non,Non,Home,53,"[46, 51, 53]",True
12fb2b6aa72535f6,coupe-du-monde,164938,62,2026-09-09T19:26:18Z,Croatia,Czechia,1,3,2.19,3.61,3.06,1.34,1.63,1.25,1.63,2.23,1.56,2.39,Oui,Oui,Non,Non,Oui,Away,87,"[44, 72, 83, 87]",True
8f7cfd343978ef86,coupe-du-monde,164938,62,2026-09-09T19:26:18Z,Canada,Australia,2,2,2.76,3.76,2.32,1.56,1.41,1.24,1.51,2.5,1.48,2.62,Oui,Oui,Non,Oui,Non,Away,69,"[21, 43, 62, 69]",True
442c10533be6275c,coupe-du-monde,164938,62,2026-09-09T19:26:18Z,Panama,Portugal,2,2,6.98,5.09,1.39,2.89,1.07,1.14,1.4,2.9,1.67,2.16,Oui,Oui,Non,Oui,Non,Home,90,"[29, 38, 70, 90]",True
4f981cb43ed22a93,coupe-du-monde,164938,62,2026-09-09T19:26:18Z,Belgium,Argentina,1,1,3.36,4.08,1.94,1.81,1.29,1.2,1.4,2.89,1.43,2.78,Non,Oui,Non,Oui,Non,Away,88,"[1, 88]",True
9189cd186a5c2e1a,coupe-du-monde,164938,62,2026-09-09T19:26:18Z,New Zealand,South Africa,1,2,2.87,3.48,2.36,1.54,1.38,1.27,1.72,2.1,1.6,2.29,Oui,Oui,Non,Non,Oui,Away,73,"[18, 70, 73]",True
1d77733d4d18219e,coupe-du-monde,164938,62,2026-09-09T19:26:18Z,Germany,Cote d'Ivoire,5,0,1.86,4.14,3.56,1.26,1.88,1.2,1.39,2.92,1.43,2.76,Oui,Non,Oui,Non,Non,Home,67,"[19, 32, 41, 57, 67]",True
e0fd12495c5eee48,coupe-du-monde,164938,64,2026-09-09T19:30:18Z,Norway,Scotland,3,2,1.92,4.02,3.45,1.27,1.82,1.21,1.44,2.74,1.46,2.67,Oui,Oui,Oui,Non,Non,Away,80,"[39, 42, 44, 47, 80]",True
3dd75785788d91ab,coupe-du-monde,164938,64,2026-09-09T19:30:18Z,Canada,USA,3,1,3.12,3.94,2.06,1.71,1.33,1.22,1.44,2.73,1.44,2.73,Oui,Oui,Oui,Non,Non,Home,86,"[25, 39, 85, 86]",True
8424d17441a251cd,coupe-du-monde,164938,64,2026-09-09T19:30:18Z,Germany,Qatar,2,3,1.71,4.35,4.07,1.21,2.06,1.18,1.37,3.03,1.45,2.69,Oui,Oui,Non,Non,Oui,Away,67,"[19, 35, 44, 64, 67]",True
fbd2b5060adfd2f9,coupe-du-monde,164938,64,2026-09-09T19:30:18Z,Ghana,Paraguay,0,0,2.77,3.66,2.35,1.55,1.4,1.25,1.58,2.35,1.51,2.5,Non,Non,Non,Oui,Non,,,[],True
f89551cd77bfe7c9,coupe-du-monde,164938,64,2026-09-09T19:30:18Z,Australia,Switzerland,0,2,3.49,3.65,2.0,1.75,1.27,1.25,1.66,2.19,1.6,2.3,Non,Non,Non,Non,Oui,Away,88,"[16, 88]",True
e2bcb2d947b3971f,coupe-du-monde,164938,64,2026-09-09T19:30:18Z,France,Japan,0,1,1.67,4.25,4.42,1.18,2.13,1.19,1.44,2.72,1.52,2.47,Non,Non,Non,Non,Oui,Away,55,[55],True
8edb9fd5d9a7c26d,coupe-du-monde,164938,64,2026-09-09T19:30:18Z,Belgium,Cote d'Ivoire,1,1,2.03,3.85,3.26,1.3,1.73,1.23,1.51,2.52,1.49,2.56,Non,Oui,Non,Oui,Non,Away,85,"[72, 85]",True
971bb9c490fdafb5,coupe-du-monde,164938,64,2026-09-09T19:30:18Z,Iraq,Cabo Verde,2,2,2.52,3.52,2.64,1.44,1.48,1.26,1.67,2.17,1.57,2.36,Oui,Oui,Non,Oui,Non,Home,62,"[4, 36, 52, 62]",True
dc6710a2a2e57ff4,coupe-du-monde,164938,64,2026-09-09T19:30:18Z,Egypt,IR Iran,2,2,2.6,3.4,2.62,1.45,1.45,1.28,1.78,2.0,1.64,2.22,Oui,Oui,Non,Oui,Non,Away,74,"[33, 45, 71, 74]",True
a03272e9bbe23ba0,coupe-du-monde,164938,64,2026-09-09T19:30:18Z,Colombia,Uruguay,2,2,3.0,3.88,2.13,1.66,1.35,1.22,1.47,2.64,1.45,2.69,Oui,Oui,Non,Oui,Non,Home,89,"[11, 69, 69, 89]",True
f6166ee00eeb52e3,coupe-du-monde,164938,64,2026-09-09T19:30:18Z,Jordan,Sweden,1,3,3.58,3.65,1.97,1.77,1.26,1.25,1.66,2.18,1.61,2.28,Oui,Oui,Non,Non,Oui,Away,81,"[10, 63, 77, 81]",True
6e2e5cf7a1bb337d,coupe-du-monde,164938,64,2026-09-09T19:30:18Z,Algeria,Turkiye,4,1,2.48,3.73,2.57,1.46,1.49,1.24,1.52,2.48,1.48,2.61,Oui,Oui,Oui,Non,Non,Home,84,"[21, 36, 59, 69, 84]",True
de31f2ef3c234235,coupe-du-monde,164938,64,2026-09-09T19:30:18Z,Panama,Saudi Arabia,4,0,2.95,3.5,2.3,1.57,1.36,1.27,1.71,2.11,1.6,2.3,Oui,Non,Oui,Non,Non,Home,90,"[41, 43, 43, 90]",True
66cd7817d2b65f7b,coupe-du-monde,164938,64,2026-09-09T19:30:18Z,Morocco,Brazil,1,0,2.28,3.49,2.99,1.35,1.58,1.27,1.72,2.09,1.61,2.28,Non,Non,Oui,Non,Non,Home,17,[17],True
ca2c3840c0986229,coupe-du-monde,164938,64,2026-09-09T19:30:18Z,New Zealand,Netherlands,1,2,5.93,4.75,1.47,2.59,1.1,1.16,1.41,2.84,1.61,2.28,Oui,Oui,Non,Non,Oui,Away,90,"[46, 70, 90]",True
f4227fa53101cfdf,coupe-du-monde,164938,64,2026-09-09T19:30:18Z,Curacao,Korea Republic,1,1,5.72,4.37,1.52,2.43,1.11,1.18,1.53,2.45,1.69,2.14,Non,Oui,Non,Oui,Non,Home,41,"[35, 41]",True
b5186457fb1da90e,coupe-du-monde,164938,64,2026-09-09T19:30:18Z,Uzbekistan,Czechia,1,2,3.21,3.71,2.09,1.69,1.31,1.24,1.58,2.34,1.53,2.45,Oui,Oui,Non,Non,Oui,Home,52,"[17, 42, 52]",True
f438e6cc60e805af,coupe-du-monde,164938,64,2026-09-09T19:30:18Z,Senegal,Bosnia-Herzegovina,2,1,1.82,3.84,3.98,1.21,1.92,1.23,1.59,2.31,1.59,2.31,Oui,Oui,Oui,Non,Non,Home,40,"[35, 40, 40]",True
211bf2a357c5a9d1,coupe-du-monde,164938,64,2026-09-09T19:30:18Z,Croatia,South Africa,1,3,1.75,3.88,4.34,1.18,2.01,1.22,1.62,2.26,1.63,2.23,Oui,Oui,Non,Non,Oui,Away,82,"[14, 50, 58, 82]",True
745ee2733665c73a,coupe-du-monde,164938,64,2026-09-09T19:30:18Z,England,Portugal,1,1,2.37,4.08,2.54,1.47,1.54,1.2,1.34,3.16,1.36,3.07,Non,Oui,Non,Oui,Non,Away,34,"[31, 34]",True
a3835ecc883df593,coupe-du-monde,164938,64,2026-09-09T19:30:18Z,Mexico,Spain,0,2,5.01,4.3,1.59,2.27,1.14,1.19,1.49,2.57,1.6,2.3,Non,Non,Non,Non,Oui,Away,29,"[18, 29]",True
e659c97d5b6ab875,coupe-du-monde,164938,64,2026-09-09T19:30:18Z,Ecuador,Argentina,3,3,4.83,4.66,1.57,2.33,1.15,1.16,1.34,3.18,1.48,2.6,Oui,Oui,Non,Oui,Non,Away,84,"[18, 21, 30, 48, 78, 84]",True
196bcd3924367252,coupe-du-monde,164938,64,2026-09-09T19:30:18Z,Austria,Congo DR,1,1,1.84,3.8,3.95,1.22,1.9,1.23,1.61,2.27,1.6,2.29,Non,Oui,Non,Oui,Non,Away,41,"[14, 41]",True
1ef40f82cf436bd5,coupe-du-monde,164938,64,2026-09-09T19:30:18Z,Tunisia,Haiti,2,1,1.81,3.58,4.39,1.18,1.93,1.26,1.84,1.94,1.78,2.01,Oui,Oui,Oui,Non,Non,Away,73,"[31, 33, 73]",True
df5d134dff6a093d,coupe-du-monde,164938,67,2026-09-09T19:36:18Z,Portugal,Colombia,2,2,1.9,4.22,3.36,1.29,1.83,1.19,1.34,3.16,1.39,2.93,Oui,Oui,Non,Oui,Non,Home,88,"[20, 27, 27, 88]",True
92f1cc49368fd632,coupe-du-monde,164938,67,2026-09-09T19:36:18Z,Argentina,Algeria,1,1,1.49,4.77,5.6,1.11,2.53,1.15,1.38,2.98,1.57,2.37,Non,Oui,Non,Oui,Non,Home,34,"[32, 34]",True
fad581f1cca64395,coupe-du-monde,164938,67,2026-09-09T19:36:18Z,Egypt,Panama,0,4,1.92,3.55,3.89,1.22,1.82,1.26,1.79,2.0,1.71,2.11,Oui,Non,Non,Non,Oui,Away,71,"[13, 18, 58, 71]",True
8e689c37195d30b9,coupe-du-monde,164938,67,2026-09-09T19:36:18Z,Cote d'Ivoire,France,1,2,5.82,4.96,1.46,2.63,1.11,1.14,1.34,3.16,1.55,2.41,Oui,Oui,Non,Non,Oui,Away,87,"[57, 60, 87]",True
97a4bcac883252b2,coupe-du-monde,164938,67,2026-09-09T19:36:18Z,Bosnia-Herzegovina,Ghana,1,1,2.63,3.66,2.46,1.5,1.44,1.25,1.57,2.36,1.51,2.52,Non,Oui,Non,Oui,Non,Away,76,"[64, 76]",True
2f1d1e1233216848,coupe-du-monde,164938,67,2026-09-09T19:36:18Z,Curacao,Germany,0,2,9.26,5.77,1.28,3.49,1.03,1.11,1.38,2.97,1.82,1.96,Non,Non,Non,Non,Oui,Away,77,"[59, 77]",True
38fe8204f208266e,coupe-du-monde,164938,67,2026-09-09T19:36:18Z,Sweden,Tunisia,3,1,2.17,3.47,3.21,1.31,1.64,1.27,1.76,2.03,1.65,2.21,Oui,Oui,Oui,Non,Non,Home,85,"[17, 38, 43, 85]",True
0b7cf0418cc8b497,coupe-du-monde,164938,67,2026-09-09T19:36:18Z,Japan,Canada,1,2,1.86,3.94,3.73,1.24,1.88,1.22,1.51,2.52,1.52,2.49,Oui,Oui,Non,Non,Oui,Home,85,"[48, 80, 85]",True
6a9fff0636bac40b,coupe-du-monde,164938,67,2026-09-09T19:36:18Z,Congo DR,Australia,0,1,3.58,3.79,1.94,1.81,1.26,1.23,1.57,2.36,1.55,2.41,Non,Non,Non,Non,Oui,Away,15,[15],True
3bcc90e9344762ee,coupe-du-monde,164938,67,2026-09-09T19:36:18Z,Saudi Arabia,Uzbekistan,1,5,2.58,3.64,2.52,1.48,1.46,1.25,1.59,2.33,1.52,2.49,Oui,Oui,Non,Non,Oui,Home,89,"[8, 17, 25, 71, 77, 89]",True
bddc001391c89ef4,coupe-du-monde,164938,67,2026-09-09T19:36:18Z,South Africa,Jordan,3,1,2.72,3.44,2.49,1.49,1.42,1.28,1.75,2.05,1.62,2.26,Oui,Oui,Oui,Non,Non,Away,84,"[16, 46, 83, 84]",True
105ae13e008b5a45,coupe-du-monde,164938,67,2026-09-09T19:36:18Z,Korea Republic,Belgium,0,2,3.49,3.86,1.94,1.8,1.27,1.22,1.52,2.49,1.51,2.51,Non,Non,Non,Non,Oui,Away,63,"[10, 63]",True
591e776c644b4aa8,coupe-du-monde,164938,67,2026-09-09T19:36:18Z,Brazil,Ecuador,1,2,1.72,4.37,4.0,1.21,2.05,1.18,1.35,3.12,1.43,2.76,Oui,Oui,Non,Non,Oui,Home,83,"[48, 79, 83]",True
e1dd9a187e260de1,coupe-du-monde,164938,67,2026-09-09T19:36:18Z,Czechia,Austria,1,1,2.98,3.74,2.19,1.63,1.35,1.24,1.54,2.43,1.5,2.55,Non,Oui,Non,Oui,Non,Away,64,"[25, 64]",True
e096121099e99819,coupe-du-monde,164938,67,2026-09-09T19:36:18Z,Scotland,New Zealand,0,0,1.89,3.78,3.74,1.24,1.85,1.23,1.6,2.3,1.58,2.34,Non,Non,Non,Oui,Non,,,[],True
cc3978f1d7f6711f,coupe-du-monde,164938,67,2026-09-09T19:36:18Z,IR Iran,Croatia,2,0,3.08,3.58,2.19,1.63,1.33,1.26,1.66,2.19,1.58,2.35,Non,Non,Oui,Non,Non,Home,89,"[49, 89]",True
4aeeb02a42f89b7b,coupe-du-monde,164938,67,2026-09-09T19:36:18Z,Netherlands,England,1,2,3.01,4.08,2.07,1.7,1.35,1.2,1.37,3.04,1.39,2.93,Oui,Oui,Non,Non,Oui,Home,77,"[23, 28, 77]",True
34d77c6525ce2148,coupe-du-monde,164938,67,2026-09-09T19:36:18Z,Norway,Morocco,0,2,3.96,3.51,1.91,1.83,1.22,1.27,1.82,1.95,1.74,2.06,Non,Non,Non,Non,Oui,Away,69,"[67, 69]",True
19ec5406259597e2,coupe-du-monde,164938,67,2026-09-09T19:36:18Z,Turkiye,Switzerland,2,2,3.67,3.76,1.92,1.82,1.25,1.24,1.6,2.29,1.58,2.35,Oui,Oui,Non,Oui,Non,Away,85,"[10, 41, 83, 85]",True
acfa89b759e8fcaa,coupe-du-monde,164938,67,2026-09-09T19:36:18Z,Uruguay,Iraq,0,0,1.59,4.25,5.07,1.14,2.27,1.19,1.52,2.5,1.62,2.25,Non,Non,Non,Oui,Non,,,[],True
f90ee34296e6df14,coupe-du-monde,164938,67,2026-09-09T19:36:18Z,Paraguay,Mexico,1,4,3.57,3.95,1.9,1.84,1.26,1.22,1.49,2.59,1.49,2.56,Oui,Oui,Non,Non,Oui,Away,67,"[18, 20, 53, 66, 67]",True
927188f5bf95150b,coupe-du-monde,164938,67,2026-09-09T19:36:18Z,Haiti,Spain,0,3,13.92,6.69,1.19,4.44,0.99,1.08,1.4,2.88,2.16,1.67,Oui,Non,Non,Non,Oui,Away,86,"[48, 65, 86]",True
e4557d0a3fb55674,coupe-du-monde,164938,67,2026-09-09T19:36:18Z,USA,Cabo Verde,3,1,1.94,3.84,3.51,1.27,1.8,1.23,1.54,2.44,1.53,2.47,Oui,Oui,Oui,Non,Non,Away,82,"[27, 62, 76, 82]",True
febb7c397485683b,coupe-du-monde,164938,67,2026-09-09T19:36:18Z,Qatar,Senegal,1,2,3.33,3.7,2.05,1.72,1.29,1.24,1.6,2.29,1.55,2.4,Oui,Oui,Non,Non,Oui,Away,60,"[43, 53, 60]",True
a1f130757488c941,coupe-du-monde,164938,69,2026-09-09T19:40:18Z,Brazil,Ghana,1,3,1.47,4.82,5.81,1.11,2.59,1.15,1.38,2.96,1.58,2.34,Oui,Oui,Non,Non,Oui,Away,76,"[28, 37, 54, 76]",True
7f540291a08a74b2,coupe-du-monde,164938,69,2026-09-09T19:40:18Z,Qatar,France,1,2,6.67,5.16,1.4,2.85,1.08,1.13,1.36,3.07,1.63,2.25,Oui,Oui,Non,Non,Oui,Home,71,"[70, 70, 71]",True
a5c0836e92a45ce7,coupe-du-monde,164938,69,2026-09-09T19:40:18Z,Bosnia-Herzegovina,Canada,0,0,3.02,3.82,2.14,1.66,1.35,1.23,1.5,2.55,1.47,2.62,Non,Non,Non,Oui,Non,,,[],True
f79c2f9fead980ff,coupe-du-monde,164938,69,2026-09-09T19:40:18Z,Paraguay,Cabo Verde,1,1,2.46,3.59,2.67,1.43,1.5,1.26,1.62,2.25,1.54,2.43,Non,Oui,Non,Oui,Non,Away,62,"[46, 62]",True
da2662282fc6d41b,coupe-du-monde,164938,69,2026-09-09T19:40:18Z,Netherlands,Jordan,1,1,1.61,4.33,4.83,1.15,2.24,1.18,1.46,2.67,1.57,2.37,Non,Oui,Non,Oui,Non,Home,87,"[48, 87]",True
67f1acb9083aa732,coupe-du-monde,164938,69,2026-09-09T19:40:18Z,Saudi Arabia,Colombia,0,1,4.03,4.13,1.76,2.0,1.21,1.2,1.46,2.68,1.51,2.52,Non,Non,Non,Non,Oui,Away,34,[34],True
c995721eee3e00de,coupe-du-monde,164938,69,2026-09-09T19:40:18Z,New Zealand,Croatia,1,0,5.1,4.13,1.61,2.24,1.14,1.2,1.58,2.35,1.67,2.17,Non,Non,Oui,Non,Non,Home,34,[34],True
cda2feab0cb0ff86,coupe-du-monde,164938,69,2026-09-09T19:40:18Z,Sweden,Australia,1,0,2.42,3.63,2.69,1.43,1.52,1.25,1.59,2.31,1.52,2.48,Non,Non,Oui,Non,Non,Home,3,[3],True
47ba012bfdaf5e76,coupe-du-monde,164938,69,2026-09-09T19:40:18Z,Curacao,Belgium,2,1,8.68,5.27,1.32,3.22,1.04,1.13,1.47,2.64,1.86,1.91,Oui,Oui,Oui,Non,Non,Away,81,"[59, 79, 81]",True
692ff6cce442720b,coupe-du-monde,164938,69,2026-09-09T19:40:18Z,Congo DR,USA,2,3,4.03,3.98,1.78,1.97,1.21,1.21,1.52,2.48,1.55,2.41,Oui,Oui,Non,Non,Oui,Away,83,"[31, 45, 51, 77, 83]",True
68ea1f0f2cf8801a,coupe-du-monde,164938,69,2026-09-09T19:40:18Z,Uruguay,Spain,2,1,3.82,3.84,1.86,1.88,1.23,1.23,1.57,2.35,1.57,2.37,Oui,Oui,Oui,Non,Non,Away,83,"[5, 52, 83]",True
d3034ff7d37aff34,coupe-du-monde,164938,69,2026-09-09T19:40:18Z,Czechia,Iraq,0,0,2.17,3.64,3.08,1.34,1.64,1.25,1.62,2.26,1.55,2.41,Non,Non,Non,Oui,Non,,,[],True
a05dd3ab50308aad,coupe-du-monde,164938,69,2026-09-09T19:40:18Z,Argentina,Mexico,1,1,1.72,4.32,4.05,1.21,2.05,1.18,1.38,3.0,1.45,2.69,Non,Oui,Non,Oui,Non,Home,89,"[87, 89]",True
10516a744ed91269,coupe-du-monde,164938,69,2026-09-09T19:40:18Z,South Africa,Austria,1,1,4.16,3.92,1.77,1.98,1.2,1.22,1.57,2.35,1.59,2.31,Non,Oui,Non,Oui,Non,Away,51,"[48, 51]",True
c2ddf20477e7ab67,coupe-du-monde,164938,69,2026-09-09T19:40:18Z,Japan,Switzerland,3,1,2.57,3.46,2.62,1.45,1.46,1.27,1.73,2.07,1.61,2.28,Oui,Oui,Oui,Non,Non,Away,74,"[24, 34, 43, 74]",True
e9409bd1ae92bbcf,coupe-du-monde,164938,69,2026-09-09T19:40:18Z,Germany,Morocco,1,1,3.52,3.55,2.02,1.74,1.26,1.26,1.73,2.07,1.65,2.2,Non,Oui,Non,Oui,Non,Home,35,"[24, 35]",True
b03e439db63389ee,coupe-du-monde,164938,69,2026-09-09T19:40:18Z,Cote d'Ivoire,Algeria,1,2,2.43,3.73,2.63,1.44,1.51,1.24,1.53,2.45,1.48,2.59,Oui,Oui,Non,Non,Oui,Away,90,"[29, 89, 90]",True
d1036ff7000d0424,coupe-du-monde,164938,69,2026-09-09T19:40:18Z,Egypt,England,1,3,4.62,4.14,1.66,2.14,1.16,1.2,1.52,2.5,1.59,2.32,Oui,Oui,Non,Non,Oui,Away,90,"[25, 53, 89, 90]",True
da89029917ddc9dc,coupe-du-monde,164938,69,2026-09-09T19:40:18Z,Turkiye,Haiti,3,0,1.65,4.16,4.67,1.16,2.16,1.2,1.51,2.51,1.59,2.32,Oui,Non,Oui,Non,Non,Home,89,"[78, 84, 89]",True
995354767902d08e,coupe-du-monde,164938,69,2026-09-09T19:40:18Z,IR Iran,Uzbekistan,1,2,1.98,3.73,3.48,1.27,1.77,1.24,1.6,2.3,1.56,2.38,Oui,Oui,Non,Non,Oui,Away,63,"[6, 22, 63]",True
872c1a7f9725e406,coupe-du-monde,164938,69,2026-09-09T19:40:18Z,Korea Republic,Ecuador,2,1,2.52,3.73,2.53,1.48,1.48,1.24,1.52,2.48,1.48,2.61,Oui,Oui,Oui,Non,Non,Home,86,"[28, 43, 86]",True
22b5ecb7b576d4f9,coupe-du-monde,164938,69,2026-09-09T19:40:18Z,Portugal,Tunisia,3,0,1.64,4.17,4.73,1.16,2.17,1.2,1.52,2.5,1.6,2.3,Oui,Non,Oui,Non,Non,Home,86,"[44, 56, 86]",True
e715b700a43471a8,coupe-du-monde,164938,69,2026-09-09T19:40:18Z,Norway,Senegal,4,2,2.63,3.71,2.44,1.51,1.44,1.24,1.54,2.43,1.49,2.57,Oui,Oui,Oui,Non,Non,Away,79,"[22, 37, 41, 54, 74, 79]",True
075c48c0043ad5ca,coupe-du-monde,164938,69,2026-09-09T19:40:18Z,Scotland,Panama,4,2,2.0,3.66,3.48,1.27,1.75,1.25,1.64,2.21,1.59,2.32,Oui,Oui,Oui,Non,Non,Home,77,"[2, 4, 29, 66, 73, 77]",True
2e3dae75536764ae,coupe-du-monde,164938,72,2026-09-09T19:46:18Z,Senegal,Morocco,1,2,4.13,3.35,1.93,1.82,1.2,1.29,2.01,1.78,1.86,1.91,Oui,Oui,Non,Non,Oui,Away,89,"[11, 51, 89]",True
c77b47e8a1c6b5e4,coupe-du-monde,164938,72,2026-09-09T19:46:18Z,Colombia,Egypt,2,2,2.2,3.69,2.99,1.35,1.62,1.24,1.58,2.35,1.52,2.48,Oui,Oui,Non,Oui,Non,Home,89,"[19, 25, 53, 89]",True
4cf76fe9fbf7672f,coupe-du-monde,164938,72,2026-09-09T19:46:18Z,Ghana,Norway,1,2,4.31,4.09,1.71,2.06,1.19,1.2,1.51,2.53,1.56,2.39,Oui,Oui,Non,Non,Oui,Away,80,"[53, 75, 80]",True
aa1dd0fc72a3eace,coupe-du-monde,164938,72,2026-09-09T19:46:18Z,Tunisia,Netherlands,1,2,3.88,3.86,1.84,1.9,1.22,1.23,1.57,2.36,1.57,2.36,Oui,Oui,Non,Non,Oui,Away,36,"[10, 19, 36]",True
3fa99c4bbcb8e880,coupe-du-monde,164938,72,2026-09-09T19:46:18Z,Algeria,Korea Republic,0,2,2.63,3.69,2.44,1.51,1.44,1.24,1.55,2.42,1.49,2.56,Non,Non,Non,Non,Oui,Away,4,"[3, 4]",True
d18dc4fda3dd1a49,coupe-du-monde,164938,72,2026-09-09T19:46:18Z,Canada,Qatar,1,3,2.51,3.76,2.53,1.48,1.48,1.24,1.51,2.52,1.47,2.65,Oui,Oui,Non,Non,Oui,Away,75,"[18, 26, 71, 75]",True
073e5454b2bf0a4d,coupe-du-monde,164938,72,2026-09-09T19:46:18Z,France,Curacao,6,0,1.15,7.8,16.07,0.98,5.16,1.05,1.32,3.33,2.2,1.65,Oui,Non,Oui,Non,Non,Home,85,"[30, 33, 36, 46, 53, 85]",True
2e2c059c33a49399,coupe-du-monde,164938,72,2026-09-09T19:46:18Z,Jordan,New Zealand,2,1,2.25,3.42,3.1,1.33,1.6,1.28,1.79,1.99,1.66,2.19,Oui,Oui,Oui,Non,Non,Home,52,"[33, 48, 52]",True
a70f2968e42b4913,coupe-du-monde,164938,72,2026-09-09T19:46:18Z,Haiti,Argentina,1,3,11.28,6.54,1.22,4.06,1.01,1.08,1.33,3.23,1.9,1.87,Oui,Oui,Non,Non,Oui,Away,49,"[29, 46, 48, 49]",True
a9f69929cd3a4021,coupe-du-monde,164938,72,2026-09-09T19:46:18Z,Australia,South Africa,0,2,1.98,3.76,3.47,1.27,1.77,1.24,1.58,2.35,1.55,2.42,Non,Non,Non,Non,Oui,Away,90,"[89, 90]",True
ea0b32f905601eb8,coupe-du-monde,164938,72,2026-09-09T19:46:18Z,England,Croatia,2,1,1.93,3.89,3.51,1.27,1.81,1.22,1.51,2.51,1.51,2.51,Oui,Oui,Oui,Non,Non,Home,23,"[7, 13, 23]",True
ffc7b2202c3b522f,coupe-du-monde,164938,72,2026-09-09T19:46:18Z,Iraq,Saudi Arabia,2,2,2.54,3.58,2.58,1.46,1.47,1.26,1.62,2.25,1.54,2.43,Oui,Oui,Non,Oui,Non,Home,85,"[10, 19, 54, 85]",True
c14f0a08e861dd6e,coupe-du-monde,164938,72,2026-09-09T19:46:18Z,Cabo Verde,Bosnia-Herzegovina,3,2,2.48,3.59,2.64,1.44,1.49,1.26,1.62,2.26,1.54,2.43,Oui,Oui,Oui,Non,Non,Home,73,"[38, 39, 41, 68, 73]",True
d08b3740ed696d5d,coupe-du-monde,164938,72,2026-09-09T19:46:18Z,Belgium,Scotland,3,0,1.8,4.0,3.93,1.22,1.94,1.21,1.5,2.55,1.52,2.47,Oui,Non,Oui,Non,Non,Home,77,"[46, 69, 77]",True
18e383a18062cd2b,coupe-du-monde,164938,72,2026-09-09T19:46:18Z,USA,Czechia,0,1,2.27,3.82,2.8,1.4,1.59,1.23,1.48,2.6,1.46,2.68,Non,Non,Non,Non,Oui,Away,51,[51],True
0f84a274f8e00a5d,coupe-du-monde,164938,72,2026-09-09T19:46:18Z,Ecuador,Germany,2,3,3.33,4.12,1.93,1.81,1.29,1.2,1.38,2.97,1.41,2.84,Oui,Oui,Non,Non,Oui,Away,90,"[2, 41, 68, 70, 90]",True
1e598c4f5dba1b8c,coupe-du-monde,164938,72,2026-09-09T19:46:18Z,Turkiye,Sweden,0,0,2.77,3.77,2.31,1.57,1.4,1.24,1.51,2.52,1.47,2.63,Non,Non,Non,Oui,Non,,,[],True
44adc2d640fd966e,coupe-du-monde,164938,72,2026-09-09T19:46:18Z,Congo DR,Japan,1,1,4.99,4.14,1.62,2.22,1.14,1.2,1.56,2.38,1.65,2.2,Non,Oui,Non,Oui,Non,Away,41,"[38, 41]",True
a99dd9ebc9f91bb7,coupe-du-monde,164938,72,2026-09-09T19:46:18Z,Uzbekistan,Panama,0,2,2.34,3.44,2.92,1.37,1.55,1.28,1.76,2.04,1.63,2.24,Non,Non,Non,Non,Oui,Away,37,"[19, 37]",True
4183777499b3976f,coupe-du-monde,164938,72,2026-09-09T19:46:18Z,Switzerland,Cote d'Ivoire,3,2,2.0,3.68,3.47,1.27,1.75,1.24,1.63,2.25,1.58,2.35,Oui,Oui,Oui,Non,Non,Away,67,"[13, 30, 39, 60, 67]",True
e29dd64d0a824ce2,coupe-du-monde,164938,72,2026-09-09T19:46:18Z,Austria,IR Iran,1,4,2.35,3.6,2.8,1.4,1.55,1.25,1.62,2.25,1.54,2.43,Oui,Oui,Non,Non,Oui,Away,65,"[24, 41, 63, 63, 65]",True
db4529bfbbb5897f,coupe-du-monde,164938,72,2026-09-09T19:46:18Z,Mexico,Brazil,0,2,3.27,4.1,1.96,1.79,1.3,1.2,1.38,2.97,1.41,2.84,Non,Non,Non,Non,Oui,Away,43,"[36, 43]",True
baf6c98ae00157fc,coupe-du-monde,164938,72,2026-09-09T19:46:18Z,Paraguay,Uruguay,0,0,4.48,4.07,1.69,2.09,1.17,1.21,1.53,2.46,1.59,2.33,Non,Non,Non,Oui,Non,,,[],True
8ee2d5d8b212ef83,coupe-du-monde,164938,72,2026-09-09T19:46:18Z,Spain,Portugal,0,2,1.89,4.08,3.5,1.27,1.85,1.2,1.41,2.83,1.44,2.72,Non,Non,Non,Non,Oui,Away,58,"[47, 58]",True
d0fd1500d713148e,coupe-du-monde,164938,74,2026-09-09T19:50:18Z,Turkiye,Portugal,3,1,4.61,4.65,1.59,2.27,1.16,1.16,1.33,3.27,1.46,2.68,Oui,Oui,Oui,Non,Non,Home,60,"[32, 37, 55, 60]",True
3d46144974878a60,coupe-du-monde,164938,74,2026-09-09T19:50:18Z,USA,South Africa,1,0,1.79,4.02,3.95,1.22,1.95,1.21,1.5,2.55,1.53,2.46,Non,Non,Oui,Non,Non,Home,86,[86],True
a0225810df920ebd,coupe-du-monde,164938,74,2026-09-09T19:50:18Z,Canada,Norway,0,4,3.55,4.02,1.89,1.85,1.26,1.21,1.45,2.71,1.47,2.64,Oui,Non,Non,Non,Oui,Away,87,"[12, 52, 86, 87]",True
bc39d782ab60aed7,coupe-du-monde,164938,74,2026-09-09T19:50:18Z,Uzbekistan,England,1,3,6.45,4.92,1.43,2.74,1.08,1.15,1.41,2.87,1.64,2.21,Oui,Oui,Non,Non,Oui,Home,74,"[30, 40, 60, 74]",True
061793da9a0adc7a,coupe-du-monde,164938,74,2026-09-09T19:50:18Z,Ecuador,Belgium,2,2,3.22,3.82,2.05,1.72,1.31,1.23,1.51,2.51,1.49,2.57,Oui,Oui,Non,Oui,Non,Away,80,"[18, 37, 76, 80]",True
56dd83c0bfd23405,coupe-du-monde,164938,74,2026-09-09T19:50:18Z,Ghana,Germany,3,2,5.27,4.71,1.52,2.44,1.13,1.16,1.37,3.04,1.53,2.46,Oui,Oui,Oui,Non,Non,Away,74,"[23, 27, 44, 72, 74]",True
044474d48616c2e1,coupe-du-monde,164938,74,2026-09-09T19:50:18Z,Algeria,Curacao,0,2,1.54,4.21,5.77,1.11,2.39,1.19,1.61,2.27,1.75,2.04,Non,Non,Non,Non,Oui,Away,51,"[34, 51]",True
efd494e67b31cada,coupe-du-monde,164938,74,2026-09-09T19:50:18Z,Australia,Netherlands,1,1,3.37,4.07,1.93,1.81,1.29,1.21,1.41,2.86,1.43,2.76,Non,Oui,Non,Oui,Non,Away,84,"[5, 84]",True
af4b302fe2be3de4,coupe-du-monde,164938,74,2026-09-09T19:50:18Z,Austria,New Zealand,1,0,1.64,4.09,4.88,1.15,2.18,1.2,1.57,2.36,1.65,2.21,Non,Non,Oui,Non,Non,Home,60,[60],True
8ec214d14e504b45,coupe-du-monde,164938,74,2026-09-09T19:50:18Z,Tunisia,Egypt,2,1,2.89,3.3,2.43,1.51,1.37,1.3,1.89,1.88,1.71,2.11,Oui,Oui,Oui,Non,Non,Away,89,"[54, 71, 89]",True
dbb99a684780226b,coupe-du-monde,164938,74,2026-09-09T19:50:18Z,Mexico,Korea Republic,1,1,2.2,3.83,2.9,1.37,1.62,1.23,1.48,2.6,1.46,2.67,Non,Oui,Non,Oui,Non,Away,25,"[8, 25]",True
a07dd275e9531131,coupe-du-monde,164938,74,2026-09-09T19:50:18Z,Congo DR,Bosnia-Herzegovina,1,1,2.63,3.54,2.52,1.48,1.44,1.26,1.66,2.18,1.56,2.38,Non,Oui,Non,Oui,Non,Home,35,"[24, 35]",True
7830204b40f29934,coupe-du-monde,164938,74,2026-09-09T19:50:18Z,France,Morocco,2,0,2.39,3.38,2.9,1.37,1.53,1.28,1.81,1.97,1.66,2.18,Non,Non,Oui,Non,Non,Home,32,"[26, 32]",True
61ea23c70adf8e14,coupe-du-monde,164938,74,2026-09-09T19:50:18Z,Switzerland,Qatar,0,1,1.83,3.78,4.0,1.21,1.91,1.23,1.64,2.23,1.62,2.25,Non,Non,Non,Non,Oui,Away,28,[28],True
afad0114ca026504,coupe-du-monde,164938,74,2026-09-09T19:50:18Z,Uruguay,Argentina,0,1,2.98,3.91,2.14,1.66,1.36,1.22,1.44,2.72,1.44,2.75,Non,Non,Non,Non,Oui,Away,1,[1],True
375b9b11cef8e0e9,coupe-du-monde,164938,74,2026-09-09T19:50:18Z,Senegal,Scotland,1,0,2.01,3.72,3.4,1.28,1.74,1.24,1.6,2.31,1.55,2.4,Non,Non,Oui,Non,Non,Home,33,[33],True
31d3c2a1546dd511,coupe-du-monde,164938,74,2026-09-09T19:50:18Z,Colombia,Panama,2,1,1.6,4.25,4.99,1.14,2.25,1.19,1.51,2.52,1.61,2.28,Oui,Oui,Oui,Non,Non,Home,76,"[48, 58, 76]",True
8e6a123896dfde67,coupe-du-monde,164938,74,2026-09-09T19:50:18Z,Jordan,Croatia,0,1,4.3,3.74,1.79,1.96,1.19,1.24,1.7,2.12,1.69,2.14,Non,Non,Non,Non,Oui,Away,56,[56],True
642e81dc9c254dea,coupe-du-monde,164938,74,2026-09-09T19:50:18Z,Spain,Saudi Arabia,1,0,1.3,5.53,9.15,1.03,3.38,1.12,1.43,2.77,1.86,1.91,Non,Non,Oui,Non,Non,Home,7,[7],True
093f21ef6ae1df1a,coupe-du-monde,164938,74,2026-09-09T19:50:18Z,Cabo Verde,Brazil,0,2,5.16,4.57,1.54,2.38,1.13,1.17,1.4,2.88,1.55,2.41,Non,Non,Non,Non,Oui,Away,39,"[9, 39]",True
6f5646eb3c984286,coupe-du-monde,164938,74,2026-09-09T19:50:18Z,Paraguay,Czechia,1,1,2.77,3.66,2.35,1.55,1.4,1.25,1.58,2.35,1.51,2.5,Non,Oui,Non,Oui,Non,Home,18,"[1, 18]",True
7ac9a1ab0bc3a8c8,coupe-du-monde,164938,74,2026-09-09T19:50:18Z,Iraq,IR Iran,0,3,3.38,3.59,2.06,1.71,1.28,1.26,1.68,2.15,1.61,2.28,Oui,Non,Non,Non,Oui,Away,45,"[44, 45, 45]",True
7300cc7cf0482a08,coupe-du-monde,164938,74,2026-09-09T19:50:18Z,Haiti,Cote d'Ivoire,1,3,5.13,4.12,1.61,2.24,1.13,1.2,1.58,2.33,1.68,2.15,Oui,Oui,Non,Non,Oui,Home,89,"[28, 64, 67, 89]",True
eb9cf3cfff2a260f,coupe-du-monde,164938,74,2026-09-09T19:50:18Z,Japan,Sweden,1,1,2.23,3.68,2.95,1.36,1.61,1.25,1.58,2.34,1.52,2.48,Non,Oui,Non,Oui,Non,Home,87,"[48, 87]",True
31bef73ba09a1e3f,coupe-du-monde,164938,77,2026-09-09T19:56:18Z,Saudi Arabia,Paraguay,1,4,2.82,3.71,2.3,1.57,1.39,1.24,1.55,2.41,1.5,2.55,Oui,Oui,Non,Non,Oui,Away,83,"[28, 32, 57, 80, 83]",True
7804246d41a4b94e,coupe-du-monde,164938,77,2026-09-09T19:56:18Z,Uzbekistan,Colombia,1,1,4.18,4.17,1.72,2.05,1.2,1.2,1.45,2.7,1.51,2.51,Non,Oui,Non,Oui,Non,Home,37,"[17, 37]",True
d8afaa4a520c2a35,coupe-du-monde,164938,77,2026-09-09T19:56:18Z,England,Austria,1,2,1.81,4.07,3.83,1.23,1.94,1.21,1.46,2.67,1.5,2.55,Oui,Oui,Non,Non,Oui,Away,65,"[16, 63, 65]",True
32e4e1aea79b84c3,coupe-du-monde,164938,77,2026-09-09T19:56:18Z,Netherlands,Turkiye,3,3,1.87,4.2,3.47,1.27,1.86,1.19,1.36,3.08,1.41,2.86,Oui,Oui,Non,Oui,Non,Home,88,"[32, 33, 39, 81, 82, 88]",True
1cb3687bff363e0e,coupe-du-monde,164938,77,2026-09-09T19:56:18Z,South Africa,Japan,3,1,4.92,4.07,1.64,2.19,1.15,1.21,1.59,2.32,1.66,2.18,Oui,Oui,Oui,Non,Non,Away,81,"[33, 49, 81, 81]",True
a4b7aecd96219493,coupe-du-monde,164938,77,2026-09-09T19:56:18Z,Germany,Mexico,4,2,2.06,4.09,3.04,1.34,1.71,1.2,1.37,3.04,1.39,2.93,Oui,Oui,Oui,Non,Non,Home,90,"[5, 27, 39, 57, 80, 90]",True
37b6623128285348,coupe-du-monde,164938,77,2026-09-09T19:56:18Z,Croatia,Tunisia,0,3,2.1,3.44,3.4,1.28,1.68,1.28,1.81,1.97,1.69,2.14,Oui,Non,Non,Non,Oui,Away,73,"[26, 51, 73]",True
1943db56aa70bee4,coupe-du-monde,164938,77,2026-09-09T19:56:18Z,Belgium,Algeria,0,3,1.9,3.92,3.6,1.25,1.84,1.22,1.5,2.54,1.51,2.52,Oui,Non,Non,Non,Oui,Away,84,"[28, 54, 84]",True
111420380f86f3b4,coupe-du-monde,164938,77,2026-09-09T19:56:18Z,Egypt,Spain,1,2,6.19,4.41,1.49,2.53,1.09,1.18,1.57,2.37,1.75,2.04,Oui,Oui,Non,Non,Oui,Home,76,"[73, 73, 76]",True
6bdb403b4adefd55,coupe-du-monde,164938,77,2026-09-09T19:56:18Z,Senegal,Ghana,3,1,1.78,3.86,4.16,1.2,1.96,1.23,1.6,2.29,1.61,2.28,Oui,Oui,Oui,Non,Non,Home,76,"[25, 63, 70, 76]",True
cc9e69813eb7bf78,coupe-du-monde,164938,77,2026-09-09T19:56:18Z,New Zealand,Australia,0,3,4.15,3.9,1.78,1.97,1.2,1.22,1.58,2.34,1.6,2.3,Oui,Non,Non,Non,Oui,Away,79,"[19, 23, 79]",True
a20b752fe5f5c01a,coupe-du-monde,164938,77,2026-09-09T19:56:18Z,Norway,Cabo Verde,5,0,1.73,4.1,4.23,1.19,2.04,1.2,1.49,2.58,1.54,2.43,Oui,Non,Oui,Non,Non,Home,57,"[1, 20, 41, 46, 57]",True
18e0e6ab8c49aff6,coupe-du-monde,164938,77,2026-09-09T19:56:18Z,Cote d'Ivoire,Sweden,4,0,2.7,3.6,2.43,1.51,1.42,1.26,1.62,2.26,1.54,2.44,Oui,Non,Oui,Non,Non,Home,70,"[21, 38, 63, 70]",True
3eadf19ae71cd0d0,coupe-du-monde,164938,77,2026-09-09T19:56:18Z,Portugal,Argentina,2,2,2.78,4.2,2.16,1.64,1.4,1.19,1.31,3.39,1.34,3.17,Oui,Oui,Non,Oui,Non,Home,87,"[28, 45, 64, 87]",True
eae86177d471c8d5,coupe-du-monde,164938,77,2026-09-09T19:56:18Z,Curacao,Switzerland,0,1,8.14,4.8,1.37,2.96,1.05,1.15,1.58,2.34,1.93,1.85,Non,Non,Non,Non,Oui,Away,60,[60],True
115c16bf67cccfc9,coupe-du-monde,164938,77,2026-09-09T19:56:18Z,Scotland,Jordan,1,1,2.17,3.6,3.12,1.33,1.64,1.26,1.65,2.2,1.57,2.36,Non,Oui,Non,Oui,Non,Home,37,"[22, 37]",True
0b44239dce88a816,coupe-du-monde,164938,77,2026-09-09T19:56:18Z,Qatar,Congo DR,2,3,2.09,3.7,3.22,1.31,1.69,1.24,1.59,2.32,1.54,2.43,Oui,Oui,Non,Non,Oui,Home,88,"[33, 44, 45, 67, 88]",True
572d0e47700584f0,coupe-du-monde,164938,77,2026-09-09T19:56:18Z,Brazil,Uruguay,2,0,2.32,3.93,2.67,1.43,1.56,1.22,1.42,2.82,1.41,2.84,Non,Non,Oui,Non,Non,Home,72,"[4, 72]",True
bc7a8f0e194df8c2,coupe-du-monde,164938,77,2026-09-09T19:56:18Z,Ecuador,France,0,3,5.61,4.75,1.49,2.53,1.11,1.16,1.38,2.97,1.56,2.38,Oui,Non,Non,Non,Oui,Away,48,"[6, 10, 48]",True
d6fb2dd8103e422c,coupe-du-monde,164938,77,2026-09-09T19:56:18Z,IR Iran,USA,2,3,2.61,3.72,2.45,1.51,1.45,1.24,1.54,2.45,1.49,2.58,Oui,Oui,Non,Non,Oui,Home,62,"[4, 16, 36, 60, 62]",True
19230830416f60bc,coupe-du-monde,164938,77,2026-09-09T19:56:18Z,Bosnia-Herzegovina,Czechia,1,2,3.29,3.7,2.06,1.71,1.3,1.24,1.59,2.31,1.55,2.42,Oui,Oui,Non,Non,Oui,Away,59,"[14, 32, 59]",True
4df5e19184635dd0,coupe-du-monde,164938,77,2026-09-09T19:56:18Z,Morocco,Canada,3,0,1.58,3.89,5.9,1.1,2.3,1.22,1.81,1.97,1.91,1.87,Oui,Non,Oui,Non,Non,Home,41,"[25, 35, 41]",True
e10709e30182a101,coupe-du-monde,164938,77,2026-09-09T19:56:18Z,Korea Republic,Haiti,0,1,1.61,4.21,5.0,1.14,2.24,1.19,1.53,2.46,1.63,2.24,Non,Non,Non,Non,Oui,Away,25,[25],True
7185c708eb16d41a,coupe-du-monde,164938,77,2026-09-09T19:56:18Z,Panama,Iraq,4,1,3.18,3.47,2.19,1.63,1.32,1.27,1.76,2.03,1.64,2.21,Oui,Oui,Oui,Non,Non,Home,87,"[24, 36, 65, 74, 87]",True
fb00f318becf12ca,coupe-du-monde,164938,79,2026-09-09T20:00:18Z,Norway,Congo DR,4,1,1.66,4.15,4.58,1.17,2.14,1.2,1.51,2.52,1.58,2.34,Oui,Oui,Oui,Non,Non,Home,81,"[37, 41, 44, 75, 81]",True
1a4552437836cbdd,coupe-du-monde,164938,79,2026-09-09T20:00:18Z,Senegal,Canada,0,1,1.96,3.81,3.47,1.27,1.78,1.23,1.55,2.41,1.53,2.46,Non,Non,Non,Non,Oui,Away,85,[85],True
f42e870623f2881a,coupe-du-monde,164938,79,2026-09-09T20:00:18Z,Qatar,Sweden,2,2,2.94,3.68,2.23,1.6,1.36,1.24,1.57,2.36,1.52,2.5,Oui,Oui,Non,Oui,Non,Home,74,"[11, 16, 57, 74]",True
74adaaccf5be6a63,coupe-du-monde,164938,79,2026-09-09T20:00:18Z,South Africa,Bosnia-Herzegovina,1,0,2.64,3.54,2.51,1.48,1.44,1.26,1.66,2.18,1.57,2.37,Non,Non,Oui,Non,Non,Home,55,[55],True
35f089a2bdf1bc8c,coupe-du-monde,164938,79,2026-09-09T20:00:18Z,Jordan,Austria,2,2,3.86,3.73,1.88,1.86,1.23,1.24,1.65,2.21,1.62,2.27,Oui,Oui,Non,Oui,Non,Home,56,"[18, 27, 56, 56]",True
3024d6e9d5e94753,coupe-du-monde,164938,79,2026-09-09T20:00:18Z,Egypt,Turkiye,0,1,2.37,3.67,2.74,1.41,1.54,1.25,1.57,2.35,1.51,2.51,Non,Non,Non,Non,Oui,Away,63,[63],True
d556d06e1fddf3c4,coupe-du-monde,164938,79,2026-09-09T20:00:18Z,Panama,Spain,2,2,11.21,5.85,1.25,3.77,1.01,1.1,1.46,2.66,2.04,1.75,Oui,Oui,Non,Oui,Non,Away,71,"[7, 21, 65, 71]",True
76e05da8d4e9706b,coupe-du-monde,164938,79,2026-09-09T20:00:18Z,IR Iran,Paraguay,1,1,2.2,3.57,3.07,1.34,1.62,1.26,1.67,2.17,1.58,2.33,Non,Oui,Non,Oui,Non,Away,50,"[49, 50]",True
fdd34e6c2e72b682,coupe-du-monde,164938,79,2026-09-09T20:00:18Z,Cote d'Ivoire,Portugal,3,2,4.11,4.35,1.71,2.07,1.2,1.18,1.38,2.99,1.46,2.66,Oui,Oui,Oui,Non,Non,Away,86,"[6, 40, 59, 65, 86]",True
35df5fed1e27089f,coupe-du-monde,164938,79,2026-09-09T20:00:18Z,Korea Republic,Uruguay,0,2,3.72,3.91,1.87,1.87,1.24,1.22,1.52,2.48,1.53,2.47,Non,Non,Non,Non,Oui,Away,63,"[60, 63]",True
73e7f0bebc6bba24,coupe-du-monde,164938,79,2026-09-09T20:00:18Z,Belgium,Mexico,0,0,2.26,3.76,2.85,1.38,1.59,1.24,1.52,2.5,1.48,2.61,Non,Non,Non,Oui,Non,,,[],True
9659ad0eb8de0aaa,coupe-du-monde,164938,79,2026-09-09T20:00:18Z,England,Iraq,4,1,1.49,4.62,5.75,1.11,2.51,1.16,1.44,2.73,1.62,2.25,Oui,Oui,Oui,Non,Non,Home,61,"[12, 18, 48, 59, 61]",True
e9963316943dbbc7,coupe-du-monde,164938,79,2026-09-09T20:00:18Z,Curacao,Haiti,3,0,2.97,3.34,2.36,1.54,1.36,1.29,1.86,1.92,1.69,2.14,Oui,Non,Oui,Non,Non,Home,78,"[69, 74, 78]",True
c0ab0734e7cb1d82,coupe-du-monde,164938,79,2026-09-09T20:00:18Z,Netherlands,Japan,1,4,2.3,3.92,2.7,1.42,1.57,1.22,1.42,2.8,1.41,2.83,Oui,Oui,Non,Non,Oui,Away,89,"[40, 43, 59, 74, 89]",True
8a0a016d7573b720,coupe-du-monde,164938,79,2026-09-09T20:00:18Z,France,Ghana,3,2,1.3,5.73,8.47,1.04,3.35,1.11,1.35,3.15,1.73,2.07,Oui,Oui,Oui,Non,Non,Home,87,"[41, 42, 56, 73, 87]",True
99415b773a999a06,coupe-du-monde,164938,79,2026-09-09T20:00:18Z,New Zealand,USA,2,3,4.68,4.25,1.64,2.19,1.16,1.19,1.47,2.63,1.56,2.38,Oui,Oui,Non,Non,Oui,Away,71,"[20, 25, 38, 62, 71]",True
6897be13e9fd2da4,coupe-du-monde,164938,79,2026-09-09T20:00:18Z,Uzbekistan,Tunisia,2,3,2.98,3.44,2.31,1.57,1.36,1.28,1.77,2.02,1.64,2.23,Oui,Oui,Non,Non,Oui,Home,76,"[19, 37, 56, 58, 76]",True
8971e35664167107,coupe-du-monde,164938,79,2026-09-09T20:00:18Z,Croatia,Australia,5,0,2.18,3.62,3.08,1.33,1.63,1.25,1.62,2.25,1.55,2.4,Oui,Non,Oui,Non,Non,Home,82,"[18, 20, 25, 76, 82]",True
7482f364baade00f,coupe-du-monde,164938,79,2026-09-09T20:00:18Z,Germany,Cabo Verde,2,0,1.62,4.37,4.66,1.16,2.21,1.18,1.43,2.79,1.53,2.46,Non,Non,Oui,Non,Non,Home,90,"[79, 90]",True
6ccc9bc3227b4445,coupe-du-monde,164938,79,2026-09-09T20:00:18Z,Morocco,Switzerland,1,1,2.02,3.17,4.01,1.21,1.74,1.32,2.2,1.65,1.96,1.82,Non,Oui,Non,Oui,Non,Home,64,"[62, 64]",True
c48add12527f6aaf,coupe-du-monde,164938,79,2026-09-09T20:00:18Z,Brazil,Czechia,2,1,1.69,4.32,4.22,1.19,2.1,1.18,1.39,2.91,1.48,2.61,Oui,Oui,Oui,Non,Non,Home,75,"[36, 67, 75]",True
0bbd0466d8256448,coupe-du-monde,164938,79,2026-09-09T20:00:18Z,Scotland,Colombia,1,2,3.62,4.02,1.87,1.87,1.25,1.21,1.46,2.67,1.48,2.59,Oui,Oui,Non,Non,Oui,Away,59,"[19, 36, 59]",True
2068c1a2251deed1,coupe-du-monde,164938,79,2026-09-09T20:00:18Z,Ecuador,Algeria,1,1,2.44,3.72,2.62,1.45,1.51,1.24,1.53,2.45,1.48,2.59,Non,Oui,Non,Oui,Non,Home,66,"[48, 66]",True
645da412d02666bf,coupe-du-monde,164938,79,2026-09-09T20:00:18Z,Saudi Arabia,Argentina,0,5,7.08,5.39,1.36,3.0,1.07,1.12,1.33,3.22,1.63,2.24,Oui,Non,Non,Non,Oui,Away,71,"[27, 35, 45, 71, 71]",True
22d6d335dacbe808,coupe-du-monde,164938,87,2026-09-09T20:16:18Z,Ghana,Congo DR,2,4,2.4,3.55,2.77,1.41,1.53,1.26,1.65,2.19,1.56,2.38,Oui,Oui,Non,Non,Oui,Away,79,"[29, 36, 40, 48, 61, 79]",True
7d334a37c3402406,coupe-du-monde,164938,87,2026-09-09T20:16:18Z,France,Uruguay,5,0,1.9,3.98,3.55,1.26,1.84,1.21,1.46,2.66,1.48,2.61,Oui,Non,Oui,Non,Non,Home,84,"[9, 28, 61, 72, 84]",True
d68c63e10b0a5354,coupe-du-monde,164938,87,2026-09-09T20:16:18Z,Canada,Cabo Verde,2,0,2.31,3.63,2.84,1.39,1.57,1.25,1.6,2.29,1.53,2.45,Non,Non,Oui,Non,Non,Home,86,"[80, 86]",True
36c0871da3006d9d,coupe-du-monde,164938,87,2026-09-09T20:16:18Z,Scotland,Australia,0,4,2.9,3.78,2.22,1.61,1.37,1.23,1.51,2.52,1.48,2.61,Oui,Non,Non,Non,Oui,Away,74,"[17, 32, 63, 74]",True
5bd058139611e1ac,coupe-du-monde,164938,87,2026-09-09T20:16:18Z,Ecuador,Sweden,5,1,2.67,3.69,2.42,1.52,1.43,1.24,1.56,2.4,1.5,2.54,Oui,Oui,Oui,Non,Non,Home,74,"[28, 30, 44, 48, 53, 74]",True
fa1e2a0ec71aaf2c,coupe-du-monde,164938,87,2026-09-09T20:16:18Z,Curacao,Netherlands,0,4,7.97,5.4,1.33,3.16,1.05,1.12,1.39,2.92,1.75,2.05,Oui,Non,Non,Non,Oui,Away,89,"[38, 61, 82, 89]",True
b737496af42b4eab,coupe-du-monde,164938,87,2026-09-09T20:16:18Z,Egypt,Korea Republic,1,2,2.6,3.62,2.51,1.49,1.45,1.25,1.6,2.31,1.52,2.48,Oui,Oui,Non,Non,Oui,Away,86,"[7, 61, 86]",True
d3585d6b8267f580,coupe-du-monde,164938,87,2026-09-09T20:16:18Z,Jordan,Japan,2,0,4.26,3.82,1.78,1.98,1.19,1.23,1.65,2.21,1.65,2.21,Non,Non,Oui,Non,Non,Home,65,"[23, 65]",True
9bd2a8217045a2d9,coupe-du-monde,164938,87,2026-09-09T20:16:18Z,Norway,IR Iran,3,1,2.07,3.75,3.21,1.31,1.7,1.24,1.56,2.4,1.52,2.49,Oui,Oui,Oui,Non,Non,Away,72,"[15, 22, 62, 72]",True
d449193eaa98b854,coupe-du-monde,164938,87,2026-09-09T20:16:18Z,England,Bosnia-Herzegovina,2,2,1.45,4.85,6.03,1.1,2.64,1.15,1.39,2.93,1.6,2.3,Oui,Oui,Non,Oui,Non,Home,83,"[23, 45, 74, 83]",True
f9cbe20be9fbf78e,coupe-du-monde,164938,87,2026-09-09T20:16:18Z,Austria,Turkiye,4,1,2.15,3.8,3.01,1.35,1.65,1.23,1.51,2.52,1.48,2.6,Oui,Oui,Oui,Non,Non,Home,78,"[11, 13, 26, 60, 78]",True
0823025ed3df0be5,coupe-du-monde,164938,87,2026-09-09T20:16:18Z,Algeria,Haiti,2,2,1.69,3.96,4.62,1.16,2.09,1.22,1.6,2.29,1.65,2.21,Oui,Oui,Non,Oui,Non,Home,81,"[6, 13, 57, 81]",True
5ba7e1f48084dd32,coupe-du-monde,164938,87,2026-09-09T20:16:18Z,Colombia,Paraguay,2,1,1.87,3.98,3.64,1.25,1.87,1.21,1.47,2.62,1.49,2.57,Oui,Oui,Oui,Non,Non,Home,86,"[15, 79, 86]",True
82fbf0264b719f6b,coupe-du-monde,164938,87,2026-09-09T20:16:18Z,Uzbekistan,Argentina,0,1,7.08,5.29,1.37,2.97,1.07,1.13,1.36,3.09,1.65,2.2,Non,Non,Non,Non,Oui,Away,87,[87],True
1544bcf37e4602b0,coupe-du-monde,164938,87,2026-09-09T20:16:18Z,Croatia,Cote d'Ivoire,1,1,2.17,3.67,3.06,1.34,1.64,1.25,1.6,2.31,1.54,2.44,Non,Oui,Non,Oui,Non,Home,67,"[51, 67]",True
3af82cddff4f5227,coupe-du-monde,164938,87,2026-09-09T20:16:18Z,Germany,Saudi Arabia,3,1,1.57,4.58,4.91,1.15,2.33,1.17,1.38,3.0,1.51,2.5,Oui,Oui,Oui,Non,Non,Away,74,"[28, 39, 64, 74]",True
6d1511f8659f4b05,coupe-du-monde,164938,87,2026-09-09T20:16:18Z,Senegal,Czechia,1,2,2.06,3.68,3.3,1.3,1.71,1.24,1.61,2.28,1.56,2.39,Oui,Oui,Non,Non,Oui,Away,90,"[87, 89, 90]",True
5d9ccdd36441c7a1,coupe-du-monde,164938,87,2026-09-09T20:16:18Z,Mexico,Switzerland,0,0,2.89,3.58,2.3,1.57,1.37,1.26,1.64,2.22,1.56,2.39,Non,Non,Non,Oui,Non,,,[],True
1155d512fd5e46a7,coupe-du-monde,164938,87,2026-09-09T20:16:18Z,Morocco,South Africa,3,0,1.41,4.33,8.22,1.05,2.78,1.18,1.8,1.99,2.12,1.7,Oui,Non,Oui,Non,Non,Home,74,"[18, 32, 74]",True
603716b41a8d61f1,coupe-du-monde,164938,87,2026-09-09T20:16:18Z,Tunisia,USA,2,1,3.22,3.65,2.1,1.68,1.31,1.25,1.63,2.25,1.56,2.38,Oui,Oui,Oui,Non,Non,Away,71,"[17, 46, 71]",True
18858214988c04ef,coupe-du-monde,164938,87,2026-09-09T20:16:18Z,New Zealand,Qatar,1,0,3.57,3.73,1.95,1.79,1.26,1.24,1.61,2.28,1.58,2.35,Non,Non,Oui,Non,Non,Home,32,[32],True
bc60fefe04ac0427,coupe-du-monde,164938,87,2026-09-09T20:16:18Z,Belgium,Portugal,1,0,3.07,4.03,2.06,1.71,1.34,1.21,1.4,2.91,1.41,2.85,Non,Non,Oui,Non,Non,Home,65,[65],True
20cf8c1ea9264abf,coupe-du-monde,164938,87,2026-09-09T20:16:18Z,Panama,Brazil,0,4,7.22,5.18,1.37,2.96,1.07,1.13,1.39,2.93,1.69,2.14,Oui,Non,Non,Non,Oui,Away,72,"[3, 58, 68, 72]",True
a37d3ecee4b80caf,coupe-du-monde,164938,87,2026-09-09T20:16:18Z,Iraq,Spain,1,2,8.06,5.16,1.35,3.09,1.05,1.13,1.46,2.67,1.81,1.97,Oui,Oui,Non,Non,Oui,Home,84,"[56, 72, 84]",True
7330b8071693ebb9,coupe-du-monde,164938,92,2026-09-09T20:26:18Z,Uruguay,Switzerland,2,1,2.38,3.49,2.83,1.39,1.53,1.27,1.71,2.1,1.6,2.3,Oui,Oui,Oui,Non,Non,Home,79,"[22, 50, 79]",True
39a72ed17d71a038,coupe-du-monde,164938,92,2026-09-09T20:26:18Z,IR Iran,Senegal,1,1,3.01,3.5,2.26,1.59,1.35,1.27,1.72,2.1,1.61,2.28,Non,Oui,Non,Oui,Non,Away,89,"[57, 89]",True
ccc1ce7528975cdc,coupe-du-monde,164938,92,2026-09-09T20:26:18Z,Haiti,Scotland,2,1,4.28,3.88,1.76,2.0,1.19,1.22,1.61,2.28,1.63,2.25,Oui,Oui,Oui,Non,Non,Away,67,"[16, 45, 67]",True
cc01247a1652fb00,coupe-du-monde,164938,92,2026-09-09T20:26:18Z,Japan,Australia,3,0,2.08,3.72,3.21,1.31,1.69,1.24,1.57,2.36,1.53,2.47,Oui,Non,Oui,Non,Non,Home,47,"[19, 32, 47]",True
d59b1af0c35c9416,coupe-du-monde,164938,92,2026-09-09T20:26:18Z,South Africa,Ghana,3,1,2.75,3.6,2.39,1.53,1.41,1.25,1.62,2.26,1.54,2.43,Oui,Oui,Oui,Non,Non,Away,72,"[13, 15, 23, 72]",True
36658d259016a668,coupe-du-monde,164938,92,2026-09-09T20:26:18Z,Paraguay,Spain,0,3,8.17,5.34,1.33,3.17,1.05,1.12,1.42,2.82,1.78,2.01,Oui,Non,Non,Non,Oui,Away,87,"[87, 87, 87]",True
6d17ffca1d7737e9,coupe-du-monde,164938,92,2026-09-09T20:26:18Z,Egypt,Belgium,1,1,3.31,3.75,2.04,1.72,1.3,1.24,1.57,2.36,1.53,2.45,Non,Oui,Non,Oui,Non,Away,43,"[35, 43]",True
9676e02992f2d064,coupe-du-monde,164938,92,2026-09-09T20:26:18Z,Czechia,Canada,4,2,2.44,3.71,2.63,1.44,1.51,1.24,1.54,2.43,1.49,2.57,Oui,Oui,Oui,Non,Non,Away,88,"[22, 35, 37, 51, 51, 88]",True
987ffaf8d770f30e,coupe-du-monde,164938,92,2026-09-09T20:26:18Z,Saudi Arabia,France,2,2,8.24,5.72,1.31,3.31,1.05,1.11,1.34,3.2,1.71,2.1,Oui,Oui,Non,Oui,Non,Away,85,"[39, 45, 68, 85]",True
f3a79b92118ca416,coupe-du-monde,164938,92,2026-09-09T20:26:18Z,Qatar,Jordan,1,2,2.2,3.6,3.05,1.34,1.62,1.25,1.64,2.22,1.56,2.38,Oui,Oui,Non,Non,Oui,Home,85,"[61, 62, 85]",True
abea362cf66ae3c6,coupe-du-monde,164938,92,2026-09-09T20:26:18Z,Korea Republic,Uzbekistan,1,1,2.03,3.83,3.26,1.3,1.73,1.23,1.51,2.5,1.5,2.55,Non,Oui,Non,Oui,Non,Home,74,"[20, 74]",True
2aee33c6dc423be3,coupe-du-monde,164938,92,2026-09-09T20:26:18Z,Congo DR,Cabo Verde,1,1,2.9,3.51,2.32,1.56,1.37,1.27,1.7,2.12,1.6,2.31,Non,Oui,Non,Oui,Non,Home,65,"[46, 65]",True
7cbc6e0d59211906,coupe-du-monde,164938,92,2026-09-09T20:26:18Z,Argentina,Iraq,0,0,1.4,5.12,6.73,1.08,2.85,1.14,1.37,3.02,1.63,2.23,Non,Non,Non,Oui,Non,,,[],True
11182b18518f7e47,coupe-du-monde,164938,92,2026-09-09T20:26:18Z,Germany,Panama,2,1,1.47,4.67,6.01,1.1,2.58,1.16,1.45,2.7,1.65,2.21,Oui,Oui,Oui,Non,Non,Home,81,"[24, 79, 81]",True
bd2a2f4509220805,coupe-du-monde,164938,92,2026-09-09T20:26:18Z,Brazil,Colombia,3,1,1.94,4.15,3.29,1.3,1.8,1.2,1.37,3.04,1.4,2.88,Oui,Oui,Oui,Non,Non,Home,78,"[23, 41, 68, 78]",True
1df97cf1d413f71d,coupe-du-monde,164938,92,2026-09-09T20:26:18Z,New Zealand,Morocco,0,1,9.63,4.71,1.34,3.1,1.03,1.16,1.73,2.08,2.19,1.66,Non,Non,Non,Non,Oui,Away,56,[56],True
03980c245157fcfd,coupe-du-monde,164938,92,2026-09-09T20:26:18Z,Sweden,Mexico,1,2,2.65,3.66,2.44,1.51,1.44,1.25,1.57,2.37,1.51,2.52,Oui,Oui,Non,Non,Oui,Home,48,"[6, 25, 48]",True
c3de4f9f2b74c438,coupe-du-monde,164938,92,2026-09-09T20:26:18Z,Netherlands,Ecuador,1,2,1.93,4.07,3.37,1.29,1.81,1.21,1.41,2.86,1.43,2.76,Oui,Oui,Non,Non,Oui,Home,46,"[43, 45, 46]",True
a31096f4b12ca3b7,coupe-du-monde,164938,92,2026-09-09T20:26:18Z,Portugal,Algeria,3,1,1.69,4.31,4.21,1.19,2.09,1.19,1.4,2.9,1.48,2.61,Oui,Oui,Oui,Non,Non,Away,52,"[6, 36, 37, 52]",True
1f70319fda6cd10f,coupe-du-monde,164938,92,2026-09-09T20:26:18Z,Norway,England,1,3,3.38,4.07,1.93,1.81,1.29,1.21,1.4,2.87,1.43,2.77,Oui,Oui,Non,Non,Oui,Away,55,"[32, 34, 35, 55]",True
e7e8939f25868c8b,coupe-du-monde,164938,92,2026-09-09T20:26:18Z,Cote d'Ivoire,Austria,2,1,2.87,3.73,2.25,1.59,1.38,1.24,1.54,2.44,1.49,2.57,Oui,Oui,Oui,Non,Non,Away,51,"[44, 45, 51]",True
d201f10e9ce1b6cf,coupe-du-monde,164938,92,2026-09-09T20:26:18Z,Bosnia-Herzegovina,Tunisia,0,0,3.17,3.47,2.19,1.63,1.32,1.27,1.76,2.03,1.64,2.21,Non,Non,Non,Oui,Non,,,[],True
10e711bd044f7cd6,coupe-du-monde,164938,92,2026-09-09T20:26:18Z,Turkiye,USA,2,1,2.89,4.0,2.15,1.65,1.37,1.21,1.4,2.91,1.4,2.88,Oui,Oui,Oui,Non,Non,Away,90,"[17, 66, 90]",True
2a348079fc257046,coupe-du-monde,164938,92,2026-09-09T20:26:18Z,Curacao,Croatia,1,2,7.49,4.61,1.41,2.8,1.06,1.16,1.6,2.29,1.89,1.88,Oui,Oui,Non,Non,Oui,Away,71,"[24, 59, 71]",True
595909fbce786e54,coupe-du-monde,164938,94,2026-09-09T20:30:18Z,Germany,England,1,2,2.87,4.07,2.15,1.65,1.38,1.21,1.37,3.04,1.39,2.96,Oui,Oui,Non,Non,Oui,Away,90,"[19, 63, 90]",True
6b0744a28dbb5f99,coupe-du-monde,164938,94,2026-09-09T20:30:18Z,Cote d'Ivoire,Iraq,2,1,2.09,3.68,3.22,1.31,1.69,1.25,1.6,2.29,1.55,2.41,Oui,Oui,Oui,Non,Non,Home,70,"[18, 54, 70]",True
a8f5dabe6a6a08f9,coupe-du-monde,164938,94,2026-09-09T20:30:18Z,South Africa,Canada,1,3,3.1,3.71,2.14,1.66,1.33,1.24,1.57,2.36,1.52,2.47,Oui,Oui,Non,Non,Oui,Away,86,"[8, 70, 78, 86]",True
79117e1bda970c27,coupe-du-monde,164938,94,2026-09-09T20:30:18Z,New Zealand,Senegal,3,1,5.2,4.13,1.6,2.26,1.13,1.2,1.58,2.33,1.68,2.15,Oui,Oui,Oui,Non,Non,Home,74,"[1, 55, 63, 74]",True
e921cd79e3161c93,coupe-du-monde,164938,94,2026-09-09T20:30:18Z,Japan,USA,1,3,2.19,3.82,2.93,1.37,1.63,1.23,1.49,2.58,1.46,2.66,Oui,Oui,Non,Non,Oui,Home,66,"[38, 54, 62, 66]",True
dab77a553682f0b7,coupe-du-monde,164938,94,2026-09-09T20:30:18Z,Congo DR,Scotland,2,2,3.34,3.72,2.03,1.73,1.29,1.24,1.59,2.33,1.55,2.42,Oui,Oui,Non,Oui,Non,Home,81,"[30, 44, 69, 81]",True
08dad95959882039,coupe-du-monde,164938,94,2026-09-09T20:30:18Z,Qatar,Austria,2,0,3.28,3.83,2.03,1.73,1.3,1.23,1.52,2.5,1.5,2.55,Non,Non,Oui,Non,Non,Home,88,"[68, 88]",True
1f2a2d221deeaf1f,coupe-du-monde,164938,94,2026-09-09T20:30:18Z,Czechia,Switzerland,1,2,3.46,3.58,2.03,1.73,1.27,1.26,1.7,2.12,1.62,2.25,Oui,Oui,Non,Non,Oui,Away,88,"[36, 39, 88]",True
4c7bea81d7719c2f,coupe-du-monde,164938,94,2026-09-09T20:30:18Z,Korea Republic,Colombia,1,1,2.87,3.85,2.21,1.62,1.38,1.23,1.47,2.64,1.45,2.7,Non,Oui,Non,Oui,Non,Away,63,"[54, 63]",True
e071150b42901326,coupe-du-monde,164938,94,2026-09-09T20:30:18Z,Panama,Belgium,0,1,5.63,4.25,1.55,2.38,1.11,1.19,1.58,2.35,1.71,2.1,Non,Non,Non,Non,Oui,Away,26,[26],True
889d1f05186a6a38,coupe-du-monde,164938,94,2026-09-09T20:30:18Z,Sweden,Cabo Verde,2,2,2.05,3.63,3.37,1.29,1.72,1.25,1.65,2.2,1.59,2.32,Oui,Oui,Non,Oui,Non,Away,79,"[25, 35, 46, 79]",True
c07060fb42a96d43,coupe-du-monde,164938,94,2026-09-09T20:30:18Z,Norway,Jordan,0,3,1.76,3.98,4.13,1.2,1.99,1.21,1.53,2.45,1.56,2.38,Oui,Non,Non,Non,Oui,Away,87,"[86, 86, 87]",True
7588ddfcc4089f29,coupe-du-monde,164938,94,2026-09-09T20:30:18Z,Morocco,Croatia,3,1,1.95,3.33,4.05,1.21,1.79,1.29,2.01,1.78,1.86,1.92,Oui,Oui,Oui,Non,Non,Home,83,"[10, 47, 79, 83]",True
57307a61ee996f6c,coupe-du-monde,164938,94,2026-09-09T20:30:18Z,Saudi Arabia,Algeria,1,0,3.09,3.73,2.13,1.66,1.33,1.24,1.56,2.39,1.52,2.49,Non,Non,Oui,Non,Non,Home,35,[35],True
27e6eee7130d211d,coupe-du-monde,164938,94,2026-09-09T20:30:18Z,Bosnia-Herzegovina,Australia,2,1,3.41,3.83,1.98,1.77,1.28,1.23,1.53,2.45,1.52,2.49,Oui,Oui,Oui,Non,Non,Away,45,"[38, 44, 45]",True
4d477414f911d6ff,coupe-du-monde,164938,94,2026-09-09T20:30:18Z,Paraguay,Turkiye,4,0,2.78,3.81,2.28,1.58,1.4,1.23,1.49,2.58,1.46,2.68,Oui,Non,Oui,Non,Non,Home,90,"[34, 36, 37, 90]",True
482c86433243b5ca,coupe-du-monde,164938,94,2026-09-09T20:30:18Z,Argentina,Spain,3,0,2.96,3.92,2.14,1.66,1.36,1.22,1.44,2.75,1.43,2.77,Oui,Non,Oui,Non,Non,Home,53,"[28, 30, 53]",True
bd9150a60be6a5f7,coupe-du-monde,164938,94,2026-09-09T20:30:18Z,Curacao,Uzbekistan,3,2,3.96,3.75,1.85,1.89,1.22,1.24,1.65,2.2,1.63,2.24,Oui,Oui,Oui,Non,Non,Home,88,"[4, 11, 11, 78, 88]",True
e1637de9ce58403e,coupe-du-monde,164938,94,2026-09-09T20:30:18Z,Uruguay,Haiti,2,0,1.33,5.18,8.51,1.04,3.16,1.13,1.48,2.59,1.87,1.91,Non,Non,Oui,Non,Non,Home,86,"[33, 86]",True
b75ff13f17a8e1e0,coupe-du-monde,164938,94,2026-09-09T20:30:18Z,Brazil,Tunisia,4,0,1.64,4.21,4.72,1.16,2.18,1.19,1.49,2.56,1.58,2.34,Oui,Non,Oui,Non,Non,Home,72,"[22, 47, 61, 72]",True
e12e94beca06ed95,coupe-du-monde,164938,94,2026-09-09T20:30:18Z,IR Iran,France,2,1,5.64,4.54,1.51,2.47,1.11,1.17,1.46,2.68,1.62,2.26,Oui,Oui,Oui,Non,Non,Home,53,"[16, 22, 53]",True
e3eb3350a0deaf57,coupe-du-monde,164938,94,2026-09-09T20:30:18Z,Portugal,Mexico,1,0,1.91,4.1,3.43,1.28,1.83,1.2,1.4,2.9,1.43,2.77,Non,Non,Oui,Non,Non,Home,80,[80],True
25497db16a4005bf,coupe-du-monde,164938,94,2026-09-09T20:30:18Z,Netherlands,Ghana,2,2,1.61,4.43,4.68,1.16,2.23,1.18,1.4,2.88,1.52,2.5,Oui,Oui,Non,Oui,Non,Home,90,"[28, 46, 86, 90]",True
10a0a23ffb60483b,coupe-du-monde,164938,94,2026-09-09T20:30:18Z,Egypt,Ecuador,1,1,2.48,3.62,2.63,1.44,1.49,1.25,1.6,2.3,1.52,2.48,Non,Oui,Non,Oui,Non,Away,84,"[80, 84]",True
