match_key,league,season_id,round_number,expected_start,home_team,away_team,home_score,away_score,odds_1,odds_X,odds_2,odds_dc_1x,odds_dc_x2,odds_dc_12,odds_over_2_5,odds_under_2_5,odds_btts_yes,odds_btts_no,over_2_5,btts,home_win,draw,away_win,first_goal_team,last_goal_minute,goal_timeline,had_odds
f8bc1f7a98021dee,coupe-du-monde,165082,1,2026-09-10T15:41:18Z,Mexico,Argentina,0,1,4.11,4.39,1.7,2.08,1.2,1.18,1.36,3.09,1.44,2.72,Non,Non,Non,Non,Oui,Away,19,[19],True
7e4e273c28f795d9,coupe-du-monde,165082,1,2026-09-10T15:41:18Z,USA,Algeria,1,1,2.23,3.79,2.88,1.38,1.61,1.23,1.5,2.53,1.47,2.63,Non,Oui,Non,Oui,Non,Home,55,"[6, 55]",True
facd325849a4fc5f,coupe-du-monde,165082,1,2026-09-10T15:41:18Z,Saudi Arabia,Tunisia,1,0,3.22,3.46,2.17,1.64,1.31,1.27,1.78,2.01,1.66,2.19,Non,Non,Oui,Non,Non,Home,41,[41],True
a1e88177e4125f4f,coupe-du-monde,165082,1,2026-09-10T15:41:18Z,Germany,Portugal,2,0,2.73,4.18,2.2,1.62,1.41,1.2,1.31,3.36,1.34,3.16,Non,Non,Oui,Non,Non,Home,33,"[25, 33]",True
e7825d7f8e9fcf13,coupe-du-monde,165082,1,2026-09-10T15:41:18Z,Belgium,Brazil,0,1,3.06,4.04,2.06,1.71,1.34,1.21,1.39,2.93,1.41,2.86,Non,Non,Non,Non,Oui,Away,49,[49],True
c0110b477b0f1639,coupe-du-monde,165082,1,2026-09-10T15:41:18Z,Croatia,France,0,1,4.82,4.33,1.61,2.24,1.15,1.18,1.46,2.68,1.56,2.38,Non,Non,Non,Non,Oui,Away,81,[81],True
b1a743879aad772c,coupe-du-monde,165082,1,2026-09-10T15:41:18Z,Netherlands,Senegal,1,2,2.37,3.83,2.66,1.43,1.54,1.23,1.47,2.63,1.45,2.72,Oui,Oui,Non,Non,Oui,Away,87,"[18, 77, 87]",True
4fb694bd71e0ac0a,coupe-du-monde,165082,1,2026-09-10T15:41:18Z,Paraguay,Curacao,3,0,1.74,3.82,4.46,1.17,2.02,1.23,1.67,2.17,1.68,2.15,Oui,Non,Oui,Non,Non,Home,65,"[29, 63, 65]",True
2b2b8e2beadc9c90,coupe-du-monde,165082,1,2026-09-10T15:41:18Z,Cabo Verde,Switzerland,3,2,4.28,3.76,1.78,1.96,1.19,1.24,1.68,2.15,1.67,2.16,Oui,Oui,Oui,Non,Non,Home,89,"[27, 41, 51, 62, 89]",True
5c411b2c89eed71a,coupe-du-monde,165082,1,2026-09-10T15:41:18Z,Uruguay,Turkiye,3,1,1.72,4.19,4.19,1.2,2.06,1.2,1.45,2.71,1.51,2.51,Oui,Oui,Oui,Non,Non,Home,73,"[27, 36, 71, 73]",True
a033560051516615,coupe-du-monde,165082,1,2026-09-10T15:41:18Z,South Africa,Iraq,1,0,2.91,3.52,2.31,1.56,1.37,1.27,1.7,2.13,1.59,2.31,Non,Non,Oui,Non,Non,Home,53,[53],True
0a2076c5cb63080f,coupe-du-monde,165082,1,2026-09-10T15:41:18Z,Japan,IR Iran,1,3,2.1,3.65,3.22,1.31,1.68,1.25,1.62,2.26,1.56,2.39,Oui,Oui,Non,Non,Oui,Away,83,"[3, 9, 49, 83]",True
fb86dc1d5ee9e517,coupe-du-monde,165082,1,2026-09-10T15:41:18Z,Morocco,Jordan,1,1,1.51,3.94,6.96,1.07,2.47,1.22,1.91,1.87,2.09,1.72,Non,Oui,Non,Oui,Non,Away,72,"[46, 72]",True
e2bcc0fcea5ad773,coupe-du-monde,165082,1,2026-09-10T15:41:18Z,Scotland,Australia,1,2,2.87,3.73,2.26,1.59,1.38,1.24,1.54,2.45,1.49,2.57,Oui,Oui,Non,Non,Oui,Home,73,"[39, 64, 73]",True
967b19069218ec74,coupe-du-monde,165082,1,2026-09-10T15:41:18Z,Cote d'Ivoire,Bosnia-Herzegovina,2,0,2.01,3.79,3.36,1.29,1.75,1.23,1.55,2.41,1.52,2.48,Non,Non,Oui,Non,Non,Home,70,"[59, 70]",True
d33f68930b95cb42,coupe-du-monde,165082,1,2026-09-10T15:41:18Z,Ghana,Panama,3,1,2.23,3.52,3.05,1.34,1.6,1.27,1.71,2.11,1.6,2.29,Oui,Oui,Oui,Non,Non,Away,85,"[17, 27, 35, 85]",True
4984bf3f8d37a292,coupe-du-monde,165082,1,2026-09-10T15:41:18Z,New Zealand,Canada,1,2,3.65,3.79,1.91,1.83,1.25,1.23,1.58,2.34,1.56,2.38,Oui,Oui,Non,Non,Oui,Away,63,"[34, 38, 63]",True
a7efc1e179398072,coupe-du-monde,165082,1,2026-09-10T15:41:18Z,Qatar,Egypt,3,2,2.77,3.64,2.36,1.54,1.4,1.25,1.59,2.32,1.52,2.48,Oui,Oui,Oui,Non,Non,Away,78,"[17, 40, 62, 62, 78]",True
eed94364deee7031,coupe-du-monde,165082,1,2026-09-10T15:41:18Z,Norway,Congo DR,5,0,1.7,4.09,4.38,1.18,2.08,1.2,1.51,2.52,1.57,2.37,Oui,Non,Oui,Non,Non,Home,50,"[2, 29, 35, 47, 50]",True
a89a6fde419bce95,coupe-du-monde,165082,1,2026-09-10T15:41:18Z,Uzbekistan,Czechia,1,1,3.23,3.73,2.07,1.7,1.31,1.24,1.57,2.37,1.53,2.47,Non,Oui,Non,Oui,Non,Home,75,"[63, 75]",True
13de4442f074e2af,coupe-du-monde,165082,1,2026-09-10T15:41:18Z,Colombia,England,0,1,3.52,4.11,1.88,1.86,1.26,1.2,1.41,2.86,1.44,2.73,Non,Non,Non,Non,Oui,Away,47,[47],True
a25f4dcc981e632e,coupe-du-monde,165082,1,2026-09-10T15:41:18Z,Spain,Austria,3,2,1.57,4.31,5.23,1.13,2.32,1.19,1.51,2.52,1.63,2.24,Oui,Oui,Oui,Non,Non,Away,64,"[44, 45, 49, 62, 64]",True
56ebb2d7a8060b15,coupe-du-monde,165082,1,2026-09-10T15:41:18Z,Ecuador,Korea Republic,3,1,2.52,3.79,2.51,1.48,1.48,1.23,1.49,2.58,1.45,2.68,Oui,Oui,Oui,Non,Non,Home,84,"[15, 50, 56, 84]",True
3c0234faf8ef3793,coupe-du-monde,165082,1,2026-09-10T15:41:18Z,Haiti,Sweden,0,3,5.41,4.14,1.58,2.3,1.12,1.2,1.6,2.29,1.71,2.1,Oui,Non,Non,Non,Oui,Away,70,"[16, 64, 70]",True
4ccce6b35ff9c208,coupe-du-monde,165082,3,2026-09-10T15:45:18Z,Germany,Bosnia-Herzegovina,5,1,1.58,4.58,4.82,1.15,2.31,1.17,1.37,3.05,1.5,2.54,Oui,Oui,Oui,Non,Non,Home,90,"[38, 41, 45, 49, 79, 90]",True
045b3c18a4ec5723,coupe-du-monde,165082,3,2026-09-10T15:45:18Z,Haiti,England,2,2,10.18,6.09,1.25,3.74,1.02,1.1,1.36,3.06,1.87,1.91,Oui,Oui,Non,Oui,Non,Away,87,"[27, 58, 85, 87]",True
093e04765bbffc2f,coupe-du-monde,165082,3,2026-09-10T15:45:18Z,New Zealand,Australia,0,1,4.27,3.99,1.74,2.02,1.19,1.21,1.55,2.41,1.59,2.33,Non,Non,Non,Non,Oui,Away,46,[46],True
a247ebf2f9625bdb,coupe-du-monde,165082,3,2026-09-10T15:45:18Z,Egypt,Senegal,1,3,3.12,3.49,2.21,1.62,1.33,1.27,1.73,2.07,1.62,2.25,Oui,Oui,Non,Non,Oui,Home,88,"[27, 41, 42, 88]",True
30d3f44770c49beb,coupe-du-monde,165082,3,2026-09-10T15:45:18Z,Portugal,Argentina,3,1,2.89,4.17,2.11,1.68,1.37,1.2,1.32,3.28,1.36,3.1,Oui,Oui,Oui,Non,Non,Home,87,"[34, 36, 72, 87]",True
766c8b3ff5d1568b,coupe-du-monde,165082,3,2026-09-10T15:45:18Z,Mexico,Iraq,2,1,1.85,3.89,3.81,1.23,1.89,1.22,1.55,2.41,1.55,2.4,Oui,Oui,Oui,Non,Non,Home,59,"[35, 44, 59]",True
6bb01b2ebbdcb139,coupe-du-monde,165082,3,2026-09-10T15:45:18Z,Uzbekistan,Algeria,1,1,3.09,3.7,2.15,1.65,1.33,1.24,1.58,2.35,1.53,2.47,Non,Oui,Non,Oui,Non,Home,79,"[69, 79]",True
cdcbf46d6bf0d4a1,coupe-du-monde,165082,3,2026-09-10T15:45:18Z,Norway,Canada,0,0,1.88,4.04,3.58,1.26,1.86,1.21,1.45,2.72,1.47,2.63,Non,Non,Non,Oui,Non,,,[],True
9fb2ca65bf23599c,coupe-du-monde,165082,3,2026-09-10T15:45:18Z,Netherlands,Switzerland,2,0,2.56,3.72,2.5,1.49,1.47,1.24,1.53,2.45,1.48,2.59,Non,Non,Oui,Non,Non,Home,78,"[11, 78]",True
49570274ca370c8a,coupe-du-monde,165082,3,2026-09-10T15:45:18Z,South Africa,Brazil,2,1,6.05,4.88,1.45,2.65,1.1,1.15,1.39,2.96,1.6,2.3,Oui,Oui,Oui,Non,Non,Home,67,"[36, 51, 67]",True
4845eb4daf98752e,coupe-du-monde,165082,3,2026-09-10T15:45:18Z,USA,Jordan,1,0,1.87,3.87,3.75,1.24,1.87,1.22,1.55,2.41,1.55,2.41,Non,Non,Oui,Non,Non,Home,52,[52],True
cd39f37baafb2dda,coupe-du-monde,165082,3,2026-09-10T15:45:18Z,Ecuador,Turkiye,4,2,2.33,3.81,2.72,1.42,1.56,1.23,1.48,2.61,1.45,2.71,Oui,Oui,Oui,Non,Non,Home,85,"[9, 21, 40, 51, 63, 85]",True
17cab33350bc5922,coupe-du-monde,165082,3,2026-09-10T15:45:18Z,Scotland,Austria,1,3,3.31,3.87,2.0,1.75,1.3,1.22,1.5,2.55,1.49,2.58,Oui,Oui,Non,Non,Oui,Away,90,"[43, 53, 78, 90]",True
a29344994a539003,coupe-du-monde,165082,3,2026-09-10T15:45:18Z,Morocco,Panama,2,1,1.42,4.26,8.42,1.04,2.78,1.19,1.86,1.92,2.19,1.66,Oui,Oui,Oui,Non,Non,Away,71,"[58, 63, 71]",True
aa9e90f9eb6b4ee7,coupe-du-monde,165082,3,2026-09-10T15:45:18Z,Ghana,Paraguay,1,1,2.87,3.71,2.26,1.59,1.38,1.24,1.55,2.41,1.5,2.54,Non,Oui,Non,Oui,Non,Home,67,"[1, 67]",True
cad674d24e139aae,coupe-du-monde,165082,3,2026-09-10T15:45:18Z,Colombia,Spain,1,2,4.73,4.31,1.62,2.21,1.16,1.19,1.46,2.67,1.56,2.39,Oui,Oui,Non,Non,Oui,Home,85,"[49, 82, 85]",True
2eae7c0c9ec62c83,coupe-du-monde,165082,3,2026-09-10T15:45:18Z,Qatar,IR Iran,1,1,2.88,3.65,2.28,1.58,1.38,1.25,1.59,2.31,1.53,2.47,Non,Oui,Non,Oui,Non,Home,22,"[21, 22]",True
e3de7b2a064e2852,coupe-du-monde,165082,3,2026-09-10T15:45:18Z,Uruguay,Tunisia,1,1,1.8,3.67,4.3,1.19,1.94,1.25,1.75,2.04,1.72,2.09,Non,Oui,Non,Oui,Non,Home,41,"[26, 41]",True
caad07d9a7a253a2,coupe-du-monde,165082,3,2026-09-10T15:45:18Z,Saudi Arabia,Curacao,5,0,1.83,3.76,4.01,1.21,1.91,1.24,1.65,2.21,1.63,2.24,Oui,Non,Oui,Non,Non,Home,86,"[15, 21, 49, 60, 86]",True
3b6a46ab037f2de1,coupe-du-monde,165082,3,2026-09-10T15:45:18Z,Belgium,Sweden,0,2,2.13,3.72,3.11,1.33,1.66,1.24,1.56,2.38,1.52,2.49,Non,Non,Non,Non,Oui,Away,48,"[47, 48]",True
a9bd98b1facfdce3,coupe-du-monde,165082,3,2026-09-10T15:45:18Z,Japan,Czechia,1,2,2.03,3.74,3.33,1.29,1.73,1.24,1.58,2.35,1.54,2.44,Oui,Oui,Non,Non,Oui,Away,80,"[17, 23, 80]",True
d1c9d802c52477ef,coupe-du-monde,165082,3,2026-09-10T15:45:18Z,Cabo Verde,Congo DR,5,1,2.26,3.56,2.97,1.36,1.59,1.26,1.66,2.18,1.57,2.36,Oui,Oui,Oui,Non,Non,Home,85,"[22, 24, 26, 49, 72, 85]",True
4536bcf761f80dff,coupe-du-monde,165082,3,2026-09-10T15:45:18Z,Croatia,Korea Republic,2,3,2.11,3.66,3.2,1.31,1.68,1.25,1.61,2.28,1.55,2.4,Oui,Oui,Non,Non,Oui,Away,89,"[33, 42, 48, 61, 89]",True
b65f91499f7f65fd,coupe-du-monde,165082,3,2026-09-10T15:45:18Z,Cote d'Ivoire,France,2,2,5.84,4.86,1.46,2.6,1.1,1.15,1.38,3.0,1.58,2.34,Oui,Oui,Non,Oui,Non,Away,86,"[44, 45, 72, 86]",True
75d913e9fa4d1e5d,coupe-du-monde,165082,6,2026-09-10T15:51:18Z,Curacao,Belgium,0,2,9.17,5.36,1.31,3.32,1.03,1.12,1.47,2.62,1.9,1.87,Non,Non,Non,Non,Oui,Away,51,"[28, 51]",True
8438eab6850b0460,coupe-du-monde,165082,6,2026-09-10T15:51:18Z,Austria,USA,1,1,2.35,3.82,2.69,1.43,1.55,1.23,1.47,2.63,1.45,2.71,Non,Oui,Non,Oui,Non,Home,35,"[33, 35]",True
8cc1d9517ebb3ae6,coupe-du-monde,165082,6,2026-09-10T15:51:18Z,Sweden,Croatia,1,3,2.83,3.6,2.33,1.56,1.39,1.26,1.63,2.24,1.55,2.41,Oui,Oui,Non,Non,Oui,Away,84,"[20, 33, 47, 84]",True
5c85a241947e9a80,coupe-du-monde,165082,6,2026-09-10T15:51:18Z,England,Ecuador,2,1,1.68,4.27,4.33,1.18,2.11,1.19,1.43,2.78,1.51,2.51,Oui,Oui,Oui,Non,Non,Home,70,"[28, 39, 70]",True
c1a098fa46aa3b85,coupe-du-monde,165082,6,2026-09-10T15:51:18Z,Colombia,Morocco,1,1,3.85,3.47,1.95,1.79,1.23,1.27,1.85,1.93,1.74,2.05,Non,Oui,Non,Oui,Non,Home,62,"[61, 62]",True
f4a45eee85ec6e89,coupe-du-monde,165082,6,2026-09-10T15:51:18Z,France,Argentina,1,0,2.2,4.13,2.76,1.41,1.62,1.2,1.34,3.2,1.36,3.07,Non,Non,Oui,Non,Non,Home,22,[22],True
95aeae633f4f4fa7,coupe-du-monde,165082,6,2026-09-10T15:51:18Z,Panama,Norway,1,2,5.03,4.25,1.6,2.26,1.14,1.19,1.51,2.5,1.62,2.26,Oui,Oui,Non,Non,Oui,Home,27,"[8, 26, 27]",True
10f05aa60cda8447,coupe-du-monde,165082,6,2026-09-10T15:51:18Z,Czechia,Egypt,0,2,2.68,3.49,2.5,1.49,1.43,1.27,1.7,2.11,1.59,2.32,Non,Non,Non,Non,Oui,Away,61,"[22, 61]",True
c5c1c4700ad1c2a3,coupe-du-monde,165082,6,2026-09-10T15:51:18Z,Canada,Japan,2,2,3.68,3.96,1.87,1.87,1.24,1.22,1.49,2.56,1.51,2.52,Oui,Oui,Non,Oui,Non,Away,89,"[37, 44, 53, 89]",True
2baa667d4ee6e76d,coupe-du-monde,165082,6,2026-09-10T15:51:18Z,Scotland,Saudi Arabia,2,3,2.19,3.7,3.01,1.35,1.63,1.24,1.57,2.37,1.52,2.5,Oui,Oui,Non,Non,Oui,Away,79,"[10, 26, 52, 63, 79]",True
78478f7ab83a635d,coupe-du-monde,165082,6,2026-09-10T15:51:18Z,Australia,Uzbekistan,1,2,1.98,3.78,3.44,1.28,1.77,1.23,1.56,2.38,1.54,2.44,Oui,Oui,Non,Non,Oui,Home,64,"[16, 52, 64]",True
ad6a496adb9b5b05,coupe-du-monde,165082,6,2026-09-10T15:51:18Z,Iraq,Bosnia-Herzegovina,0,0,2.54,3.58,2.58,1.46,1.47,1.26,1.63,2.24,1.54,2.42,Non,Non,Non,Oui,Non,,,[],True
03403b0e97e04ba0,coupe-du-monde,165082,6,2026-09-10T15:51:18Z,Paraguay,New Zealand,1,1,2.0,3.66,3.5,1.27,1.75,1.25,1.65,2.2,1.6,2.31,Non,Oui,Non,Oui,Non,Away,75,"[47, 75]",True
45c53dffc7240723,coupe-du-monde,165082,6,2026-09-10T15:51:18Z,Jordan,Cabo Verde,1,0,2.67,3.44,2.54,1.47,1.43,1.28,1.75,2.05,1.62,2.26,Non,Non,Oui,Non,Non,Home,48,[48],True
e5665958b363be5c,coupe-du-monde,165082,6,2026-09-10T15:51:18Z,Congo DR,Qatar,4,0,3.23,3.73,2.07,1.7,1.31,1.24,1.57,2.36,1.53,2.46,Oui,Non,Oui,Non,Non,Home,85,"[21, 33, 48, 85]",True
e28cbd8ecfe07ffe,coupe-du-monde,165082,6,2026-09-10T15:51:18Z,Turkiye,Mexico,2,2,3.1,3.86,2.09,1.69,1.33,1.23,1.48,2.59,1.47,2.64,Oui,Oui,Non,Oui,Non,Away,76,"[5, 31, 53, 76]",True
ca97490f0013d03a,coupe-du-monde,165082,6,2026-09-10T15:51:18Z,Spain,Uruguay,1,2,1.93,3.75,3.64,1.25,1.81,1.24,1.61,2.28,1.58,2.34,Oui,Oui,Non,Non,Oui,Away,70,"[15, 63, 70]",True
7c1161e7a9fe8c94,coupe-du-monde,165082,6,2026-09-10T15:51:18Z,Tunisia,South Africa,1,0,2.15,3.38,3.34,1.29,1.65,1.28,1.86,1.91,1.71,2.1,Non,Non,Oui,Non,Non,Home,72,[72],True
d772dfb08390b317,coupe-du-monde,165082,6,2026-09-10T15:51:18Z,Algeria,Netherlands,2,3,3.7,4.11,1.83,1.91,1.24,1.2,1.42,2.79,1.46,2.65,Oui,Oui,Non,Non,Oui,Home,69,"[32, 38, 41, 54, 69]",True
73c3e434ea9b6bb8,coupe-du-monde,165082,6,2026-09-10T15:51:18Z,Brazil,Cote d'Ivoire,5,0,1.75,4.28,3.91,1.22,2.01,1.19,1.38,3.0,1.44,2.72,Oui,Non,Oui,Non,Non,Home,76,"[23, 36, 41, 72, 76]",True
6ccc1ab65b9e0cab,coupe-du-monde,165082,6,2026-09-10T15:51:18Z,Korea Republic,Portugal,4,1,4.02,4.39,1.71,2.06,1.21,1.18,1.35,3.12,1.44,2.75,Oui,Oui,Oui,Non,Non,Home,68,"[9, 12, 42, 52, 68]",True
bb8c9876ac04c5bc,coupe-du-monde,165082,6,2026-09-10T15:51:18Z,IR Iran,Germany,3,2,3.36,3.96,1.96,1.79,1.29,1.22,1.45,2.69,1.46,2.67,Oui,Oui,Oui,Non,Non,Away,89,"[18, 35, 56, 60, 89]",True
5f7a9a805b680866,coupe-du-monde,165082,6,2026-09-10T15:51:18Z,Switzerland,Senegal,1,0,2.53,3.44,2.67,1.43,1.47,1.28,1.74,2.06,1.62,2.27,Non,Non,Oui,Non,Non,Home,69,[69],True
a3bee241381066ff,coupe-du-monde,165082,6,2026-09-10T15:51:18Z,Ghana,Haiti,0,1,1.94,3.68,3.67,1.25,1.8,1.25,1.66,2.19,1.61,2.27,Non,Non,Non,Non,Oui,Away,89,[89],True
b448d53aed585661,coupe-du-monde,165082,8,2026-09-10T15:55:18Z,Morocco,Haiti,2,1,1.3,4.99,10.92,1.01,3.36,1.14,1.7,2.12,2.27,1.61,Oui,Oui,Oui,Non,Non,Home,81,"[25, 65, 81]",True
31ebdd8b4bfc8d38,coupe-du-monde,165082,8,2026-09-10T15:55:18Z,Iraq,France,1,1,8.07,5.54,1.32,3.22,1.05,1.12,1.36,3.06,1.72,2.09,Non,Oui,Non,Oui,Non,Away,45,"[36, 45]",True
7a17b67dc0257d06,coupe-du-monde,165082,8,2026-09-10T15:55:18Z,Brazil,Bosnia-Herzegovina,4,1,1.47,4.82,5.8,1.11,2.59,1.15,1.38,2.97,1.58,2.34,Oui,Oui,Oui,Non,Non,Home,79,"[27, 40, 49, 51, 79]",True
ab24752b99bf8c7b,coupe-du-monde,165082,8,2026-09-10T15:55:18Z,Tunisia,Mexico,0,2,3.2,3.55,2.15,1.65,1.31,1.26,1.69,2.13,1.6,2.29,Non,Non,Non,Non,Oui,Away,83,"[79, 83]",True
0ae25aa015bc47b0,coupe-du-monde,165082,8,2026-09-10T15:55:18Z,Saudi Arabia,New Zealand,0,1,2.17,3.62,3.1,1.33,1.64,1.25,1.64,2.23,1.56,2.38,Non,Non,Non,Non,Oui,Away,21,[21],True
e5720ee4d65645fd,coupe-du-monde,165082,8,2026-09-10T15:55:18Z,Austria,Uzbekistan,1,0,1.77,3.97,4.1,1.2,1.98,1.21,1.54,2.44,1.57,2.37,Non,Non,Oui,Non,Non,Home,58,[58],True
c164503402367136,coupe-du-monde,165082,8,2026-09-10T15:55:18Z,Canada,Qatar,3,1,2.51,3.75,2.53,1.48,1.48,1.24,1.51,2.52,1.47,2.65,Oui,Oui,Oui,Non,Non,Home,87,"[23, 48, 67, 87]",True
c6e38dc42e6099e0,coupe-du-monde,165082,8,2026-09-10T15:55:18Z,Scotland,Uruguay,3,2,4.49,4.21,1.67,2.13,1.17,1.19,1.47,2.63,1.55,2.41,Oui,Oui,Oui,Non,Non,Away,90,"[14, 34, 79, 84, 90]",True
70566fd435a73b14,coupe-du-monde,165082,8,2026-09-10T15:55:18Z,Turkiye,Portugal,1,4,4.4,4.6,1.62,2.21,1.18,1.16,1.32,3.31,1.44,2.74,Oui,Oui,Non,Non,Oui,Away,82,"[30, 38, 43, 82, 82]",True
962e5f9e2e822b49,coupe-du-monde,165082,8,2026-09-10T15:55:18Z,Paraguay,Norway,1,1,3.59,4.02,1.88,1.86,1.26,1.21,1.45,2.7,1.47,2.62,Non,Oui,Non,Oui,Non,Home,62,"[48, 62]",True
19f7ba55681e28c3,coupe-du-monde,165082,8,2026-09-10T15:55:18Z,Switzerland,Germany,5,1,2.5,3.76,2.54,1.47,1.49,1.24,1.5,2.53,1.47,2.65,Oui,Oui,Oui,Non,Non,Home,90,"[16, 24, 34, 73, 78, 90]",True
2ee2440be5cebe23,coupe-du-monde,165082,8,2026-09-10T15:55:18Z,Algeria,Egypt,0,1,2.77,3.58,2.38,1.53,1.4,1.26,1.63,2.24,1.55,2.41,Non,Non,Non,Non,Oui,Away,85,[85],True
d41840bc144254a1,coupe-du-monde,165082,8,2026-09-10T15:55:18Z,England,Croatia,3,2,1.91,3.9,3.57,1.26,1.83,1.22,1.51,2.51,1.51,2.51,Oui,Oui,Oui,Non,Non,Away,65,"[19, 35, 51, 61, 65]",True
9128ebea8c749580,coupe-du-monde,165082,8,2026-09-10T15:55:18Z,Colombia,USA,1,1,2.28,3.92,2.74,1.41,1.58,1.22,1.42,2.79,1.42,2.82,Non,Oui,Non,Oui,Non,Away,66,"[30, 66]",True
555df743b1305b28,coupe-du-monde,165082,8,2026-09-10T15:55:18Z,Sweden,Cote d'Ivoire,2,2,2.42,3.73,2.65,1.44,1.52,1.24,1.53,2.47,1.48,2.6,Oui,Oui,Non,Oui,Non,Away,65,"[20, 28, 56, 65]",True
76503adf08febd0d,coupe-du-monde,165082,8,2026-09-10T15:55:18Z,Ghana,Belgium,1,4,4.67,4.21,1.64,2.17,1.16,1.19,1.49,2.57,1.58,2.35,Oui,Oui,Non,Non,Oui,Home,66,"[17, 20, 45, 59, 66]",True
a7fbd6ae933136af,coupe-du-monde,165082,8,2026-09-10T15:55:18Z,Korea Republic,Argentina,3,2,4.61,4.48,1.61,2.23,1.16,1.17,1.38,3.0,1.49,2.57,Oui,Oui,Oui,Non,Non,Home,86,"[7, 22, 29, 58, 86]",True
c5be9c7f4c080684,coupe-du-monde,165082,8,2026-09-10T15:55:18Z,Czechia,IR Iran,1,1,2.82,3.52,2.38,1.54,1.39,1.27,1.69,2.14,1.58,2.34,Non,Oui,Non,Oui,Non,Away,78,"[17, 78]",True
bc2fe8db4ffe06c3,coupe-du-monde,165082,8,2026-09-10T15:55:18Z,Curacao,South Africa,1,3,3.76,3.63,1.93,1.81,1.24,1.25,1.7,2.12,1.65,2.21,Oui,Oui,Non,Non,Oui,Away,82,"[12, 69, 76, 82]",True
863da2eb77799b0f,coupe-du-monde,165082,8,2026-09-10T15:55:18Z,Australia,Japan,2,2,3.28,3.77,2.04,1.72,1.3,1.23,1.55,2.41,1.52,2.49,Oui,Oui,Non,Oui,Non,Away,90,"[30, 57, 78, 90]",True
1d54dbe6cbd8ade8,coupe-du-monde,165082,8,2026-09-10T15:55:18Z,Congo DR,Senegal,1,1,4.71,3.95,1.68,2.11,1.16,1.22,1.63,2.24,1.68,2.16,Non,Oui,Non,Oui,Non,Home,29,"[27, 29]",True
31ae8657db062440,coupe-du-monde,165082,8,2026-09-10T15:55:18Z,Panama,Cabo Verde,1,0,3.01,3.43,2.29,1.57,1.35,1.28,1.78,2.01,1.65,2.21,Non,Non,Oui,Non,Non,Home,22,[22],True
18547b53ef35ea47,coupe-du-monde,165082,8,2026-09-10T15:55:18Z,Spain,Ecuador,2,1,1.45,4.74,6.24,1.09,2.64,1.16,1.44,2.72,1.66,2.19,Oui,Oui,Oui,Non,Non,Home,76,"[20, 63, 76]",True
29970d22b796e9d5,coupe-du-monde,165082,8,2026-09-10T15:55:18Z,Jordan,Netherlands,0,2,4.73,4.28,1.63,2.21,1.16,1.19,1.47,2.64,1.57,2.37,Non,Non,Non,Non,Oui,Away,87,"[61, 87]",True
ce9012c1b42fef98,coupe-du-monde,165082,11,2026-09-10T16:01:18Z,Uzbekistan,Saudi Arabia,1,1,2.67,3.63,2.44,1.51,1.43,1.25,1.59,2.31,1.52,2.48,Non,Oui,Non,Oui,Non,Away,47,"[17, 47]",True
56f95f3c16e8c823,coupe-du-monde,165082,11,2026-09-10T16:01:18Z,Ecuador,Morocco,0,2,5.37,3.79,1.64,2.18,1.12,1.23,1.82,1.96,1.86,1.91,Non,Non,Non,Non,Oui,Away,14,"[2, 14]",True
b738d7549c2a663c,coupe-du-monde,165082,11,2026-09-10T16:01:18Z,Mexico,Spain,1,3,4.9,4.26,1.61,2.24,1.15,1.19,1.49,2.56,1.59,2.31,Oui,Oui,Non,Non,Oui,Away,89,"[7, 25, 59, 89]",True
c3a6d65c89979819,coupe-du-monde,165082,11,2026-09-10T16:01:18Z,Czechia,Congo DR,1,1,2.02,3.61,3.48,1.27,1.74,1.25,1.69,2.14,1.62,2.27,Non,Oui,Non,Oui,Non,Home,69,"[12, 69]",True
0a3c2a62d4cd12dc,coupe-du-monde,165082,11,2026-09-10T16:01:18Z,Switzerland,Algeria,1,2,2.01,3.64,3.48,1.27,1.74,1.25,1.66,2.18,1.6,2.3,Oui,Oui,Non,Non,Oui,Home,90,"[86, 86, 90]",True
3c6326943d0891ac,coupe-du-monde,165082,11,2026-09-10T16:01:18Z,France,Turkiye,2,1,1.43,5.08,6.1,1.1,2.72,1.14,1.34,3.19,1.57,2.36,Oui,Oui,Oui,Non,Non,Away,89,"[8, 61, 89]",True
081e8dc79a60c7a7,coupe-du-monde,165082,11,2026-09-10T16:01:18Z,Senegal,Jordan,0,1,1.78,3.73,4.35,1.18,1.97,1.24,1.72,2.09,1.7,2.11,Non,Non,Non,Non,Oui,Away,66,[66],True
bea2a442f7655c29,coupe-du-monde,165082,11,2026-09-10T16:01:18Z,IR Iran,Canada,3,2,2.31,3.61,2.86,1.38,1.57,1.25,1.62,2.27,1.54,2.43,Oui,Oui,Oui,Non,Non,Home,76,"[18, 28, 42, 46, 76]",True
32435d76705b920f,coupe-du-monde,165082,11,2026-09-10T16:01:18Z,Portugal,England,0,2,2.44,4.03,2.49,1.49,1.51,1.21,1.37,3.05,1.38,3.0,Non,Non,Non,Non,Oui,Away,71,"[39, 71]",True
2e83288376e53441,coupe-du-monde,165082,11,2026-09-10T16:01:18Z,Cote d'Ivoire,Curacao,3,2,1.51,4.39,5.95,1.1,2.48,1.18,1.55,2.41,1.72,2.09,Oui,Oui,Oui,Non,Non,Home,75,"[39, 41, 70, 74, 75]",True
73765156afcb6ad8,coupe-du-monde,165082,11,2026-09-10T16:01:18Z,Croatia,Ghana,2,1,1.78,3.92,4.14,1.2,1.97,1.22,1.57,2.37,1.59,2.33,Oui,Oui,Oui,Non,Non,Away,89,"[4, 82, 89]",True
d35fb2a21e8ae6b2,coupe-du-monde,165082,11,2026-09-10T16:01:18Z,South Africa,Scotland,2,3,3.25,3.74,2.06,1.71,1.31,1.24,1.57,2.37,1.53,2.46,Oui,Oui,Non,Non,Oui,Away,89,"[10, 30, 31, 80, 89]",True
3e849f8ba0716275,coupe-du-monde,165082,11,2026-09-10T16:01:18Z,Bosnia-Herzegovina,Tunisia,2,1,3.18,3.47,2.19,1.63,1.32,1.27,1.76,2.03,1.64,2.22,Oui,Oui,Oui,Non,Non,Home,87,"[77, 78, 87]",True
13fb3d96de888d7e,coupe-du-monde,165082,11,2026-09-10T16:01:18Z,Egypt,Australia,0,2,2.49,3.64,2.61,1.45,1.49,1.25,1.59,2.33,1.52,2.49,Non,Non,Non,Non,Oui,Away,84,"[52, 84]",True
5af761ee160b1d19,coupe-du-monde,165082,11,2026-09-10T16:01:18Z,Argentina,Sweden,1,4,1.63,4.35,4.64,1.16,2.2,1.18,1.43,2.79,1.53,2.47,Oui,Oui,Non,Non,Oui,Home,88,"[37, 44, 45, 67, 88]",True
cc5d91150f2d1ee9,coupe-du-monde,165082,11,2026-09-10T16:01:18Z,Norway,Haiti,3,0,1.44,4.77,6.36,1.09,2.68,1.15,1.45,2.71,1.67,2.16,Oui,Non,Oui,Non,Non,Home,66,"[49, 60, 66]",True
c6e70398afb5148b,coupe-du-monde,165082,11,2026-09-10T16:01:18Z,Cabo Verde,Colombia,1,2,4.04,3.98,1.78,1.97,1.21,1.21,1.53,2.47,1.55,2.41,Oui,Oui,Non,Non,Oui,Away,89,"[26, 33, 89]",True
4c042adef42e3c46,coupe-du-monde,165082,11,2026-09-10T16:01:18Z,Belgium,New Zealand,1,2,1.5,4.46,5.93,1.1,2.5,1.17,1.51,2.5,1.69,2.14,Oui,Oui,Non,Non,Oui,Away,84,"[51, 79, 84]",True
d2a2c65fbeb9a919,coupe-du-monde,165082,11,2026-09-10T16:01:18Z,Germany,Korea Republic,2,1,1.88,4.15,3.5,1.27,1.86,1.2,1.39,2.96,1.43,2.79,Oui,Oui,Oui,Non,Non,Home,48,"[6, 39, 48]",True
bfe165e30236e614,coupe-du-monde,165082,11,2026-09-10T16:01:18Z,Netherlands,Austria,1,4,2.15,3.92,2.95,1.36,1.65,1.22,1.44,2.73,1.44,2.75,Oui,Oui,Non,Non,Oui,Away,77,"[20, 37, 67, 70, 77]",True
4106b05fb5d654ac,coupe-du-monde,165082,11,2026-09-10T16:01:18Z,Qatar,Panama,2,0,2.06,3.63,3.33,1.29,1.71,1.25,1.65,2.21,1.58,2.33,Non,Non,Oui,Non,Non,Home,33,"[31, 33]",True
76a8225b211674ca,coupe-du-monde,165082,11,2026-09-10T16:01:18Z,Iraq,Brazil,1,1,5.51,4.7,1.5,2.49,1.12,1.16,1.39,2.93,1.56,2.38,Non,Oui,Non,Oui,Non,Home,65,"[9, 65]",True
bc792b19a5a8db09,coupe-du-monde,165082,11,2026-09-10T16:01:18Z,USA,Uruguay,1,2,3.42,3.96,1.94,1.8,1.28,1.22,1.46,2.67,1.47,2.64,Oui,Oui,Non,Non,Oui,Away,50,"[22, 49, 50]",True
f8dfa48b08a9d27e,coupe-du-monde,165082,11,2026-09-10T16:01:18Z,Japan,Paraguay,1,0,1.85,3.86,3.85,1.23,1.89,1.23,1.57,2.37,1.57,2.37,Non,Non,Oui,Non,Non,Home,34,[34],True
2c3b763d59cbaa03,coupe-du-monde,165082,13,2026-09-10T16:05:18Z,France,Tunisia,1,0,1.42,4.73,6.95,1.07,2.76,1.16,1.51,2.52,1.76,2.03,Non,Non,Oui,Non,Non,Home,75,[75],True
b563d376e8158922,coupe-du-monde,165082,13,2026-09-10T16:05:18Z,Iraq,Sweden,1,3,3.4,3.67,2.02,1.73,1.28,1.25,1.63,2.24,1.58,2.35,Oui,Oui,Non,Non,Oui,Away,89,"[19, 28, 68, 89]",True
653954d6fb0e5878,coupe-du-monde,165082,13,2026-09-10T16:05:18Z,South Africa,New Zealand,2,4,2.35,3.45,2.91,1.37,1.55,1.28,1.75,2.04,1.63,2.25,Oui,Oui,Non,Non,Oui,Home,78,"[8, 10, 21, 67, 77, 78]",True
e46abef1346901c8,coupe-du-monde,165082,13,2026-09-10T16:05:18Z,Cote d'Ivoire,Ghana,1,0,2.02,3.77,3.34,1.29,1.74,1.23,1.55,2.4,1.52,2.47,Non,Non,Oui,Non,Non,Home,88,[88],True
81222f6546853cdc,coupe-du-monde,165082,13,2026-09-10T16:05:18Z,Cabo Verde,Haiti,0,2,1.91,3.67,3.79,1.23,1.83,1.25,1.67,2.16,1.63,2.24,Non,Non,Non,Non,Oui,Away,41,"[6, 41]",True
2118f3769cfc2d09,coupe-du-monde,165082,13,2026-09-10T16:05:18Z,Mexico,Scotland,2,3,1.96,3.93,3.38,1.28,1.78,1.22,1.47,2.62,1.48,2.61,Oui,Oui,Non,Non,Oui,Away,86,"[9, 10, 16, 50, 86]",True
36dcb287e59dfe18,coupe-du-monde,165082,13,2026-09-10T16:05:18Z,Switzerland,Jordan,2,1,1.73,3.73,4.65,1.16,2.03,1.24,1.76,2.04,1.75,2.04,Oui,Oui,Oui,Non,Non,Home,85,"[56, 58, 85]",True
ac5a92425bdd7b98,coupe-du-monde,165082,13,2026-09-10T16:05:18Z,Czechia,Canada,3,1,2.4,3.7,2.68,1.43,1.52,1.24,1.55,2.41,1.49,2.56,Oui,Oui,Oui,Non,Non,Home,85,"[11, 38, 48, 85]",True
e58c8cb35bd1f13a,coupe-du-monde,165082,13,2026-09-10T16:05:18Z,Netherlands,Colombia,4,0,2.25,4.02,2.72,1.42,1.59,1.21,1.38,3.0,1.39,2.96,Oui,Non,Oui,Non,Non,Home,88,"[19, 51, 61, 88]",True
f1091e85d85dd762,coupe-du-monde,165082,13,2026-09-10T16:05:18Z,Bosnia-Herzegovina,Curacao,2,1,1.83,3.72,4.07,1.21,1.91,1.24,1.69,2.14,1.66,2.18,Oui,Oui,Oui,Non,Non,Home,80,"[47, 61, 80]",True
cbb61db96895d308,coupe-du-monde,165082,13,2026-09-10T16:05:18Z,Norway,Belgium,1,0,2.68,3.8,2.36,1.54,1.43,1.23,1.48,2.6,1.45,2.7,Non,Non,Oui,Non,Non,Home,43,[43],True
c126689bba7694e9,coupe-du-monde,165082,13,2026-09-10T16:05:18Z,IR Iran,Australia,1,0,2.54,3.61,2.57,1.46,1.47,1.25,1.61,2.27,1.53,2.45,Non,Non,Oui,Non,Non,Home,49,[49],True
df40874f686a3465,coupe-du-monde,165082,13,2026-09-10T16:05:18Z,Portugal,Spain,2,3,3.29,4.03,1.97,1.78,1.3,1.21,1.41,2.83,1.43,2.76,Oui,Oui,Non,Non,Oui,Away,89,"[22, 40, 77, 80, 89]",True
df477bfbdf3e5d67,coupe-du-monde,165082,13,2026-09-10T16:05:18Z,Ecuador,USA,1,2,2.73,3.82,2.31,1.56,1.41,1.23,1.48,2.61,1.45,2.7,Oui,Oui,Non,Non,Oui,Away,84,"[9, 69, 84]",True
65f0ac4827e3c5f2,coupe-du-monde,165082,13,2026-09-10T16:05:18Z,Congo DR,Algeria,0,1,3.45,3.67,2.01,1.74,1.27,1.25,1.64,2.23,1.58,2.33,Non,Non,Non,Non,Oui,Away,28,[28],True
9a57974c29f8eb6c,coupe-du-monde,165082,13,2026-09-10T16:05:18Z,Japan,Saudi Arabia,3,0,1.67,4.13,4.57,1.17,2.13,1.2,1.51,2.5,1.58,2.33,Oui,Non,Oui,Non,Non,Home,54,"[20, 21, 54]",True
57d66abfd0793c5a,coupe-du-monde,165082,13,2026-09-10T16:05:18Z,Uzbekistan,Uruguay,1,2,5.08,4.22,1.6,2.26,1.14,1.19,1.53,2.46,1.64,2.23,Oui,Oui,Non,Non,Oui,Away,90,"[59, 70, 90]",True
fbba0f05c6a641d8,coupe-du-monde,165082,13,2026-09-10T16:05:18Z,Korea Republic,Turkiye,3,0,2.37,3.79,2.67,1.43,1.54,1.23,1.49,2.57,1.46,2.68,Oui,Non,Oui,Non,Non,Home,84,"[27, 82, 84]",True
67ca789e97916000,coupe-du-monde,165082,13,2026-09-10T16:05:18Z,Germany,Brazil,2,4,2.95,4.23,2.06,1.71,1.36,1.19,1.31,3.4,1.35,3.15,Oui,Oui,Non,Non,Oui,Away,89,"[9, 12, 31, 53, 66, 89]",True
697eae3e6d0c46e9,coupe-du-monde,165082,13,2026-09-10T16:05:18Z,Senegal,Panama,2,1,1.63,3.95,5.15,1.13,2.19,1.22,1.68,2.15,1.75,2.05,Oui,Oui,Oui,Non,Non,Away,90,"[2, 7, 90]",True
a840012c8ffc9928,coupe-du-monde,165082,13,2026-09-10T16:05:18Z,Croatia,Morocco,1,1,4.19,3.34,1.92,1.82,1.19,1.29,2.03,1.76,1.89,1.89,Non,Oui,Non,Oui,Non,Away,55,"[34, 55]",True
ba0daff54ed30b28,coupe-du-monde,165082,13,2026-09-10T16:05:18Z,Qatar,Paraguay,0,1,2.35,3.67,2.76,1.41,1.55,1.25,1.57,2.36,1.51,2.51,Non,Non,Non,Non,Oui,Away,56,[56],True
01a86d80fba2d40a,coupe-du-monde,165082,13,2026-09-10T16:05:18Z,Argentina,England,0,1,2.31,4.02,2.65,1.44,1.57,1.21,1.37,3.01,1.38,2.97,Non,Non,Non,Non,Oui,Away,22,[22],True
0ffc13755c74e2c9,coupe-du-monde,165082,13,2026-09-10T16:05:18Z,Egypt,Austria,1,1,2.9,3.59,2.29,1.58,1.37,1.26,1.64,2.23,1.55,2.4,Non,Oui,Non,Oui,Non,Home,80,"[60, 80]",True
4ae30d5974d76e2b,coupe-du-monde,165082,16,2026-09-10T16:11:18Z,England,Korea Republic,3,2,1.72,4.23,4.12,1.2,2.05,1.19,1.42,2.81,1.49,2.58,Oui,Oui,Oui,Non,Non,Home,77,"[39, 40, 40, 55, 77]",True
c2026204781eb951,coupe-du-monde,165082,16,2026-09-10T16:11:18Z,Australia,Congo DR,1,0,1.95,3.77,3.55,1.26,1.79,1.24,1.58,2.33,1.56,2.39,Non,Non,Oui,Non,Non,Home,6,[6],True
f9279f36b6cf8064,coupe-du-monde,165082,16,2026-09-10T16:11:18Z,Curacao,Iraq,0,3,4.33,3.75,1.78,1.97,1.18,1.24,1.7,2.12,1.69,2.13,Oui,Non,Non,Non,Oui,Away,69,"[26, 61, 69]",True
37f373dcbfaaddc9,coupe-du-monde,165082,16,2026-09-10T16:11:18Z,Panama,Czechia,0,4,3.86,3.64,1.9,1.84,1.23,1.25,1.71,2.1,1.66,2.19,Oui,Non,Non,Non,Oui,Away,63,"[31, 32, 45, 63]",True
17a18da787a51347,coupe-du-monde,165082,16,2026-09-10T16:11:18Z,Ghana,Argentina,1,1,6.89,5.24,1.38,2.92,1.07,1.13,1.35,3.11,1.63,2.24,Non,Oui,Non,Oui,Non,Home,30,"[22, 30]",True
029f79dd267fe1cb,coupe-du-monde,165082,16,2026-09-10T16:11:18Z,Haiti,Qatar,1,1,4.33,3.97,1.73,2.03,1.18,1.21,1.57,2.37,1.6,2.29,Non,Oui,Non,Oui,Non,Away,40,"[23, 40]",True
1b313d8dc146533b,coupe-du-monde,165082,16,2026-09-10T16:11:18Z,Austria,Switzerland,2,0,2.91,3.57,2.29,1.57,1.37,1.26,1.65,2.2,1.57,2.37,Non,Non,Oui,Non,Non,Home,56,"[26, 56]",True
05d5243ff8f25805,coupe-du-monde,165082,16,2026-09-10T16:11:18Z,Saudi Arabia,Egypt,0,2,3.6,3.74,1.94,1.8,1.25,1.24,1.61,2.27,1.58,2.34,Non,Non,Non,Non,Oui,Away,82,"[64, 82]",True
762e55c8ab9b52f4,coupe-du-monde,165082,16,2026-09-10T16:11:18Z,Belgium,Japan,2,2,2.41,3.65,2.69,1.43,1.52,1.25,1.58,2.34,1.52,2.5,Oui,Oui,Non,Oui,Non,Home,71,"[13, 32, 68, 71]",True
b6a07ffb8e79b579,coupe-du-monde,165082,16,2026-09-10T16:11:18Z,New Zealand,Cote d'Ivoire,1,1,4.31,3.97,1.74,2.03,1.19,1.21,1.56,2.38,1.6,2.31,Non,Oui,Non,Oui,Non,Away,42,"[38, 42]",True
69667dc6c7ad2cf3,coupe-du-monde,165082,16,2026-09-10T16:11:18Z,Uruguay,Netherlands,0,1,2.21,3.88,2.85,1.38,1.61,1.22,1.45,2.7,1.44,2.75,Non,Non,Non,Non,Oui,Away,21,[21],True
6f23aa91c634a9ab,coupe-du-monde,165082,16,2026-09-10T16:11:18Z,Paraguay,IR Iran,0,1,3.08,3.63,2.17,1.64,1.33,1.25,1.62,2.25,1.56,2.4,Non,Non,Non,Non,Oui,Away,35,[35],True
59d71940de77345b,coupe-du-monde,165082,16,2026-09-10T16:11:18Z,Canada,Germany,2,1,3.77,4.25,1.79,1.96,1.24,1.19,1.38,3.0,1.44,2.74,Oui,Oui,Oui,Non,Non,Home,46,"[11, 15, 46]",True
1d5db0ba68d05754,coupe-du-monde,165082,16,2026-09-10T16:11:18Z,Jordan,Algeria,1,0,3.41,3.56,2.06,1.71,1.28,1.26,1.71,2.11,1.63,2.25,Non,Non,Oui,Non,Non,Home,63,[63],True
5170033d784b4333,coupe-du-monde,165082,16,2026-09-10T16:11:18Z,USA,Mexico,1,1,2.61,3.85,2.39,1.53,1.45,1.23,1.45,2.69,1.43,2.76,Non,Oui,Non,Oui,Non,Away,90,"[89, 90]",True
7e8c3cd6fd771253,coupe-du-monde,165082,16,2026-09-10T16:11:18Z,Colombia,Senegal,1,2,2.5,3.74,2.55,1.47,1.49,1.24,1.52,2.48,1.48,2.61,Oui,Oui,Non,Non,Oui,Home,83,"[54, 73, 83]",True
9f329c316446d11e,coupe-du-monde,165082,16,2026-09-10T16:11:18Z,Morocco,Portugal,5,0,2.38,3.47,2.84,1.39,1.53,1.27,1.73,2.08,1.61,2.28,Oui,Non,Oui,Non,Non,Home,61,"[19, 21, 33, 55, 61]",True
21eb7fa7238197d2,coupe-du-monde,165082,16,2026-09-10T16:11:18Z,Ecuador,Cabo Verde,0,5,2.09,3.68,3.23,1.31,1.69,1.24,1.6,2.3,1.55,2.42,Oui,Non,Non,Non,Oui,Away,67,"[41, 44, 45, 54, 67]",True
e9db085b1e175766,coupe-du-monde,165082,16,2026-09-10T16:11:18Z,Tunisia,Brazil,2,3,4.52,4.13,1.68,2.12,1.17,1.2,1.51,2.51,1.58,2.34,Oui,Oui,Non,Non,Oui,Home,84,"[42, 44, 44, 52, 84]",True
9a5761ce882aa442,coupe-du-monde,165082,16,2026-09-10T16:11:18Z,Norway,Croatia,0,1,2.57,3.69,2.5,1.49,1.46,1.24,1.55,2.4,1.5,2.55,Non,Non,Non,Non,Oui,Away,44,[44],True
3906e8ae7edf23c7,coupe-du-monde,165082,16,2026-09-10T16:11:18Z,Scotland,Bosnia-Herzegovina,1,2,2.14,3.81,3.03,1.35,1.66,1.23,1.5,2.53,1.48,2.61,Oui,Oui,Non,Non,Oui,Away,83,"[27, 68, 83]",True
53afbbaa57c468b9,coupe-du-monde,165082,16,2026-09-10T16:11:18Z,Uzbekistan,South Africa,1,2,2.41,3.56,2.74,1.41,1.52,1.26,1.65,2.21,1.56,2.39,Oui,Oui,Non,Non,Oui,Home,75,"[55, 66, 75]",True
fcc10a5f3f7a88f2,coupe-du-monde,165082,16,2026-09-10T16:11:18Z,Sweden,Turkiye,1,2,2.28,3.74,2.82,1.39,1.58,1.24,1.53,2.46,1.49,2.58,Oui,Oui,Non,Non,Oui,Away,44,"[41, 42, 44]",True
ef9444ea0a7a78e1,coupe-du-monde,165082,16,2026-09-10T16:11:18Z,Spain,France,2,2,2.49,3.82,2.52,1.48,1.49,1.23,1.47,2.63,1.44,2.72,Oui,Oui,Non,Oui,Non,Home,70,"[43, 45, 46, 70]",True
3424543e508a46ed,coupe-du-monde,165082,18,2026-09-10T16:15:18Z,Ghana,Iraq,3,0,2.76,3.58,2.39,1.53,1.41,1.26,1.64,2.23,1.55,2.41,Oui,Non,Oui,Non,Non,Home,66,"[12, 20, 66]",True
6084772045c4c548,coupe-du-monde,165082,18,2026-09-10T16:15:18Z,Austria,Congo DR,2,2,1.76,3.95,4.18,1.2,1.99,1.22,1.56,2.39,1.59,2.33,Oui,Oui,Non,Oui,Non,Home,74,"[22, 54, 69, 74]",True
69f37527c923748c,coupe-du-monde,165082,18,2026-09-10T16:15:18Z,Curacao,Brazil,2,1,11.14,6.6,1.22,4.07,1.01,1.08,1.32,3.29,1.89,1.88,Oui,Oui,Oui,Non,Non,Away,88,"[31, 40, 88]",True
18fd2ffca9f62f74,coupe-du-monde,165082,18,2026-09-10T16:15:18Z,Saudi Arabia,IR Iran,0,1,3.71,3.73,1.91,1.83,1.24,1.24,1.63,2.25,1.59,2.31,Non,Non,Non,Non,Oui,Away,41,[41],True
e286120d7be24427,coupe-du-monde,165082,18,2026-09-10T16:15:18Z,Spain,Korea Republic,1,2,1.5,4.55,5.83,1.1,2.51,1.17,1.48,2.62,1.65,2.2,Oui,Oui,Non,Non,Oui,Away,56,"[35, 45, 56]",True
e7f21e461f9691b5,coupe-du-monde,165082,18,2026-09-10T16:15:18Z,Tunisia,Sweden,4,1,3.05,3.47,2.25,1.59,1.34,1.27,1.75,2.05,1.63,2.24,Oui,Oui,Oui,Non,Non,Home,77,"[19, 27, 36, 52, 77]",True
1c8e1170ceff7234,coupe-du-monde,165082,18,2026-09-10T16:15:18Z,Paraguay,Czechia,0,2,2.82,3.66,2.32,1.56,1.39,1.25,1.58,2.34,1.52,2.49,Non,Non,Non,Non,Oui,Away,21,"[6, 21]",True
02948ca766dad7ea,coupe-du-monde,165082,18,2026-09-10T16:15:18Z,Scotland,France,1,0,6.94,5.32,1.37,2.96,1.07,1.13,1.34,3.19,1.62,2.25,Non,Non,Oui,Non,Non,Home,89,[89],True
f22118c23a34e496,coupe-du-monde,165082,18,2026-09-10T16:15:18Z,South Africa,Japan,0,3,4.76,4.06,1.66,2.15,1.15,1.21,1.57,2.37,1.64,2.23,Oui,Non,Non,Non,Oui,Away,37,"[3, 8, 37]",True
4b92b848cbd61cd2,coupe-du-monde,165082,18,2026-09-10T16:15:18Z,Uruguay,Egypt,1,0,1.83,3.78,4.0,1.21,1.91,1.23,1.63,2.23,1.62,2.26,Non,Non,Oui,Non,Non,Home,57,[57],True
ee6081a9b59bd14b,coupe-du-monde,165082,18,2026-09-10T16:15:18Z,New Zealand,Bosnia-Herzegovina,1,2,3.06,3.57,2.21,1.62,1.34,1.26,1.67,2.17,1.58,2.34,Oui,Oui,Non,Non,Oui,Away,54,"[39, 45, 54]",True
c758a6509e7063ca,coupe-du-monde,165082,18,2026-09-10T16:15:18Z,Morocco,Argentina,4,2,2.55,3.46,2.63,1.44,1.47,1.27,1.73,2.07,1.61,2.28,Oui,Oui,Oui,Non,Non,Away,87,"[4, 22, 45, 55, 77, 87]",True
ba73f39c610d4878,coupe-du-monde,165082,18,2026-09-10T16:15:18Z,Colombia,Switzerland,2,1,2.69,3.61,2.43,1.51,1.42,1.25,1.61,2.28,1.53,2.45,Oui,Oui,Oui,Non,Non,Home,75,"[29, 36, 75]",True
90671085df1eae46,coupe-du-monde,165082,18,2026-09-10T16:15:18Z,Panama,Algeria,2,1,3.8,3.64,1.91,1.83,1.23,1.25,1.7,2.12,1.65,2.21,Oui,Oui,Oui,Non,Non,Home,72,"[42, 62, 72]",True
d889695e63227bd0,coupe-du-monde,165082,18,2026-09-10T16:15:18Z,USA,Portugal,1,2,3.73,4.31,1.79,1.96,1.24,1.19,1.35,3.14,1.42,2.82,Oui,Oui,Non,Non,Oui,Away,46,"[26, 40, 46]",True
6051c3b6538bc62e,coupe-du-monde,165082,18,2026-09-10T16:15:18Z,Belgium,Qatar,2,2,1.86,3.96,3.71,1.24,1.88,1.22,1.5,2.55,1.51,2.5,Oui,Oui,Non,Oui,Non,Home,64,"[26, 28, 32, 64]",True
3c96d7798f049f65,coupe-du-monde,165082,18,2026-09-10T16:15:18Z,Ecuador,Netherlands,1,1,3.18,4.01,2.02,1.74,1.32,1.21,1.41,2.83,1.43,2.78,Non,Oui,Non,Oui,Non,Away,47,"[35, 47]",True
78d1c15eb099469b,coupe-du-monde,165082,18,2026-09-10T16:15:18Z,Uzbekistan,Mexico,1,0,4.09,4.07,1.75,2.0,1.2,1.21,1.49,2.58,1.53,2.45,Non,Non,Oui,Non,Non,Home,17,[17],True
8953685bb1a35df7,coupe-du-monde,165082,18,2026-09-10T16:15:18Z,Jordan,Germany,4,1,4.8,4.36,1.61,2.24,1.15,1.18,1.45,2.71,1.56,2.39,Oui,Oui,Oui,Non,Non,Home,84,"[10, 41, 47, 65, 84]",True
dec34404d703dcd7,coupe-du-monde,165082,18,2026-09-10T16:15:18Z,Haiti,Senegal,0,1,6.22,4.38,1.49,2.52,1.09,1.18,1.58,2.33,1.77,2.02,Non,Non,Non,Non,Oui,Away,26,[26],True
6cf2fd964c224f52,coupe-du-monde,165082,18,2026-09-10T16:15:18Z,Australia,Canada,1,2,2.31,3.76,2.77,1.4,1.57,1.24,1.52,2.49,1.48,2.61,Oui,Oui,Non,Non,Oui,Home,80,"[28, 33, 80]",True
70c66c8de38352cc,coupe-du-monde,165082,18,2026-09-10T16:15:18Z,Cabo Verde,Croatia,1,2,4.03,3.79,1.83,1.92,1.21,1.23,1.63,2.23,1.62,2.26,Oui,Oui,Non,Non,Oui,Home,72,"[66, 66, 72]",True
3287a91961b9ac4e,coupe-du-monde,165082,18,2026-09-10T16:15:18Z,Norway,Cote d'Ivoire,1,2,2.16,3.82,2.98,1.35,1.64,1.23,1.49,2.57,1.47,2.64,Oui,Oui,Non,Non,Oui,Home,74,"[30, 59, 74]",True
ae20977ce39c395a,coupe-du-monde,165082,18,2026-09-10T16:15:18Z,England,Turkiye,4,1,1.58,4.48,4.9,1.15,2.3,1.17,1.4,2.87,1.53,2.46,Oui,Oui,Oui,Non,Non,Home,76,"[7, 16, 68, 75, 76]",True
392687beef7803a6,coupe-du-monde,165082,21,2026-09-10T16:21:18Z,Tunisia,Curacao,3,2,1.64,3.77,5.35,1.12,2.17,1.23,1.82,1.96,1.86,1.91,Oui,Oui,Oui,Non,Non,Away,77,"[31, 37, 64, 70, 77]",True
31dc78fd3da4c50d,coupe-du-monde,165082,21,2026-09-10T16:21:18Z,Argentina,Norway,0,1,1.73,4.33,3.98,1.21,2.04,1.18,1.37,3.02,1.45,2.71,Non,Non,Non,Non,Oui,Away,42,[42],True
a88d8cb515978ea4,coupe-du-monde,165082,21,2026-09-10T16:21:18Z,Germany,England,2,2,3.04,4.06,2.06,1.71,1.34,1.21,1.38,2.99,1.4,2.9,Oui,Oui,Non,Oui,Non,Away,73,"[32, 39, 73, 73]",True
524d430f59de31e6,coupe-du-monde,165082,21,2026-09-10T16:21:18Z,France,USA,1,4,1.52,4.82,5.17,1.13,2.45,1.15,1.33,3.26,1.49,2.56,Oui,Oui,Non,Non,Oui,Home,88,"[22, 33, 57, 67, 88]",True
ddc34f915baf2782,coupe-du-monde,165082,21,2026-09-10T16:21:18Z,Brazil,Scotland,0,3,1.64,4.45,4.43,1.18,2.18,1.18,1.37,3.03,1.47,2.62,Oui,Non,Non,Non,Oui,Away,73,"[16, 65, 73]",True
8e17ba29c85e536c,coupe-du-monde,165082,21,2026-09-10T16:21:18Z,Egypt,South Africa,0,0,1.9,3.71,3.79,1.23,1.84,1.24,1.65,2.2,1.62,2.27,Non,Non,Non,Oui,Non,,,[],True
cafb3a7a928d1369,coupe-du-monde,165082,21,2026-09-10T16:21:18Z,Algeria,Colombia,1,3,3.27,3.91,2.01,1.75,1.3,1.22,1.48,2.61,1.47,2.62,Oui,Oui,Non,Non,Oui,Away,87,"[24, 72, 73, 87]",True
391c3c5c7e53a7f9,coupe-du-monde,165082,21,2026-09-10T16:21:18Z,IR Iran,Belgium,0,1,3.35,3.65,2.05,1.72,1.29,1.25,1.64,2.23,1.58,2.35,Non,Non,Non,Non,Oui,Away,26,[26],True
9c027fbe753c53a8,coupe-du-monde,165082,21,2026-09-10T16:21:18Z,Portugal,Cabo Verde,1,3,1.49,4.73,5.61,1.11,2.52,1.16,1.39,2.94,1.57,2.37,Oui,Oui,Non,Non,Oui,Away,49,"[42, 44, 44, 49]",True
39dbcca82493a7bc,coupe-du-monde,165082,21,2026-09-10T16:21:18Z,Australia,Panama,2,1,1.87,3.75,3.88,1.22,1.87,1.24,1.64,2.23,1.61,2.27,Oui,Oui,Oui,Non,Non,Away,43,"[3, 39, 43]",True
ae5463e2ec5232dd,coupe-du-monde,165082,21,2026-09-10T16:21:18Z,Korea Republic,Morocco,0,1,4.99,3.65,1.71,2.07,1.14,1.25,1.87,1.91,1.86,1.92,Non,Non,Non,Non,Oui,Away,83,[83],True
779c334696909ac7,coupe-du-monde,165082,21,2026-09-10T16:21:18Z,Qatar,Croatia,0,2,3.35,3.76,2.02,1.74,1.29,1.24,1.56,2.38,1.53,2.46,Non,Non,Non,Non,Oui,Away,78,"[6, 78]",True
4c8bdf061f2feb45,coupe-du-monde,165082,21,2026-09-10T16:21:18Z,Turkiye,Ghana,4,2,2.02,3.86,3.26,1.3,1.73,1.23,1.5,2.55,1.48,2.59,Oui,Oui,Oui,Non,Non,Home,65,"[10, 18, 26, 48, 58, 65]",True
1f345a76eaf100af,coupe-du-monde,165082,21,2026-09-10T16:21:18Z,Jordan,Austria,1,0,4.08,3.78,1.82,1.93,1.2,1.23,1.64,2.22,1.63,2.24,Non,Non,Oui,Non,Non,Home,86,[86],True
d0b55d1e94ad9b74,coupe-du-monde,165082,21,2026-09-10T16:21:18Z,Czechia,Haiti,0,2,1.71,3.89,4.6,1.17,2.07,1.22,1.64,2.22,1.67,2.17,Non,Non,Non,Non,Oui,Away,80,"[62, 80]",True
a4fed0e2b333e8b1,coupe-du-monde,165082,21,2026-09-10T16:21:18Z,Iraq,New Zealand,3,0,2.08,3.6,3.32,1.29,1.7,1.25,1.67,2.17,1.6,2.31,Oui,Non,Oui,Non,Non,Home,84,"[47, 53, 84]",True
bd2589f4d39bac10,coupe-du-monde,165082,21,2026-09-10T16:21:18Z,Netherlands,Mexico,3,1,2.2,4.04,2.79,1.4,1.62,1.21,1.37,3.03,1.38,2.96,Oui,Oui,Oui,Non,Non,Away,82,"[29, 30, 75, 82]",True
7a844b0bcbbf58ed,coupe-du-monde,165082,21,2026-09-10T16:21:18Z,Bosnia-Herzegovina,Uzbekistan,3,1,2.43,3.66,2.67,1.43,1.51,1.25,1.57,2.37,1.51,2.52,Oui,Oui,Oui,Non,Non,Home,69,"[44, 46, 68, 69]",True
d8656f71fb9e16b2,coupe-du-monde,165082,21,2026-09-10T16:21:18Z,Canada,Paraguay,2,0,2.44,3.72,2.62,1.45,1.51,1.24,1.53,2.46,1.48,2.6,Non,Non,Oui,Non,Non,Home,54,"[24, 54]",True
4389c0056a840519,coupe-du-monde,165082,21,2026-09-10T16:21:18Z,Sweden,Spain,0,4,5.56,4.41,1.53,2.41,1.12,1.18,1.5,2.53,1.65,2.2,Oui,Non,Non,Non,Oui,Away,71,"[17, 35, 55, 71]",True
95cdcee8f8c1a598,coupe-du-monde,165082,21,2026-09-10T16:21:18Z,Congo DR,Saudi Arabia,1,0,2.65,3.61,2.47,1.5,1.44,1.25,1.61,2.28,1.53,2.46,Non,Non,Oui,Non,Non,Home,19,[19],True
637207c48a41f7ec,coupe-du-monde,165082,21,2026-09-10T16:21:18Z,Cote d'Ivoire,Japan,2,3,3.28,3.76,2.04,1.72,1.3,1.24,1.55,2.4,1.52,2.49,Oui,Oui,Non,Non,Oui,Away,87,"[18, 19, 23, 64, 87]",True
cf56d9daf89760c4,coupe-du-monde,165082,21,2026-09-10T16:21:18Z,Senegal,Ecuador,2,1,2.2,3.67,3.01,1.35,1.62,1.25,1.59,2.33,1.53,2.46,Oui,Oui,Oui,Non,Non,Home,43,"[42, 43, 43]",True
ad6b14f9397b22c3,coupe-du-monde,165082,21,2026-09-10T16:21:18Z,Switzerland,Uruguay,0,2,2.83,3.51,2.37,1.54,1.39,1.27,1.7,2.12,1.59,2.32,Non,Non,Non,Non,Oui,Away,76,"[64, 76]",True
c8187226f837e6cc,coupe-du-monde,165082,23,2026-09-10T16:25:18Z,Korea Republic,USA,2,1,2.69,3.88,2.32,1.56,1.43,1.22,1.44,2.72,1.43,2.77,Oui,Oui,Oui,Non,Non,Home,77,"[21, 67, 77]",True
a7ebf760426c56ef,coupe-du-monde,165082,23,2026-09-10T16:25:18Z,Panama,Austria,1,2,4.44,3.95,1.72,2.05,1.18,1.22,1.59,2.32,1.63,2.25,Oui,Oui,Non,Non,Oui,Away,79,"[12, 19, 79]",True
11a320e313ab1486,coupe-du-monde,165082,23,2026-09-10T16:25:18Z,Qatar,Cote d'Ivoire,4,1,2.78,3.74,2.31,1.56,1.4,1.24,1.52,2.48,1.48,2.6,Oui,Oui,Oui,Non,Non,Home,69,"[33, 41, 46, 52, 69]",True
d7b0d94d95b7dc82,coupe-du-monde,165082,23,2026-09-10T16:25:18Z,Canada,Saudi Arabia,2,3,2.2,3.72,2.96,1.36,1.62,1.24,1.55,2.42,1.5,2.54,Oui,Oui,Non,Non,Oui,Home,76,"[28, 40, 58, 60, 76]",True
7037624c85d09a98,coupe-du-monde,165082,23,2026-09-10T16:25:18Z,England,Spain,0,0,3.28,3.91,2.0,1.75,1.3,1.22,1.47,2.62,1.47,2.63,Non,Non,Non,Oui,Non,,,[],True
acb3a62a162597f8,coupe-du-monde,165082,23,2026-09-10T16:25:18Z,Sweden,Scotland,3,1,2.16,3.77,3.02,1.35,1.64,1.23,1.52,2.47,1.49,2.57,Oui,Oui,Oui,Non,Non,Away,85,"[38, 42, 61, 85]",True
d11955db6fa9f6e9,coupe-du-monde,165082,23,2026-09-10T16:25:18Z,Egypt,Mexico,3,2,2.89,3.63,2.28,1.58,1.37,1.25,1.61,2.29,1.54,2.44,Oui,Oui,Oui,Non,Non,Home,78,"[13, 14, 18, 54, 78]",True
90845cc58fabb4a0,coupe-du-monde,165082,23,2026-09-10T16:25:18Z,Portugal,Netherlands,2,0,2.05,4.21,2.99,1.35,1.72,1.19,1.31,3.34,1.35,3.11,Non,Non,Oui,Non,Non,Home,34,"[28, 34]",True
de1882500efaee46,coupe-du-monde,165082,23,2026-09-10T16:25:18Z,Turkiye,Morocco,0,2,5.17,3.79,1.66,2.15,1.13,1.23,1.79,2.0,1.82,1.95,Non,Non,Non,Non,Oui,Away,70,"[68, 70]",True
9893cb7413267240,coupe-du-monde,165082,23,2026-09-10T16:25:18Z,Switzerland,Ecuador,4,1,2.07,3.62,3.32,1.29,1.7,1.25,1.66,2.19,1.59,2.32,Oui,Oui,Oui,Non,Non,Away,84,"[11, 33, 66, 82, 84]",True
4c516d0f9aa094c7,coupe-du-monde,165082,23,2026-09-10T16:25:18Z,Senegal,Croatia,0,3,2.58,3.54,2.56,1.47,1.46,1.26,1.66,2.19,1.56,2.38,Oui,Non,Non,Non,Oui,Away,74,"[52, 52, 74]",True
1539b07f5fed0cd7,coupe-du-monde,165082,23,2026-09-10T16:25:18Z,Tunisia,Ghana,3,1,2.28,3.43,3.03,1.34,1.58,1.28,1.78,2.01,1.65,2.21,Oui,Oui,Oui,Non,Non,Home,82,"[36, 42, 79, 82]",True
00e62e6b272b245a,coupe-du-monde,165082,23,2026-09-10T16:25:18Z,Algeria,Haiti,3,1,1.68,3.96,4.69,1.16,2.11,1.22,1.61,2.27,1.66,2.18,Oui,Oui,Oui,Non,Non,Home,75,"[38, 41, 48, 75]",True
a474443c7dd45423,coupe-du-monde,165082,23,2026-09-10T16:25:18Z,Czechia,Belgium,0,1,3.52,3.85,1.94,1.8,1.26,1.23,1.53,2.45,1.52,2.48,Non,Non,Non,Non,Oui,Away,77,[77],True
22deae8f20648492,coupe-du-monde,165082,23,2026-09-10T16:25:18Z,Jordan,Colombia,0,4,4.31,4.02,1.73,2.04,1.19,1.21,1.54,2.44,1.58,2.34,Oui,Non,Non,Non,Oui,Away,88,"[5, 32, 71, 88]",True
ed83856bb0b32142,coupe-du-monde,165082,23,2026-09-10T16:25:18Z,Brazil,New Zealand,2,1,1.34,5.37,7.78,1.05,3.12,1.12,1.38,2.96,1.72,2.09,Oui,Oui,Oui,Non,Non,Home,43,"[20, 23, 43]",True
2d0d9e405143723b,coupe-du-monde,165082,23,2026-09-10T16:25:18Z,Australia,Paraguay,2,3,2.15,3.74,3.06,1.34,1.65,1.24,1.54,2.42,1.5,2.53,Oui,Oui,Non,Non,Oui,Away,64,"[27, 43, 50, 55, 64]",True
2e63d48ef7e786f3,coupe-du-monde,165082,23,2026-09-10T16:25:18Z,Bosnia-Herzegovina,Japan,1,2,4.37,4.04,1.71,2.06,1.18,1.21,1.54,2.45,1.58,2.33,Oui,Oui,Non,Non,Oui,Away,69,"[38, 41, 69]",True
498bdac1c153e06d,coupe-du-monde,165082,23,2026-09-10T16:25:18Z,Germany,Curacao,4,1,1.27,5.91,9.42,1.03,3.56,1.1,1.36,3.06,1.82,1.96,Oui,Oui,Oui,Non,Non,Home,84,"[43, 45, 56, 57, 84]",True
c6c7af5bf8ab6394,coupe-du-monde,165082,23,2026-09-10T16:25:18Z,Iraq,Norway,0,0,3.96,3.96,1.8,1.94,1.22,1.22,1.53,2.47,1.55,2.42,Non,Non,Non,Oui,Non,,,[],True
ff63bb27be850f4c,coupe-du-monde,165082,23,2026-09-10T16:25:18Z,Argentina,Cabo Verde,2,1,1.42,5.0,6.46,1.08,2.77,1.14,1.38,2.96,1.63,2.24,Oui,Oui,Oui,Non,Non,Home,89,"[26, 44, 89]",True
f863945c3a532ac1,coupe-du-monde,165082,23,2026-09-10T16:25:18Z,Congo DR,Uruguay,0,1,5.67,4.29,1.54,2.4,1.11,1.19,1.56,2.38,1.71,2.11,Non,Non,Non,Non,Oui,Away,69,[69],True
f4a8937c0bce131a,coupe-du-monde,165082,23,2026-09-10T16:25:18Z,France,Uzbekistan,0,1,1.29,5.95,8.78,1.04,3.48,1.1,1.32,3.3,1.73,2.07,Non,Non,Non,Non,Oui,Away,3,[3],True
b9917daf9a122f45,coupe-du-monde,165082,23,2026-09-10T16:25:18Z,IR Iran,South Africa,0,0,1.88,3.66,3.9,1.22,1.85,1.25,1.7,2.12,1.65,2.2,Non,Non,Non,Oui,Non,,,[],True
1c9ed96de1e56f5f,coupe-du-monde,165082,26,2026-09-10T16:31:18Z,Colombia,Austria,2,1,2.27,3.8,2.8,1.4,1.58,1.23,1.49,2.56,1.46,2.66,Oui,Oui,Oui,Non,Non,Home,60,"[17, 35, 60]",True
c0d6cecdf5c8a1e8,coupe-du-monde,165082,26,2026-09-10T16:31:18Z,Paraguay,Germany,1,3,4.26,4.35,1.68,2.11,1.19,1.18,1.39,2.95,1.47,2.62,Oui,Oui,Non,Non,Oui,Away,83,"[21, 35, 55, 83]",True
89141f64cb86eef6,coupe-du-monde,165082,26,2026-09-10T16:31:18Z,Scotland,Curacao,0,1,1.62,4.11,5.01,1.14,2.22,1.2,1.57,2.36,1.66,2.19,Non,Non,Non,Non,Oui,Away,5,[5],True
5eae1a359b005ad3,coupe-du-monde,165082,26,2026-09-10T16:31:18Z,Uzbekistan,Brazil,0,5,5.79,4.99,1.46,2.63,1.11,1.14,1.34,3.21,1.54,2.42,Oui,Non,Non,Non,Oui,Away,84,"[4, 31, 58, 64, 84]",True
5458d482f83f9023,coupe-du-monde,165082,26,2026-09-10T16:31:18Z,USA,Sweden,1,2,2.51,3.8,2.5,1.49,1.48,1.23,1.48,2.59,1.45,2.69,Oui,Oui,Non,Non,Oui,Away,84,"[37, 45, 84]",True
a84802056864022a,coupe-du-monde,165082,26,2026-09-10T16:31:18Z,Belgium,Canada,4,0,1.81,3.99,3.87,1.22,1.93,1.21,1.5,2.54,1.52,2.48,Oui,Non,Oui,Non,Non,Home,82,"[6, 24, 48, 82]",True
83ea7801f74aaa69,coupe-du-monde,165082,26,2026-09-10T16:31:18Z,Netherlands,France,2,2,3.87,4.36,1.75,2.01,1.22,1.18,1.34,3.17,1.42,2.81,Oui,Oui,Non,Oui,Non,Away,75,"[4, 43, 65, 75]",True
a65d697d1965ab2b,coupe-du-monde,165082,26,2026-09-10T16:31:18Z,Mexico,Switzerland,2,2,2.94,3.59,2.27,1.59,1.36,1.26,1.64,2.23,1.56,2.4,Oui,Oui,Non,Oui,Non,Home,86,"[19, 35, 49, 86]",True
4c8214a19dd6494e,coupe-du-monde,165082,26,2026-09-10T16:31:18Z,Ecuador,Algeria,1,1,2.46,3.73,2.59,1.46,1.5,1.24,1.53,2.47,1.48,2.6,Non,Oui,Non,Oui,Non,Home,23,"[17, 23]",True
f7947042df955f38,coupe-du-monde,165082,26,2026-09-10T16:31:18Z,Croatia,Czechia,0,2,2.15,3.63,3.13,1.33,1.65,1.25,1.63,2.25,1.56,2.39,Non,Non,Non,Non,Oui,Away,83,"[49, 83]",True
d5ee3c4845dedcce,coupe-du-monde,165082,26,2026-09-10T16:31:18Z,Japan,Iraq,2,0,1.77,3.86,4.26,1.19,1.99,1.23,1.62,2.26,1.63,2.24,Non,Non,Oui,Non,Non,Home,70,"[36, 70]",True
46a3b701283fc907,coupe-du-monde,165082,26,2026-09-10T16:31:18Z,South Africa,Congo DR,2,3,2.58,3.52,2.58,1.46,1.46,1.27,1.68,2.15,1.58,2.35,Oui,Oui,Non,Non,Oui,Away,85,"[21, 22, 57, 64, 85]",True
17b6b34a10fc3486,coupe-du-monde,165082,26,2026-09-10T16:31:18Z,Cabo Verde,Korea Republic,2,1,3.21,3.69,2.09,1.68,1.31,1.24,1.59,2.31,1.54,2.43,Oui,Oui,Oui,Non,Non,Home,45,"[27, 36, 45]",True
7bc91c4a476a311d,coupe-du-monde,165082,26,2026-09-10T16:31:18Z,Saudi Arabia,Panama,0,3,2.27,3.54,2.97,1.36,1.58,1.26,1.68,2.16,1.58,2.34,Oui,Non,Non,Non,Oui,Away,65,"[32, 33, 65]",True
c29b4c47bb5154b8,coupe-du-monde,165082,26,2026-09-10T16:31:18Z,Cote d'Ivoire,IR Iran,0,1,2.66,3.57,2.48,1.5,1.44,1.26,1.64,2.23,1.55,2.41,Non,Non,Non,Non,Oui,Away,68,[68],True
8ed358f4b1dc386f,coupe-du-monde,165082,26,2026-09-10T16:31:18Z,Haiti,Australia,1,4,4.98,4.16,1.62,2.23,1.14,1.2,1.54,2.42,1.64,2.23,Oui,Oui,Non,Non,Oui,Away,81,"[44, 45, 45, 66, 81]",True
af554ca49c5536e7,coupe-du-monde,165082,26,2026-09-10T16:31:18Z,Uruguay,Jordan,2,1,1.55,4.19,5.65,1.11,2.36,1.19,1.61,2.28,1.74,2.06,Oui,Oui,Oui,Non,Non,Home,88,"[15, 85, 88]",True
eeff0635a27b7cda,coupe-du-monde,165082,26,2026-09-10T16:31:18Z,Qatar,Argentina,1,4,5.23,4.76,1.52,2.45,1.13,1.15,1.35,3.13,1.51,2.5,Oui,Oui,Non,Non,Oui,Away,85,"[11, 30, 61, 84, 85]",True
da6e46dd2494eb2f,coupe-du-monde,165082,26,2026-09-10T16:31:18Z,Norway,Turkiye,2,1,1.99,4.02,3.23,1.31,1.76,1.21,1.41,2.84,1.43,2.78,Oui,Oui,Oui,Non,Non,Home,28,"[22, 25, 28]",True
15274e7b54146008,coupe-du-monde,165082,26,2026-09-10T16:31:18Z,New Zealand,Tunisia,1,2,3.86,3.51,1.94,1.81,1.23,1.27,1.81,1.97,1.72,2.09,Oui,Oui,Non,Non,Oui,Home,43,"[35, 38, 43]",True
067dc4798eb94855,coupe-du-monde,165082,26,2026-09-10T16:31:18Z,Morocco,England,1,0,2.31,3.36,3.04,1.34,1.57,1.29,1.84,1.94,1.68,2.15,Non,Non,Oui,Non,Non,Home,85,[85],True
03220d4a509ffb91,coupe-du-monde,165082,26,2026-09-10T16:31:18Z,Egypt,Bosnia-Herzegovina,1,0,1.92,3.72,3.69,1.24,1.82,1.24,1.63,2.25,1.59,2.31,Non,Non,Oui,Non,Non,Home,44,[44],True
0ea601582038b77b,coupe-du-monde,165082,26,2026-09-10T16:31:18Z,Ghana,Spain,1,3,9.03,5.6,1.3,3.39,1.03,1.11,1.41,2.86,1.84,1.94,Oui,Oui,Non,Non,Oui,Away,78,"[28, 35, 38, 78]",True
12c749df1da298a0,coupe-du-monde,165082,26,2026-09-10T16:31:18Z,Portugal,Senegal,3,0,1.94,3.99,3.4,1.28,1.8,1.21,1.44,2.72,1.46,2.67,Oui,Non,Oui,Non,Non,Home,41,"[28, 33, 41]",True
6a09cfa64f22db12,coupe-du-monde,165082,28,2026-09-10T16:35:18Z,Uruguay,Panama,6,0,1.42,4.68,7.02,1.07,2.76,1.16,1.53,2.46,1.79,1.99,Oui,Non,Oui,Non,Non,Home,87,"[25, 30, 38, 46, 51, 87]",True
33bd3a64c89ab3ea,coupe-du-monde,165082,28,2026-09-10T16:35:18Z,Ecuador,Jordan,1,2,2.03,3.67,3.38,1.28,1.73,1.25,1.63,2.25,1.57,2.36,Oui,Oui,Non,Non,Oui,Away,72,"[18, 61, 72]",True
119d8bf052f1bed4,coupe-du-monde,165082,28,2026-09-10T16:35:18Z,Uzbekistan,Sweden,0,1,3.54,3.77,1.95,1.79,1.26,1.23,1.58,2.34,1.55,2.4,Non,Non,Non,Non,Oui,Away,18,[18],True
4ea57dba520d3dfd,coupe-du-monde,165082,28,2026-09-10T16:35:18Z,Qatar,Iraq,4,0,2.37,3.6,2.78,1.4,1.54,1.25,1.62,2.26,1.54,2.44,Oui,Non,Oui,Non,Non,Home,88,"[16, 22, 38, 88]",True
6ed1d0846d3bae56,coupe-du-monde,165082,28,2026-09-10T16:35:18Z,Croatia,Algeria,1,1,2.12,3.65,3.18,1.32,1.67,1.25,1.62,2.27,1.55,2.4,Non,Oui,Non,Oui,Non,Away,16,"[10, 16]",True
f64e2b60b4c44cb5,coupe-du-monde,165082,28,2026-09-10T16:35:18Z,Morocco,Spain,0,3,3.17,3.25,2.29,1.57,1.32,1.31,1.98,1.8,1.77,2.02,Oui,Non,Non,Non,Oui,Away,76,"[68, 70, 76]",True
bb8692598b1d0c05,coupe-du-monde,165082,28,2026-09-10T16:35:18Z,Netherlands,Korea Republic,2,0,1.9,4.11,3.44,1.28,1.84,1.2,1.4,2.9,1.43,2.77,Non,Non,Oui,Non,Non,Home,87,"[49, 87]",True
c1328d967ddfa8c9,coupe-du-monde,165082,28,2026-09-10T16:35:18Z,Egypt,France,1,2,5.26,4.43,1.55,2.36,1.13,1.18,1.46,2.65,1.6,2.3,Oui,Oui,Non,Non,Oui,Away,56,"[49, 53, 56]",True
1d8d4c91af676168,coupe-du-monde,165082,28,2026-09-10T16:35:18Z,Haiti,Austria,1,0,5.51,4.22,1.56,2.34,1.12,1.19,1.58,2.34,1.71,2.11,Non,Non,Oui,Non,Non,Home,54,[54],True
21b237e9fdc20354,coupe-du-monde,165082,28,2026-09-10T16:35:18Z,Belgium,Australia,1,1,1.95,3.86,3.46,1.27,1.79,1.23,1.52,2.49,1.51,2.52,Non,Oui,Non,Oui,Non,Home,85,"[60, 85]",True
9e796b1db9c16074,coupe-du-monde,165082,28,2026-09-10T16:35:18Z,Japan,Brazil,0,0,3.02,3.96,2.1,1.68,1.35,1.22,1.42,2.81,1.42,2.8,Non,Non,Non,Oui,Non,,,[],True
a6429ec8d78a04f6,coupe-du-monde,165082,28,2026-09-10T16:35:18Z,Mexico,Congo DR,5,1,1.7,4.04,4.5,1.17,2.09,1.21,1.55,2.41,1.6,2.29,Oui,Oui,Oui,Non,Non,Home,67,"[18, 29, 32, 52, 56, 67]",True
fb913c07b1180dfa,coupe-du-monde,165082,28,2026-09-10T16:35:18Z,Cote d'Ivoire,Czechia,2,0,2.42,3.68,2.67,1.43,1.52,1.25,1.56,2.38,1.51,2.53,Non,Non,Oui,Non,Non,Home,36,"[5, 36]",True
d34892bc8f2acf84,coupe-du-monde,165082,28,2026-09-10T16:35:18Z,Senegal,Argentina,0,3,4.07,4.23,1.73,2.03,1.21,1.19,1.41,2.84,1.48,2.6,Oui,Non,Non,Non,Oui,Away,15,"[8, 10, 15]",True
5cbe4c3d3facade7,coupe-du-monde,165082,28,2026-09-10T16:35:18Z,Scotland,Ghana,1,3,2.17,3.72,3.04,1.34,1.64,1.24,1.56,2.39,1.51,2.51,Oui,Oui,Non,Non,Oui,Home,82,"[24, 36, 50, 82]",True
2e29cff439254d21,coupe-du-monde,165082,28,2026-09-10T16:35:18Z,Cabo Verde,Turkiye,2,2,3.11,3.74,2.12,1.67,1.33,1.24,1.55,2.42,1.51,2.52,Oui,Oui,Non,Oui,Non,Home,67,"[42, 44, 59, 67]",True
4fbcfffb5447929e,coupe-du-monde,165082,28,2026-09-10T16:35:18Z,Bosnia-Herzegovina,IR Iran,0,3,3.51,3.71,1.98,1.77,1.27,1.24,1.61,2.27,1.57,2.35,Oui,Non,Non,Non,Oui,Away,84,"[57, 71, 84]",True
31c1757af20282e0,coupe-du-monde,165082,28,2026-09-10T16:35:18Z,Saudi Arabia,Paraguay,3,2,2.96,3.64,2.23,1.6,1.36,1.25,1.6,2.3,1.54,2.45,Oui,Oui,Oui,Non,Non,Away,84,"[3, 8, 59, 79, 84]",True
be47412d18467206,coupe-du-monde,165082,28,2026-09-10T16:35:18Z,Portugal,Switzerland,1,2,2.16,3.84,2.97,1.36,1.64,1.23,1.49,2.58,1.47,2.65,Oui,Oui,Non,Non,Oui,Away,66,"[11, 24, 66]",True
ee66d31de2609e05,coupe-du-monde,165082,28,2026-09-10T16:35:18Z,Colombia,Germany,2,2,2.67,4.04,2.28,1.58,1.43,1.21,1.36,3.06,1.38,3.0,Oui,Oui,Non,Oui,Non,Away,79,"[25, 30, 72, 79]",True
0094f95a6f1137c0,coupe-du-monde,165082,28,2026-09-10T16:35:18Z,South Africa,Canada,1,1,3.37,3.74,2.02,1.74,1.29,1.24,1.58,2.35,1.54,2.43,Non,Oui,Non,Oui,Non,Away,43,"[33, 43]",True
ad05cb96468c2809,coupe-du-monde,165082,28,2026-09-10T16:35:18Z,New Zealand,Curacao,2,1,2.17,3.44,3.23,1.31,1.64,1.28,1.79,2.0,1.66,2.18,Oui,Oui,Oui,Non,Non,Home,83,"[75, 83, 83]",True
d9112b62221034a0,coupe-du-monde,165082,28,2026-09-10T16:35:18Z,USA,England,1,4,3.88,4.27,1.76,2.0,1.22,1.19,1.38,2.99,1.45,2.72,Oui,Oui,Non,Non,Oui,Away,86,"[28, 41, 41, 69, 86]",True
d4978675dd60b39a,coupe-du-monde,165082,28,2026-09-10T16:35:18Z,Norway,Tunisia,2,2,1.93,3.73,3.65,1.25,1.81,1.24,1.62,2.26,1.59,2.33,Oui,Oui,Non,Oui,Non,Home,74,"[31, 40, 59, 74]",True
52e33f50f87db47a,coupe-du-monde,165082,31,2026-09-10T16:41:18Z,Canada,Cote d'Ivoire,1,2,2.88,3.74,2.24,1.6,1.38,1.24,1.53,2.46,1.49,2.58,Oui,Oui,Non,Non,Oui,Away,56,"[8, 44, 56]",True
fec1d51ab4511e1f,coupe-du-monde,165082,31,2026-09-10T16:41:18Z,Sweden,Netherlands,2,1,2.96,3.9,2.15,1.65,1.36,1.22,1.45,2.7,1.44,2.73,Oui,Oui,Oui,Non,Non,Home,87,"[78, 86, 87]",True
fc5c4782678c648b,coupe-du-monde,165082,31,2026-09-10T16:41:18Z,Algeria,Portugal,1,2,4.37,4.39,1.66,2.15,1.18,1.18,1.38,2.96,1.48,2.6,Oui,Oui,Non,Non,Oui,Home,84,"[41, 44, 84]",True
77a11883c00bdca2,coupe-du-monde,165082,31,2026-09-10T16:41:18Z,Czechia,Argentina,0,1,5.25,4.63,1.53,2.41,1.13,1.16,1.39,2.92,1.55,2.41,Non,Non,Non,Non,Oui,Away,14,[14],True
5783bd5590964f09,coupe-du-monde,165082,31,2026-09-10T16:41:18Z,Australia,Croatia,4,1,2.97,3.73,2.2,1.62,1.36,1.24,1.55,2.41,1.51,2.52,Oui,Oui,Oui,Non,Non,Away,72,"[22, 36, 52, 54, 72]",True
56ca8e8ded222f5a,coupe-du-monde,165082,31,2026-09-10T16:41:18Z,Switzerland,France,2,1,4.12,4.0,1.76,1.99,1.2,1.21,1.53,2.47,1.56,2.39,Oui,Oui,Oui,Non,Non,Home,57,"[41, 54, 57]",True
c42305c85b0b6b1d,coupe-du-monde,165082,31,2026-09-10T16:41:18Z,Brazil,Egypt,1,2,1.75,4.12,4.04,1.21,2.0,1.2,1.46,2.68,1.51,2.52,Oui,Oui,Non,Non,Oui,Away,77,"[46, 62, 77]",True
4e5eff4960c55628,coupe-du-monde,165082,31,2026-09-10T16:41:18Z,Saudi Arabia,Haiti,2,1,2.06,3.62,3.36,1.29,1.71,1.25,1.66,2.18,1.6,2.31,Oui,Oui,Oui,Non,Non,Away,62,"[33, 43, 62]",True
3ffffa58e884460f,coupe-du-monde,165082,31,2026-09-10T16:41:18Z,Ghana,USA,0,3,3.74,4.03,1.84,1.9,1.24,1.21,1.46,2.66,1.49,2.57,Oui,Non,Non,Non,Oui,Away,59,"[42, 47, 59]",True
dbdf746cbbb576e5,coupe-du-monde,165082,31,2026-09-10T16:41:18Z,Curacao,Uzbekistan,1,3,4.09,3.74,1.82,1.92,1.2,1.24,1.67,2.17,1.65,2.2,Oui,Oui,Non,Non,Oui,Away,71,"[13, 54, 71, 71]",True
27fbee0bff4d2d42,coupe-du-monde,165082,31,2026-09-10T16:41:18Z,Paraguay,Belgium,3,3,4.05,4.0,1.78,1.98,1.21,1.21,1.51,2.5,1.55,2.42,Oui,Oui,Non,Oui,Non,Away,64,"[32, 36, 38, 46, 60, 64]",True
57e9d2fb79e0e91a,coupe-du-monde,165082,31,2026-09-10T16:41:18Z,Germany,Morocco,0,2,3.4,3.5,2.08,1.69,1.28,1.27,1.76,2.04,1.65,2.2,Non,Non,Non,Non,Oui,Away,80,"[49, 80]",True
b9e6c68b1b24d58c,coupe-du-monde,165082,31,2026-09-10T16:41:18Z,Iraq,IR Iran,1,2,3.31,3.53,2.11,1.68,1.3,1.26,1.72,2.09,1.63,2.25,Oui,Oui,Non,Non,Oui,Home,63,"[25, 58, 63]",True
b8a99980d5060051,coupe-du-monde,165082,31,2026-09-10T16:41:18Z,Jordan,Mexico,0,6,4.01,3.86,1.81,1.93,1.21,1.23,1.59,2.33,1.59,2.32,Oui,Non,Non,Non,Oui,Away,87,"[31, 36, 41, 56, 61, 87]",True
bd4f97b148f25e21,coupe-du-monde,165082,31,2026-09-10T16:41:18Z,Congo DR,Bosnia-Herzegovina,0,1,2.68,3.63,2.42,1.52,1.43,1.25,1.59,2.32,1.52,2.49,Non,Non,Non,Non,Oui,Away,25,[25],True
323e416812e467f2,coupe-du-monde,165082,31,2026-09-10T16:41:18Z,Scotland,New Zealand,2,2,1.92,3.79,3.64,1.25,1.82,1.23,1.58,2.34,1.56,2.38,Oui,Oui,Non,Oui,Non,Away,87,"[8, 36, 54, 87]",True
9accedb5b5b1ab4b,coupe-du-monde,165082,31,2026-09-10T16:41:18Z,Tunisia,Japan,1,1,3.71,3.58,1.96,1.79,1.24,1.26,1.73,2.07,1.66,2.18,Non,Oui,Non,Oui,Non,Away,77,"[38, 77]",True
97549718ba698cbf,coupe-du-monde,165082,31,2026-09-10T16:41:18Z,Colombia,Uruguay,0,2,3.3,3.89,2.0,1.75,1.3,1.22,1.49,2.58,1.48,2.6,Non,Non,Non,Non,Oui,Away,84,"[20, 84]",True
6faacc2021f5d4ff,coupe-du-monde,165082,31,2026-09-10T16:41:18Z,Spain,Norway,2,1,1.64,4.31,4.62,1.16,2.19,1.19,1.44,2.72,1.54,2.43,Oui,Oui,Oui,Non,Non,Home,90,"[89, 89, 90]",True
ec62258cb4d7f6f0,coupe-du-monde,165082,31,2026-09-10T16:41:18Z,Panama,South Africa,1,4,2.79,3.38,2.47,1.5,1.4,1.28,1.81,1.97,1.66,2.19,Oui,Oui,Non,Non,Oui,Home,72,"[23, 26, 41, 63, 72]",True
75a6a586c2b91e2b,coupe-du-monde,165082,31,2026-09-10T16:41:18Z,Turkiye,Qatar,0,1,2.34,3.85,2.67,1.43,1.55,1.23,1.46,2.67,1.44,2.74,Non,Non,Non,Non,Oui,Away,16,[16],True
759f902b62e61ae2,coupe-du-monde,165082,31,2026-09-10T16:41:18Z,Korea Republic,Senegal,4,2,3.06,3.66,2.18,1.63,1.34,1.25,1.6,2.29,1.54,2.43,Oui,Oui,Oui,Non,Non,Away,68,"[23, 27, 40, 53, 61, 68]",True
308b87e1130c0919,coupe-du-monde,165082,31,2026-09-10T16:41:18Z,Austria,Ecuador,3,2,2.34,3.72,2.76,1.41,1.55,1.24,1.54,2.43,1.49,2.56,Oui,Oui,Oui,Non,Non,Home,81,"[29, 31, 35, 67, 81]",True
c59dc13bfa666f81,coupe-du-monde,165082,31,2026-09-10T16:41:18Z,England,Cabo Verde,2,0,1.47,4.69,5.95,1.1,2.57,1.16,1.44,2.75,1.63,2.24,Non,Non,Oui,Non,Non,Home,43,"[28, 43]",True
3bfd5aed5c21d33e,coupe-du-monde,165082,33,2026-09-10T16:45:18Z,Korea Republic,Switzerland,0,2,3.33,3.66,2.05,1.71,1.29,1.25,1.63,2.25,1.57,2.36,Non,Non,Non,Non,Oui,Away,84,"[83, 84]",True
f12514f0d8a9abab,coupe-du-monde,165082,33,2026-09-10T16:45:18Z,Sweden,Egypt,4,2,2.47,3.56,2.68,1.43,1.5,1.26,1.65,2.21,1.56,2.39,Oui,Oui,Oui,Non,Non,Away,79,"[9, 14, 17, 53, 65, 79]",True
a80439ee2d40e11d,coupe-du-monde,165082,33,2026-09-10T16:45:18Z,Canada,Bosnia-Herzegovina,2,4,2.15,3.8,3.02,1.35,1.65,1.23,1.51,2.52,1.48,2.6,Oui,Oui,Non,Non,Oui,Away,83,"[41, 42, 43, 54, 58, 83]",True
9a4153c6bdfede9e,coupe-du-monde,165082,33,2026-09-10T16:45:18Z,Australia,Cote d'Ivoire,2,0,2.5,3.73,2.55,1.47,1.49,1.24,1.52,2.48,1.48,2.61,Non,Non,Oui,Non,Non,Home,77,"[69, 77]",True
5e4516127e48c1de,coupe-du-monde,165082,33,2026-09-10T16:45:18Z,Algeria,Argentina,0,2,5.4,4.7,1.51,2.46,1.12,1.16,1.38,2.96,1.55,2.4,Non,Non,Non,Non,Oui,Away,27,"[15, 27]",True
b4c590182225eb60,coupe-du-monde,165082,33,2026-09-10T16:45:18Z,Brazil,IR Iran,1,1,1.77,4.12,3.95,1.22,1.98,1.2,1.45,2.71,1.5,2.56,Non,Oui,Non,Oui,Non,Home,51,"[46, 51]",True
3a4fdcb4ccc7b4e2,coupe-du-monde,165082,33,2026-09-10T16:45:18Z,Jordan,Portugal,0,3,6.02,4.73,1.47,2.6,1.1,1.16,1.43,2.78,1.63,2.24,Oui,Non,Non,Non,Oui,Away,87,"[53, 74, 87]",True
5725b6690f8f1662,coupe-du-monde,165082,33,2026-09-10T16:45:18Z,Scotland,Norway,0,0,3.48,4.04,1.91,1.83,1.27,1.21,1.43,2.75,1.46,2.67,Non,Non,Non,Oui,Non,,,[],True
74fc9dddc857f39f,coupe-du-monde,165082,33,2026-09-10T16:45:18Z,Morocco,USA,1,2,1.76,3.68,4.58,1.17,2.0,1.25,1.79,2.0,1.77,2.02,Oui,Oui,Non,Non,Oui,Home,32,"[14, 27, 32]",True
69db99d8e6c27a4f,coupe-du-monde,165082,33,2026-09-10T16:45:18Z,Saudi Arabia,Belgium,1,3,4.72,4.16,1.64,2.17,1.16,1.2,1.52,2.5,1.6,2.3,Oui,Oui,Non,Non,Oui,Away,85,"[12, 25, 76, 85]",True
c59b97cdd56692b9,coupe-du-monde,165082,33,2026-09-10T16:45:18Z,Paraguay,South Africa,2,1,2.18,3.6,3.09,1.33,1.63,1.25,1.64,2.22,1.57,2.37,Oui,Oui,Oui,Non,Non,Home,82,"[66, 72, 82]",True
e298e0494cfdaf89,coupe-du-monde,165082,33,2026-09-10T16:45:18Z,Czechia,Iraq,1,3,2.22,3.64,2.99,1.35,1.61,1.25,1.61,2.28,1.54,2.43,Oui,Oui,Non,Non,Oui,Away,74,"[34, 39, 55, 74]",True
7eeb222ca7973cab,coupe-du-monde,165082,33,2026-09-10T16:45:18Z,Spain,Cabo Verde,2,1,1.33,5.25,8.4,1.04,3.17,1.13,1.46,2.68,1.83,1.95,Oui,Oui,Oui,Non,Non,Home,77,"[29, 41, 77]",True
bb68710e2c1987c1,coupe-du-monde,165082,33,2026-09-10T16:45:18Z,Curacao,Japan,0,4,7.74,4.79,1.38,2.91,1.05,1.15,1.55,2.4,1.87,1.91,Oui,Non,Non,Non,Oui,Away,70,"[18, 20, 42, 70]",True
35ff5971e9d7d344,coupe-du-monde,165082,33,2026-09-10T16:45:18Z,Germany,New Zealand,1,3,1.41,5.04,6.6,1.08,2.8,1.14,1.38,2.97,1.63,2.23,Oui,Oui,Non,Non,Oui,Home,83,"[27, 80, 82, 83]",True
28861dcbca5dcd2b,coupe-du-monde,165082,33,2026-09-10T16:45:18Z,Austria,Croatia,0,0,2.79,3.55,2.38,1.53,1.4,1.26,1.65,2.2,1.56,2.38,Non,Non,Non,Oui,Non,,,[],True
ed9977a3c5ed58ff,coupe-du-monde,165082,33,2026-09-10T16:45:18Z,Congo DR,France,1,2,9.93,6.09,1.26,3.71,1.02,1.1,1.35,3.11,1.85,1.93,Oui,Oui,Non,Non,Oui,Away,90,"[20, 85, 90]",True
b6ae82afeb53d091,coupe-du-monde,165082,33,2026-09-10T16:45:18Z,Colombia,Ecuador,4,1,2.16,3.86,2.95,1.36,1.64,1.23,1.47,2.63,1.45,2.69,Oui,Oui,Oui,Non,Non,Home,82,"[2, 10, 11, 73, 82]",True
7ec8b323828f6fae,coupe-du-monde,165082,33,2026-09-10T16:45:18Z,Panama,Mexico,3,0,4.7,4.06,1.66,2.14,1.16,1.21,1.57,2.37,1.63,2.24,Oui,Non,Oui,Non,Non,Home,79,"[74, 74, 79]",True
e24c0b5b9cceb3fd,coupe-du-monde,165082,33,2026-09-10T16:45:18Z,Ghana,Uzbekistan,2,1,2.55,3.6,2.56,1.47,1.47,1.25,1.61,2.28,1.53,2.46,Oui,Oui,Oui,Non,Non,Away,74,"[20, 26, 74]",True
96ba629516c73c9f,coupe-du-monde,165082,33,2026-09-10T16:45:18Z,England,Netherlands,0,1,2.03,4.08,3.11,1.33,1.73,1.2,1.37,3.02,1.4,2.91,Non,Non,Non,Non,Oui,Away,81,[81],True
458177a1ffb08c5d,coupe-du-monde,165082,33,2026-09-10T16:45:18Z,Tunisia,Qatar,2,1,2.51,3.46,2.69,1.43,1.48,1.27,1.73,2.07,1.61,2.28,Oui,Oui,Oui,Non,Non,Home,52,"[43, 52, 52]",True
6ec69f175346f25d,coupe-du-monde,165082,33,2026-09-10T16:45:18Z,Turkiye,Senegal,0,0,3.26,3.75,2.05,1.71,1.3,1.24,1.56,2.38,1.53,2.47,Non,Non,Non,Oui,Non,,,[],True
0ccc13cea10a3cc7,coupe-du-monde,165082,33,2026-09-10T16:45:18Z,Haiti,Uruguay,0,3,8.51,5.26,1.33,3.19,1.04,1.13,1.46,2.66,1.85,1.93,Oui,Non,Non,Non,Oui,Away,36,"[22, 35, 36]",True
01909ea08adb5cb4,coupe-du-monde,165082,36,2026-09-10T16:51:18Z,Croatia,Saudi Arabia,3,1,1.78,3.91,4.15,1.2,1.98,1.22,1.58,2.35,1.6,2.31,Oui,Oui,Oui,Non,Non,Home,87,"[1, 54, 87, 87]",True
17190c27b6b53121,coupe-du-monde,165082,36,2026-09-10T16:51:18Z,Senegal,England,1,3,3.29,3.8,2.03,1.73,1.3,1.23,1.54,2.44,1.51,2.51,Oui,Oui,Non,Non,Oui,Home,86,"[20, 36, 51, 86]",True
10d786900523ec0a,coupe-du-monde,165082,36,2026-09-10T16:51:18Z,Japan,Scotland,1,0,1.88,3.88,3.7,1.24,1.86,1.22,1.54,2.43,1.54,2.43,Non,Non,Oui,Non,Non,Home,47,[47],True
2b45b97e88ea7918,coupe-du-monde,165082,36,2026-09-10T16:51:18Z,Norway,USA,4,0,2.16,3.98,2.89,1.37,1.64,1.21,1.4,2.88,1.41,2.86,Oui,Non,Oui,Non,Non,Home,90,"[21, 30, 51, 90]",True
a7c7dc8ed245528f,coupe-du-monde,165082,36,2026-09-10T16:51:18Z,Czechia,Turkiye,1,2,2.47,3.71,2.59,1.46,1.5,1.24,1.54,2.44,1.49,2.58,Oui,Oui,Non,Non,Oui,Home,74,"[57, 59, 74]",True
cc3a88f31bdfa37f,coupe-du-monde,165082,36,2026-09-10T16:51:18Z,Ecuador,Uruguay,1,4,3.91,3.98,1.81,1.94,1.22,1.21,1.51,2.52,1.53,2.45,Oui,Oui,Non,Non,Oui,Home,87,"[24, 44, 45, 53, 87]",True
4851b9e2099aa3a7,coupe-du-monde,165082,36,2026-09-10T16:51:18Z,France,Jordan,1,1,1.31,5.53,8.68,1.04,3.32,1.12,1.4,2.87,1.81,1.97,Non,Oui,Non,Oui,Non,Away,45,"[43, 45]",True
2400c74b583aa761,coupe-du-monde,165082,36,2026-09-10T16:51:18Z,Iraq,Canada,0,0,2.8,3.66,2.33,1.55,1.4,1.25,1.58,2.34,1.52,2.49,Non,Non,Non,Oui,Non,,,[],True
9985fa6585e79d91,coupe-du-monde,165082,36,2026-09-10T16:51:18Z,South Africa,Haiti,0,2,2.08,3.54,3.37,1.29,1.7,1.26,1.72,2.09,1.63,2.24,Non,Non,Non,Non,Oui,Away,30,"[4, 30]",True
85b4ee9637edd527,coupe-du-monde,165082,36,2026-09-10T16:51:18Z,Congo DR,Brazil,1,1,6.53,5.1,1.41,2.81,1.08,1.14,1.36,3.06,1.61,2.27,Non,Oui,Non,Oui,Non,Away,63,"[49, 63]",True
29b00843aeec62c4,coupe-du-monde,165082,36,2026-09-10T16:51:18Z,Korea Republic,Algeria,0,3,2.57,3.66,2.52,1.48,1.46,1.25,1.57,2.37,1.51,2.53,Oui,Non,Non,Non,Oui,Away,64,"[2, 55, 64]",True
5113cf71955c6a58,coupe-du-monde,165082,36,2026-09-10T16:51:18Z,Cabo Verde,Morocco,0,2,7.16,4.03,1.49,2.53,1.07,1.21,1.87,1.9,2.07,1.73,Non,Non,Non,Non,Oui,Away,45,"[39, 45]",True
a819a3631639a901,coupe-du-monde,165082,36,2026-09-10T16:51:18Z,IR Iran,Tunisia,1,1,2.35,3.38,2.95,1.36,1.55,1.28,1.82,1.96,1.67,2.17,Non,Oui,Non,Oui,Non,Away,38,"[1, 38]",True
686497a35488c880,coupe-du-monde,165082,36,2026-09-10T16:51:18Z,Qatar,Spain,1,3,6.99,4.93,1.4,2.84,1.07,1.15,1.44,2.72,1.71,2.1,Oui,Oui,Non,Non,Oui,Away,59,"[21, 42, 52, 59]",True
4ca6648e5cacb4ea,coupe-du-monde,165082,36,2026-09-10T16:51:18Z,Belgium,Germany,2,4,2.61,3.96,2.36,1.54,1.45,1.22,1.4,2.87,1.4,2.88,Oui,Oui,Non,Non,Oui,Home,82,"[43, 44, 45, 63, 67, 82]",True
87d4b984cbc7de16,coupe-du-monde,165082,36,2026-09-10T16:51:18Z,Mexico,Colombia,1,3,2.57,3.9,2.42,1.52,1.46,1.22,1.43,2.78,1.42,2.82,Oui,Oui,Non,Non,Oui,Home,76,"[11, 40, 54, 76]",True
595e682de61e34e8,coupe-du-monde,165082,36,2026-09-10T16:51:18Z,Argentina,Australia,3,0,1.54,4.68,5.1,1.14,2.4,1.16,1.36,3.08,1.51,2.5,Oui,Non,Oui,Non,Non,Home,86,"[41, 81, 86]",True
5e71ce45045158cb,coupe-du-monde,165082,36,2026-09-10T16:51:18Z,Cote d'Ivoire,Paraguay,1,0,2.23,3.71,2.93,1.36,1.61,1.24,1.56,2.4,1.51,2.53,Non,Non,Oui,Non,Non,Home,48,[48],True
b9368689e7ba69ff,coupe-du-monde,165082,36,2026-09-10T16:51:18Z,Egypt,Curacao,2,0,1.55,4.13,5.8,1.11,2.37,1.2,1.66,2.19,1.78,2.0,Non,Non,Oui,Non,Non,Home,68,"[50, 68]",True
3dff413b700f1a0c,coupe-du-monde,165082,36,2026-09-10T16:51:18Z,Portugal,Austria,4,1,1.87,4.13,3.53,1.26,1.87,1.2,1.4,2.91,1.44,2.75,Oui,Oui,Oui,Non,Non,Home,90,"[11, 44, 57, 74, 90]",True
640475acf7a518ba,coupe-du-monde,165082,36,2026-09-10T16:51:18Z,Bosnia-Herzegovina,Panama,4,0,2.36,3.55,2.82,1.39,1.54,1.26,1.66,2.18,1.57,2.36,Oui,Non,Oui,Non,Non,Home,84,"[21, 28, 75, 84]",True
73141ddbfde5bcc0,coupe-du-monde,165082,36,2026-09-10T16:51:18Z,Netherlands,Ghana,2,0,1.63,4.31,4.63,1.16,2.19,1.19,1.44,2.73,1.54,2.44,Non,Non,Oui,Non,Non,Home,83,"[81, 83]",True
1d056e97abbadb7c,coupe-du-monde,165082,36,2026-09-10T16:51:18Z,Uzbekistan,New Zealand,2,3,2.2,3.59,3.07,1.34,1.62,1.26,1.66,2.19,1.57,2.35,Oui,Oui,Non,Non,Oui,Away,86,"[20, 33, 62, 71, 86]",True
c269e13c6f67f59d,coupe-du-monde,165082,36,2026-09-10T16:51:18Z,Switzerland,Sweden,1,4,2.1,3.54,3.33,1.29,1.68,1.26,1.72,2.09,1.63,2.24,Oui,Oui,Non,Non,Oui,Home,81,"[38, 44, 46, 46, 81]",True
ec80783f84af589d,coupe-du-monde,165082,38,2026-09-10T16:55:18Z,Ecuador,Germany,1,3,3.53,4.21,1.85,1.88,1.26,1.19,1.37,3.05,1.41,2.83,Oui,Oui,Non,Non,Oui,Home,89,"[21, 41, 73, 89]",True
e29c4d98e5edc608,coupe-du-monde,165082,38,2026-09-10T16:55:18Z,Qatar,Scotland,0,4,2.51,3.69,2.56,1.47,1.48,1.24,1.55,2.4,1.5,2.55,Oui,Non,Non,Non,Oui,Away,88,"[9, 18, 21, 88]",True
fff9446b3160878f,coupe-du-monde,165082,38,2026-09-10T16:55:18Z,Egypt,Ghana,1,2,2.01,3.65,3.45,1.27,1.74,1.25,1.65,2.2,1.59,2.31,Oui,Oui,Non,Non,Oui,Home,61,"[19, 23, 61]",True
219eaa4a855b61c3,coupe-du-monde,165082,38,2026-09-10T16:55:18Z,Czechia,Tunisia,0,2,2.5,3.4,2.73,1.42,1.49,1.28,1.78,2.01,1.64,2.22,Non,Non,Non,Non,Oui,Away,39,"[25, 39]",True
eef9d58a109cba79,coupe-du-monde,165082,38,2026-09-10T16:55:18Z,Uzbekistan,Norway,1,3,4.3,4.21,1.7,2.09,1.19,1.19,1.45,2.71,1.52,2.49,Oui,Oui,Non,Non,Oui,Away,81,"[24, 33, 46, 81]",True
2226a8451e2cc805,coupe-du-monde,165082,38,2026-09-10T16:55:18Z,Cote d'Ivoire,Saudi Arabia,2,0,2.02,3.76,3.33,1.29,1.73,1.24,1.56,2.39,1.53,2.47,Non,Non,Oui,Non,Non,Home,78,"[58, 78]",True
21fc62898bfa37b8,coupe-du-monde,165082,38,2026-09-10T16:55:18Z,Congo DR,Sweden,1,0,3.88,3.76,1.86,1.87,1.22,1.24,1.63,2.24,1.61,2.28,Non,Non,Oui,Non,Non,Home,89,[89],True
7fc45bb1b77a5a61,coupe-du-monde,165082,38,2026-09-10T16:55:18Z,Japan,New Zealand,4,0,1.51,4.42,5.86,1.1,2.47,1.18,1.53,2.46,1.7,2.12,Oui,Non,Oui,Non,Non,Home,77,"[2, 4, 11, 77]",True
38f6fa34e735d32e,coupe-du-monde,165082,38,2026-09-10T16:55:18Z,Brazil,Canada,2,1,1.57,4.63,4.79,1.15,2.31,1.16,1.35,3.16,1.48,2.61,Oui,Oui,Oui,Non,Non,Home,86,"[15, 27, 86]",True
dd9a7401731aefb0,coupe-du-monde,165082,38,2026-09-10T16:55:18Z,Cabo Verde,USA,1,3,3.57,3.92,1.9,1.84,1.26,1.22,1.5,2.55,1.5,2.53,Oui,Oui,Non,Non,Oui,Away,76,"[24, 48, 74, 76]",True
58393b07c9996d66,coupe-du-monde,165082,38,2026-09-10T16:55:18Z,Algeria,Turkiye,2,3,2.48,3.72,2.57,1.46,1.49,1.24,1.53,2.46,1.48,2.59,Oui,Oui,Non,Non,Oui,Away,74,"[23, 34, 61, 69, 74]",True
6bec6521f1d21cac,coupe-du-monde,165082,38,2026-09-10T16:55:18Z,IR Iran,Curacao,3,1,1.54,4.15,5.82,1.1,2.38,1.2,1.65,2.21,1.78,2.0,Oui,Oui,Oui,Non,Non,Home,90,"[37, 45, 48, 90]",True
a0f5dae27f5b3344,coupe-du-monde,165082,38,2026-09-10T16:55:18Z,Croatia,Uruguay,1,2,3.04,3.62,2.2,1.62,1.34,1.25,1.63,2.25,1.55,2.4,Oui,Oui,Non,Non,Oui,Home,79,"[24, 48, 79]",True
b9d72d43988cb506,coupe-du-monde,165082,38,2026-09-10T16:55:18Z,Iraq,Australia,0,3,3.06,3.71,2.16,1.65,1.34,1.24,1.57,2.36,1.52,2.48,Oui,Non,Non,Non,Oui,Away,60,"[30, 31, 60]",True
70188ea23fdb2e52,coupe-du-monde,165082,38,2026-09-10T16:55:18Z,South Africa,Belgium,3,0,5.32,4.34,1.56,2.35,1.13,1.18,1.5,2.53,1.63,2.23,Oui,Non,Oui,Non,Non,Home,56,"[44, 45, 56]",True
5df799977443905a,coupe-du-monde,165082,38,2026-09-10T16:55:18Z,Switzerland,England,1,2,3.19,3.71,2.1,1.68,1.32,1.24,1.58,2.34,1.53,2.45,Oui,Oui,Non,Non,Oui,Away,59,"[37, 56, 59]",True
58bb817651735141,coupe-du-monde,165082,38,2026-09-10T16:55:18Z,Argentina,Austria,1,1,1.74,4.26,3.98,1.21,2.02,1.19,1.39,2.94,1.46,2.67,Non,Oui,Non,Oui,Non,Away,83,"[78, 83]",True
a654b3040cfa349c,coupe-du-monde,165082,38,2026-09-10T16:55:18Z,Portugal,Colombia,3,2,1.99,4.16,3.15,1.32,1.76,1.2,1.35,3.12,1.39,2.95,Oui,Oui,Oui,Non,Non,Home,58,"[17, 45, 47, 56, 58]",True
8e22db92e4588a48,coupe-du-monde,165082,38,2026-09-10T16:55:18Z,Bosnia-Herzegovina,Paraguay,1,0,2.79,3.62,2.35,1.55,1.4,1.25,1.61,2.29,1.53,2.45,Non,Non,Oui,Non,Non,Home,66,[66],True
d314fd10acf04784,coupe-du-monde,165082,38,2026-09-10T16:55:18Z,Mexico,Haiti,1,2,1.52,4.4,5.74,1.11,2.44,1.18,1.52,2.48,1.68,2.15,Oui,Oui,Non,Non,Oui,Away,81,"[22, 47, 81]",True
bcf0a84cf0311e43,coupe-du-monde,165082,38,2026-09-10T16:55:18Z,Netherlands,Morocco,2,3,3.82,3.63,1.91,1.83,1.23,1.25,1.71,2.1,1.66,2.19,Oui,Oui,Non,Non,Oui,Away,80,"[35, 40, 56, 70, 80]",True
768538dbb23bc01c,coupe-du-monde,165082,38,2026-09-10T16:55:18Z,Senegal,Spain,1,2,4.86,4.14,1.63,2.19,1.15,1.2,1.55,2.42,1.63,2.24,Oui,Oui,Non,Non,Oui,Away,84,"[10, 82, 84]",True
3245a8c6e305305f,coupe-du-monde,165082,38,2026-09-10T16:55:18Z,France,Panama,1,1,1.26,6.03,10.23,1.02,3.72,1.1,1.38,2.97,1.9,1.88,Non,Oui,Non,Oui,Non,Away,87,"[86, 87]",True
fa36724847945ff6,coupe-du-monde,165082,38,2026-09-10T16:55:18Z,Korea Republic,Jordan,2,2,2.06,3.66,3.32,1.29,1.71,1.25,1.63,2.24,1.57,2.36,Oui,Oui,Non,Oui,Non,Home,76,"[21, 22, 42, 76]",True
ddd1fbc2e410695c,coupe-du-monde,165082,41,2026-09-10T17:01:18Z,Scotland,IR Iran,0,3,2.92,3.65,2.26,1.59,1.37,1.25,1.59,2.31,1.53,2.46,Oui,Non,Non,Non,Oui,Away,85,"[78, 83, 85]",True
f1cc6a5879ef7f52,coupe-du-monde,165082,41,2026-09-10T17:01:18Z,Spain,Czechia,0,2,1.46,4.57,6.49,1.08,2.63,1.17,1.53,2.46,1.75,2.05,Non,Non,Non,Non,Oui,Away,44,"[42, 44]",True
6b045bca2b04bc4a,coupe-du-monde,165082,41,2026-09-10T17:01:18Z,New Zealand,Egypt,2,3,4.33,3.83,1.76,1.99,1.18,1.23,1.65,2.21,1.65,2.2,Oui,Oui,Non,Non,Oui,Away,68,"[9, 36, 57, 58, 68]",True
4947fa293b477da6,coupe-du-monde,165082,41,2026-09-10T17:01:18Z,USA,Qatar,1,2,2.12,3.88,3.02,1.35,1.67,1.22,1.46,2.66,1.45,2.7,Oui,Oui,Non,Non,Oui,Home,89,"[63, 71, 89]",True
a5e67feb175471b5,coupe-du-monde,165082,41,2026-09-10T17:01:18Z,Germany,Cabo Verde,3,0,1.67,4.27,4.4,1.18,2.13,1.19,1.44,2.74,1.52,2.48,Oui,Non,Oui,Non,Non,Home,45,"[43, 45, 45]",True
c349da5f5b4cfe64,coupe-du-monde,165082,41,2026-09-10T17:01:18Z,Uruguay,Portugal,1,2,2.77,3.89,2.26,1.59,1.4,1.22,1.44,2.73,1.43,2.78,Oui,Oui,Non,Non,Oui,Away,82,"[2, 64, 82]",True
f713ec01c001955c,coupe-du-monde,165082,41,2026-09-10T17:01:18Z,Colombia,France,3,3,4.36,4.45,1.65,2.16,1.18,1.18,1.37,3.03,1.47,2.63,Oui,Oui,Non,Oui,Non,Away,65,"[22, 38, 42, 64, 64, 65]",True
ec61e5d229d6c4a8,coupe-du-monde,165082,41,2026-09-10T17:01:18Z,Saudi Arabia,Argentina,1,2,7.5,5.51,1.34,3.12,1.06,1.12,1.34,3.19,1.67,2.17,Oui,Oui,Non,Non,Oui,Home,66,"[7, 41, 66]",True
c6f3c9cfecd7e09d,coupe-du-monde,165082,41,2026-09-10T17:01:18Z,South Africa,Croatia,0,3,4.4,3.89,1.74,2.03,1.18,1.22,1.62,2.26,1.64,2.22,Oui,Non,Non,Non,Oui,Away,87,"[17, 59, 87]",True
f78d89f46a588a17,coupe-du-monde,165082,41,2026-09-10T17:01:18Z,Belgium,Cote d'Ivoire,2,2,1.96,3.9,3.41,1.28,1.79,1.22,1.49,2.56,1.49,2.57,Oui,Oui,Non,Oui,Non,Away,66,"[5, 27, 63, 66]",True
65ecae6c3c0fe231,coupe-du-monde,165082,41,2026-09-10T17:01:18Z,Paraguay,Iraq,2,3,2.41,3.57,2.75,1.41,1.52,1.26,1.64,2.22,1.55,2.4,Oui,Oui,Non,Non,Oui,Home,85,"[17, 36, 44, 83, 85]",True
6f9ba8550cb51a8c,coupe-du-monde,165082,41,2026-09-10T17:01:18Z,Jordan,Sweden,1,1,3.72,3.6,1.95,1.8,1.24,1.25,1.72,2.09,1.66,2.19,Non,Oui,Non,Oui,Non,Away,75,"[68, 75]",True
594064e734204849,coupe-du-monde,165082,41,2026-09-10T17:01:18Z,Panama,Brazil,0,2,6.79,5.02,1.4,2.83,1.08,1.14,1.41,2.87,1.67,2.17,Non,Non,Non,Non,Oui,Away,60,"[49, 60]",True
23979ed5fce16e9d,coupe-du-monde,165082,41,2026-09-10T17:01:18Z,Uzbekistan,Japan,0,2,4.56,4.08,1.68,2.11,1.17,1.2,1.54,2.44,1.6,2.3,Non,Non,Non,Non,Oui,Away,66,"[26, 66]",True
0ecd99ce305f3204,coupe-du-monde,165082,41,2026-09-10T17:01:18Z,Tunisia,Canada,2,0,2.6,3.52,2.55,1.47,1.45,1.27,1.68,2.15,1.58,2.34,Non,Non,Oui,Non,Non,Home,59,"[57, 59]",True
e91409c5bb281987,coupe-du-monde,165082,41,2026-09-10T17:01:18Z,Ecuador,Mexico,1,1,2.88,3.77,2.23,1.6,1.38,1.24,1.52,2.49,1.48,2.6,Non,Oui,Non,Oui,Non,Away,54,"[34, 54]",True
4262a5e2143cb6cb,coupe-du-monde,165082,41,2026-09-10T17:01:18Z,Morocco,Senegal,1,2,1.93,3.38,4.06,1.21,1.81,1.28,1.96,1.81,1.83,1.95,Oui,Oui,Non,Non,Oui,Away,75,"[14, 64, 75]",True
b0e0f8503d66d9d9,coupe-du-monde,165082,41,2026-09-10T17:01:18Z,Ghana,Switzerland,2,0,4.33,3.83,1.76,1.99,1.18,1.23,1.65,2.21,1.66,2.19,Non,Non,Oui,Non,Non,Home,89,"[88, 89]",True
bb0d0023b407f4c2,coupe-du-monde,165082,41,2026-09-10T17:01:18Z,Australia,Turkiye,1,3,2.34,3.79,2.71,1.42,1.55,1.23,1.49,2.57,1.46,2.67,Oui,Oui,Non,Non,Oui,Away,62,"[19, 48, 56, 62]",True
81f061d078d2f51f,coupe-du-monde,165082,41,2026-09-10T17:01:18Z,Austria,Korea Republic,3,2,2.27,3.82,2.8,1.4,1.59,1.23,1.48,2.59,1.46,2.68,Oui,Oui,Oui,Non,Non,Home,89,"[42, 44, 80, 82, 89]",True
dd58f4171f806d1b,coupe-du-monde,165082,41,2026-09-10T17:01:18Z,Haiti,Bosnia-Herzegovina,0,2,3.47,3.65,2.01,1.74,1.27,1.25,1.66,2.19,1.6,2.3,Non,Non,Non,Non,Oui,Away,44,"[29, 44]",True
d8b75e21636abee8,coupe-du-monde,165082,41,2026-09-10T17:01:18Z,Norway,Netherlands,4,1,2.59,4.04,2.34,1.55,1.46,1.21,1.36,3.07,1.37,3.02,Oui,Oui,Oui,Non,Non,Home,68,"[17, 24, 30, 57, 68]",True
8166307c68f9d8b2,coupe-du-monde,165082,41,2026-09-10T17:01:18Z,Curacao,Congo DR,1,2,3.77,3.59,1.94,1.8,1.23,1.26,1.74,2.06,1.67,2.17,Oui,Oui,Non,Non,Oui,Home,42,"[28, 37, 42]",True
e3f902b5ad5a1db2,coupe-du-monde,165082,41,2026-09-10T17:01:18Z,England,Algeria,1,0,1.6,4.41,4.84,1.15,2.26,1.18,1.43,2.78,1.54,2.43,Non,Non,Oui,Non,Non,Home,3,[3],True
80e67dbeb608c9d0,coupe-du-monde,165082,43,2026-09-10T17:05:18Z,USA,Senegal,0,0,2.91,3.76,2.22,1.61,1.37,1.24,1.52,2.49,1.48,2.59,Non,Non,Non,Oui,Non,,,[],True
8028c4b015fe36b1,coupe-du-monde,165082,43,2026-09-10T17:05:18Z,Australia,Tunisia,0,1,2.39,3.45,2.84,1.39,1.53,1.27,1.75,2.05,1.62,2.26,Non,Non,Non,Non,Oui,Away,5,[5],True
b2137fff1b644a9b,coupe-du-monde,165082,43,2026-09-10T17:05:18Z,England,Jordan,3,0,1.46,4.68,6.22,1.09,2.62,1.16,1.46,2.67,1.67,2.17,Oui,Non,Oui,Non,Non,Home,87,"[2, 63, 87]",True
3b45e2855db7d883,coupe-du-monde,165082,43,2026-09-10T17:05:18Z,Ecuador,Portugal,2,2,3.84,4.26,1.77,1.98,1.23,1.19,1.38,3.0,1.44,2.74,Oui,Oui,Non,Oui,Non,Home,90,"[13, 85, 89, 90]",True
55b689e0b4cbfbd5,coupe-du-monde,165082,43,2026-09-10T17:05:18Z,South Africa,Cote d'Ivoire,1,1,3.51,3.78,1.96,1.79,1.27,1.23,1.57,2.36,1.55,2.42,Non,Oui,Non,Oui,Non,Home,83,"[25, 83]",True
9e2348583e41e537,coupe-du-monde,165082,43,2026-09-10T17:05:18Z,Paraguay,Brazil,1,0,5.06,4.62,1.55,2.37,1.14,1.16,1.38,2.99,1.53,2.47,Non,Non,Oui,Non,Non,Home,54,[54],True
36da28c9d76036b7,coupe-du-monde,165082,43,2026-09-10T17:05:18Z,Austria,Turkiye,3,2,2.16,3.88,2.95,1.36,1.65,1.22,1.46,2.66,1.45,2.7,Oui,Oui,Oui,Non,Non,Away,84,"[17, 39, 49, 53, 84]",True
214cd62b2ae1fe5e,coupe-du-monde,165082,43,2026-09-10T17:05:18Z,New Zealand,IR Iran,0,0,4.36,3.86,1.75,2.01,1.18,1.23,1.63,2.23,1.65,2.2,Non,Non,Non,Oui,Non,,,[],True
c88388d56256146c,coupe-du-monde,165082,43,2026-09-10T17:05:18Z,Panama,Sweden,1,4,4.4,3.77,1.76,1.99,1.18,1.23,1.69,2.13,1.69,2.14,Oui,Oui,Non,Non,Oui,Away,61,"[17, 29, 48, 57, 61]",True
4ce64989eff5451b,coupe-du-monde,165082,43,2026-09-10T17:05:18Z,Croatia,Mexico,1,3,2.4,3.72,2.67,1.43,1.53,1.24,1.54,2.45,1.49,2.58,Oui,Oui,Non,Non,Oui,Away,66,"[24, 29, 33, 66]",True
6fe75ad3deb6d55f,coupe-du-monde,165082,43,2026-09-10T17:05:18Z,Uzbekistan,Qatar,0,0,2.98,3.77,2.18,1.63,1.35,1.23,1.52,2.48,1.49,2.58,Non,Non,Non,Oui,Non,,,[],True
0578cc6694e83ed0,coupe-du-monde,165082,43,2026-09-10T17:05:18Z,Norway,Egypt,0,1,2.09,3.75,3.17,1.32,1.69,1.24,1.55,2.41,1.51,2.51,Non,Non,Non,Non,Oui,Away,80,[80],True
478a409bcf49bfab,coupe-du-monde,165082,43,2026-09-10T17:05:18Z,Cabo Verde,Netherlands,3,2,4.71,4.32,1.62,2.21,1.16,1.18,1.45,2.72,1.55,2.42,Oui,Oui,Oui,Non,Non,Away,90,"[20, 36, 77, 80, 90]",True
589bfb65d332b9a6,coupe-du-monde,165082,43,2026-09-10T17:05:18Z,Belgium,Bosnia-Herzegovina,4,0,1.62,4.23,4.83,1.15,2.21,1.19,1.5,2.55,1.59,2.31,Oui,Non,Oui,Non,Non,Home,88,"[16, 56, 68, 88]",True
fb8177872daed254,coupe-du-monde,165082,43,2026-09-10T17:05:18Z,Spain,Algeria,3,1,1.44,4.77,6.45,1.08,2.69,1.15,1.45,2.68,1.69,2.14,Oui,Oui,Oui,Non,Non,Home,84,"[40, 43, 81, 84]",True
f587e877796ef9cb,coupe-du-monde,165082,43,2026-09-10T17:05:18Z,Colombia,Korea Republic,1,2,2.08,3.93,3.07,1.34,1.69,1.22,1.44,2.73,1.44,2.74,Oui,Oui,Non,Non,Oui,Home,51,"[10, 11, 51]",True
1f39500ce55122a6,coupe-du-monde,165082,43,2026-09-10T17:05:18Z,Ghana,Congo DR,2,0,2.46,3.54,2.69,1.43,1.5,1.26,1.66,2.18,1.57,2.37,Non,Non,Oui,Non,Non,Home,84,"[74, 84]",True
8db426f0c641a50d,coupe-du-monde,165082,43,2026-09-10T17:05:18Z,Curacao,Canada,2,2,5.17,4.22,1.59,2.28,1.13,1.19,1.54,2.43,1.65,2.2,Oui,Oui,Non,Oui,Non,Home,63,"[18, 27, 35, 63]",True
02abff532b654d95,coupe-du-monde,165082,43,2026-09-10T17:05:18Z,Morocco,Switzerland,1,1,2.02,3.22,3.95,1.22,1.74,1.31,2.12,1.7,1.92,1.86,Non,Oui,Non,Oui,Non,Away,75,"[62, 75]",True
3c39e0ca8f4b3b18,coupe-du-monde,165082,43,2026-09-10T17:05:18Z,Scotland,Czechia,2,0,2.63,3.69,2.45,1.51,1.44,1.24,1.56,2.4,1.5,2.54,Non,Non,Oui,Non,Non,Home,63,"[53, 63]",True
f9659dc707ed35c6,coupe-du-monde,165082,43,2026-09-10T17:05:18Z,Germany,Japan,1,3,2.23,3.9,2.81,1.39,1.6,1.22,1.44,2.74,1.43,2.78,Oui,Oui,Non,Non,Oui,Home,85,"[20, 31, 73, 85]",True
1a554ef639499b11,coupe-du-monde,165082,43,2026-09-10T17:05:18Z,Haiti,France,1,3,14.17,7.34,1.17,4.75,0.99,1.06,1.32,3.33,2.06,1.74,Oui,Oui,Non,Non,Oui,Away,78,"[44, 45, 50, 78]",True
5aab6a251b37a3b2,coupe-du-monde,165082,43,2026-09-10T17:05:18Z,Uruguay,Argentina,2,3,3.22,3.97,2.01,1.74,1.31,1.21,1.43,2.76,1.44,2.73,Oui,Oui,Non,Non,Oui,Home,62,"[25, 40, 45, 50, 62]",True
9ffba525a9570afe,coupe-du-monde,165082,43,2026-09-10T17:05:18Z,Saudi Arabia,Iraq,2,2,2.68,3.56,2.47,1.5,1.43,1.26,1.65,2.21,1.55,2.4,Oui,Oui,Non,Oui,Non,Home,80,"[1, 34, 54, 80]",True
3f05d7cbb76c6e9a,coupe-du-monde,165082,48,2026-09-10T17:15:18Z,Algeria,USA,0,0,2.94,3.85,2.17,1.64,1.36,1.23,1.48,2.61,1.46,2.67,Non,Non,Non,Oui,Non,,,[],True
1ed13cd1455167e4,coupe-du-monde,165082,48,2026-09-10T17:15:18Z,Argentina,Mexico,1,1,1.7,4.41,4.05,1.21,2.07,1.18,1.35,3.15,1.43,2.76,Non,Oui,Non,Oui,Non,Away,75,"[24, 75]",True
b142e2ab6fd3c291,coupe-du-monde,165082,48,2026-09-10T17:15:18Z,Panama,Ghana,2,0,2.88,3.48,2.35,1.55,1.38,1.27,1.72,2.09,1.6,2.29,Non,Non,Oui,Non,Non,Home,59,"[59, 59]",True
4c0346a8617ff94f,coupe-du-monde,165082,48,2026-09-10T17:15:18Z,Canada,New Zealand,1,1,1.92,3.81,3.62,1.25,1.82,1.23,1.57,2.37,1.55,2.41,Non,Oui,Non,Oui,Non,Away,88,"[68, 88]",True
615431c78a501a98,coupe-du-monde,165082,48,2026-09-10T17:15:18Z,Egypt,Qatar,1,3,2.28,3.62,2.9,1.37,1.58,1.25,1.62,2.27,1.54,2.43,Oui,Oui,Non,Non,Oui,Away,78,"[20, 28, 45, 78]",True
23b3946a47b50ccc,coupe-du-monde,165082,48,2026-09-10T17:15:18Z,Congo DR,Norway,2,3,4.36,4.12,1.7,2.08,1.18,1.2,1.49,2.56,1.55,2.4,Oui,Oui,Non,Non,Oui,Away,63,"[36, 45, 45, 57, 63]",True
432c1fd2308e64cc,coupe-du-monde,165082,48,2026-09-10T17:15:18Z,Czechia,Uzbekistan,4,2,2.11,3.71,3.17,1.32,1.68,1.24,1.58,2.34,1.53,2.45,Oui,Oui,Oui,Non,Non,Away,84,"[10, 14, 37, 48, 62, 84]",True
52f1c9148cb50447,coupe-du-monde,165082,48,2026-09-10T17:15:18Z,England,Colombia,2,0,1.84,4.12,3.64,1.25,1.9,1.2,1.41,2.84,1.45,2.7,Non,Non,Oui,Non,Non,Home,64,"[16, 64]",True
43ff0908728520a6,coupe-du-monde,165082,48,2026-09-10T17:15:18Z,Austria,Spain,3,1,5.1,4.3,1.58,2.29,1.14,1.19,1.49,2.56,1.61,2.28,Oui,Oui,Oui,Non,Non,Home,76,"[29, 45, 75, 76]",True
071f1537e8a5a6d6,coupe-du-monde,165082,48,2026-09-10T17:15:18Z,Korea Republic,Ecuador,1,2,2.56,3.76,2.48,1.5,1.46,1.24,1.51,2.52,1.47,2.64,Oui,Oui,Non,Non,Oui,Home,61,"[34, 60, 61]",True
9414795130cc1f02,coupe-du-monde,165082,48,2026-09-10T17:15:18Z,Sweden,Haiti,2,2,1.55,4.25,5.61,1.11,2.37,1.19,1.58,2.35,1.71,2.1,Oui,Oui,Non,Oui,Non,Away,86,"[26, 27, 86, 86]",True
489a797eeebf01a7,coupe-du-monde,165082,48,2026-09-10T17:15:18Z,Australia,Scotland,1,1,2.26,3.77,2.84,1.39,1.59,1.23,1.51,2.51,1.48,2.61,Non,Oui,Non,Oui,Non,Home,36,"[19, 36]",True
9f675363c17a37de,coupe-du-monde,165082,48,2026-09-10T17:15:18Z,Bosnia-Herzegovina,Cote d'Ivoire,2,0,3.26,3.77,2.05,1.72,1.3,1.24,1.55,2.41,1.52,2.49,Non,Non,Oui,Non,Non,Home,75,"[26, 75]",True
1933f24cc64bbfba,coupe-du-monde,165082,48,2026-09-10T17:15:18Z,Jordan,Morocco,0,1,7.66,4.07,1.46,2.61,1.06,1.2,1.89,1.88,2.14,1.68,Non,Non,Non,Non,Oui,Away,3,[3],True
233ecdb316285b9b,coupe-du-monde,165082,48,2026-09-10T17:15:18Z,IR Iran,Japan,0,1,3.3,3.63,2.08,1.7,1.3,1.25,1.64,2.22,1.58,2.35,Non,Non,Non,Non,Oui,Away,24,[24],True
61699932a517778f,coupe-du-monde,165082,48,2026-09-10T17:15:18Z,Iraq,South Africa,3,2,2.32,3.51,2.91,1.37,1.56,1.27,1.69,2.13,1.59,2.32,Oui,Oui,Oui,Non,Non,Away,89,"[43, 44, 64, 88, 89]",True
33c50156c02f19db,coupe-du-monde,165082,48,2026-09-10T17:15:18Z,Turkiye,Uruguay,2,4,4.0,4.12,1.76,1.99,1.21,1.2,1.46,2.68,1.5,2.53,Oui,Oui,Non,Non,Oui,Away,75,"[15, 25, 27, 55, 74, 75]",True
31756a716919d839,coupe-du-monde,165082,48,2026-09-10T17:15:18Z,Switzerland,Cabo Verde,2,1,1.76,3.73,4.45,1.17,1.99,1.24,1.73,2.08,1.72,2.09,Oui,Oui,Oui,Non,Non,Home,74,"[40, 56, 74]",True
cf4246ed78c1d7bd,coupe-du-monde,165082,48,2026-09-10T17:15:18Z,Curacao,Paraguay,1,0,4.69,3.94,1.69,2.1,1.16,1.22,1.63,2.24,1.67,2.17,Non,Non,Oui,Non,Non,Home,18,[18],True
f2bbfd3607610100,coupe-du-monde,165082,48,2026-09-10T17:15:18Z,Senegal,Netherlands,2,2,2.81,3.82,2.26,1.59,1.39,1.23,1.48,2.59,1.46,2.68,Oui,Oui,Non,Oui,Non,Away,59,"[37, 43, 52, 59]",True
8135e945870766ca,coupe-du-monde,165082,48,2026-09-10T17:15:18Z,France,Croatia,2,2,1.68,4.19,4.42,1.18,2.11,1.19,1.47,2.65,1.54,2.44,Oui,Oui,Non,Oui,Non,Home,53,"[26, 36, 39, 53]",True
2abb8e0bd0c034e8,coupe-du-monde,165082,48,2026-09-10T17:15:18Z,Brazil,Belgium,1,5,2.11,4.01,2.97,1.36,1.68,1.21,1.4,2.91,1.41,2.87,Oui,Oui,Non,Non,Oui,Away,82,"[21, 39, 44, 58, 74, 82]",True
7997322bfef8a5c9,coupe-du-monde,165082,48,2026-09-10T17:15:18Z,Portugal,Germany,0,5,2.1,4.24,2.87,1.38,1.68,1.19,1.3,3.43,1.34,3.17,Oui,Non,Non,Non,Oui,Away,61,"[14, 39, 56, 57, 61]",True
8b08e2260fe30a2a,coupe-du-monde,165082,48,2026-09-10T17:15:18Z,Tunisia,Saudi Arabia,2,1,2.17,3.49,3.21,1.31,1.64,1.27,1.74,2.06,1.63,2.23,Oui,Oui,Oui,Non,Non,Home,55,"[26, 46, 55]",True
9d46b39b763db5d2,coupe-du-monde,165082,46,2026-09-10T17:11:18Z,Qatar,Netherlands,2,0,3.58,4.15,1.85,1.89,1.26,1.2,1.39,2.93,1.43,2.76,Non,Non,Oui,Non,Non,Home,47,"[10, 47]",True
f5291ba9163462c9,coupe-du-monde,165082,46,2026-09-10T17:11:18Z,Portugal,Mexico,2,2,1.88,4.16,3.48,1.27,1.86,1.2,1.38,2.98,1.42,2.81,Oui,Oui,Non,Oui,Non,Away,87,"[6, 17, 84, 87]",True
880a964abffb21fb,coupe-du-monde,165082,46,2026-09-10T17:11:18Z,Panama,Curacao,2,1,2.07,3.49,3.45,1.27,1.7,1.27,1.78,2.01,1.67,2.17,Oui,Oui,Oui,Non,Non,Home,85,"[74, 83, 85]",True
3654f6d221dd3f7e,coupe-du-monde,165082,46,2026-09-10T17:11:18Z,Korea Republic,Uruguay,0,0,3.81,3.94,1.84,1.9,1.23,1.22,1.52,2.49,1.54,2.44,Non,Non,Non,Oui,Non,,,[],True
3abba3da8d74010c,coupe-du-monde,165082,46,2026-09-10T17:11:18Z,Jordan,Ghana,0,1,2.54,3.48,2.64,1.44,1.47,1.27,1.71,2.1,1.6,2.3,Non,Non,Non,Non,Oui,Away,60,[60],True
6c9851e5f980fccd,coupe-du-monde,165082,46,2026-09-10T17:11:18Z,IR Iran,Uzbekistan,2,1,1.97,3.7,3.55,1.26,1.78,1.24,1.63,2.25,1.58,2.34,Oui,Oui,Oui,Non,Non,Home,57,"[8, 31, 57]",True
2499b3ded1321ff6,coupe-du-monde,165082,46,2026-09-10T17:11:18Z,England,Austria,4,1,1.8,4.11,3.84,1.23,1.95,1.2,1.44,2.73,1.48,2.59,Oui,Oui,Oui,Non,Non,Home,82,"[5, 32, 73, 81, 82]",True
9e84028a729a61b0,coupe-du-monde,165082,46,2026-09-10T17:11:18Z,Senegal,Cabo Verde,1,0,1.82,3.77,4.1,1.2,1.93,1.23,1.65,2.2,1.64,2.22,Non,Non,Oui,Non,Non,Home,61,[61],True
db650dafe8cf1f17,coupe-du-monde,165082,46,2026-09-10T17:11:18Z,Switzerland,Norway,2,1,2.36,3.61,2.78,1.4,1.54,1.25,1.62,2.26,1.54,2.43,Oui,Oui,Oui,Non,Non,Away,82,"[59, 69, 82]",True
e812ce5d1f8d99b0,coupe-du-monde,165082,46,2026-09-10T17:11:18Z,Czechia,USA,2,2,2.85,3.83,2.23,1.61,1.38,1.23,1.48,2.61,1.45,2.68,Oui,Oui,Non,Oui,Non,Home,89,"[27, 28, 43, 89]",True
badd0e003cbe8439,coupe-du-monde,165082,46,2026-09-10T17:11:18Z,Congo DR,New Zealand,3,2,2.35,3.5,2.87,1.38,1.55,1.27,1.7,2.11,1.6,2.31,Oui,Oui,Oui,Non,Non,Away,66,"[27, 37, 43, 54, 66]",True
07500ff7e879aa9c,coupe-du-monde,165082,46,2026-09-10T17:11:18Z,Brazil,Haiti,4,1,1.28,5.93,9.18,1.03,3.54,1.1,1.35,3.15,1.78,2.0,Oui,Oui,Oui,Non,Non,Home,74,"[6, 18, 40, 69, 74]",True
a852ad0d90f96310,coupe-du-monde,165082,46,2026-09-10T17:11:18Z,Cote d'Ivoire,Germany,3,1,3.32,4.12,1.94,1.81,1.29,1.2,1.38,2.99,1.41,2.85,Oui,Oui,Oui,Non,Non,Home,75,"[40, 43, 45, 75]",True
900346629a1aeca7,coupe-du-monde,165082,46,2026-09-10T17:11:18Z,Argentina,South Africa,2,0,1.3,5.8,8.54,1.04,3.39,1.11,1.34,3.2,1.73,2.07,Non,Non,Oui,Non,Non,Home,64,"[26, 64]",True
ebf5c11ff6de2eca,coupe-du-monde,165082,46,2026-09-10T17:11:18Z,Tunisia,Paraguay,1,3,2.48,3.45,2.72,1.42,1.49,1.27,1.74,2.06,1.61,2.27,Oui,Oui,Non,Non,Oui,Home,51,"[30, 47, 50, 51]",True
af580f87f796181a,coupe-du-monde,165082,46,2026-09-10T17:11:18Z,Sweden,Colombia,0,1,3.02,3.81,2.14,1.65,1.35,1.23,1.5,2.54,1.48,2.62,Non,Non,Non,Non,Oui,Away,53,[53],True
7fb89c6c1083e47a,coupe-du-monde,165082,46,2026-09-10T17:11:18Z,France,Ecuador,2,0,1.45,4.89,6.02,1.1,2.65,1.15,1.38,2.97,1.6,2.3,Non,Non,Oui,Non,Non,Home,29,"[2, 29]",True
72b07a1a6e6e0554,coupe-du-monde,165082,46,2026-09-10T17:11:18Z,Bosnia-Herzegovina,Croatia,0,0,4.21,3.89,1.77,1.99,1.19,1.22,1.59,2.32,1.61,2.28,Non,Non,Non,Oui,Non,,,[],True
36aaadcafc4bc223,coupe-du-monde,165082,46,2026-09-10T17:11:18Z,Canada,Scotland,1,1,2.41,3.79,2.62,1.45,1.52,1.23,1.49,2.58,1.45,2.68,Non,Oui,Non,Oui,Non,Away,77,"[53, 77]",True
6bdde6af5f31d95d,coupe-du-monde,165082,46,2026-09-10T17:11:18Z,Iraq,Belgium,4,2,4.31,3.97,1.74,2.03,1.19,1.21,1.56,2.39,1.59,2.31,Oui,Oui,Oui,Non,Non,Away,81,"[7, 15, 37, 55, 59, 81]",True
847f398e5292760a,coupe-du-monde,165082,46,2026-09-10T17:11:18Z,Australia,Spain,0,1,5.91,4.58,1.49,2.53,1.1,1.17,1.47,2.62,1.66,2.19,Non,Non,Non,Non,Oui,Away,44,[44],True
7af63a49317751f9,coupe-du-monde,165082,46,2026-09-10T17:11:18Z,Egypt,Japan,3,1,3.17,3.61,2.14,1.66,1.32,1.25,1.64,2.21,1.57,2.36,Oui,Oui,Oui,Non,Non,Away,86,"[31, 40, 67, 86]",True
5d82600552c7277d,coupe-du-monde,165082,46,2026-09-10T17:11:18Z,Turkiye,Saudi Arabia,1,0,2.11,3.8,3.11,1.33,1.68,1.23,1.51,2.51,1.49,2.59,Non,Non,Oui,Non,Non,Home,42,[42],True
9f9a6950ec110b05,coupe-du-monde,165082,46,2026-09-10T17:11:18Z,Algeria,Morocco,2,2,5.43,3.72,1.65,2.17,1.12,1.24,1.88,1.9,1.91,1.86,Oui,Oui,Non,Oui,Non,Home,79,"[28, 42, 49, 79]",True
33f09a7866cbd3f7,coupe-du-monde,165082,51,2026-09-10T17:21:18Z,Saudi Arabia,Spain,0,3,9.18,5.56,1.3,3.4,1.03,1.11,1.42,2.8,1.86,1.92,Oui,Non,Non,Non,Oui,Away,82,"[72, 74, 82]",True
c4534ea6158b66de,coupe-du-monde,165082,51,2026-09-10T17:21:18Z,Mexico,Korea Republic,2,2,2.09,3.87,3.09,1.33,1.69,1.22,1.47,2.63,1.46,2.67,Oui,Oui,Non,Oui,Non,Away,68,"[36, 41, 43, 68]",True
ef64ed95e09fa207,coupe-du-monde,165082,51,2026-09-10T17:21:18Z,Bosnia-Herzegovina,Argentina,1,3,7.64,5.63,1.33,3.18,1.06,1.11,1.32,3.3,1.66,2.19,Oui,Oui,Non,Non,Oui,Away,77,"[36, 39, 42, 77]",True
e15844b0ab12ab77,coupe-du-monde,165082,51,2026-09-10T17:21:18Z,Egypt,IR Iran,1,2,2.64,3.42,2.57,1.46,1.44,1.28,1.77,2.02,1.63,2.24,Oui,Oui,Non,Non,Oui,Away,62,"[30, 48, 62]",True
287b60888fca856b,coupe-du-monde,165082,51,2026-09-10T17:21:18Z,New Zealand,Panama,1,2,2.64,3.37,2.6,1.45,1.44,1.29,1.81,1.97,1.66,2.19,Oui,Oui,Non,Non,Oui,Away,51,"[8, 46, 51]",True
ebbe2354f59f8e65,coupe-du-monde,165082,51,2026-09-10T17:21:18Z,Morocco,Austria,2,1,1.87,3.44,4.24,1.19,1.86,1.28,1.93,1.84,1.83,1.95,Oui,Oui,Oui,Non,Non,Away,75,"[25, 64, 75]",True
4d3baf37a24549d5,coupe-du-monde,165082,51,2026-09-10T17:21:18Z,Germany,Senegal,2,1,2.28,3.81,2.79,1.4,1.58,1.23,1.49,2.59,1.46,2.68,Oui,Oui,Oui,Non,Non,Home,77,"[29, 68, 77]",True
04501fc15c769a88,coupe-du-monde,165082,51,2026-09-10T17:21:18Z,Japan,Congo DR,3,0,1.67,4.04,4.66,1.16,2.13,1.21,1.57,2.36,1.63,2.24,Oui,Non,Oui,Non,Non,Home,30,"[10, 13, 30]",True
6c422bdf6d44b3ad,coupe-du-monde,165082,51,2026-09-10T17:21:18Z,Netherlands,Czechia,2,1,1.9,4.06,3.49,1.27,1.84,1.21,1.42,2.8,1.45,2.71,Oui,Oui,Oui,Non,Non,Away,79,"[3, 49, 79]",True
278c7ff4277148d0,coupe-du-monde,165082,51,2026-09-10T17:21:18Z,Ecuador,Sweden,1,0,2.75,3.66,2.36,1.54,1.41,1.25,1.58,2.34,1.52,2.5,Non,Non,Oui,Non,Non,Home,24,[24],True
b0338849edf28530,coupe-du-monde,165082,51,2026-09-10T17:21:18Z,Croatia,Brazil,1,2,3.26,3.94,2.0,1.75,1.3,1.22,1.45,2.69,1.45,2.68,Oui,Oui,Non,Non,Oui,Away,72,"[29, 60, 72]",True
370eb464909897ba,coupe-du-monde,165082,51,2026-09-10T17:21:18Z,Colombia,Ghana,1,1,1.69,4.24,4.33,1.18,2.1,1.19,1.44,2.74,1.52,2.5,Non,Oui,Non,Oui,Non,Home,52,"[23, 52]",True
6cb4b549cf42ba4f,coupe-du-monde,165082,51,2026-09-10T17:21:18Z,Norway,Jordan,2,0,1.71,4.01,4.41,1.18,2.06,1.21,1.55,2.4,1.6,2.3,Non,Non,Oui,Non,Non,Home,44,"[42, 44]",True
0b28ae8e09f94dfb,coupe-du-monde,165082,51,2026-09-10T17:21:18Z,Portugal,France,0,1,3.29,4.22,1.93,1.81,1.3,1.19,1.34,3.19,1.39,2.96,Non,Non,Non,Non,Oui,Away,39,[39],True
ede82e91de07b6b3,coupe-du-monde,165082,51,2026-09-10T17:21:18Z,USA,Australia,1,1,2.28,3.81,2.78,1.4,1.58,1.23,1.48,2.59,1.46,2.68,Non,Oui,Non,Oui,Non,Away,72,"[59, 72]",True
60039ec203bcfeef,coupe-du-monde,165082,51,2026-09-10T17:21:18Z,Qatar,Switzerland,1,2,3.75,3.7,1.91,1.83,1.24,1.24,1.65,2.2,1.61,2.27,Oui,Oui,Non,Non,Oui,Home,66,"[56, 56, 66]",True
d7fc1987dd7c7c5f,coupe-du-monde,165082,51,2026-09-10T17:21:18Z,Uzbekistan,Canada,1,1,3.04,3.76,2.15,1.65,1.34,1.24,1.53,2.45,1.5,2.55,Non,Oui,Non,Oui,Non,Home,60,"[55, 60]",True
a5286c0b8ba8d5e6,coupe-du-monde,165082,51,2026-09-10T17:21:18Z,Uruguay,England,3,1,2.84,3.79,2.25,1.59,1.39,1.23,1.5,2.54,1.47,2.64,Oui,Oui,Oui,Non,Non,Home,89,"[25, 79, 88, 89]",True
e16b070ef199ab94,coupe-du-monde,165082,51,2026-09-10T17:21:18Z,Cabo Verde,Algeria,4,0,2.95,3.58,2.26,1.59,1.36,1.26,1.64,2.21,1.56,2.38,Oui,Non,Oui,Non,Non,Home,57,"[41, 42, 42, 57]",True
ef6af855b0020cc0,coupe-du-monde,165082,51,2026-09-10T17:21:18Z,Belgium,Tunisia,2,1,1.9,3.66,3.86,1.23,1.84,1.25,1.7,2.13,1.65,2.21,Oui,Oui,Oui,Non,Non,Home,61,"[1, 10, 61]",True
eb118bce3bd2db11,coupe-du-monde,165082,51,2026-09-10T17:21:18Z,South Africa,Turkiye,2,2,3.46,3.86,1.95,1.79,1.27,1.23,1.52,2.49,1.51,2.51,Oui,Oui,Non,Oui,Non,Away,73,"[33, 38, 58, 73]",True
8f0560d664739213,coupe-du-monde,165082,51,2026-09-10T17:21:18Z,Scotland,Paraguay,1,0,2.47,3.66,2.62,1.45,1.5,1.25,1.57,2.36,1.51,2.52,Non,Non,Oui,Non,Non,Home,8,[8],True
d0355b89dcf35d75,coupe-du-monde,165082,51,2026-09-10T17:21:18Z,Cote d'Ivoire,Iraq,3,3,2.09,3.68,3.23,1.31,1.69,1.24,1.6,2.3,1.55,2.42,Oui,Oui,Non,Oui,Non,Home,84,"[13, 32, 36, 66, 69, 84]",True
90cf827670f11a2a,coupe-du-monde,165082,51,2026-09-10T17:21:18Z,Haiti,Curacao,2,2,2.34,3.41,2.96,1.36,1.55,1.28,1.79,1.99,1.65,2.2,Oui,Oui,Non,Oui,Non,Home,78,"[23, 35, 77, 78]",True
bb83ba3307792951,coupe-du-monde,165082,53,2026-09-10T17:25:18Z,Belgium,Curacao,3,2,1.33,5.22,8.43,1.04,3.17,1.13,1.47,2.65,1.84,1.93,Oui,Oui,Oui,Non,Non,Home,89,"[27, 35, 72, 87, 89]",True
7fd4c5ac0b5ee641,coupe-du-monde,165082,53,2026-09-10T17:25:18Z,USA,Austria,2,3,2.65,3.81,2.38,1.53,1.44,1.23,1.48,2.62,1.45,2.71,Oui,Oui,Non,Non,Oui,Home,66,"[41, 42, 49, 65, 66]",True
05081f52bbd1dd91,coupe-du-monde,165082,53,2026-09-10T17:25:18Z,Croatia,Sweden,0,2,2.31,3.54,2.91,1.37,1.57,1.26,1.68,2.16,1.58,2.34,Non,Non,Non,Non,Oui,Away,55,"[21, 55]",True
1488e006884cb714,coupe-du-monde,165082,53,2026-09-10T17:25:18Z,Ecuador,England,1,4,4.48,4.36,1.65,2.17,1.17,1.18,1.41,2.85,1.51,2.53,Oui,Oui,Non,Non,Oui,Away,77,"[26, 30, 52, 77, 77]",True
f951dad3b032eb75,coupe-du-monde,165082,53,2026-09-10T17:25:18Z,Morocco,Colombia,0,1,1.89,3.53,4.02,1.21,1.85,1.26,1.82,1.96,1.74,2.06,Non,Non,Non,Non,Oui,Away,48,[48],True
b1ee35440c44385b,coupe-du-monde,165082,53,2026-09-10T17:25:18Z,Argentina,France,2,3,2.76,4.09,2.21,1.62,1.41,1.2,1.34,3.16,1.36,3.05,Oui,Oui,Non,Non,Oui,Away,83,"[2, 8, 11, 46, 83]",True
9ad09698c4258364,coupe-du-monde,165082,53,2026-09-10T17:25:18Z,Norway,Panama,0,2,1.59,4.26,5.08,1.14,2.27,1.19,1.51,2.51,1.62,2.26,Non,Non,Non,Non,Oui,Away,82,"[55, 82]",True
266363a0ab4f9d63,coupe-du-monde,165082,53,2026-09-10T17:25:18Z,Egypt,Czechia,1,1,2.49,3.53,2.67,1.43,1.49,1.26,1.67,2.16,1.57,2.36,Non,Oui,Non,Oui,Non,Home,58,"[4, 58]",True
7bfdd8eae382a813,coupe-du-monde,165082,53,2026-09-10T17:25:18Z,Japan,Canada,2,1,1.96,3.79,3.49,1.27,1.78,1.23,1.56,2.38,1.54,2.44,Oui,Oui,Oui,Non,Non,Away,86,"[30, 72, 86]",True
ba014daa8278a738,coupe-du-monde,165082,53,2026-09-10T17:25:18Z,Saudi Arabia,Scotland,0,0,3.08,3.77,2.12,1.67,1.33,1.23,1.53,2.46,1.5,2.56,Non,Non,Non,Oui,Non,,,[],True
f8b860a4b5910035,coupe-du-monde,165082,53,2026-09-10T17:25:18Z,Uzbekistan,Australia,0,3,3.49,3.8,1.96,1.79,1.27,1.23,1.56,2.39,1.54,2.44,Oui,Non,Non,Non,Oui,Away,68,"[60, 67, 68]",True
9e34081a10ff0331,coupe-du-monde,165082,53,2026-09-10T17:25:18Z,Bosnia-Herzegovina,Iraq,1,3,2.69,3.58,2.44,1.51,1.43,1.26,1.62,2.25,1.54,2.43,Oui,Oui,Non,Non,Oui,Away,81,"[26, 40, 66, 81]",True
0e9efb896cd2104d,coupe-du-monde,165082,53,2026-09-10T17:25:18Z,New Zealand,Paraguay,1,1,3.45,3.65,2.01,1.74,1.27,1.25,1.65,2.2,1.59,2.31,Non,Oui,Non,Oui,Non,Home,90,"[39, 90]",True
e72a367544e9882e,coupe-du-monde,165082,53,2026-09-10T17:25:18Z,Cabo Verde,Jordan,2,1,2.42,3.43,2.81,1.39,1.52,1.28,1.76,2.04,1.63,2.25,Oui,Oui,Oui,Non,Non,Home,78,"[15, 60, 78]",True
4985ac586cf4bea6,coupe-du-monde,165082,53,2026-09-10T17:25:18Z,Qatar,Congo DR,3,3,2.09,3.72,3.2,1.31,1.69,1.24,1.57,2.36,1.53,2.46,Oui,Oui,Non,Oui,Non,Away,83,"[42, 43, 45, 62, 63, 83]",True
c8f643642b24524a,coupe-du-monde,165082,53,2026-09-10T17:25:18Z,Mexico,Turkiye,3,0,2.07,3.9,3.12,1.33,1.7,1.22,1.47,2.65,1.46,2.67,Oui,Non,Oui,Non,Non,Home,59,"[11, 58, 59]",True
87cd50c7baab1963,coupe-du-monde,165082,53,2026-09-10T17:25:18Z,Uruguay,Spain,0,2,3.66,3.83,1.9,1.84,1.25,1.23,1.56,2.39,1.55,2.42,Non,Non,Non,Non,Oui,Away,58,"[39, 58]",True
bc2b97f261838540,coupe-du-monde,165082,53,2026-09-10T17:25:18Z,South Africa,Tunisia,2,0,3.32,3.42,2.14,1.65,1.29,1.28,1.81,1.97,1.68,2.15,Non,Non,Oui,Non,Non,Home,87,"[86, 87]",True
dba40437283054e5,coupe-du-monde,165082,53,2026-09-10T17:25:18Z,Netherlands,Algeria,2,2,1.87,4.12,3.53,1.26,1.87,1.2,1.4,2.89,1.44,2.74,Oui,Oui,Non,Oui,Non,Home,84,"[17, 61, 64, 84]",True
92f85d81f7203cad,coupe-du-monde,165082,53,2026-09-10T17:25:18Z,Cote d'Ivoire,Brazil,2,2,4.3,4.39,1.67,2.13,1.19,1.18,1.38,2.98,1.48,2.62,Oui,Oui,Non,Oui,Non,Away,81,"[15, 39, 65, 81]",True
2618a3c5c9293e7f,coupe-du-monde,165082,53,2026-09-10T17:25:18Z,Portugal,Korea Republic,0,2,1.71,4.33,4.08,1.2,2.06,1.18,1.38,2.99,1.46,2.67,Non,Non,Non,Non,Oui,Away,80,"[78, 80]",True
1b854dc33e9a28f2,coupe-du-monde,165082,53,2026-09-10T17:25:18Z,Germany,IR Iran,5,0,1.97,3.99,3.31,1.3,1.77,1.21,1.44,2.75,1.45,2.71,Oui,Non,Oui,Non,Non,Home,88,"[44, 45, 61, 62, 88]",True
5d297e99b710606f,coupe-du-monde,165082,53,2026-09-10T17:25:18Z,Senegal,Switzerland,0,2,2.73,3.4,2.5,1.49,1.41,1.28,1.78,2.01,1.64,2.23,Non,Non,Non,Non,Oui,Away,29,"[23, 29]",True
8930edba300cac35,coupe-du-monde,165082,53,2026-09-10T17:25:18Z,Haiti,Ghana,1,3,3.39,3.61,2.05,1.72,1.28,1.25,1.67,2.17,1.6,2.3,Oui,Oui,Non,Non,Oui,Away,85,"[17, 31, 52, 85]",True
3e4a9263bf233a6e,coupe-du-monde,165082,56,2026-09-10T17:31:18Z,Curacao,Croatia,0,3,7.2,4.59,1.42,2.75,1.07,1.17,1.59,2.33,1.85,1.92,Oui,Non,Non,Non,Oui,Away,59,"[9, 47, 59]",True
b00623c7b5b5b151,coupe-du-monde,165082,56,2026-09-10T17:31:18Z,Saudi Arabia,USA,2,3,3.65,3.99,1.87,1.87,1.25,1.21,1.47,2.63,1.49,2.57,Oui,Oui,Non,Non,Oui,Home,87,"[44, 45, 55, 84, 87]",True
696254055b8ec816,coupe-du-monde,165082,56,2026-09-10T17:31:18Z,Czechia,Switzerland,1,3,3.5,3.58,2.02,1.74,1.27,1.26,1.7,2.11,1.63,2.24,Oui,Oui,Non,Non,Oui,Away,64,"[42, 44, 45, 64]",True
b21379ec598de85d,coupe-du-monde,165082,56,2026-09-10T17:31:18Z,Tunisia,Cote d'Ivoire,2,0,2.9,3.47,2.34,1.55,1.37,1.27,1.73,2.08,1.61,2.27,Non,Non,Oui,Non,Non,Home,45,"[27, 45]",True
072100c1717ae1f9,coupe-du-monde,165082,56,2026-09-10T17:31:18Z,Canada,Egypt,0,2,2.96,3.68,2.22,1.61,1.36,1.25,1.58,2.34,1.52,2.48,Non,Non,Non,Non,Oui,Away,45,"[3, 45]",True
ce9bd822ea3570de,coupe-du-monde,165082,56,2026-09-10T17:31:18Z,England,Mexico,3,0,1.93,3.97,3.44,1.28,1.81,1.21,1.46,2.65,1.47,2.62,Oui,Non,Oui,Non,Non,Home,50,"[31, 33, 50]",True
262088389f476c1f,coupe-du-monde,165082,56,2026-09-10T17:31:18Z,Congo DR,IR Iran,1,2,3.77,3.69,1.91,1.83,1.24,1.24,1.66,2.18,1.62,2.25,Oui,Oui,Non,Non,Oui,Home,41,"[30, 32, 41]",True
831358dfe835d0f6,coupe-du-monde,165082,56,2026-09-10T17:31:18Z,Austria,Cabo Verde,1,1,1.94,3.75,3.6,1.25,1.8,1.24,1.6,2.29,1.57,2.36,Non,Oui,Non,Oui,Non,Away,87,"[59, 87]",True
9592bac81ff8dca2,coupe-du-monde,165082,56,2026-09-10T17:31:18Z,Paraguay,Uzbekistan,3,0,2.25,3.68,2.91,1.37,1.6,1.25,1.57,2.35,1.52,2.49,Oui,Non,Oui,Non,Non,Home,41,"[28, 33, 41]",True
70c4366fc1dbcaac,coupe-du-monde,165082,56,2026-09-10T17:31:18Z,Morocco,Uruguay,1,3,2.21,3.26,3.32,1.29,1.61,1.3,1.98,1.8,1.78,2.01,Oui,Oui,Non,Non,Oui,Away,80,"[14, 61, 66, 80]",True
aca18c356f50c087,coupe-du-monde,165082,56,2026-09-10T17:31:18Z,Panama,Japan,1,1,5.2,4.14,1.6,2.26,1.13,1.2,1.58,2.34,1.68,2.15,Non,Oui,Non,Oui,Non,Away,88,"[57, 88]",True
2d468cc5d1d81f52,coupe-du-monde,165082,56,2026-09-10T17:31:18Z,Spain,South Africa,4,0,1.27,5.74,10.3,1.02,3.62,1.11,1.44,2.72,1.96,1.82,Oui,Non,Oui,Non,Non,Home,74,"[23, 51, 71, 74]",True
c1be8e5090cd4b93,coupe-du-monde,165082,56,2026-09-10T17:31:18Z,Jordan,Qatar,1,3,3.02,3.61,2.22,1.61,1.35,1.25,1.64,2.23,1.56,2.39,Oui,Oui,Non,Non,Oui,Away,85,"[23, 25, 34, 85]",True
ebc1897aec88bc82,coupe-du-monde,165082,56,2026-09-10T17:31:18Z,Colombia,Norway,2,3,2.51,3.9,2.46,1.5,1.48,1.22,1.42,2.79,1.41,2.84,Oui,Oui,Non,Non,Oui,Away,90,"[14, 37, 69, 73, 90]",True
3ca21bd1519cd907,coupe-du-monde,165082,56,2026-09-10T17:31:18Z,Iraq,Germany,3,0,4.53,4.32,1.64,2.17,1.17,1.18,1.43,2.78,1.52,2.48,Oui,Non,Oui,Non,Non,Home,90,"[76, 76, 90]",True
b22b0e8503fe637b,coupe-du-monde,165082,56,2026-09-10T17:31:18Z,Australia,Netherlands,0,1,3.46,4.08,1.9,1.84,1.27,1.2,1.41,2.85,1.44,2.74,Non,Non,Non,Non,Oui,Away,81,[81],True
3039bc31a69f4d27,coupe-du-monde,165082,56,2026-09-10T17:31:18Z,Haiti,New Zealand,0,3,2.93,3.46,2.33,1.56,1.37,1.27,1.75,2.05,1.62,2.25,Oui,Non,Non,Non,Oui,Away,77,"[27, 61, 77]",True
8ac4ed0f0e68328c,coupe-du-monde,165082,56,2026-09-10T17:31:18Z,Turkiye,Bosnia-Herzegovina,0,3,2.07,3.85,3.15,1.32,1.7,1.23,1.49,2.57,1.47,2.62,Oui,Non,Non,Non,Oui,Away,82,"[77, 80, 82]",True
490e53b5d1a70565,coupe-du-monde,165082,56,2026-09-10T17:31:18Z,Sweden,Portugal,0,1,3.8,4.13,1.8,1.94,1.23,1.2,1.42,2.8,1.47,2.64,Non,Non,Non,Non,Oui,Away,56,[56],True
4b755c03f2796da2,coupe-du-monde,165082,56,2026-09-10T17:31:18Z,Brazil,Argentina,3,1,2.78,4.17,2.17,1.64,1.4,1.2,1.32,3.31,1.35,3.13,Oui,Oui,Oui,Non,Non,Home,70,"[29, 31, 69, 70]",True
64aa4fc69aeee544,coupe-du-monde,165082,56,2026-09-10T17:31:18Z,Algeria,Senegal,2,2,3.27,3.69,2.07,1.7,1.3,1.24,1.6,2.3,1.55,2.41,Oui,Oui,Non,Oui,Non,Away,83,"[24, 38, 66, 83]",True
6a0c1d0c2d83962c,coupe-du-monde,165082,56,2026-09-10T17:31:18Z,Ghana,Ecuador,1,1,3.25,3.78,2.05,1.71,1.3,1.23,1.55,2.42,1.52,2.49,Non,Oui,Non,Oui,Non,Home,74,"[47, 74]",True
c13a4bb1f212f2c8,coupe-du-monde,165082,56,2026-09-10T17:31:18Z,Korea Republic,France,1,3,5.98,4.87,1.45,2.63,1.1,1.15,1.38,2.97,1.59,2.31,Oui,Oui,Non,Non,Oui,Home,65,"[10, 26, 46, 65]",True
5d9c76590cd02eb4,coupe-du-monde,165082,56,2026-09-10T17:31:18Z,Scotland,Belgium,0,3,3.78,3.99,1.84,1.9,1.23,1.21,1.49,2.57,1.51,2.51,Oui,Non,Non,Non,Oui,Away,44,"[43, 44, 44]",True
ae90b037bf11cc61,coupe-du-monde,165082,58,2026-09-10T17:35:18Z,Saudi Arabia,Uzbekistan,2,1,2.41,3.66,2.69,1.43,1.52,1.25,1.58,2.35,1.51,2.51,Oui,Oui,Oui,Non,Non,Away,78,"[22, 41, 78]",True
801df892c7620e5f,coupe-du-monde,165082,58,2026-09-10T17:35:18Z,Morocco,Ecuador,3,1,1.7,3.64,5.03,1.14,2.07,1.25,1.88,1.9,1.87,1.91,Oui,Oui,Oui,Non,Non,Home,61,"[44, 45, 45, 61]",True
8917939762dbc713,coupe-du-monde,165082,58,2026-09-10T17:35:18Z,Spain,Mexico,0,3,1.59,4.36,4.94,1.14,2.27,1.18,1.46,2.67,1.57,2.36,Oui,Non,Non,Non,Oui,Away,52,"[1, 15, 52]",True
58e8c7221b31863a,coupe-du-monde,165082,58,2026-09-10T17:35:18Z,Congo DR,Czechia,2,4,3.64,3.75,1.93,1.81,1.25,1.24,1.61,2.28,1.58,2.34,Oui,Oui,Non,Non,Oui,Away,64,"[6, 17, 23, 52, 57, 64]",True
2ef3af2d46d92e9a,coupe-du-monde,165082,58,2026-09-10T17:35:18Z,Algeria,Switzerland,1,2,3.5,3.62,2.01,1.75,1.27,1.25,1.68,2.16,1.61,2.28,Oui,Oui,Non,Non,Oui,Away,56,"[44, 55, 56]",True
48ea245284dd3b30,coupe-du-monde,165082,58,2026-09-10T17:35:18Z,Turkiye,France,1,2,6.53,5.23,1.4,2.85,1.08,1.13,1.33,3.24,1.59,2.33,Oui,Oui,Non,Non,Oui,Home,57,"[23, 31, 57]",True
ef8057c92f7d9ea3,coupe-du-monde,165082,58,2026-09-10T17:35:18Z,Jordan,Senegal,1,3,4.23,3.74,1.8,1.95,1.19,1.24,1.69,2.14,1.67,2.16,Oui,Oui,Non,Non,Oui,Away,85,"[29, 44, 74, 85]",True
5eaa9e81cfa5d6ae,coupe-du-monde,165082,58,2026-09-10T17:35:18Z,Canada,IR Iran,2,2,2.86,3.64,2.3,1.57,1.38,1.25,1.6,2.3,1.53,2.46,Oui,Oui,Non,Oui,Non,Away,67,"[17, 27, 63, 67]",True
048886564aa63516,coupe-du-monde,165082,58,2026-09-10T17:35:18Z,England,Portugal,0,2,2.42,4.05,2.5,1.49,1.52,1.21,1.36,3.08,1.37,3.01,Non,Non,Non,Non,Oui,Away,84,"[26, 84]",True
c8d680e807006216,coupe-du-monde,165082,58,2026-09-10T17:35:18Z,Curacao,Cote d'Ivoire,0,3,5.65,4.29,1.54,2.39,1.11,1.19,1.56,2.38,1.7,2.11,Oui,Non,Non,Non,Oui,Away,79,"[19, 54, 79]",True
8acd1c88c07a1ea6,coupe-du-monde,165082,58,2026-09-10T17:35:18Z,Ghana,Croatia,1,2,4.15,3.9,1.78,1.97,1.2,1.22,1.58,2.34,1.6,2.31,Oui,Oui,Non,Non,Oui,Away,86,"[57, 68, 86]",True
7814892a85cf88ec,coupe-du-monde,165082,58,2026-09-10T17:35:18Z,Scotland,South Africa,0,1,2.12,3.65,3.17,1.32,1.67,1.25,1.62,2.26,1.56,2.4,Non,Non,Non,Non,Oui,Away,76,[76],True
513de965b2d96149,coupe-du-monde,165082,58,2026-09-10T17:35:18Z,Tunisia,Bosnia-Herzegovina,4,1,2.29,3.4,3.04,1.34,1.58,1.28,1.81,1.98,1.66,2.18,Oui,Oui,Oui,Non,Non,Away,75,"[33, 34, 45, 52, 75]",True
7267f18aa31c5b0f,coupe-du-monde,165082,58,2026-09-10T17:35:18Z,Australia,Egypt,0,0,2.58,3.61,2.52,1.48,1.46,1.25,1.61,2.28,1.53,2.45,Non,Non,Non,Oui,Non,,,[],True
296d51b6be1c937a,coupe-du-monde,165082,58,2026-09-10T17:35:18Z,Sweden,Argentina,1,1,4.58,4.38,1.63,2.2,1.17,1.18,1.41,2.85,1.51,2.51,Non,Oui,Non,Oui,Non,Home,76,"[76, 76]",True
fb471f55bf800612,coupe-du-monde,165082,58,2026-09-10T17:35:18Z,Haiti,Norway,0,2,6.29,4.72,1.45,2.65,1.09,1.16,1.45,2.68,1.67,2.17,Non,Non,Non,Non,Oui,Away,55,"[43, 55]",True
58b3e990d67bebe4,coupe-du-monde,165082,58,2026-09-10T17:35:18Z,Colombia,Cabo Verde,2,0,1.83,3.95,3.86,1.23,1.92,1.22,1.51,2.5,1.53,2.46,Non,Non,Oui,Non,Non,Home,44,"[1, 44]",True
e3eea624ec23d619,coupe-du-monde,165082,58,2026-09-10T17:35:18Z,New Zealand,Belgium,1,1,5.88,4.44,1.51,2.48,1.1,1.18,1.52,2.48,1.69,2.14,Non,Oui,Non,Oui,Non,Away,86,"[84, 86]",True
50ffd408190b4c84,coupe-du-monde,165082,58,2026-09-10T17:35:18Z,Korea Republic,Germany,2,1,3.28,4.07,1.96,1.78,1.3,1.2,1.4,2.91,1.42,2.81,Oui,Oui,Oui,Non,Non,Home,42,"[16, 32, 42]",True
d5fd11a04385910e,coupe-du-monde,165082,58,2026-09-10T17:35:18Z,Austria,Netherlands,2,1,3.03,3.89,2.12,1.67,1.35,1.22,1.46,2.67,1.45,2.71,Oui,Oui,Oui,Non,Non,Home,61,"[34, 59, 61]",True
4d86ec9c09da0bf7,coupe-du-monde,165082,58,2026-09-10T17:35:18Z,Panama,Qatar,1,2,3.49,3.7,1.99,1.76,1.27,1.24,1.62,2.25,1.58,2.34,Oui,Oui,Non,Non,Oui,Home,48,"[16, 27, 48]",True
dc3d08415bd53b2e,coupe-du-monde,165082,58,2026-09-10T17:35:18Z,Brazil,Iraq,0,1,1.47,4.79,5.87,1.1,2.59,1.15,1.4,2.9,1.6,2.31,Non,Non,Non,Non,Oui,Away,54,[54],True
056d80f43bf6e5d3,coupe-du-monde,165082,58,2026-09-10T17:35:18Z,Uruguay,USA,5,0,1.97,3.93,3.37,1.29,1.78,1.22,1.47,2.63,1.47,2.62,Oui,Non,Oui,Non,Non,Home,76,"[10, 20, 42, 70, 76]",True
e799d9f240ee48a0,coupe-du-monde,165082,58,2026-09-10T17:35:18Z,Paraguay,Japan,0,3,3.91,3.81,1.85,1.89,1.22,1.23,1.6,2.29,1.59,2.31,Oui,Non,Non,Non,Oui,Away,78,"[13, 65, 78]",True
8967975184c84b23,coupe-du-monde,165082,61,2026-09-10T17:41:18Z,Germany,Algeria,3,0,1.85,4.09,3.62,1.25,1.89,1.2,1.42,2.8,1.46,2.68,Oui,Non,Oui,Non,Non,Home,77,"[18, 43, 77]",True
943144f79a61138c,coupe-du-monde,165082,61,2026-09-10T17:41:18Z,Argentina,Curacao,3,1,1.17,7.53,14.19,0.99,4.83,1.06,1.3,3.44,2.06,1.74,Oui,Oui,Oui,Non,Non,Home,74,"[3, 27, 71, 74]",True
59f7a5681fdbdeb5,coupe-du-monde,165082,61,2026-09-10T17:41:18Z,IR Iran,Panama,1,1,1.87,3.59,4.04,1.21,1.87,1.26,1.77,2.02,1.71,2.1,Non,Oui,Non,Oui,Non,Away,58,"[29, 58]",True
19cc2352de58fe54,coupe-du-monde,165082,61,2026-09-10T17:41:18Z,Czechia,Jordan,2,2,2.16,3.57,3.16,1.32,1.64,1.26,1.67,2.17,1.59,2.32,Oui,Oui,Non,Oui,Non,Home,78,"[30, 39, 52, 78]",True
a8e312b6ef3f7ad3,coupe-du-monde,165082,61,2026-09-10T17:41:18Z,Mexico,Morocco,1,2,4.32,3.54,1.83,1.91,1.18,1.26,1.85,1.92,1.78,2.0,Oui,Oui,Non,Non,Oui,Away,77,"[70, 77, 77]",True
6526826998840909,coupe-du-monde,165082,61,2026-09-10T17:41:18Z,Bosnia-Herzegovina,Spain,1,2,9.42,5.77,1.28,3.51,1.03,1.11,1.39,2.93,1.85,1.93,Oui,Oui,Non,Non,Oui,Away,88,"[36, 81, 88]",True
79b74395acc5579d,coupe-du-monde,165082,61,2026-09-10T17:41:18Z,Japan,Haiti,1,2,1.47,4.47,6.41,1.09,2.58,1.17,1.56,2.38,1.77,2.03,Oui,Oui,Non,Non,Oui,Away,49,"[15, 29, 49]",True
1899ddf53159afde,coupe-du-monde,165082,61,2026-09-10T17:41:18Z,Croatia,New Zealand,1,0,1.57,4.17,5.4,1.12,2.31,1.2,1.59,2.31,1.71,2.11,Non,Non,Oui,Non,Non,Home,82,[82],True
464a82cea7a26d19,coupe-du-monde,165082,61,2026-09-10T17:41:18Z,Brazil,Turkiye,3,2,1.57,4.67,4.78,1.15,2.32,1.16,1.33,3.22,1.47,2.62,Oui,Oui,Oui,Non,Non,Home,61,"[27, 41, 42, 54, 61]",True
40ecca764c1744a2,coupe-du-monde,165082,61,2026-09-10T17:41:18Z,Switzerland,Australia,2,0,2.03,3.66,3.41,1.28,1.73,1.25,1.64,2.22,1.58,2.34,Non,Non,Oui,Non,Non,Home,19,"[12, 19]",True
211dfa7c9750c718,coupe-du-monde,165082,61,2026-09-10T17:41:18Z,South Africa,USA,3,2,4.16,4.13,1.73,2.03,1.2,1.2,1.47,2.64,1.52,2.48,Oui,Oui,Oui,Non,Non,Away,81,"[9, 32, 41, 68, 81]",True
63e7450c357857bf,coupe-du-monde,165082,61,2026-09-10T17:41:18Z,Cote d'Ivoire,Scotland,0,3,2.36,3.75,2.71,1.42,1.54,1.24,1.52,2.49,1.48,2.62,Oui,Non,Non,Non,Oui,Away,85,"[55, 65, 85]",True
3a6ffb49151553d5,coupe-du-monde,165082,61,2026-09-10T17:41:18Z,Iraq,Tunisia,3,2,2.9,3.39,2.38,1.54,1.37,1.28,1.8,1.98,1.65,2.2,Oui,Oui,Oui,Non,Non,Away,83,"[3, 17, 55, 75, 83]",True
ac3deddebfde2f2e,coupe-du-monde,165082,61,2026-09-10T17:41:18Z,Ecuador,Norway,0,3,3.06,3.88,2.1,1.68,1.34,1.22,1.47,2.65,1.45,2.69,Oui,Non,Non,Non,Oui,Away,84,"[37, 67, 84]",True
ea83724365560ddd,coupe-du-monde,165082,61,2026-09-10T17:41:18Z,Uzbekistan,Belgium,0,5,4.86,4.3,1.61,2.24,1.15,1.19,1.47,2.63,1.57,2.35,Oui,Non,Non,Non,Oui,Away,84,"[19, 30, 42, 83, 84]",True
75e178032f4cfdd0,coupe-du-monde,165082,61,2026-09-10T17:41:18Z,Qatar,Colombia,0,1,3.33,3.97,1.97,1.78,1.29,1.21,1.45,2.7,1.46,2.67,Non,Non,Non,Non,Oui,Away,22,[22],True
f0685ed6aec7b86c,coupe-du-monde,165082,61,2026-09-10T17:41:18Z,Portugal,Ghana,3,2,1.47,4.89,5.69,1.11,2.58,1.15,1.35,3.11,1.55,2.41,Oui,Oui,Oui,Non,Non,Home,86,"[22, 41, 47, 86, 86]",True
6e48b24708da9629,coupe-du-monde,165082,61,2026-09-10T17:41:18Z,Senegal,Austria,1,0,2.39,3.64,2.72,1.42,1.53,1.25,1.6,2.31,1.53,2.47,Non,Non,Oui,Non,Non,Home,11,[11],True
e42fc8b9ccaeff0a,coupe-du-monde,165082,61,2026-09-10T17:41:18Z,France,England,3,1,1.98,4.11,3.21,1.31,1.77,1.2,1.38,3.0,1.4,2.87,Oui,Oui,Oui,Non,Non,Away,54,"[43, 45, 45, 54]",True
a68b85d1b8cb51fd,coupe-du-monde,165082,61,2026-09-10T17:41:18Z,Netherlands,Saudi Arabia,4,1,1.62,4.4,4.65,1.16,2.22,1.18,1.41,2.86,1.51,2.5,Oui,Oui,Oui,Non,Non,Away,88,"[39, 45, 49, 82, 88]",True
d9f02e105d4354c6,coupe-du-monde,165082,61,2026-09-10T17:41:18Z,Egypt,Paraguay,1,3,2.15,3.59,3.15,1.32,1.65,1.26,1.66,2.19,1.58,2.34,Oui,Oui,Non,Non,Oui,Away,89,"[15, 19, 77, 89]",True
f457c01653153839,coupe-du-monde,165082,61,2026-09-10T17:41:18Z,Congo DR,Canada,1,5,3.22,3.65,2.1,1.68,1.31,1.25,1.63,2.25,1.56,2.38,Oui,Oui,Non,Non,Oui,Away,82,"[11, 23, 43, 48, 65, 82]",True
28fcffb96c4a3a50,coupe-du-monde,165082,61,2026-09-10T17:41:18Z,Cabo Verde,Uruguay,1,3,4.94,4.07,1.63,2.19,1.14,1.21,1.59,2.32,1.67,2.17,Oui,Oui,Non,Non,Oui,Home,67,"[28, 31, 38, 67]",True
366e92a38f369f67,coupe-du-monde,165082,61,2026-09-10T17:41:18Z,Korea Republic,Sweden,2,3,2.69,3.66,2.41,1.52,1.43,1.25,1.57,2.37,1.51,2.53,Oui,Oui,Non,Non,Oui,Home,81,"[35, 41, 54, 57, 81]",True
01f440b72a17820c,coupe-du-monde,165082,64,2026-09-10T17:47:18Z,Scotland,Argentina,1,2,5.65,4.97,1.47,2.59,1.11,1.14,1.33,3.25,1.53,2.47,Oui,Oui,Non,Non,Oui,Away,83,"[22, 46, 83]",True
fa8450ce20b77209,coupe-du-monde,165082,64,2026-09-10T17:47:18Z,Austria,Czechia,1,0,2.18,3.7,3.02,1.35,1.63,1.24,1.57,2.36,1.52,2.49,Non,Non,Oui,Non,Non,Home,55,[55],True
783fc1c7c4730822,coupe-du-monde,165082,64,2026-09-10T17:47:18Z,Tunisia,Turkiye,0,2,2.66,3.57,2.47,1.5,1.43,1.26,1.64,2.22,1.55,2.41,Non,Non,Non,Non,Oui,Away,18,"[16, 18]",True
daf4c27064c888a8,coupe-du-monde,165082,64,2026-09-10T17:47:18Z,Haiti,Egypt,1,3,5.0,4.01,1.64,2.18,1.14,1.21,1.63,2.24,1.7,2.13,Oui,Oui,Non,Non,Oui,Home,71,"[42, 63, 70, 71]",True
8e6477cf9f4a4053,coupe-du-monde,165082,64,2026-09-10T17:47:18Z,Spain,Iraq,0,0,1.34,5.17,8.28,1.04,3.12,1.13,1.47,2.62,1.84,1.93,Non,Non,Non,Oui,Non,,,[],True
c706213a3f72653e,coupe-du-monde,165082,64,2026-09-10T17:47:18Z,South Africa,Cabo Verde,2,1,2.79,3.52,2.4,1.53,1.4,1.27,1.68,2.15,1.58,2.34,Oui,Oui,Oui,Non,Non,Home,64,"[30, 58, 64]",True
980bbb56e13f1c2d,coupe-du-monde,165082,64,2026-09-10T17:47:18Z,Paraguay,Switzerland,0,4,4.09,3.75,1.82,1.92,1.2,1.24,1.67,2.17,1.65,2.2,Oui,Non,Non,Non,Oui,Away,56,"[32, 45, 52, 56]",True
23ddb2e992c5d509,coupe-du-monde,165082,64,2026-09-10T17:47:18Z,Morocco,Bosnia-Herzegovina,2,2,1.49,4.08,6.88,1.07,2.51,1.2,1.81,1.97,2.0,1.78,Oui,Oui,Non,Oui,Non,Away,78,"[14, 26, 52, 78]",True
3a29bf4ad76cc6e4,coupe-du-monde,165082,64,2026-09-10T17:47:18Z,Curacao,Korea Republic,1,2,5.86,4.3,1.52,2.43,1.1,1.19,1.58,2.35,1.73,2.08,Oui,Oui,Non,Non,Oui,Away,51,"[4, 49, 51]",True
7404761f7a40db29,coupe-du-monde,165082,64,2026-09-10T17:47:18Z,Norway,Mexico,2,1,2.47,3.84,2.53,1.48,1.5,1.23,1.46,2.67,1.43,2.75,Oui,Oui,Oui,Non,Non,Home,86,"[34, 77, 86]",True
f1da0dfa0e496a9a,coupe-du-monde,165082,64,2026-09-10T17:47:18Z,Colombia,IR Iran,2,2,2.11,3.76,3.13,1.33,1.68,1.24,1.54,2.43,1.51,2.52,Oui,Oui,Non,Oui,Non,Away,76,"[14, 41, 72, 76]",True
1e56a60883ada589,coupe-du-monde,165082,64,2026-09-10T17:47:18Z,Uzbekistan,Croatia,0,5,4.35,3.88,1.75,2.01,1.18,1.22,1.62,2.26,1.64,2.23,Oui,Non,Non,Non,Oui,Away,80,"[4, 40, 48, 70, 80]",True
44b86840a3a8642b,coupe-du-monde,165082,64,2026-09-10T17:47:18Z,Belgium,Netherlands,3,2,2.51,3.9,2.47,1.5,1.48,1.22,1.43,2.77,1.42,2.82,Oui,Oui,Oui,Non,Non,Home,82,"[20, 33, 80, 81, 82]",True
cfe12cda1dc9809f,coupe-du-monde,165082,64,2026-09-10T17:47:18Z,Jordan,Canada,1,2,2.97,3.63,2.23,1.6,1.36,1.25,1.61,2.28,1.54,2.43,Oui,Oui,Non,Non,Oui,Away,50,"[28, 43, 50]",True
abab3548cfce8d82,coupe-du-monde,165082,64,2026-09-10T17:47:18Z,Ghana,France,0,0,8.66,5.84,1.29,3.42,1.04,1.1,1.34,3.2,1.74,2.06,Non,Non,Non,Oui,Non,,,[],True
bd246cea691c181b,coupe-du-monde,165082,64,2026-09-10T17:47:18Z,Saudi Arabia,Senegal,0,4,4.31,3.94,1.74,2.02,1.19,1.22,1.58,2.35,1.61,2.28,Oui,Non,Non,Non,Oui,Away,72,"[22, 34, 60, 72]",True
60117dc77507ab8b,coupe-du-monde,165082,64,2026-09-10T17:47:18Z,England,Brazil,4,1,2.46,4.05,2.46,1.5,1.5,1.21,1.36,3.1,1.37,3.04,Oui,Oui,Oui,Non,Non,Home,67,"[27, 28, 29, 49, 67]",True
44263a30ecbc0b54,coupe-du-monde,165082,64,2026-09-10T17:47:18Z,New Zealand,Portugal,0,2,7.57,5.34,1.35,3.07,1.06,1.12,1.38,2.99,1.7,2.12,Non,Non,Non,Non,Oui,Away,81,"[79, 81]",True
b01520dc8a4eb352,coupe-du-monde,165082,64,2026-09-10T17:47:18Z,Australia,Algeria,1,3,2.42,3.66,2.67,1.43,1.52,1.25,1.57,2.37,1.51,2.53,Oui,Oui,Non,Non,Oui,Home,64,"[33, 34, 38, 64]",True
47f01246eda854c2,coupe-du-monde,165082,64,2026-09-10T17:47:18Z,Panama,Congo DR,2,1,2.7,3.43,2.51,1.48,1.42,1.28,1.76,2.04,1.62,2.25,Oui,Oui,Oui,Non,Non,Home,17,"[3, 9, 17]",True
f81bde05f666703c,coupe-du-monde,165082,64,2026-09-10T17:47:18Z,Ecuador,Japan,1,0,3.28,3.75,2.05,1.72,1.3,1.24,1.56,2.38,1.53,2.47,Non,Non,Oui,Non,Non,Home,51,[51],True
421ac98ffbab2fe6,coupe-du-monde,165082,64,2026-09-10T17:47:18Z,USA,Cote d'Ivoire,4,0,2.33,3.92,2.66,1.43,1.56,1.22,1.42,2.81,1.41,2.84,Oui,Non,Oui,Non,Non,Home,78,"[24, 63, 65, 78]",True
e882430001192307,coupe-du-monde,165082,64,2026-09-10T17:47:18Z,Uruguay,Qatar,0,1,1.69,4.14,4.38,1.18,2.09,1.2,1.49,2.58,1.55,2.41,Non,Non,Non,Non,Oui,Away,88,[88],True
017838ade1e2bafc,coupe-du-monde,165082,64,2026-09-10T17:47:18Z,Sweden,Germany,1,2,3.23,4.0,2.0,1.76,1.31,1.21,1.42,2.8,1.44,2.75,Oui,Oui,Non,Non,Oui,Away,81,"[30, 77, 81]",True
a2e719d18a40d338,coupe-du-monde,165082,66,2026-09-10T17:51:18Z,Uzbekistan,Cote d'Ivoire,2,4,3.55,3.81,1.94,1.8,1.26,1.23,1.56,2.38,1.54,2.42,Oui,Oui,Non,Non,Oui,Away,68,"[30, 37, 38, 48, 59, 68]",True
a2cac69800cc4356,coupe-du-monde,165082,66,2026-09-10T17:51:18Z,Haiti,IR Iran,1,1,5.06,3.99,1.64,2.19,1.14,1.21,1.65,2.2,1.72,2.09,Non,Oui,Non,Oui,Non,Away,90,"[88, 90]",True
d412808b80957a75,coupe-du-monde,165082,66,2026-09-10T17:51:18Z,Uruguay,Senegal,0,2,2.08,3.69,3.24,1.31,1.69,1.24,1.6,2.3,1.55,2.41,Non,Non,Non,Non,Oui,Away,81,"[73, 81]",True
286ccc5b71683700,coupe-du-monde,165082,66,2026-09-10T17:51:18Z,Croatia,Japan,1,1,2.68,3.5,2.49,1.49,1.43,1.27,1.69,2.13,1.58,2.33,Non,Oui,Non,Oui,Non,Away,67,"[40, 67]",True
a9474c240abc5e98,coupe-du-monde,165082,66,2026-09-10T17:51:18Z,Colombia,Czechia,2,1,2.07,3.82,3.16,1.32,1.7,1.23,1.51,2.53,1.48,2.59,Oui,Oui,Oui,Non,Non,Home,48,"[30, 41, 48]",True
27ba8c296619ffc7,coupe-du-monde,165082,66,2026-09-10T17:51:18Z,Morocco,France,0,1,3.11,3.39,2.26,1.59,1.33,1.28,1.82,1.95,1.68,2.16,Non,Non,Non,Non,Oui,Away,46,[46],True
1d2b9e577de61efe,coupe-du-monde,165082,66,2026-09-10T17:51:18Z,Ghana,Korea Republic,4,2,3.44,3.76,1.99,1.76,1.28,1.24,1.58,2.34,1.55,2.41,Oui,Oui,Oui,Non,Non,Home,83,"[31, 42, 45, 52, 76, 83]",True
bb40ad1092fa7e3f,coupe-du-monde,165082,66,2026-09-10T17:51:18Z,Cabo Verde,Mexico,0,2,3.75,3.88,1.87,1.87,1.24,1.22,1.54,2.42,1.54,2.42,Non,Non,Non,Non,Oui,Away,73,"[39, 73]",True
9dfea044a4b00988,coupe-du-monde,165082,66,2026-09-10T17:51:18Z,Tunisia,Germany,1,1,3.91,3.96,1.81,1.93,1.22,1.22,1.52,2.48,1.54,2.43,Non,Oui,Non,Oui,Non,Home,83,"[22, 83]",True
f100f05958e31bd4,coupe-du-monde,165082,66,2026-09-10T17:51:18Z,Norway,Portugal,0,3,3.31,4.2,1.92,1.82,1.29,1.19,1.35,3.15,1.39,2.94,Oui,Non,Non,Non,Oui,Away,83,"[26, 34, 83]",True
fb0ee435c2ea52ca,coupe-du-monde,165082,66,2026-09-10T17:51:18Z,Ecuador,Qatar,2,1,2.22,3.82,2.87,1.38,1.61,1.23,1.48,2.6,1.46,2.68,Oui,Oui,Oui,Non,Non,Home,72,"[44, 48, 72]",True
39b4688f5bd0c292,coupe-du-monde,165082,66,2026-09-10T17:51:18Z,Australia,Jordan,2,1,2.04,3.63,3.39,1.28,1.72,1.25,1.66,2.19,1.59,2.31,Oui,Oui,Oui,Non,Non,Home,83,"[26, 67, 83]",True
76ea515d721e1166,coupe-du-monde,165082,66,2026-09-10T17:51:18Z,South Africa,Netherlands,1,4,5.23,4.52,1.54,2.38,1.13,1.17,1.43,2.78,1.58,2.35,Oui,Oui,Non,Non,Oui,Home,86,"[30, 33, 54, 60, 86]",True
590de5add6e92058,coupe-du-monde,165082,66,2026-09-10T17:51:18Z,Austria,Algeria,1,1,2.24,3.68,2.93,1.37,1.6,1.24,1.57,2.36,1.52,2.5,Non,Oui,Non,Oui,Non,Home,25,"[22, 25]",True
415c0cd27b14af0f,coupe-du-monde,165082,66,2026-09-10T17:51:18Z,Saudi Arabia,Switzerland,1,2,4.71,3.92,1.69,2.1,1.16,1.22,1.64,2.22,1.68,2.15,Oui,Oui,Non,Non,Oui,Away,89,"[8, 52, 89]",True
a648119a9f84c4d7,coupe-du-monde,165082,66,2026-09-10T17:51:18Z,New Zealand,Argentina,1,5,9.25,5.96,1.28,3.56,1.03,1.1,1.35,3.15,1.79,1.99,Oui,Oui,Non,Non,Oui,Home,88,"[40, 44, 44, 62, 73, 88]",True
0eb2869dbb5dd2e0,coupe-du-monde,165082,66,2026-09-10T17:51:18Z,Scotland,Iraq,0,0,2.35,3.64,2.78,1.4,1.55,1.25,1.59,2.32,1.52,2.48,Non,Non,Non,Oui,Non,,,[],True
6d7c067655336950,coupe-du-monde,165082,66,2026-09-10T17:51:18Z,USA,Bosnia-Herzegovina,2,1,1.79,4.09,3.87,1.22,1.95,1.2,1.45,2.7,1.49,2.56,Oui,Oui,Oui,Non,Non,Home,57,"[20, 37, 57]",True
f9bd3d8bc3cd2546,coupe-du-monde,165082,66,2026-09-10T17:51:18Z,Spain,Brazil,0,0,1.87,4.08,3.55,1.26,1.86,1.2,1.42,2.81,1.45,2.69,Non,Non,Non,Oui,Non,,,[],True
1c12bba93f910d77,coupe-du-monde,165082,66,2026-09-10T17:51:18Z,Panama,Canada,0,3,3.47,3.68,2.0,1.75,1.27,1.24,1.63,2.24,1.58,2.34,Oui,Non,Non,Non,Oui,Away,47,"[25, 43, 47]",True
cc81a117adf6e885,coupe-du-monde,165082,66,2026-09-10T17:51:18Z,England,Sweden,2,0,1.73,4.09,4.19,1.19,2.03,1.2,1.48,2.59,1.54,2.45,Non,Non,Oui,Non,Non,Home,24,"[21, 24]",True
82788203bd348c95,coupe-du-monde,165082,66,2026-09-10T17:51:18Z,Paraguay,Congo DR,2,0,2.18,3.61,3.07,1.34,1.63,1.25,1.64,2.23,1.56,2.38,Non,Non,Oui,Non,Non,Home,54,"[17, 54]",True
1ab8dcea35536844,coupe-du-monde,165082,66,2026-09-10T17:51:18Z,Belgium,Egypt,0,1,2.02,3.74,3.36,1.29,1.74,1.24,1.58,2.34,1.54,2.43,Non,Non,Non,Non,Oui,Away,71,[71],True
c7eb46243f5c4ba3,coupe-du-monde,165082,66,2026-09-10T17:51:18Z,Curacao,Turkiye,1,1,5.58,4.37,1.53,2.4,1.11,1.18,1.52,2.48,1.67,2.17,Non,Oui,Non,Oui,Non,Away,22,"[17, 22]",True
41103a49ce583007,coupe-du-monde,165082,69,2026-09-10T17:57:18Z,Sweden,Ghana,3,0,1.87,3.86,3.77,1.23,1.87,1.23,1.56,2.39,1.56,2.39,Oui,Non,Oui,Non,Non,Home,90,"[33, 47, 90]",True
ce34c0705953f365,coupe-du-monde,165082,69,2026-09-10T17:57:18Z,Algeria,Saudi Arabia,2,1,2.12,3.72,3.13,1.33,1.67,1.24,1.57,2.36,1.53,2.47,Oui,Oui,Oui,Non,Non,Home,82,"[51, 51, 82]",True
09a918a7f707fad2,coupe-du-monde,165082,69,2026-09-10T17:57:18Z,Portugal,Japan,2,2,2.01,3.97,3.22,1.31,1.75,1.21,1.44,2.75,1.44,2.72,Oui,Oui,Non,Oui,Non,Home,79,"[1, 22, 55, 79]",True
9fe8412c5773b93c,coupe-du-monde,165082,69,2026-09-10T17:57:18Z,England,Curacao,2,2,1.21,6.51,12.11,1.0,4.16,1.08,1.37,3.04,2.0,1.79,Oui,Oui,Non,Oui,Non,Home,73,"[25, 30, 49, 73]",True
3bde4282fde0ee27,coupe-du-monde,165082,69,2026-09-10T17:57:18Z,Canada,Colombia,1,3,3.51,4.03,1.9,1.84,1.27,1.21,1.44,2.73,1.46,2.65,Oui,Oui,Non,Non,Oui,Away,80,"[17, 55, 69, 80]",True
aad7018159979e18,coupe-du-monde,165082,69,2026-09-10T17:57:18Z,Qatar,Mexico,1,5,3.44,3.91,1.95,1.8,1.28,1.22,1.49,2.58,1.49,2.58,Oui,Oui,Non,Non,Oui,Home,66,"[26, 36, 45, 60, 64, 66]",True
a0a045b81918c321,coupe-du-monde,165082,69,2026-09-10T17:57:18Z,IR Iran,Ecuador,1,1,2.58,3.6,2.53,1.48,1.46,1.25,1.61,2.28,1.53,2.46,Non,Oui,Non,Oui,Non,Home,84,"[63, 84]",True
d6a6454b3c1171e7,coupe-du-monde,165082,69,2026-09-10T17:57:18Z,Tunisia,Spain,2,1,6.76,4.36,1.46,2.6,1.08,1.18,1.65,2.21,1.86,1.91,Oui,Oui,Oui,Non,Non,Home,89,"[59, 63, 89]",True
4e9be0a68a2e96f7,coupe-du-monde,165082,69,2026-09-10T17:57:18Z,Argentina,Uzbekistan,2,0,1.37,5.37,6.94,1.07,2.97,1.12,1.33,3.23,1.62,2.25,Non,Non,Oui,Non,Non,Home,52,"[13, 52]",True
866603f4fae867a6,coupe-du-monde,165082,69,2026-09-10T17:57:18Z,Congo DR,Haiti,0,0,2.04,3.58,3.46,1.27,1.73,1.26,1.7,2.12,1.62,2.25,Non,Non,Non,Oui,Non,,,[],True
7b8a09d024a8b1a5,coupe-du-monde,165082,69,2026-09-10T17:57:18Z,Cote d'Ivoire,Netherlands,1,0,3.19,4.01,2.01,1.75,1.31,1.21,1.42,2.83,1.43,2.77,Non,Non,Oui,Non,Non,Home,55,[55],True
5c8c32b3736ca5b8,coupe-du-monde,165082,69,2026-09-10T17:57:18Z,Egypt,Croatia,0,2,2.93,3.53,2.29,1.57,1.36,1.26,1.68,2.15,1.58,2.34,Non,Non,Non,Non,Oui,Away,42,"[9, 42]",True
193ef2c908749403,coupe-du-monde,165082,69,2026-09-10T17:57:18Z,Bosnia-Herzegovina,Cabo Verde,1,3,2.72,3.56,2.43,1.51,1.42,1.26,1.65,2.21,1.56,2.39,Oui,Oui,Non,Non,Oui,Away,85,"[13, 74, 81, 85]",True
3ffb432d71144171,coupe-du-monde,165082,69,2026-09-10T17:57:18Z,Germany,Panama,5,0,1.46,4.73,6.08,1.1,2.61,1.16,1.44,2.74,1.65,2.21,Oui,Non,Oui,Non,Non,Home,85,"[22, 40, 40, 75, 85]",True
90ed5fa8a6aade1f,coupe-du-monde,165082,69,2026-09-10T17:57:18Z,Iraq,USA,0,4,3.58,3.93,1.9,1.84,1.26,1.22,1.49,2.56,1.5,2.54,Oui,Non,Non,Non,Oui,Away,63,"[33, 47, 47, 63]",True
cfb499923605bcb2,coupe-du-monde,165082,69,2026-09-10T17:57:18Z,Switzerland,Belgium,3,1,2.5,3.54,2.65,1.44,1.49,1.26,1.66,2.18,1.57,2.37,Oui,Oui,Oui,Non,Non,Away,80,"[27, 70, 72, 80]",True
bf626a6e21798b01,coupe-du-monde,165082,69,2026-09-10T17:57:18Z,Turkiye,Scotland,1,3,2.42,3.83,2.59,1.46,1.52,1.23,1.47,2.65,1.44,2.74,Oui,Oui,Non,Non,Oui,Away,88,"[11, 29, 78, 88]",True
e79f4d7bb6edc8b1,coupe-du-monde,165082,69,2026-09-10T17:57:18Z,Brazil,Morocco,1,3,2.97,3.44,2.31,1.56,1.36,1.28,1.76,2.03,1.64,2.23,Oui,Oui,Non,Non,Oui,Away,76,"[6, 58, 68, 76]",True
b321cdfc1133a434,coupe-du-monde,165082,69,2026-09-10T17:57:18Z,Czechia,Uruguay,1,1,4.26,4.02,1.74,2.03,1.19,1.21,1.53,2.45,1.57,2.35,Non,Oui,Non,Oui,Non,Home,64,"[62, 64]",True
423ae78149af2094,coupe-du-monde,165082,69,2026-09-10T17:57:18Z,Korea Republic,New Zealand,2,2,1.75,3.94,4.27,1.19,2.01,1.22,1.58,2.35,1.61,2.29,Oui,Oui,Non,Oui,Non,Home,70,"[5, 6, 44, 70]",True
39d27e9d30c2e9d7,coupe-du-monde,165082,69,2026-09-10T17:57:18Z,Senegal,South Africa,2,1,1.76,3.85,4.3,1.19,1.99,1.23,1.63,2.23,1.64,2.21,Oui,Oui,Oui,Non,Non,Home,76,"[24, 64, 76]",True
968eb4c82f3a749c,coupe-du-monde,165082,69,2026-09-10T17:57:18Z,Australia,Austria,1,3,2.86,3.81,2.23,1.6,1.38,1.23,1.49,2.56,1.47,2.65,Oui,Oui,Non,Non,Oui,Away,79,"[24, 25, 56, 79]",True
1ffdbdaef4f2afce,coupe-du-monde,165082,69,2026-09-10T17:57:18Z,Jordan,Paraguay,0,1,2.97,3.46,2.3,1.57,1.36,1.27,1.75,2.05,1.63,2.25,Non,Non,Non,Non,Oui,Away,37,[37],True
a544dde9660cb47a,coupe-du-monde,165082,69,2026-09-10T17:57:18Z,France,Norway,2,0,1.69,4.37,4.16,1.2,2.09,1.18,1.37,3.03,1.46,2.68,Non,Non,Oui,Non,Non,Home,69,"[62, 69]",True
5e51855d8b5eba66,coupe-du-monde,165082,71,2026-09-10T18:01:18Z,Tunisia,Scotland,1,1,2.55,3.47,2.63,1.44,1.47,1.27,1.72,2.09,1.6,2.3,Non,Oui,Non,Oui,Non,Home,89,"[24, 89]",True
bf9d671864d568bd,coupe-du-monde,165082,71,2026-09-10T18:01:18Z,Turkiye,New Zealand,3,0,1.82,3.91,3.92,1.22,1.92,1.22,1.54,2.42,1.56,2.4,Oui,Non,Oui,Non,Non,Home,39,"[22, 26, 39]",True
517b0ebeb03a0dca,coupe-du-monde,165082,71,2026-09-10T18:01:18Z,Portugal,Qatar,2,1,1.59,4.61,4.64,1.16,2.27,1.16,1.34,3.16,1.47,2.63,Oui,Oui,Oui,Non,Non,Home,82,"[23, 51, 82]",True
d7b1e699043dba7b,coupe-du-monde,165082,71,2026-09-10T18:01:18Z,Sweden,Morocco,0,2,4.84,3.47,1.77,1.98,1.15,1.27,2.0,1.79,1.93,1.85,Non,Non,Non,Non,Oui,Away,69,"[43, 69]",True
c9affaa60e25d5c6,coupe-du-monde,165082,71,2026-09-10T18:01:18Z,Korea Republic,Norway,1,1,2.93,3.86,2.17,1.64,1.36,1.23,1.47,2.64,1.45,2.7,Non,Oui,Non,Oui,Non,Home,89,"[79, 89]",True
d92bb41a9e319c8a,coupe-du-monde,165082,71,2026-09-10T18:01:18Z,Iraq,Uzbekistan,0,2,2.54,3.54,2.61,1.45,1.47,1.26,1.66,2.19,1.56,2.38,Non,Non,Non,Non,Oui,Away,44,"[32, 44]",True
0851dd28fa85c700,coupe-du-monde,165082,71,2026-09-10T18:01:18Z,Curacao,Spain,1,3,17.31,7.67,1.15,5.21,0.98,1.06,1.36,3.1,2.31,1.6,Oui,Oui,Non,Non,Oui,Away,80,"[8, 37, 79, 80]",True
90cb789fe1d2f235,coupe-du-monde,165082,71,2026-09-10T18:01:18Z,Bosnia-Herzegovina,Netherlands,2,2,4.84,4.53,1.58,2.3,1.15,1.17,1.39,2.95,1.52,2.5,Oui,Oui,Non,Oui,Non,Away,83,"[13, 36, 74, 83]",True
42a632a3fd9f9327,coupe-du-monde,165082,71,2026-09-10T18:01:18Z,Germany,Austria,2,3,2.0,4.06,3.2,1.31,1.75,1.21,1.4,2.91,1.42,2.82,Oui,Oui,Non,Non,Oui,Home,72,"[24, 32, 43, 46, 72]",True
da50011b4409d3db,coupe-du-monde,165082,71,2026-09-10T18:01:18Z,France,Cabo Verde,3,1,1.32,5.54,8.27,1.05,3.26,1.12,1.37,3.01,1.74,2.06,Oui,Oui,Oui,Non,Non,Away,59,"[29, 31, 38, 59]",True
d59f399f06f4657e,coupe-du-monde,165082,71,2026-09-10T18:01:18Z,Canada,Haiti,1,1,1.74,3.92,4.35,1.18,2.03,1.22,1.59,2.32,1.62,2.26,Non,Oui,Non,Oui,Non,Home,62,"[14, 62]",True
91099d8fdcb0176e,coupe-du-monde,165082,71,2026-09-10T18:01:18Z,IR Iran,Croatia,2,2,3.2,3.56,2.14,1.65,1.31,1.26,1.69,2.14,1.6,2.3,Oui,Oui,Non,Oui,Non,Home,72,"[20, 31, 32, 72]",True
93c7056a0e117b95,coupe-du-monde,165082,71,2026-09-10T18:01:18Z,Switzerland,South Africa,4,1,1.63,3.97,5.16,1.13,2.2,1.21,1.67,2.16,1.74,2.06,Oui,Oui,Oui,Non,Non,Home,70,"[40, 45, 48, 67, 70]",True
d0391f0860598d48,coupe-du-monde,165082,71,2026-09-10T18:01:18Z,Australia,Colombia,1,2,3.22,3.91,2.03,1.73,1.31,1.22,1.47,2.63,1.47,2.64,Oui,Oui,Non,Non,Oui,Home,89,"[9, 43, 89]",True
d86ad85731f56d53,coupe-du-monde,165082,71,2026-09-10T18:01:18Z,Czechia,Ecuador,1,2,2.72,3.68,2.37,1.54,1.42,1.24,1.56,2.38,1.51,2.53,Oui,Oui,Non,Non,Oui,Away,69,"[10, 47, 69]",True
1a80317cb3f2162b,coupe-du-monde,165082,71,2026-09-10T18:01:18Z,Senegal,Mexico,1,2,2.54,3.63,2.56,1.47,1.47,1.25,1.59,2.31,1.52,2.48,Oui,Oui,Non,Non,Oui,Home,74,"[17, 58, 74]",True
2dadc4a26707be6a,coupe-du-monde,165082,71,2026-09-10T18:01:18Z,England,Ghana,2,1,1.45,4.82,6.19,1.09,2.66,1.15,1.41,2.83,1.63,2.24,Oui,Oui,Oui,Non,Non,Home,45,"[43, 44, 45]",True
d77b09f21d379193,coupe-du-monde,165082,71,2026-09-10T18:01:18Z,Brazil,USA,1,2,1.82,4.34,3.59,1.26,1.93,1.18,1.33,3.27,1.39,2.92,Oui,Oui,Non,Non,Oui,Home,75,"[47, 74, 75]",True
1f0f454bb71d5d41,coupe-du-monde,165082,71,2026-09-10T18:01:18Z,Congo DR,Belgium,1,3,4.76,4.12,1.65,2.17,1.16,1.2,1.54,2.43,1.62,2.26,Oui,Oui,Non,Non,Oui,Home,87,"[39, 62, 82, 87]",True
f6882961e4b8d254,coupe-du-monde,165082,71,2026-09-10T18:01:18Z,Egypt,Cote d'Ivoire,1,2,2.58,3.65,2.51,1.48,1.46,1.25,1.58,2.33,1.52,2.5,Oui,Oui,Non,Non,Oui,Home,87,"[54, 83, 87]",True
50ce5753da85732c,coupe-du-monde,165082,71,2026-09-10T18:01:18Z,Algeria,Uruguay,0,2,4.18,3.93,1.77,1.99,1.2,1.22,1.57,2.36,1.59,2.31,Non,Non,Non,Non,Oui,Away,65,"[20, 65]",True
bb4387f0ddf2e764,coupe-du-monde,165082,71,2026-09-10T18:01:18Z,Jordan,Saudi Arabia,1,1,2.69,3.48,2.49,1.49,1.43,1.27,1.71,2.11,1.59,2.31,Non,Oui,Non,Oui,Non,Home,36,"[28, 36]",True
9f3e0114ce66ac04,coupe-du-monde,165082,71,2026-09-10T18:01:18Z,Panama,Paraguay,2,4,3.37,3.57,2.07,1.7,1.29,1.26,1.7,2.11,1.62,2.26,Oui,Oui,Non,Non,Oui,Away,86,"[34, 35, 44, 48, 54, 86]",True
cc1e790706af924b,coupe-du-monde,165082,71,2026-09-10T18:01:18Z,Argentina,Japan,0,1,1.81,4.18,3.72,1.24,1.93,1.2,1.4,2.91,1.45,2.71,Non,Non,Non,Non,Oui,Away,28,[28],True
138707e608738a26,coupe-du-monde,165082,73,2026-09-10T18:05:18Z,Austria,Colombia,1,0,2.69,3.81,2.35,1.55,1.43,1.23,1.48,2.6,1.45,2.7,Non,Non,Oui,Non,Non,Home,46,[46],True
4c324aebeef4ff0d,coupe-du-monde,165082,73,2026-09-10T18:05:18Z,Germany,Paraguay,1,2,1.67,4.34,4.33,1.18,2.13,1.18,1.4,2.9,1.49,2.58,Oui,Oui,Non,Non,Oui,Away,58,"[28, 45, 58]",True
612b6d0208df6d15,coupe-du-monde,165082,73,2026-09-10T18:05:18Z,Curacao,Scotland,1,4,5.04,4.08,1.62,2.21,1.14,1.2,1.59,2.31,1.68,2.16,Oui,Oui,Non,Non,Oui,Away,70,"[1, 3, 33, 48, 70]",True
ddf3f42e3085461c,coupe-du-monde,165082,73,2026-09-10T18:05:18Z,Brazil,Uzbekistan,2,1,1.46,4.94,5.78,1.11,2.61,1.14,1.35,3.13,1.55,2.4,Oui,Oui,Oui,Non,Non,Home,68,"[54, 54, 68]",True
c194f8e1366ef0f6,coupe-du-monde,165082,73,2026-09-10T18:05:18Z,Sweden,USA,1,0,2.53,3.74,2.52,1.48,1.48,1.24,1.52,2.5,1.47,2.63,Non,Non,Oui,Non,Non,Home,9,[9],True
c7cdece6217b6255,coupe-du-monde,165082,73,2026-09-10T18:05:18Z,Canada,Belgium,3,1,3.71,4.0,1.85,1.89,1.24,1.21,1.48,2.61,1.5,2.55,Oui,Oui,Oui,Non,Non,Home,88,"[30, 41, 63, 88]",True
8447affc06b5bef1,coupe-du-monde,165082,73,2026-09-10T18:05:18Z,France,Netherlands,2,1,1.74,4.41,3.85,1.23,2.02,1.18,1.32,3.28,1.4,2.87,Oui,Oui,Oui,Non,Non,Home,81,"[26, 40, 81]",True
dbdbc4c0be9a33c0,coupe-du-monde,165082,73,2026-09-10T18:05:18Z,Switzerland,Mexico,0,0,2.31,3.66,2.83,1.39,1.57,1.25,1.58,2.34,1.52,2.49,Non,Non,Non,Oui,Non,,,[],True
bf73224f4a3f56f6,coupe-du-monde,165082,73,2026-09-10T18:05:18Z,Algeria,Ecuador,1,1,2.67,3.66,2.42,1.52,1.43,1.25,1.57,2.35,1.51,2.51,Non,Oui,Non,Oui,Non,Away,76,"[25, 76]",True
1ff6973bd6e16467,coupe-du-monde,165082,73,2026-09-10T18:05:18Z,Czechia,Croatia,3,0,3.13,3.59,2.17,1.64,1.33,1.26,1.66,2.19,1.58,2.34,Oui,Non,Oui,Non,Non,Home,87,"[76, 83, 87]",True
27be29ad19fe913f,coupe-du-monde,165082,73,2026-09-10T18:05:18Z,Iraq,Japan,2,2,4.24,3.81,1.78,1.97,1.19,1.23,1.65,2.21,1.65,2.21,Oui,Oui,Non,Oui,Non,Home,81,"[17, 21, 34, 81]",True
961510d17d392404,coupe-du-monde,165082,73,2026-09-10T18:05:18Z,Congo DR,South Africa,1,0,2.49,3.5,2.68,1.43,1.49,1.27,1.7,2.13,1.59,2.33,Non,Non,Oui,Non,Non,Home,79,[79],True
49dc7df2b2804da9,coupe-du-monde,165082,73,2026-09-10T18:05:18Z,Korea Republic,Cabo Verde,2,1,2.05,3.73,3.27,1.3,1.71,1.24,1.57,2.36,1.53,2.45,Oui,Oui,Oui,Non,Non,Home,79,"[28, 78, 79]",True
0e0a96ca1e60d6f2,coupe-du-monde,165082,73,2026-09-10T18:05:18Z,Panama,Saudi Arabia,2,2,2.85,3.48,2.37,1.54,1.38,1.27,1.72,2.08,1.61,2.28,Oui,Oui,Non,Oui,Non,Away,60,"[14, 38, 46, 60]",True
34f11be11845a9aa,coupe-du-monde,165082,73,2026-09-10T18:05:18Z,IR Iran,Cote d'Ivoire,1,3,2.5,3.61,2.62,1.45,1.49,1.25,1.61,2.27,1.53,2.45,Oui,Oui,Non,Non,Oui,Away,74,"[40, 44, 70, 74]",True
d29507f46020bd5e,coupe-du-monde,165082,73,2026-09-10T18:05:18Z,Australia,Haiti,2,2,1.64,4.06,4.89,1.15,2.18,1.21,1.59,2.33,1.66,2.18,Oui,Oui,Non,Oui,Non,Home,66,"[26, 33, 61, 66]",True
5c5180d23b72e997,coupe-du-monde,165082,73,2026-09-10T18:05:18Z,Jordan,Uruguay,0,1,5.44,4.1,1.58,2.29,1.12,1.2,1.63,2.23,1.74,2.06,Non,Non,Non,Non,Oui,Away,29,[29],True
cbe74e7f29f85025,coupe-du-monde,165082,73,2026-09-10T18:05:18Z,Argentina,Qatar,2,1,1.45,4.96,5.88,1.1,2.64,1.14,1.35,3.12,1.56,2.38,Oui,Oui,Oui,Non,Non,Home,74,"[28, 34, 74]",True
48946c577b03210c,coupe-du-monde,165082,73,2026-09-10T18:05:18Z,Turkiye,Norway,0,1,3.31,4.01,1.97,1.78,1.29,1.21,1.42,2.79,1.44,2.74,Non,Non,Non,Non,Oui,Away,67,[67],True
c94e3af6eac34206,coupe-du-monde,165082,73,2026-09-10T18:05:18Z,Tunisia,New Zealand,0,1,1.94,3.48,3.89,1.22,1.8,1.27,1.85,1.93,1.75,2.05,Non,Non,Non,Non,Oui,Away,66,[66],True
b37c0c0b0dd67acc,coupe-du-monde,165082,73,2026-09-10T18:05:18Z,England,Morocco,1,1,2.98,3.34,2.36,1.54,1.36,1.29,1.87,1.91,1.7,2.12,Non,Oui,Non,Oui,Non,Home,44,"[42, 44]",True
9c524c17f11a8693,coupe-du-monde,165082,73,2026-09-10T18:05:18Z,Bosnia-Herzegovina,Egypt,1,1,3.44,3.67,2.01,1.74,1.28,1.25,1.63,2.24,1.58,2.34,Non,Oui,Non,Oui,Non,Home,23,"[2, 23]",True
b84588fc541b4e94,coupe-du-monde,165082,73,2026-09-10T18:05:18Z,Spain,Ghana,4,0,1.28,5.74,9.83,1.02,3.56,1.11,1.42,2.82,1.9,1.88,Oui,Non,Oui,Non,Non,Home,59,"[38, 39, 55, 59]",True
e2b45eb6cfe5ff8d,coupe-du-monde,165082,73,2026-09-10T18:05:18Z,Senegal,Portugal,2,2,3.28,3.93,2.0,1.76,1.3,1.22,1.46,2.66,1.46,2.66,Oui,Oui,Non,Oui,Non,Away,70,"[19, 40, 64, 70]",True
692abf1ed9fe118c,coupe-du-monde,165082,76,2026-09-10T18:11:18Z,Scotland,Germany,1,1,4.02,4.33,1.72,2.05,1.21,1.18,1.38,3.0,1.45,2.69,Non,Oui,Non,Oui,Non,Away,54,"[17, 54]",True
a32d33934cbc9787,coupe-du-monde,165082,76,2026-09-10T18:11:18Z,Morocco,Ghana,2,1,1.44,4.33,7.53,1.06,2.7,1.18,1.73,2.07,2.0,1.78,Oui,Oui,Oui,Non,Non,Home,85,"[42, 74, 85]",True
4ced9ebae1cac7c7,coupe-du-monde,165082,76,2026-09-10T18:11:18Z,Norway,England,2,1,3.51,4.1,1.88,1.86,1.27,1.2,1.41,2.87,1.44,2.74,Oui,Oui,Oui,Non,Non,Home,88,"[23, 29, 88]",True
8a3318e451134e6f,coupe-du-monde,165082,76,2026-09-10T18:11:18Z,Japan,Turkiye,3,0,1.96,3.82,3.47,1.27,1.78,1.23,1.54,2.43,1.53,2.47,Oui,Non,Oui,Non,Non,Home,82,"[56, 77, 82]",True
bb8892dfb93f571f,coupe-du-monde,165082,76,2026-09-10T18:11:18Z,Saudi Arabia,Colombia,0,3,4.14,4.07,1.75,2.02,1.2,1.2,1.49,2.58,1.54,2.45,Oui,Non,Non,Non,Oui,Away,50,"[22, 24, 50]",True
1dac3a81e6c287cd,coupe-du-monde,165082,76,2026-09-10T18:11:18Z,Portugal,Czechia,2,3,1.67,4.36,4.3,1.19,2.13,1.18,1.39,2.93,1.48,2.6,Oui,Oui,Non,Non,Oui,Away,76,"[27, 40, 46, 70, 76]",True
85c9fc9724fbfd88,coupe-du-monde,165082,76,2026-09-10T18:11:18Z,Uzbekistan,Tunisia,0,3,3.23,3.49,2.15,1.65,1.31,1.27,1.75,2.05,1.64,2.22,Oui,Non,Non,Non,Oui,Away,45,"[44, 45, 45]",True
9f68e0f66543baf6,coupe-du-monde,165082,76,2026-09-10T18:11:18Z,Qatar,Korea Republic,2,2,2.74,3.74,2.34,1.55,1.41,1.24,1.52,2.48,1.48,2.61,Oui,Oui,Non,Oui,Non,Away,76,"[10, 46, 55, 76]",True
77f99693e4e04761,coupe-du-monde,165082,76,2026-09-10T18:11:18Z,Ecuador,Australia,4,1,2.53,3.71,2.53,1.48,1.48,1.24,1.54,2.44,1.49,2.58,Oui,Oui,Oui,Non,Non,Home,87,"[23, 34, 77, 83, 87]",True
c0c9f157d0efe765,coupe-du-monde,165082,76,2026-09-10T18:11:18Z,Senegal,France,1,0,4.43,4.21,1.68,2.12,1.18,1.19,1.46,2.66,1.54,2.44,Non,Non,Oui,Non,Non,Home,59,[59],True
5803aa800dfd76a1,coupe-du-monde,165082,76,2026-09-10T18:11:18Z,Argentina,IR Iran,1,2,1.58,4.45,4.98,1.14,2.31,1.17,1.42,2.79,1.55,2.41,Oui,Oui,Non,Non,Oui,Home,63,"[27, 28, 63]",True
38e77ddd3fce9537,coupe-du-monde,165082,76,2026-09-10T18:11:18Z,South Africa,Jordan,1,4,2.61,3.4,2.61,1.45,1.45,1.28,1.78,2.0,1.64,2.22,Oui,Oui,Non,Non,Oui,Away,75,"[13, 27, 48, 73, 75]",True
f99550eed1da9425,coupe-du-monde,165082,76,2026-09-10T18:11:18Z,Belgium,Panama,5,1,1.51,4.36,5.87,1.1,2.45,1.18,1.56,2.4,1.72,2.09,Oui,Oui,Oui,Non,Non,Home,82,"[33, 37, 44, 53, 66, 82]",True
aa320c0c17b29a90,coupe-du-monde,165082,76,2026-09-10T18:11:18Z,Uruguay,Austria,3,2,2.01,3.8,3.33,1.29,1.74,1.23,1.54,2.44,1.52,2.5,Oui,Oui,Oui,Non,Non,Home,73,"[16, 20, 40, 67, 73]",True
c2c42486a538f232,coupe-du-monde,165082,76,2026-09-10T18:11:18Z,Croatia,Canada,3,1,2.03,3.74,3.35,1.29,1.73,1.24,1.58,2.35,1.54,2.43,Oui,Oui,Oui,Non,Non,Away,90,"[27, 33, 51, 90]",True
ded7fefa597f71ff,coupe-du-monde,165082,76,2026-09-10T18:11:18Z,USA,Curacao,2,1,1.43,4.84,6.58,1.08,2.74,1.15,1.44,2.72,1.69,2.14,Oui,Oui,Oui,Non,Non,Away,42,"[37, 39, 42]",True
80b7d29a04e986d1,coupe-du-monde,165082,76,2026-09-10T18:11:18Z,Cabo Verde,Sweden,0,2,3.46,3.65,2.01,1.74,1.27,1.25,1.65,2.2,1.59,2.31,Non,Non,Non,Non,Oui,Away,79,"[71, 79]",True
23c51f67c7b1f8a0,coupe-du-monde,165082,76,2026-09-10T18:11:18Z,Netherlands,Brazil,2,3,2.92,4.17,2.09,1.69,1.37,1.2,1.33,3.27,1.36,3.08,Oui,Oui,Non,Non,Oui,Home,67,"[9, 18, 31, 64, 67]",True
401f7ef1feb824e8,coupe-du-monde,165082,76,2026-09-10T18:11:18Z,Bosnia-Herzegovina,Switzerland,0,2,4.82,3.88,1.68,2.11,1.15,1.22,1.68,2.15,1.72,2.09,Non,Non,Non,Non,Oui,Away,76,"[40, 76]",True
0987d597d7dfa1a6,coupe-du-monde,165082,76,2026-09-10T18:11:18Z,Haiti,Paraguay,0,0,4.04,3.77,1.83,1.91,1.21,1.24,1.65,2.21,1.63,2.23,Non,Non,Non,Oui,Non,,,[],True
b97e6bf4a7bed831,coupe-du-monde,165082,76,2026-09-10T18:11:18Z,New Zealand,Spain,0,2,12.51,6.46,1.21,4.18,1.0,1.08,1.39,2.92,2.05,1.75,Non,Non,Non,Non,Oui,Away,45,"[38, 45]",True
ef87d845859f010f,coupe-du-monde,165082,76,2026-09-10T18:11:18Z,Cote d'Ivoire,Congo DR,0,0,1.93,3.76,3.61,1.25,1.81,1.24,1.59,2.31,1.57,2.37,Non,Non,Non,Oui,Non,,,[],True
eb378c4106ef6f0c,coupe-du-monde,165082,76,2026-09-10T18:11:18Z,Egypt,Iraq,4,0,2.12,3.58,3.23,1.31,1.67,1.26,1.67,2.16,1.59,2.32,Oui,Non,Oui,Non,Non,Home,80,"[24, 28, 30, 80]",True
bfcb6030a77eb82f,coupe-du-monde,165082,76,2026-09-10T18:11:18Z,Mexico,Algeria,2,0,2.07,3.82,3.17,1.32,1.7,1.23,1.51,2.5,1.49,2.57,Non,Non,Oui,Non,Non,Home,30,"[28, 30]",True
ba23f99c7c401b21,coupe-du-monde,165082,78,2026-09-10T18:15:18Z,Cote d'Ivoire,Canada,3,1,2.21,3.75,2.93,1.37,1.61,1.24,1.53,2.46,1.49,2.57,Oui,Oui,Oui,Non,Non,Away,71,"[20, 35, 70, 71]",True
bf72b33153a2d9a4,coupe-du-monde,165082,78,2026-09-10T18:15:18Z,Netherlands,Sweden,4,1,2.1,3.92,3.04,1.34,1.68,1.22,1.45,2.72,1.44,2.73,Oui,Oui,Oui,Non,Non,Home,86,"[44, 45, 70, 83, 86]",True
a29ddcab97ab2608,coupe-du-monde,165082,78,2026-09-10T18:15:18Z,Portugal,Algeria,1,2,1.67,4.39,4.26,1.19,2.12,1.18,1.37,3.01,1.47,2.65,Oui,Oui,Non,Non,Oui,Home,87,"[24, 64, 87]",True
dc3c9938cb7da813,coupe-du-monde,165082,78,2026-09-10T18:15:18Z,Argentina,Czechia,0,4,1.52,4.71,5.3,1.13,2.45,1.16,1.37,3.02,1.54,2.45,Oui,Non,Non,Non,Oui,Away,71,"[39, 43, 64, 71]",True
86fdb1c83804b7ec,coupe-du-monde,165082,78,2026-09-10T18:15:18Z,Croatia,Australia,4,1,2.17,3.72,3.02,1.35,1.64,1.24,1.55,2.4,1.51,2.52,Oui,Oui,Oui,Non,Non,Home,87,"[19, 37, 53, 86, 87]",True
7745494352702634,coupe-du-monde,165082,78,2026-09-10T18:15:18Z,France,Switzerland,0,0,1.77,4.02,4.04,1.21,1.98,1.21,1.5,2.53,1.54,2.44,Non,Non,Non,Oui,Non,,,[],True
de3749f04b5a5282,coupe-du-monde,165082,78,2026-09-10T18:15:18Z,Egypt,Brazil,1,3,3.97,4.12,1.77,1.98,1.21,1.2,1.45,2.69,1.5,2.54,Oui,Oui,Non,Non,Oui,Home,81,"[24, 33, 64, 81]",True
61e7691f975276d5,coupe-du-monde,165082,78,2026-09-10T18:15:18Z,Haiti,Saudi Arabia,2,1,3.56,3.69,1.97,1.78,1.26,1.24,1.64,2.23,1.59,2.32,Oui,Oui,Oui,Non,Non,Home,64,"[34, 45, 64]",True
6823f49616e02962,coupe-du-monde,165082,78,2026-09-10T18:15:18Z,USA,Ghana,1,1,1.87,3.99,3.65,1.25,1.87,1.21,1.47,2.62,1.49,2.57,Non,Oui,Non,Oui,Non,Away,32,"[29, 32]",True
57a461dc93e396bc,coupe-du-monde,165082,78,2026-09-10T18:15:18Z,Uzbekistan,Curacao,1,0,1.78,3.82,4.25,1.19,1.98,1.23,1.64,2.22,1.65,2.21,Non,Non,Oui,Non,Non,Home,64,[64],True
5888f598c1e34af3,coupe-du-monde,165082,78,2026-09-10T18:15:18Z,Belgium,Paraguay,1,1,1.74,4.02,4.21,1.19,2.02,1.21,1.53,2.47,1.57,2.37,Non,Oui,Non,Oui,Non,Away,82,"[58, 82]",True
671fad4f18191f60,coupe-du-monde,165082,78,2026-09-10T18:15:18Z,Morocco,Germany,0,1,2.06,3.52,3.45,1.27,1.71,1.27,1.75,2.05,1.65,2.19,Non,Non,Non,Non,Oui,Away,64,[64],True
c924da0cf663926f,coupe-du-monde,165082,78,2026-09-10T18:15:18Z,IR Iran,Iraq,3,1,2.18,3.5,3.17,1.32,1.63,1.27,1.73,2.08,1.62,2.26,Oui,Oui,Oui,Non,Non,Home,86,"[5, 51, 60, 86]",True
a887923051df71e2,coupe-du-monde,165082,78,2026-09-10T18:15:18Z,Mexico,Jordan,1,0,1.8,3.83,4.1,1.2,1.94,1.23,1.62,2.26,1.62,2.26,Non,Non,Oui,Non,Non,Home,87,[87],True
10797b8a2c40013b,coupe-du-monde,165082,78,2026-09-10T18:15:18Z,Bosnia-Herzegovina,Congo DR,0,1,2.45,3.54,2.71,1.42,1.51,1.26,1.67,2.17,1.57,2.36,Non,Non,Non,Non,Oui,Away,25,[25],True
e609e9731059876e,coupe-du-monde,165082,78,2026-09-10T18:15:18Z,New Zealand,Scotland,1,2,3.92,3.87,1.83,1.91,1.22,1.22,1.57,2.37,1.57,2.36,Oui,Oui,Non,Non,Oui,Away,75,"[38, 61, 75]",True
fcc98c2c6f983a64,coupe-du-monde,165082,78,2026-09-10T18:15:18Z,Japan,Tunisia,3,2,1.98,3.58,3.65,1.25,1.77,1.26,1.73,2.07,1.66,2.19,Oui,Oui,Oui,Non,Non,Home,84,"[23, 33, 56, 82, 84]",True
ac80d4407eb6b7c3,coupe-du-monde,165082,78,2026-09-10T18:15:18Z,Uruguay,Colombia,2,0,2.12,3.88,3.02,1.35,1.67,1.22,1.46,2.66,1.45,2.69,Non,Non,Oui,Non,Non,Home,73,"[5, 73]",True
2e28aae6a8cfd6d9,coupe-du-monde,165082,78,2026-09-10T18:15:18Z,Norway,Spain,0,3,4.97,4.41,1.58,2.29,1.14,1.18,1.44,2.73,1.56,2.38,Oui,Non,Non,Non,Oui,Away,87,"[21, 53, 87]",True
f805e6a6762c5d53,coupe-du-monde,165082,78,2026-09-10T18:15:18Z,South Africa,Panama,3,0,2.49,3.39,2.75,1.41,1.49,1.28,1.8,1.99,1.65,2.2,Oui,Non,Oui,Non,Non,Home,51,"[40, 44, 51]",True
3d63c52449c4a0a6,coupe-du-monde,165082,78,2026-09-10T18:15:18Z,Qatar,Turkiye,1,1,2.66,3.88,2.35,1.55,1.44,1.22,1.44,2.73,1.43,2.79,Non,Oui,Non,Oui,Non,Away,77,"[22, 77]",True
dc4c7dbe026e65af,coupe-du-monde,165082,78,2026-09-10T18:15:18Z,Senegal,Korea Republic,3,0,2.17,3.72,3.03,1.34,1.64,1.24,1.56,2.39,1.51,2.51,Oui,Non,Oui,Non,Non,Home,79,"[39, 41, 79]",True
c051f821ea8e756a,coupe-du-monde,165082,78,2026-09-10T18:15:18Z,Ecuador,Austria,0,2,2.83,3.71,2.29,1.58,1.39,1.24,1.54,2.43,1.49,2.56,Non,Non,Non,Non,Oui,Away,81,"[58, 81]",True
b2a4d3938a189804,coupe-du-monde,165082,78,2026-09-10T18:15:18Z,Cabo Verde,England,1,2,5.72,4.56,1.5,2.49,1.11,1.17,1.46,2.66,1.64,2.23,Oui,Oui,Non,Non,Oui,Away,84,"[23, 28, 84]",True
20a33e403882a667,coupe-du-monde,165082,81,2026-09-10T18:21:18Z,Sweden,Senegal,1,3,2.88,3.59,2.3,1.57,1.38,1.26,1.64,2.23,1.55,2.4,Oui,Oui,Non,Non,Oui,Away,88,"[17, 60, 81, 88]",True
38883b4ab4cb0771,coupe-du-monde,165082,81,2026-09-10T18:21:18Z,Australia,Portugal,1,3,4.14,4.39,1.69,2.09,1.2,1.18,1.36,3.07,1.45,2.7,Oui,Oui,Non,Non,Oui,Away,76,"[1, 31, 52, 76]",True
1f1792eca7c96427,coupe-du-monde,165082,81,2026-09-10T18:21:18Z,Ghana,Cabo Verde,1,0,2.72,3.59,2.42,1.52,1.42,1.26,1.63,2.25,1.54,2.42,Non,Non,Oui,Non,Non,Home,76,[76],True
2520d5e7945d2a49,coupe-du-monde,165082,81,2026-09-10T18:21:18Z,Korea Republic,Czechia,3,3,2.44,3.69,2.63,1.44,1.51,1.24,1.55,2.41,1.49,2.56,Oui,Oui,Non,Oui,Non,Away,84,"[40, 42, 44, 68, 80, 84]",True
748580e1a5be02cb,coupe-du-monde,165082,81,2026-09-10T18:21:18Z,Panama,Cote d'Ivoire,2,4,3.91,3.77,1.85,1.88,1.22,1.23,1.63,2.24,1.61,2.28,Oui,Oui,Non,Non,Oui,Home,59,"[10, 11, 42, 49, 53, 59]",True
a26ddbf069282710,coupe-du-monde,165082,81,2026-09-10T18:21:18Z,Spain,Japan,6,0,1.66,4.09,4.71,1.16,2.15,1.2,1.55,2.41,1.62,2.26,Oui,Non,Oui,Non,Non,Home,85,"[16, 32, 35, 70, 76, 85]",True
04271b13b8101282,coupe-du-monde,165082,81,2026-09-10T18:21:18Z,Curacao,Netherlands,1,1,8.49,5.57,1.31,3.3,1.04,1.11,1.38,2.97,1.77,2.02,Non,Oui,Non,Oui,Non,Away,57,"[46, 57]",True
54201abbd007eadc,coupe-du-monde,165082,81,2026-09-10T18:21:18Z,Turkiye,IR Iran,2,4,2.73,3.69,2.36,1.54,1.41,1.24,1.55,2.4,1.5,2.54,Oui,Oui,Non,Non,Oui,Away,82,"[15, 20, 26, 52, 65, 82]",True
b1cceab5a4c1f590,coupe-du-monde,165082,81,2026-09-10T18:21:18Z,Algeria,France,1,2,5.95,4.81,1.46,2.61,1.1,1.15,1.4,2.9,1.6,2.3,Oui,Oui,Non,Non,Oui,Home,90,"[13, 69, 90]",True
28a9630930643c79,coupe-du-monde,165082,81,2026-09-10T18:21:18Z,Paraguay,Croatia,0,4,3.71,3.76,1.91,1.83,1.24,1.24,1.61,2.28,1.58,2.33,Oui,Non,Non,Non,Oui,Away,70,"[44, 45, 51, 70]",True
daf87301ace15b97,coupe-du-monde,165082,81,2026-09-10T18:21:18Z,Scotland,Uzbekistan,2,2,2.14,3.78,3.04,1.34,1.65,1.23,1.52,2.48,1.49,2.57,Oui,Oui,Non,Oui,Non,Away,82,"[21, 63, 80, 82]",True
eb2864dd827ccb9a,coupe-du-monde,165082,81,2026-09-10T18:21:18Z,Canada,Argentina,1,2,5.59,4.98,1.47,2.58,1.11,1.14,1.33,3.27,1.52,2.48,Oui,Oui,Non,Non,Oui,Away,86,"[18, 66, 86]",True
3e3d284c7a38e18e,coupe-du-monde,165082,81,2026-09-10T18:21:18Z,Congo DR,Iraq,1,2,2.82,3.49,2.39,1.53,1.39,1.27,1.71,2.1,1.6,2.3,Oui,Oui,Non,Non,Oui,Away,64,"[53, 62, 64]",True
71e7a40438bbb51b,coupe-du-monde,165082,81,2026-09-10T18:21:18Z,Brazil,Switzerland,2,2,2.06,3.83,3.2,1.31,1.71,1.23,1.51,2.51,1.49,2.57,Oui,Oui,Non,Oui,Non,Home,76,"[31, 43, 71, 76]",True
2940b7d9e3745b57,coupe-du-monde,165082,81,2026-09-10T18:21:18Z,Austria,Mexico,1,2,2.65,3.79,2.39,1.53,1.44,1.23,1.49,2.56,1.46,2.67,Oui,Oui,Non,Non,Oui,Away,75,"[40, 54, 75]",True
33afe916160f6be2,coupe-du-monde,165082,81,2026-09-10T18:21:18Z,England,Qatar,4,1,1.58,4.49,4.9,1.15,2.3,1.17,1.4,2.88,1.53,2.46,Oui,Oui,Oui,Non,Non,Home,81,"[13, 16, 55, 75, 81]",True
1682f367bb700fcd,coupe-du-monde,165082,81,2026-09-10T18:21:18Z,Tunisia,Egypt,1,2,3.08,3.35,2.29,1.57,1.34,1.29,1.86,1.92,1.69,2.13,Oui,Oui,Non,Non,Oui,Away,74,"[5, 57, 74]",True
ea68fa68805fbaf3,coupe-du-monde,165082,81,2026-09-10T18:21:18Z,Colombia,South Africa,3,1,1.64,4.18,4.73,1.16,2.18,1.2,1.51,2.52,1.59,2.31,Oui,Oui,Oui,Non,Non,Away,64,"[7, 40, 52, 64]",True
5ce9cf9f532c42bf,coupe-du-monde,165082,81,2026-09-10T18:21:18Z,Saudi Arabia,Ecuador,0,2,3.49,3.81,1.96,1.79,1.27,1.23,1.55,2.41,1.53,2.46,Non,Non,Non,Non,Oui,Away,71,"[43, 71]",True
112b864c7b635e84,coupe-du-monde,165082,81,2026-09-10T18:21:18Z,Jordan,Bosnia-Herzegovina,1,2,2.72,3.46,2.48,1.5,1.42,1.27,1.73,2.07,1.61,2.28,Oui,Oui,Non,Non,Oui,Away,40,"[28, 30, 40]",True
3ce3db61bc27f417,coupe-du-monde,165082,81,2026-09-10T18:21:18Z,Morocco,Norway,0,2,1.92,3.49,3.95,1.22,1.82,1.27,1.85,1.93,1.75,2.05,Non,Non,Non,Non,Oui,Away,50,"[15, 50]",True
d56b6ee551b41ec3,coupe-du-monde,165082,81,2026-09-10T18:21:18Z,New Zealand,USA,1,1,4.6,4.2,1.65,2.16,1.16,1.19,1.48,2.59,1.57,2.37,Non,Oui,Non,Oui,Non,Home,35,"[22, 35]",True
7eec1004a270f348,coupe-du-monde,165082,81,2026-09-10T18:21:18Z,Haiti,Belgium,1,2,7.11,4.79,1.41,2.81,1.07,1.15,1.5,2.55,1.77,2.02,Oui,Oui,Non,Non,Oui,Away,63,"[23, 58, 63]",True
0b5e7048813d8e0e,coupe-du-monde,165082,81,2026-09-10T18:21:18Z,Germany,Uruguay,2,0,2.59,3.91,2.39,1.53,1.46,1.22,1.43,2.79,1.42,2.83,Non,Non,Oui,Non,Non,Home,82,"[71, 82]",True
620361f99d88f065,coupe-du-monde,165082,83,2026-09-10T18:25:18Z,Saudi Arabia,Croatia,1,2,4.0,3.84,1.82,1.92,1.21,1.23,1.6,2.3,1.6,2.3,Oui,Oui,Non,Non,Oui,Away,89,"[20, 37, 89]",True
857abc74a23e577c,coupe-du-monde,165082,83,2026-09-10T18:25:18Z,England,Senegal,1,1,1.94,3.88,3.47,1.27,1.8,1.22,1.51,2.5,1.51,2.52,Non,Oui,Non,Oui,Non,Home,38,"[16, 38]",True
676c57584dd6d6d2,coupe-du-monde,165082,83,2026-09-10T18:25:18Z,Scotland,Japan,0,2,3.48,3.88,1.94,1.8,1.27,1.22,1.51,2.51,1.5,2.53,Non,Non,Non,Non,Oui,Away,84,"[68, 84]",True
dadc3c0ffdd5b4b8,coupe-du-monde,165082,83,2026-09-10T18:25:18Z,USA,Norway,2,3,2.88,4.01,2.16,1.65,1.38,1.21,1.39,2.93,1.4,2.89,Oui,Oui,Non,Non,Oui,Away,70,"[20, 26, 39, 56, 70]",True
ad657b39f440c2a6,coupe-du-monde,165082,83,2026-09-10T18:25:18Z,Turkiye,Czechia,3,1,2.54,3.72,2.52,1.48,1.47,1.24,1.54,2.45,1.49,2.59,Oui,Oui,Oui,Non,Non,Home,89,"[40, 42, 54, 89]",True
07f9720f52a9f850,coupe-du-monde,165082,83,2026-09-10T18:25:18Z,Uruguay,Ecuador,2,1,1.85,3.93,3.77,1.24,1.89,1.22,1.52,2.5,1.53,2.47,Oui,Oui,Oui,Non,Non,Home,73,"[41, 54, 73]",True
95a0145e8527520b,coupe-du-monde,165082,83,2026-09-10T18:25:18Z,Jordan,France,0,2,8.29,5.4,1.33,3.21,1.04,1.12,1.41,2.86,1.78,2.01,Non,Non,Non,Non,Oui,Away,90,"[16, 90]",True
33d1687abed134e8,coupe-du-monde,165082,83,2026-09-10T18:25:18Z,Canada,Iraq,2,0,2.3,3.63,2.85,1.38,1.57,1.25,1.6,2.29,1.53,2.45,Non,Non,Oui,Non,Non,Home,30,"[18, 30]",True
728f6f9004eab758,coupe-du-monde,165082,83,2026-09-10T18:25:18Z,Haiti,South Africa,0,0,3.31,3.58,2.09,1.69,1.3,1.26,1.68,2.15,1.6,2.29,Non,Non,Non,Oui,Non,,,[],True
1974f791b03c5935,coupe-du-monde,165082,83,2026-09-10T18:25:18Z,Brazil,Congo DR,1,1,1.4,5.08,6.65,1.08,2.82,1.14,1.38,3.0,1.63,2.24,Non,Oui,Non,Oui,Non,Away,86,"[18, 86]",True
80f1a29d74cd105b,coupe-du-monde,165082,83,2026-09-10T18:25:18Z,Algeria,Korea Republic,1,0,2.71,3.64,2.4,1.53,1.42,1.25,1.58,2.33,1.52,2.49,Non,Non,Oui,Non,Non,Home,40,[40],True
b35255beffedecd0,coupe-du-monde,165082,83,2026-09-10T18:25:18Z,Morocco,Cabo Verde,3,1,1.53,3.92,6.71,1.08,2.43,1.22,1.9,1.88,2.05,1.75,Oui,Oui,Oui,Non,Non,Home,65,"[31, 32, 63, 65]",True
a7da51506044102e,coupe-du-monde,165082,83,2026-09-10T18:25:18Z,Tunisia,IR Iran,2,0,2.95,3.36,2.36,1.54,1.36,1.29,1.85,1.93,1.68,2.14,Non,Non,Oui,Non,Non,Home,49,"[42, 49]",True
0081cc510823bec4,coupe-du-monde,165082,83,2026-09-10T18:25:18Z,Spain,Qatar,4,1,1.39,5.04,7.11,1.07,2.89,1.14,1.42,2.8,1.7,2.12,Oui,Oui,Oui,Non,Non,Home,84,"[25, 29, 31, 56, 84]",True
ab11e0553fe35e5e,coupe-du-monde,165082,83,2026-09-10T18:25:18Z,Germany,Belgium,2,3,2.28,3.98,2.7,1.42,1.58,1.21,1.39,2.92,1.4,2.91,Oui,Oui,Non,Non,Oui,Home,71,"[35, 39, 60, 60, 71]",True
023742fd43feb1bb,coupe-du-monde,165082,83,2026-09-10T18:25:18Z,Colombia,Mexico,0,3,2.39,3.87,2.61,1.45,1.53,1.22,1.44,2.73,1.43,2.79,Oui,Non,Non,Non,Oui,Away,88,"[57, 63, 88]",True
084dca16d75c8f28,coupe-du-monde,165082,83,2026-09-10T18:25:18Z,Australia,Argentina,1,1,4.89,4.55,1.57,2.31,1.15,1.17,1.38,2.96,1.52,2.49,Non,Oui,Non,Oui,Non,Home,62,"[56, 62]",True
a070312cfbfe685e,coupe-du-monde,165082,83,2026-09-10T18:25:18Z,Paraguay,Cote d'Ivoire,0,1,2.95,3.71,2.22,1.61,1.36,1.24,1.56,2.39,1.51,2.52,Non,Non,Non,Non,Oui,Away,38,[38],True
e554e9e51c26cc15,coupe-du-monde,165082,83,2026-09-10T18:25:18Z,Curacao,Egypt,2,2,6.08,4.18,1.52,2.43,1.1,1.2,1.66,2.19,1.81,1.97,Oui,Oui,Non,Oui,Non,Away,89,"[10, 39, 50, 89]",True
8234ff48b861b4de,coupe-du-monde,165082,83,2026-09-10T18:25:18Z,Austria,Portugal,1,1,3.62,4.19,1.84,1.9,1.25,1.2,1.38,2.98,1.43,2.78,Non,Oui,Non,Oui,Non,Away,82,"[78, 82]",True
6deb89d2c3bb9355,coupe-du-monde,165082,83,2026-09-10T18:25:18Z,Panama,Bosnia-Herzegovina,3,2,3.0,3.53,2.25,1.59,1.35,1.26,1.69,2.14,1.59,2.32,Oui,Oui,Oui,Non,Non,Away,90,"[4, 33, 61, 73, 90]",True
f08154bd9671a0b1,coupe-du-monde,165082,83,2026-09-10T18:25:18Z,Ghana,Netherlands,1,4,4.67,4.35,1.62,2.21,1.16,1.18,1.43,2.76,1.53,2.45,Oui,Oui,Non,Non,Oui,Away,90,"[27, 36, 43, 47, 90]",True
536f08140d94a45d,coupe-du-monde,165082,83,2026-09-10T18:25:18Z,New Zealand,Uzbekistan,2,3,3.12,3.64,2.15,1.65,1.33,1.25,1.62,2.26,1.55,2.4,Oui,Oui,Non,Non,Oui,Home,73,"[23, 29, 52, 70, 73]",True
d72d77fdc1a7516b,coupe-du-monde,165082,83,2026-09-10T18:25:18Z,Sweden,Switzerland,0,0,3.03,3.5,2.25,1.59,1.35,1.27,1.72,2.09,1.61,2.28,Non,Non,Non,Oui,Non,,,[],True
713e2d011196b4e5,coupe-du-monde,165082,86,2026-09-10T18:31:18Z,Uzbekistan,Germany,1,3,5.02,4.62,1.55,2.36,1.14,1.16,1.37,3.02,1.52,2.49,Oui,Oui,Non,Non,Oui,Away,87,"[9, 39, 71, 87]",True
a42d3ba420e2c47b,coupe-du-monde,165082,86,2026-09-10T18:31:18Z,Argentina,Paraguay,1,3,1.42,5.08,6.26,1.09,2.75,1.14,1.35,3.14,1.59,2.33,Oui,Oui,Non,Non,Oui,Away,68,"[14, 22, 36, 68]",True
798c8a445363ac04,coupe-du-monde,165082,86,2026-09-10T18:31:18Z,Turkiye,Canada,1,1,2.33,3.81,2.71,1.42,1.55,1.23,1.48,2.59,1.45,2.69,Non,Oui,Non,Oui,Non,Home,74,"[50, 74]",True
1233673e00cb8efb,coupe-du-monde,165082,86,2026-09-10T18:31:18Z,South Africa,Ecuador,0,2,3.77,3.82,1.88,1.86,1.24,1.23,1.58,2.34,1.57,2.37,Non,Non,Non,Non,Oui,Away,67,"[42, 67]",True
4e756c94f2fbc8b6,coupe-du-monde,165082,86,2026-09-10T18:31:18Z,Qatar,Morocco,0,2,6.11,4.03,1.54,2.38,1.09,1.21,1.75,2.04,1.89,1.89,Non,Non,Non,Non,Oui,Away,51,"[29, 51]",True
3d183223be24b562,coupe-du-monde,165082,86,2026-09-10T18:31:18Z,Switzerland,Curacao,3,0,1.38,4.73,8.21,1.05,2.95,1.16,1.62,2.26,1.97,1.81,Oui,Non,Oui,Non,Non,Home,88,"[46, 63, 88]",True
c487c2199f7089c1,coupe-du-monde,165082,86,2026-09-10T18:31:18Z,France,Austria,3,3,1.57,4.49,5.02,1.14,2.33,1.17,1.42,2.82,1.55,2.41,Oui,Oui,Non,Oui,Non,Home,70,"[16, 23, 25, 51, 61, 70]",True
47fe65dd7afd171f,coupe-du-monde,165082,86,2026-09-10T18:31:18Z,Bosnia-Herzegovina,Colombia,1,2,4.44,4.28,1.66,2.14,1.18,1.19,1.43,2.76,1.52,2.49,Oui,Oui,Non,Non,Oui,Home,65,"[52, 57, 65]",True
2ccbee6244ad5109,coupe-du-monde,165082,86,2026-09-10T18:31:18Z,Algeria,Sweden,3,1,2.91,3.65,2.26,1.59,1.37,1.25,1.59,2.32,1.53,2.47,Oui,Oui,Oui,Non,Non,Away,86,"[20, 36, 54, 86]",True
5a445000551e2f0b,coupe-du-monde,165082,86,2026-09-10T18:31:18Z,Egypt,Scotland,4,1,2.24,3.72,2.9,1.37,1.6,1.24,1.55,2.41,1.5,2.54,Oui,Oui,Oui,Non,Non,Home,83,"[2, 27, 49, 76, 83]",True
30300d8e67da3646,coupe-du-monde,165082,86,2026-09-10T18:31:18Z,Congo DR,Tunisia,1,3,3.25,3.41,2.18,1.63,1.31,1.28,1.82,1.96,1.68,2.15,Oui,Oui,Non,Non,Oui,Away,87,"[18, 22, 78, 87]",True
3481cea12e595104,coupe-du-monde,165082,86,2026-09-10T18:31:18Z,Mexico,Uruguay,2,2,3.2,3.79,2.07,1.7,1.31,1.23,1.53,2.45,1.51,2.53,Oui,Oui,Non,Oui,Non,Away,74,"[17, 51, 59, 74]",True
f1e5c7b1fe4a927e,coupe-du-monde,165082,86,2026-09-10T18:31:18Z,Croatia,Belgium,1,3,2.66,3.62,2.45,1.51,1.43,1.25,1.6,2.3,1.53,2.47,Oui,Oui,Non,Non,Oui,Away,89,"[23, 54, 62, 89]",True
ee37ffcb4a883ff2,coupe-du-monde,165082,86,2026-09-10T18:31:18Z,Cote d'Ivoire,Haiti,1,0,1.63,4.13,4.88,1.15,2.2,1.2,1.55,2.41,1.63,2.23,Non,Non,Oui,Non,Non,Home,68,[68],True
65c5b93bc4f819f5,coupe-du-monde,165082,86,2026-09-10T18:31:18Z,Korea Republic,Australia,1,2,2.48,3.75,2.57,1.46,1.5,1.24,1.51,2.5,1.47,2.63,Oui,Oui,Non,Non,Oui,Away,65,"[23, 61, 65]",True
3dfdd09772eb4f94,coupe-du-monde,165082,86,2026-09-10T18:31:18Z,IR Iran,Spain,1,4,6.24,4.45,1.48,2.55,1.09,1.18,1.55,2.41,1.74,2.06,Oui,Oui,Non,Non,Oui,Away,80,"[34, 45, 58, 68, 80]",True
08574a5bd6c8895a,coupe-du-monde,165082,86,2026-09-10T18:31:18Z,Czechia,England,0,1,4.82,4.39,1.6,2.26,1.15,1.18,1.43,2.77,1.54,2.42,Non,Non,Non,Non,Oui,Away,19,[19],True
43f1992810139fa2,coupe-du-monde,165082,86,2026-09-10T18:31:18Z,Cabo Verde,Norway,2,2,3.89,3.93,1.82,1.92,1.22,1.22,1.53,2.45,1.55,2.42,Oui,Oui,Non,Oui,Non,Home,54,"[6, 18, 53, 54]",True
22d39d386f85bdbc,coupe-du-monde,165082,86,2026-09-10T18:31:18Z,Netherlands,New Zealand,1,1,1.45,4.83,6.17,1.09,2.66,1.15,1.41,2.85,1.63,2.24,Non,Oui,Non,Oui,Non,Away,14,"[9, 14]",True
9b9bbb5446f4c1b2,coupe-du-monde,165082,86,2026-09-10T18:31:18Z,Japan,USA,2,3,2.26,3.79,2.82,1.39,1.59,1.23,1.5,2.54,1.47,2.64,Oui,Oui,Non,Non,Oui,Home,86,"[10, 16, 36, 57, 86]",True
d5ce12ae04b6c006,coupe-du-monde,165082,86,2026-09-10T18:31:18Z,Iraq,Panama,3,1,2.28,3.44,3.03,1.35,1.58,1.28,1.77,2.02,1.64,2.22,Oui,Oui,Oui,Non,Non,Away,76,"[44, 45, 64, 76]",True
79020ea9897f9b55,coupe-du-monde,165082,86,2026-09-10T18:31:18Z,Brazil,Jordan,3,0,1.44,4.88,6.22,1.09,2.68,1.15,1.4,2.89,1.62,2.25,Oui,Non,Oui,Non,Non,Home,90,"[51, 81, 90]",True
171a203a2389011a,coupe-du-monde,165082,86,2026-09-10T18:31:18Z,Portugal,Saudi Arabia,4,0,1.47,4.85,5.74,1.11,2.58,1.15,1.37,3.03,1.56,2.38,Oui,Non,Oui,Non,Non,Home,65,"[22, 33, 61, 65]",True
1c9ad564e9b93566,coupe-du-monde,165082,86,2026-09-10T18:31:18Z,Senegal,Ghana,3,2,1.7,4.01,4.49,1.17,2.08,1.21,1.56,2.38,1.61,2.28,Oui,Oui,Oui,Non,Non,Home,89,"[19, 30, 73, 82, 89]",True
