match_key,league,season_id,round_number,expected_start,home_team,away_team,home_score,away_score,odds_1,odds_X,odds_2,odds_dc_1x,odds_dc_x2,odds_dc_12,odds_over_2_5,odds_under_2_5,odds_btts_yes,odds_btts_no,over_2_5,btts,home_win,draw,away_win,first_goal_team,last_goal_minute,goal_timeline,had_odds
ed2a5f776a5b67d5,coupe-du-monde,165040,1,2026-09-10T09:19:18Z,Turkiye,Colombia,1,1,3.23,4.05,1.99,1.76,1.31,1.21,1.4,2.89,1.42,2.81,Non,Oui,Non,Oui,Non,Home,88,"[11, 88]",True
da83a49d4bf90b62,coupe-du-monde,165040,1,2026-09-10T09:19:18Z,South Africa,Cabo Verde,2,1,2.82,3.49,2.39,1.53,1.39,1.27,1.72,2.1,1.6,2.29,Oui,Oui,Oui,Non,Non,Home,82,"[38, 62, 82]",True
dcbb8d282dc16587,coupe-du-monde,165040,1,2026-09-10T09:19:18Z,Ecuador,Mexico,2,2,2.98,3.76,2.18,1.63,1.35,1.24,1.53,2.47,1.49,2.58,Oui,Oui,Non,Oui,Non,Away,80,"[15, 50, 63, 80]",True
8dc9bbea429d2a8b,coupe-du-monde,165040,1,2026-09-10T09:19:18Z,Australia,Algeria,1,4,2.47,3.6,2.64,1.44,1.5,1.25,1.61,2.27,1.53,2.45,Oui,Oui,Non,Non,Oui,Home,76,"[25, 36, 45, 56, 76]",True
83be46af8afebc69,coupe-du-monde,165040,1,2026-09-10T09:19:18Z,Netherlands,Congo DR,3,0,1.57,4.41,5.07,1.14,2.32,1.18,1.45,2.71,1.58,2.35,Oui,Non,Oui,Non,Non,Home,78,"[60, 70, 78]",True
e223d7eee25e88c6,coupe-du-monde,165040,1,2026-09-10T09:19:18Z,Cote d'Ivoire,Tunisia,1,3,2.38,3.52,2.81,1.39,1.53,1.27,1.69,2.14,1.58,2.33,Oui,Oui,Non,Non,Oui,Home,87,"[16, 48, 84, 87]",True
f1507b644d149e7e,coupe-du-monde,165040,1,2026-09-10T09:19:18Z,Norway,Iraq,2,3,1.76,4.02,4.12,1.2,2.0,1.21,1.51,2.51,1.55,2.42,Oui,Oui,Non,Non,Oui,Home,72,"[27, 37, 43, 50, 72]",True
490ad60869ee332e,coupe-du-monde,165040,1,2026-09-10T09:19:18Z,Scotland,Argentina,0,1,5.69,4.89,1.47,2.58,1.11,1.15,1.35,3.12,1.55,2.42,Non,Non,Non,Non,Oui,Away,35,[35],True
46655ca020d244f9,coupe-du-monde,165040,1,2026-09-10T09:19:18Z,Sweden,Brazil,2,0,3.82,4.18,1.79,1.96,1.23,1.2,1.4,2.87,1.46,2.68,Non,Non,Oui,Non,Non,Home,77,"[7, 77]",True
1d6198f978cd34b5,coupe-du-monde,165040,1,2026-09-10T09:19:18Z,Egypt,USA,1,0,2.9,3.73,2.24,1.6,1.37,1.24,1.54,2.44,1.49,2.56,Non,Non,Oui,Non,Non,Home,42,[42],True
43246e059c46e681,coupe-du-monde,165040,1,2026-09-10T09:19:18Z,Japan,Belgium,1,2,2.66,3.64,2.45,1.51,1.44,1.25,1.58,2.33,1.52,2.5,Oui,Oui,Non,Non,Oui,Home,50,"[12, 38, 50]",True
3306879e5aeb095c,coupe-du-monde,165040,1,2026-09-10T09:19:18Z,Ghana,France,0,2,8.69,5.87,1.29,3.44,1.04,1.1,1.33,3.22,1.74,2.06,Non,Non,Non,Non,Oui,Away,87,"[85, 87]",True
37148ef2c80b230a,coupe-du-monde,165040,1,2026-09-10T09:19:18Z,Panama,Morocco,1,2,8.69,4.33,1.4,2.84,1.04,1.18,1.84,1.94,2.2,1.65,Oui,Oui,Non,Non,Oui,Away,78,"[68, 74, 78]",True
78a2b0b16e30e123,coupe-du-monde,165040,1,2026-09-10T09:19:18Z,Bosnia-Herzegovina,Uzbekistan,2,0,2.54,3.62,2.56,1.46,1.47,1.25,1.6,2.3,1.53,2.47,Non,Non,Oui,Non,Non,Home,86,"[80, 86]",True
2c2bac763f762ae1,coupe-du-monde,165040,1,2026-09-10T09:19:18Z,Qatar,Curacao,1,1,1.63,4.12,4.89,1.15,2.2,1.2,1.56,2.4,1.64,2.23,Non,Oui,Non,Oui,Non,Home,90,"[54, 90]",True
97064e576e365ec4,coupe-du-monde,165040,1,2026-09-10T09:19:18Z,Senegal,Spain,1,0,4.89,4.14,1.63,2.2,1.15,1.2,1.55,2.41,1.64,2.23,Non,Non,Oui,Non,Non,Home,57,[57],True
c37e8bea1ca502d1,coupe-du-monde,165040,1,2026-09-10T09:19:18Z,Croatia,Korea Republic,2,2,2.16,3.65,3.09,1.33,1.64,1.25,1.61,2.28,1.55,2.42,Oui,Oui,Non,Oui,Non,Home,90,"[30, 32, 56, 90]",True
127f097a95e2c212,coupe-du-monde,165040,1,2026-09-10T09:19:18Z,England,Germany,3,2,2.08,4.12,2.97,1.36,1.69,1.2,1.36,3.1,1.38,2.97,Oui,Oui,Oui,Non,Non,Away,79,"[33, 35, 45, 59, 79]",True
1f94456b5672be81,coupe-du-monde,165040,1,2026-09-10T09:19:18Z,Canada,Paraguay,0,3,2.44,3.7,2.63,1.44,1.51,1.24,1.55,2.42,1.49,2.56,Oui,Non,Non,Non,Oui,Away,77,"[12, 47, 77]",True
88c7c7a6ad923d0c,coupe-du-monde,165040,1,2026-09-10T09:19:18Z,Uruguay,Czechia,3,0,1.76,3.96,4.15,1.2,1.99,1.22,1.55,2.42,1.57,2.35,Oui,Non,Oui,Non,Non,Home,76,"[46, 47, 76]",True
dfa2bc6b6bbd9816,coupe-du-monde,165040,1,2026-09-10T09:19:18Z,Austria,IR Iran,4,1,2.29,3.56,2.93,1.37,1.58,1.26,1.66,2.19,1.57,2.36,Oui,Oui,Oui,Non,Non,Away,76,"[22, 28, 42, 51, 76]",True
232a028ebbb870aa,coupe-du-monde,165040,1,2026-09-10T09:19:18Z,New Zealand,Portugal,1,2,7.67,5.51,1.34,3.15,1.06,1.12,1.35,3.15,1.68,2.15,Oui,Oui,Non,Non,Oui,Home,90,"[17, 28, 90]",True
caf0009f6e3c91f7,coupe-du-monde,165040,1,2026-09-10T09:19:18Z,Switzerland,Saudi Arabia,3,0,1.68,3.92,4.78,1.15,2.11,1.22,1.65,2.2,1.7,2.12,Oui,Non,Oui,Non,Non,Home,78,"[49, 49, 78]",True
9948f74f83c93102,coupe-du-monde,165040,1,2026-09-10T09:19:18Z,Jordan,Haiti,1,0,1.98,3.55,3.65,1.25,1.77,1.26,1.76,2.04,1.67,2.16,Non,Non,Oui,Non,Non,Home,86,[86],True
84a6fe25b550cf50,coupe-du-monde,165040,2,2026-09-10T09:21:18Z,Korea Republic,Japan,2,2,3.19,3.78,2.07,1.7,1.31,1.23,1.53,2.45,1.5,2.53,Oui,Oui,Non,Oui,Non,Away,77,"[42, 43, 52, 77]",True
cf7a7d7773578530,coupe-du-monde,165040,2,2026-09-10T09:21:18Z,Paraguay,Cote d'Ivoire,1,1,3.0,3.72,2.18,1.63,1.35,1.24,1.55,2.4,1.51,2.52,Non,Oui,Non,Oui,Non,Home,25,"[23, 25]",True
9deec26ba1af03e9,coupe-du-monde,165040,2,2026-09-10T09:21:18Z,Brazil,Netherlands,1,2,2.07,4.21,2.94,1.36,1.7,1.19,1.31,3.34,1.35,3.11,Oui,Oui,Non,Non,Oui,Away,38,"[24, 33, 38]",True
5427bba851603b24,coupe-du-monde,165040,2,2026-09-10T09:21:18Z,Germany,South Africa,2,0,1.54,4.61,5.13,1.13,2.38,1.16,1.39,2.94,1.54,2.44,Non,Non,Oui,Non,Non,Home,86,"[30, 86]",True
ba79dc57cd0aa90e,coupe-du-monde,165040,2,2026-09-10T09:21:18Z,Belgium,England,1,1,3.1,3.9,2.08,1.69,1.33,1.22,1.46,2.66,1.45,2.69,Non,Oui,Non,Oui,Non,Away,81,"[48, 81]",True
0b5b0ce3f82dce9c,coupe-du-monde,165040,2,2026-09-10T09:21:18Z,France,Canada,3,2,1.37,5.38,6.83,1.07,2.95,1.12,1.32,3.3,1.6,2.29,Oui,Oui,Oui,Non,Non,Home,80,"[17, 44, 46, 62, 80]",True
1d6853fee3b7b3be,coupe-du-monde,165040,2,2026-09-10T09:21:18Z,Tunisia,Uruguay,0,1,4.45,3.82,1.74,2.02,1.17,1.23,1.67,2.17,1.68,2.15,Non,Non,Non,Non,Oui,Away,35,[35],True
2944b34306fa2980,coupe-du-monde,165040,2,2026-09-10T09:21:18Z,Mexico,New Zealand,0,2,1.61,4.22,4.92,1.15,2.23,1.19,1.51,2.51,1.61,2.29,Non,Non,Non,Non,Oui,Away,65,"[54, 65]",True
31aedb2a7dbd1de5,coupe-du-monde,165040,2,2026-09-10T09:21:18Z,IR Iran,Panama,1,0,1.89,3.58,3.97,1.21,1.85,1.26,1.77,2.02,1.71,2.11,Non,Non,Oui,Non,Non,Home,52,[52],True
d56a1abfbeab4b7d,coupe-du-monde,165040,2,2026-09-10T09:21:18Z,USA,Senegal,3,0,2.67,3.73,2.4,1.53,1.43,1.24,1.53,2.47,1.48,2.6,Oui,Non,Oui,Non,Non,Home,22,"[8, 14, 22]",True
30d99fd645978364,coupe-du-monde,165040,2,2026-09-10T09:21:18Z,Czechia,Norway,0,4,3.37,3.88,1.98,1.77,1.29,1.22,1.5,2.55,1.49,2.57,Oui,Non,Non,Non,Oui,Away,85,"[34, 64, 78, 85]",True
a0bd8a64434299a5,coupe-du-monde,165040,2,2026-09-10T09:21:18Z,Portugal,Austria,1,2,1.79,4.25,3.74,1.24,1.95,1.19,1.37,3.03,1.43,2.77,Oui,Oui,Non,Non,Oui,Away,88,"[36, 53, 88]",True
02dd79e82798dd0d,coupe-du-monde,165040,2,2026-09-10T09:21:18Z,Haiti,Qatar,0,6,4.24,3.96,1.75,2.01,1.19,1.22,1.57,2.37,1.6,2.31,Oui,Non,Non,Non,Oui,Away,77,"[7, 21, 23, 58, 66, 77]",True
660ae92ddd8d1b95,coupe-du-monde,165040,2,2026-09-10T09:21:18Z,Iraq,Congo DR,2,2,2.33,3.53,2.87,1.38,1.55,1.26,1.68,2.15,1.58,2.33,Oui,Oui,Non,Oui,Non,Home,84,"[23, 47, 74, 84]",True
f826c357d8530ffd,coupe-du-monde,165040,2,2026-09-10T09:21:18Z,Saudi Arabia,Sweden,2,1,3.64,3.85,1.9,1.84,1.25,1.23,1.55,2.42,1.54,2.44,Oui,Oui,Oui,Non,Non,Home,62,"[53, 53, 62]",True
7ee6a896aef0f099,coupe-du-monde,165040,2,2026-09-10T09:21:18Z,Uzbekistan,Ghana,2,2,2.53,3.7,2.53,1.48,1.48,1.24,1.54,2.43,1.49,2.58,Oui,Oui,Non,Oui,Non,Away,87,"[44, 62, 82, 87]",True
ec9c1912ab51d81c,coupe-du-monde,165040,2,2026-09-10T09:21:18Z,Spain,Croatia,1,0,1.63,4.11,4.93,1.15,2.2,1.2,1.57,2.36,1.65,2.2,Non,Non,Oui,Non,Non,Home,70,[70],True
7a24216f11e91bf8,coupe-du-monde,165040,2,2026-09-10T09:21:18Z,Cabo Verde,Turkiye,0,0,3.11,3.76,2.12,1.67,1.33,1.24,1.54,2.44,1.5,2.53,Non,Non,Non,Oui,Non,,,[],True
8927877286cce41b,coupe-du-monde,165040,2,2026-09-10T09:21:18Z,Algeria,Ecuador,1,2,2.72,3.69,2.37,1.54,1.42,1.24,1.56,2.4,1.5,2.54,Oui,Oui,Non,Non,Oui,Home,89,"[8, 13, 89]",True
fe262e292b485c62,coupe-du-monde,165040,2,2026-09-10T09:21:18Z,Curacao,Switzerland,3,3,8.48,4.73,1.37,2.98,1.04,1.16,1.63,2.23,2.0,1.79,Oui,Oui,Non,Oui,Non,Away,89,"[20, 23, 38, 58, 70, 89]",True
0cbd3b8e630793ee,coupe-du-monde,165040,2,2026-09-10T09:21:18Z,Morocco,Bosnia-Herzegovina,3,0,1.44,4.31,7.48,1.06,2.68,1.19,1.74,2.06,2.01,1.78,Oui,Non,Oui,Non,Non,Home,87,"[7, 79, 87]",True
f9f964ac44ddbb41,coupe-du-monde,165040,2,2026-09-10T09:21:18Z,Argentina,Jordan,1,3,1.36,5.27,7.52,1.06,3.04,1.13,1.39,2.92,1.71,2.1,Oui,Oui,Non,Non,Oui,Away,83,"[33, 39, 67, 83]",True
f88addf54d304efb,coupe-du-monde,165040,2,2026-09-10T09:21:18Z,Egypt,Australia,0,4,2.57,3.62,2.53,1.47,1.46,1.25,1.6,2.3,1.53,2.47,Oui,Non,Non,Non,Oui,Away,79,"[38, 42, 43, 79]",True
47da32a6127edef7,coupe-du-monde,165040,2,2026-09-10T09:21:18Z,Colombia,Scotland,3,1,1.87,4.06,3.58,1.26,1.87,1.21,1.43,2.76,1.46,2.66,Oui,Oui,Oui,Non,Non,Home,48,"[13, 29, 47, 48]",True
5d14ed44ba93859f,coupe-du-monde,165040,4,2026-09-10T09:25:18Z,Egypt,New Zealand,3,0,1.76,3.83,4.35,1.18,2.0,1.23,1.65,2.2,1.66,2.19,Oui,Non,Oui,Non,Non,Home,65,"[44, 45, 65]",True
d74e7701a1406ffa,coupe-du-monde,165040,4,2026-09-10T09:25:18Z,Algeria,Austria,0,4,2.98,3.72,2.2,1.62,1.36,1.24,1.55,2.4,1.51,2.52,Oui,Non,Non,Non,Oui,Away,80,"[17, 73, 75, 80]",True
be94bb5494b8e162,coupe-du-monde,165040,4,2026-09-10T09:25:18Z,Haiti,Sweden,1,3,5.37,4.15,1.58,2.3,1.12,1.2,1.6,2.3,1.71,2.1,Oui,Oui,Non,Non,Oui,Away,65,"[19, 34, 48, 65]",True
5a7c86f0560a2d10,coupe-du-monde,165040,4,2026-09-10T09:25:18Z,Cabo Verde,Jordan,1,1,2.38,3.43,2.87,1.38,1.53,1.28,1.77,2.02,1.64,2.23,Non,Oui,Non,Oui,Non,Home,72,"[34, 72]",True
28b35bdac34f2e6f,coupe-du-monde,165040,4,2026-09-10T09:25:18Z,Tunisia,Congo DR,3,3,2.14,3.41,3.34,1.29,1.66,1.28,1.83,1.94,1.7,2.12,Oui,Oui,Non,Oui,Non,Home,86,"[11, 36, 38, 47, 49, 86]",True
31ff6df62554ee6c,coupe-du-monde,165040,4,2026-09-10T09:25:18Z,Colombia,Qatar,1,3,1.9,4.03,3.5,1.27,1.84,1.21,1.43,2.76,1.46,2.68,Oui,Oui,Non,Non,Oui,Away,80,"[5, 37, 46, 80]",True
1fec013eebb3aaeb,coupe-du-monde,165040,4,2026-09-10T09:25:18Z,Australia,Croatia,1,4,3.16,3.7,2.11,1.67,1.32,1.24,1.58,2.33,1.53,2.45,Oui,Oui,Non,Non,Oui,Home,71,"[11, 42, 53, 57, 71]",True
bd7190e5ca865a62,coupe-du-monde,165040,4,2026-09-10T09:25:18Z,Morocco,Canada,2,1,1.56,4.0,5.92,1.1,2.34,1.21,1.75,2.05,1.87,1.91,Oui,Oui,Oui,Non,Non,Home,62,"[2, 18, 62]",True
ab02887a9d1be039,coupe-du-monde,165040,4,2026-09-10T09:25:18Z,Korea Republic,South Africa,3,1,1.84,3.88,3.86,1.22,1.9,1.22,1.56,2.39,1.56,2.38,Oui,Oui,Oui,Non,Non,Home,73,"[41, 45, 69, 73]",True
23d02bfeea274702,coupe-du-monde,165040,4,2026-09-10T09:25:18Z,Saudi Arabia,Netherlands,3,2,4.79,4.47,1.59,2.27,1.15,1.17,1.4,2.9,1.52,2.49,Oui,Oui,Oui,Non,Non,Away,88,"[38, 40, 49, 88, 88]",True
31074c82e7ee0aa6,coupe-du-monde,165040,4,2026-09-10T09:25:18Z,USA,Japan,0,0,2.93,3.76,2.21,1.62,1.37,1.24,1.52,2.48,1.49,2.58,Non,Non,Non,Oui,Non,,,[],True
18c9efa2ac96721c,coupe-du-monde,165040,4,2026-09-10T09:25:18Z,Belgium,Turkiye,2,1,1.88,3.99,3.62,1.25,1.86,1.21,1.47,2.62,1.49,2.56,Oui,Oui,Oui,Non,Non,Away,73,"[67, 68, 73]",True
805101f8927446b9,coupe-du-monde,165040,4,2026-09-10T09:25:18Z,Argentina,Switzerland,2,0,1.92,3.82,3.62,1.25,1.82,1.23,1.56,2.38,1.55,2.41,Non,Non,Oui,Non,Non,Home,86,"[73, 86]",True
48f2c13b2676d6eb,coupe-du-monde,165040,4,2026-09-10T09:25:18Z,Germany,Scotland,2,2,1.7,4.39,4.13,1.2,2.09,1.18,1.36,3.07,1.45,2.71,Oui,Oui,Non,Oui,Non,Away,88,"[10, 30, 62, 88]",True
d86ab93d57f5843a,coupe-du-monde,165040,4,2026-09-10T09:25:18Z,Czechia,Iraq,3,0,2.17,3.61,3.11,1.33,1.64,1.25,1.64,2.22,1.57,2.37,Oui,Non,Oui,Non,Non,Home,79,"[77, 78, 79]",True
8c3367a3eccef644,coupe-du-monde,165040,4,2026-09-10T09:25:18Z,Spain,England,2,2,2.03,3.86,3.24,1.31,1.73,1.22,1.49,2.56,1.48,2.59,Oui,Oui,Non,Oui,Non,Home,69,"[3, 10, 49, 69]",True
e87d487be9364802,coupe-du-monde,165040,4,2026-09-10T09:25:18Z,Mexico,Panama,4,2,1.66,4.09,4.71,1.16,2.15,1.2,1.55,2.41,1.62,2.26,Oui,Oui,Oui,Non,Non,Away,87,"[34, 39, 43, 60, 75, 87]",True
cc12106d2e11fbcd,coupe-du-monde,165040,4,2026-09-10T09:25:18Z,France,Uruguay,2,1,1.93,3.95,3.45,1.27,1.81,1.22,1.47,2.64,1.48,2.61,Oui,Oui,Oui,Non,Non,Away,77,"[63, 73, 77]",True
5900b343a8c3e564,coupe-du-monde,165040,4,2026-09-10T09:25:18Z,Portugal,Bosnia-Herzegovina,3,1,1.46,4.93,5.82,1.11,2.62,1.14,1.35,3.11,1.56,2.39,Oui,Oui,Oui,Non,Non,Away,89,"[39, 81, 81, 89]",True
f3761065f1160a6c,coupe-du-monde,165040,4,2026-09-10T09:25:18Z,Curacao,Brazil,2,3,10.72,6.44,1.23,3.95,1.02,1.08,1.33,3.23,1.88,1.89,Oui,Oui,Non,Non,Oui,Away,74,"[39, 40, 52, 65, 74]",True
3554245e39b1f18c,coupe-du-monde,165040,4,2026-09-10T09:25:18Z,Paraguay,Norway,1,1,3.79,4.05,1.82,1.92,1.23,1.21,1.46,2.66,1.5,2.56,Non,Oui,Non,Oui,Non,Away,83,"[76, 83]",True
4dd043fa8bd72c1d,coupe-du-monde,165040,4,2026-09-10T09:25:18Z,Senegal,Ecuador,1,0,2.13,3.72,3.1,1.33,1.66,1.24,1.56,2.39,1.52,2.5,Non,Non,Oui,Non,Non,Home,59,[59],True
0bfc76ca83cbc889,coupe-du-monde,165040,4,2026-09-10T09:25:18Z,Uzbekistan,Cote d'Ivoire,2,2,3.43,3.77,1.99,1.76,1.28,1.24,1.57,2.36,1.54,2.43,Oui,Oui,Non,Oui,Non,Away,89,"[31, 36, 89, 89]",True
73333e9096f679bd,coupe-du-monde,165040,4,2026-09-10T09:25:18Z,IR Iran,Ghana,1,2,1.94,3.76,3.58,1.26,1.8,1.24,1.6,2.31,1.57,2.37,Oui,Oui,Non,Non,Oui,Away,59,"[26, 37, 59]",True
d3f3826c76562f1d,coupe-du-monde,165040,7,2026-09-10T09:31:18Z,Panama,Senegal,2,1,5.16,4.04,1.62,2.22,1.13,1.21,1.63,2.24,1.71,2.1,Oui,Oui,Oui,Non,Non,Home,44,"[41, 42, 44]",True
730f7852a397cba5,coupe-du-monde,165040,7,2026-09-10T09:31:18Z,Iraq,France,2,1,8.05,5.43,1.33,3.18,1.05,1.12,1.39,2.93,1.75,2.04,Oui,Oui,Oui,Non,Non,Home,46,"[7, 42, 46]",True
cbee11f2ede8a28c,coupe-du-monde,165040,7,2026-09-10T09:31:18Z,Bosnia-Herzegovina,Egypt,0,0,3.45,3.66,2.01,1.74,1.27,1.25,1.65,2.21,1.59,2.32,Non,Non,Non,Oui,Non,,,[],True
730d542850146be2,coupe-du-monde,165040,7,2026-09-10T09:31:18Z,Austria,Croatia,0,1,2.83,3.66,2.31,1.57,1.39,1.25,1.58,2.34,1.52,2.49,Non,Non,Non,Non,Oui,Away,73,[73],True
79d739543193be54,coupe-du-monde,165040,7,2026-09-10T09:31:18Z,Turkiye,USA,3,2,2.85,3.91,2.21,1.62,1.38,1.22,1.44,2.75,1.43,2.78,Oui,Oui,Oui,Non,Non,Away,86,"[25, 34, 62, 81, 86]",True
3cc89afb49d3d135,coupe-du-monde,165040,7,2026-09-10T09:31:18Z,South Africa,Australia,2,2,3.48,3.75,1.97,1.77,1.27,1.24,1.58,2.33,1.55,2.4,Oui,Oui,Non,Oui,Non,Home,89,"[2, 14, 87, 89]",True
8bade518a053fc91,coupe-du-monde,165040,7,2026-09-10T09:31:18Z,Netherlands,Tunisia,3,1,1.88,3.84,3.72,1.24,1.85,1.23,1.56,2.38,1.55,2.4,Oui,Oui,Oui,Non,Non,Home,90,"[30, 46, 57, 90]",True
135b3761cb8d1492,coupe-du-monde,165040,7,2026-09-10T09:31:18Z,Czechia,Paraguay,0,0,2.37,3.6,2.78,1.4,1.54,1.25,1.62,2.27,1.54,2.44,Non,Non,Non,Oui,Non,,,[],True
8234f7a9661075e6,coupe-du-monde,165040,7,2026-09-10T09:31:18Z,Cote d'Ivoire,Portugal,0,2,4.03,4.3,1.73,2.04,1.21,1.19,1.39,2.95,1.46,2.66,Non,Non,Non,Non,Oui,Away,75,"[59, 75]",True
98cfbaca62c374c2,coupe-du-monde,165040,7,2026-09-10T09:31:18Z,Qatar,Belgium,2,4,3.81,3.99,1.83,1.91,1.23,1.21,1.49,2.58,1.51,2.51,Oui,Oui,Non,Non,Oui,Away,80,"[43, 44, 45, 57, 66, 80]",True
e67d8c1989c25c05,coupe-du-monde,165040,7,2026-09-10T09:31:18Z,Brazil,Colombia,1,1,1.99,4.17,3.14,1.32,1.76,1.2,1.34,3.17,1.38,2.99,Non,Oui,Non,Oui,Non,Away,54,"[32, 54]",True
721dd7fc146921cb,coupe-du-monde,165040,7,2026-09-10T09:31:18Z,Saudi Arabia,Argentina,0,3,7.12,5.25,1.37,2.97,1.07,1.13,1.37,3.03,1.66,2.18,Oui,Non,Non,Non,Oui,Away,71,"[9, 51, 71]",True
44388932f12e8157,coupe-du-monde,165040,7,2026-09-10T09:31:18Z,Sweden,Cabo Verde,2,0,2.05,3.63,3.37,1.29,1.72,1.25,1.65,2.21,1.59,2.33,Non,Non,Oui,Non,Non,Home,78,"[51, 78]",True
83a76673f3555958,coupe-du-monde,165040,7,2026-09-10T09:31:18Z,Ghana,Algeria,1,2,3.01,3.66,2.2,1.62,1.35,1.25,1.6,2.31,1.54,2.45,Oui,Oui,Non,Non,Oui,Home,88,"[2, 56, 88]",True
9c044f36e58c4409,coupe-du-monde,165040,7,2026-09-10T09:31:18Z,Canada,Mexico,2,4,3.26,3.86,2.02,1.73,1.3,1.23,1.49,2.56,1.48,2.6,Oui,Oui,Non,Non,Oui,Away,64,"[35, 37, 40, 48, 50, 64]",True
d069d23fd7bebe8f,coupe-du-monde,165040,7,2026-09-10T09:31:18Z,Congo DR,Uzbekistan,2,1,2.78,3.56,2.38,1.53,1.4,1.26,1.65,2.2,1.56,2.39,Oui,Oui,Oui,Non,Non,Home,81,"[28, 76, 81]",True
d7c9bb9e1c3270cb,coupe-du-monde,165040,7,2026-09-10T09:31:18Z,England,Ecuador,2,2,1.7,4.2,4.31,1.19,2.09,1.19,1.45,2.69,1.53,2.47,Oui,Oui,Non,Oui,Non,Away,80,"[35, 62, 73, 80]",True
ecf40ff850bbee89,coupe-du-monde,165040,7,2026-09-10T09:31:18Z,Jordan,Korea Republic,2,1,3.39,3.58,2.06,1.71,1.28,1.26,1.69,2.14,1.61,2.27,Oui,Oui,Oui,Non,Non,Home,70,"[18, 54, 70]",True
530a4b73834aa57a,coupe-du-monde,165040,7,2026-09-10T09:31:18Z,Scotland,Spain,0,3,7.16,4.99,1.39,2.89,1.07,1.14,1.44,2.74,1.72,2.08,Oui,Non,Non,Non,Oui,Away,13,"[3, 9, 13]",True
7b57337508671f96,coupe-du-monde,165040,7,2026-09-10T09:31:18Z,Curacao,Haiti,2,2,2.94,3.44,2.33,1.56,1.36,1.28,1.76,2.03,1.63,2.24,Oui,Oui,Non,Oui,Non,Away,71,"[28, 44, 48, 71]",True
dcaeb58919454788,coupe-du-monde,165040,7,2026-09-10T09:31:18Z,Norway,Morocco,1,3,4.05,3.6,1.87,1.87,1.21,1.25,1.77,2.03,1.71,2.11,Oui,Oui,Non,Non,Oui,Home,72,"[11, 35, 50, 72]",True
71ef0db310e80e81,coupe-du-monde,165040,7,2026-09-10T09:31:18Z,Switzerland,Germany,3,2,2.59,3.76,2.45,1.51,1.46,1.24,1.5,2.53,1.47,2.65,Oui,Oui,Oui,Non,Non,Away,64,"[26, 27, 34, 63, 64]",True
b45e137dd8cda2bc,coupe-du-monde,165040,7,2026-09-10T09:31:18Z,Japan,New Zealand,1,2,1.58,4.22,5.27,1.13,2.3,1.19,1.55,2.4,1.67,2.17,Oui,Oui,Non,Non,Oui,Home,74,"[38, 68, 74]",True
8fba49d17f33f734,coupe-du-monde,165040,7,2026-09-10T09:31:18Z,Uruguay,IR Iran,0,0,1.83,3.86,3.91,1.22,1.91,1.23,1.58,2.35,1.58,2.35,Non,Non,Non,Oui,Non,,,[],True
e6d783aac920bb92,coupe-du-monde,165040,9,2026-09-10T09:35:18Z,Sweden,Belgium,0,0,3.26,3.76,2.05,1.71,1.3,1.24,1.56,2.39,1.52,2.48,Non,Non,Non,Oui,Non,,,[],True
621f2f4d49350012,coupe-du-monde,165040,9,2026-09-10T09:35:18Z,Panama,Japan,1,0,5.06,4.08,1.62,2.22,1.14,1.2,1.6,2.3,1.68,2.14,Non,Non,Oui,Non,Non,Home,25,[25],True
e39ce86bbddd8ae0,coupe-du-monde,165040,9,2026-09-10T09:35:18Z,South Africa,New Zealand,2,2,2.3,3.5,2.94,1.36,1.57,1.27,1.71,2.11,1.6,2.3,Oui,Oui,Non,Oui,Non,Away,84,"[23, 31, 47, 84]",True
4cf8ce650c30314b,coupe-du-monde,165040,9,2026-09-10T09:35:18Z,Norway,Portugal,0,3,3.4,4.19,1.9,1.84,1.28,1.19,1.36,3.09,1.4,2.88,Oui,Non,Non,Non,Oui,Away,62,"[14, 46, 62]",True
3e85106adfe6480b,coupe-du-monde,165040,9,2026-09-10T09:35:18Z,Saudi Arabia,Cabo Verde,2,2,2.66,3.6,2.46,1.5,1.44,1.25,1.61,2.27,1.54,2.44,Oui,Oui,Non,Oui,Non,Home,55,"[23, 42, 49, 55]",True
a7c0dc4682ddb22d,coupe-du-monde,165040,9,2026-09-10T09:35:18Z,Netherlands,Paraguay,1,1,1.73,4.19,4.11,1.2,2.03,1.2,1.44,2.75,1.5,2.54,Non,Oui,Non,Oui,Non,Home,70,"[26, 70]",True
1085b2183aede512,coupe-du-monde,165040,9,2026-09-10T09:35:18Z,Cote d'Ivoire,Algeria,4,0,2.51,3.67,2.58,1.46,1.49,1.25,1.57,2.37,1.5,2.53,Oui,Non,Oui,Non,Non,Home,78,"[2, 49, 76, 78]",True
80567b401d8f4e89,coupe-du-monde,165040,9,2026-09-10T09:35:18Z,Ghana,Senegal,2,1,4.55,3.98,1.7,2.08,1.17,1.21,1.59,2.32,1.63,2.23,Oui,Oui,Oui,Non,Non,Away,78,"[46, 75, 78]",True
2896361e4c0acabe,coupe-du-monde,165040,9,2026-09-10T09:35:18Z,Czechia,Uzbekistan,2,2,2.01,3.75,3.38,1.28,1.74,1.24,1.58,2.35,1.54,2.43,Oui,Oui,Non,Oui,Non,Home,82,"[38, 39, 62, 82]",True
fa60dc8994f54e5a,coupe-du-monde,165040,9,2026-09-10T09:35:18Z,Iraq,Morocco,0,2,6.75,3.98,1.51,2.46,1.08,1.21,1.85,1.92,2.02,1.77,Non,Non,Non,Non,Oui,Away,47,"[1, 47]",True
c856b99d892e4034,coupe-du-monde,165040,9,2026-09-10T09:35:18Z,Jordan,USA,2,1,3.81,3.9,1.85,1.89,1.23,1.22,1.54,2.44,1.55,2.42,Oui,Oui,Oui,Non,Non,Away,65,"[29, 48, 65]",True
f6ee564f6d2ef726,coupe-du-monde,165040,9,2026-09-10T09:35:18Z,Turkiye,Ecuador,2,1,2.69,3.84,2.34,1.55,1.43,1.23,1.46,2.66,1.44,2.74,Oui,Oui,Oui,Non,Non,Away,89,"[6, 78, 89]",True
50d2eab6cc2f60a5,coupe-du-monde,165040,9,2026-09-10T09:35:18Z,Haiti,Argentina,2,3,11.18,6.56,1.22,4.06,1.01,1.08,1.33,3.27,1.89,1.88,Oui,Oui,Non,Non,Oui,Away,65,"[35, 38, 58, 64, 65]",True
dc56a08297ad9b38,coupe-du-monde,165040,9,2026-09-10T09:35:18Z,England,Austria,3,0,1.76,4.14,4.0,1.21,2.0,1.2,1.44,2.72,1.5,2.55,Oui,Non,Oui,Non,Non,Home,84,"[67, 74, 84]",True
91a95105c14e1b81,coupe-du-monde,165040,9,2026-09-10T09:35:18Z,Scotland,Australia,2,1,2.76,3.79,2.3,1.57,1.41,1.23,1.5,2.55,1.47,2.65,Oui,Oui,Oui,Non,Non,Away,86,"[19, 39, 86]",True
2b9ef176df65fb4b,coupe-du-monde,165040,9,2026-09-10T09:35:18Z,Tunisia,France,2,3,6.65,4.76,1.43,2.72,1.08,1.15,1.48,2.61,1.72,2.09,Oui,Oui,Non,Non,Oui,Home,77,"[37, 43, 55, 74, 77]",True
91d6b16d17ae3a4f,coupe-du-monde,165040,9,2026-09-10T09:35:18Z,Brazil,Germany,5,0,2.12,4.2,2.85,1.38,1.67,1.19,1.31,3.36,1.35,3.15,Oui,Non,Oui,Non,Non,Home,89,"[27, 33, 37, 51, 89]",True
97ca48db55e3efea,coupe-du-monde,165040,9,2026-09-10T09:35:18Z,Bosnia-Herzegovina,Croatia,1,0,4.17,3.91,1.77,1.98,1.2,1.22,1.58,2.34,1.6,2.31,Non,Non,Oui,Non,Non,Home,50,[50],True
6b505395fc498653,coupe-du-monde,165040,9,2026-09-10T09:35:18Z,Uruguay,Mexico,0,1,2.03,3.81,3.29,1.3,1.73,1.23,1.53,2.47,1.5,2.53,Non,Non,Non,Non,Oui,Away,67,[67],True
72d04eaf60726855,coupe-du-monde,165040,9,2026-09-10T09:35:18Z,Qatar,Spain,2,2,6.69,4.94,1.41,2.79,1.08,1.14,1.42,2.8,1.68,2.16,Oui,Oui,Non,Oui,Non,Away,89,"[12, 21, 67, 89]",True
b7edbef371e292e7,coupe-du-monde,165040,9,2026-09-10T09:35:18Z,Canada,Egypt,1,0,2.79,3.57,2.37,1.54,1.4,1.26,1.64,2.22,1.55,2.4,Non,Non,Oui,Non,Non,Home,50,[50],True
7a8dab2eb8485964,coupe-du-monde,165040,9,2026-09-10T09:35:18Z,Switzerland,Korea Republic,0,1,2.05,3.62,3.37,1.29,1.71,1.25,1.66,2.19,1.59,2.32,Non,Non,Non,Non,Oui,Away,60,[60],True
dca74629fb24d73a,coupe-du-monde,165040,9,2026-09-10T09:35:18Z,Curacao,Colombia,1,0,7.8,5.09,1.36,3.02,1.05,1.14,1.46,2.66,1.79,1.99,Non,Non,Oui,Non,Non,Home,42,[42],True
5ddceabed5c01f83,coupe-du-monde,165040,9,2026-09-10T09:35:18Z,Congo DR,IR Iran,0,2,3.87,3.63,1.9,1.84,1.22,1.25,1.72,2.08,1.67,2.17,Non,Non,Non,Non,Oui,Away,71,"[30, 71]",True
78f38c528cc3014d,coupe-du-monde,165040,12,2026-09-10T09:41:18Z,Mexico,Iraq,4,1,1.86,3.88,3.79,1.23,1.88,1.22,1.55,2.42,1.55,2.41,Oui,Oui,Oui,Non,Non,Home,90,"[2, 14, 34, 79, 90]",True
ca365be56195d2cc,coupe-du-monde,165040,12,2026-09-10T09:41:18Z,Cabo Verde,Argentina,1,1,7.04,5.16,1.38,2.92,1.07,1.13,1.39,2.96,1.67,2.17,Non,Oui,Non,Oui,Non,Away,75,"[48, 75]",True
70a13cf7c9c8f3dc,coupe-du-monde,165040,12,2026-09-10T09:41:18Z,Senegal,Uruguay,2,2,3.28,3.62,2.09,1.69,1.3,1.25,1.66,2.19,1.59,2.33,Oui,Oui,Non,Oui,Non,Home,56,"[29, 30, 43, 56]",True
cb13600d9516fff1,coupe-du-monde,165040,12,2026-09-10T09:41:18Z,Australia,Switzerland,3,2,3.44,3.64,2.02,1.73,1.28,1.25,1.66,2.19,1.59,2.31,Oui,Oui,Oui,Non,Non,Home,83,"[3, 17, 62, 64, 83]",True
b551bf973e5a25de,coupe-du-monde,165040,12,2026-09-10T09:41:18Z,England,Ghana,3,1,1.42,4.97,6.5,1.08,2.77,1.14,1.4,2.91,1.64,2.22,Oui,Oui,Oui,Non,Non,Away,87,"[28, 61, 75, 87]",True
b8d5dca42a760e0e,coupe-du-monde,165040,12,2026-09-10T09:41:18Z,South Africa,Bosnia-Herzegovina,4,0,2.57,3.56,2.57,1.46,1.46,1.26,1.65,2.21,1.55,2.4,Oui,Non,Oui,Non,Non,Home,63,"[38, 53, 54, 63]",True
f3907efc0cbd5d6f,coupe-du-monde,165040,12,2026-09-10T09:41:18Z,IR Iran,Tunisia,0,2,2.4,3.29,2.95,1.36,1.53,1.3,1.91,1.87,1.72,2.09,Non,Non,Non,Non,Oui,Away,83,"[64, 83]",True
9b88f29825ad232f,coupe-du-monde,165040,12,2026-09-10T09:41:18Z,Egypt,Norway,2,1,3.07,3.72,2.15,1.65,1.34,1.24,1.56,2.39,1.51,2.5,Oui,Oui,Oui,Non,Non,Home,81,"[40, 45, 81]",True
7e6b60b6a8625dec,coupe-du-monde,165040,12,2026-09-10T09:41:18Z,USA,Sweden,2,0,2.36,3.77,2.7,1.42,1.54,1.24,1.5,2.53,1.47,2.65,Non,Non,Oui,Non,Non,Home,64,"[51, 64]",True
0f13d16d1e1bb0f6,coupe-du-monde,165040,12,2026-09-10T09:41:18Z,Korea Republic,Saudi Arabia,2,2,2.02,3.74,3.36,1.29,1.74,1.24,1.58,2.35,1.54,2.43,Oui,Oui,Non,Oui,Non,Home,75,"[30, 34, 68, 75]",True
a96b9b07173aa524,coupe-du-monde,165040,12,2026-09-10T09:41:18Z,New Zealand,Jordan,0,0,3.17,3.5,2.18,1.63,1.32,1.27,1.73,2.08,1.62,2.25,Non,Non,Non,Oui,Non,,,[],True
fdf01a64f187eaa8,coupe-du-monde,165040,12,2026-09-10T09:41:18Z,Germany,Haiti,2,1,1.34,5.48,7.56,1.06,3.12,1.12,1.35,3.15,1.68,2.16,Oui,Oui,Oui,Non,Non,Home,62,"[22, 47, 62]",True
8e614e094ab73eb6,coupe-du-monde,165040,12,2026-09-10T09:41:18Z,Austria,Scotland,1,4,2.05,3.77,3.27,1.3,1.72,1.23,1.55,2.41,1.52,2.49,Oui,Oui,Non,Non,Oui,Home,88,"[2, 27, 30, 75, 88]",True
6fc5dbb3437be96e,coupe-du-monde,165040,12,2026-09-10T09:41:18Z,Uzbekistan,France,1,4,8.37,5.81,1.3,3.37,1.04,1.11,1.33,3.26,1.71,2.1,Oui,Oui,Non,Non,Oui,Home,60,"[11, 24, 39, 57, 60]",True
da3f59f32d4ccd88,coupe-du-monde,165040,12,2026-09-10T09:41:18Z,Japan,Canada,2,0,1.89,3.93,3.61,1.25,1.85,1.22,1.5,2.54,1.51,2.52,Non,Non,Oui,Non,Non,Home,45,"[44, 45]",True
31cf93ea3032a176,coupe-du-monde,165040,12,2026-09-10T09:41:18Z,Algeria,Congo DR,2,0,2.01,3.68,3.44,1.28,1.75,1.24,1.62,2.25,1.57,2.36,Non,Non,Oui,Non,Non,Home,74,"[59, 74]",True
0f5000f005c06e89,coupe-du-monde,165040,12,2026-09-10T09:41:18Z,Spain,Brazil,0,2,1.96,4.02,3.32,1.29,1.78,1.21,1.42,2.8,1.44,2.74,Non,Non,Non,Non,Oui,Away,90,"[4, 90]",True
05e4df0eb7a60d97,coupe-du-monde,165040,12,2026-09-10T09:41:18Z,Colombia,Netherlands,1,0,2.71,4.02,2.26,1.59,1.42,1.21,1.38,2.98,1.39,2.94,Non,Non,Oui,Non,Non,Home,31,[31],True
e17a516c41d8b6a1,coupe-du-monde,165040,12,2026-09-10T09:41:18Z,Belgium,Curacao,1,0,1.34,5.19,8.39,1.04,3.15,1.13,1.47,2.64,1.84,1.94,Non,Non,Oui,Non,Non,Home,25,[25],True
0101d941ee026847,coupe-du-monde,165040,12,2026-09-10T09:41:18Z,Ecuador,Qatar,2,1,2.27,3.8,2.81,1.39,1.58,1.23,1.49,2.57,1.46,2.67,Oui,Oui,Oui,Non,Non,Home,68,"[27, 66, 68]",True
72e5b9d118d63440,coupe-du-monde,165040,12,2026-09-10T09:41:18Z,Morocco,Paraguay,2,0,1.53,4.0,6.44,1.08,2.42,1.21,1.81,1.97,1.96,1.82,Non,Non,Oui,Non,Non,Home,75,"[36, 75]",True
52c98e953da8e52f,coupe-du-monde,165040,12,2026-09-10T09:41:18Z,Croatia,Cote d'Ivoire,2,0,2.18,3.63,3.06,1.34,1.63,1.25,1.62,2.26,1.55,2.4,Non,Non,Oui,Non,Non,Home,41,"[34, 41]",True
c66995b0fe1fc9e8,coupe-du-monde,165040,12,2026-09-10T09:41:18Z,Portugal,Czechia,1,2,1.64,4.39,4.52,1.17,2.18,1.18,1.4,2.88,1.5,2.53,Oui,Oui,Non,Non,Oui,Away,76,"[23, 57, 76]",True
4aa9ab767768732c,coupe-du-monde,165040,12,2026-09-10T09:41:18Z,Panama,Turkiye,2,3,3.62,3.85,1.91,1.83,1.25,1.23,1.54,2.43,1.54,2.45,Oui,Oui,Non,Non,Oui,Away,84,"[27, 31, 53, 58, 84]",True
8c574fb89671b53f,coupe-du-monde,165040,14,2026-09-10T09:45:18Z,Morocco,Uzbekistan,3,0,1.44,4.31,7.57,1.06,2.7,1.19,1.75,2.05,2.02,1.77,Oui,Non,Oui,Non,Non,Home,76,"[3, 56, 76]",True
4b1d3a0316197620,coupe-du-monde,165040,14,2026-09-10T09:45:18Z,Croatia,Norway,2,2,2.56,3.71,2.5,1.49,1.47,1.24,1.53,2.45,1.48,2.59,Oui,Oui,Non,Oui,Non,Away,79,"[16, 20, 55, 79]",True
97058b3098440d60,coupe-du-monde,165040,14,2026-09-10T09:45:18Z,Spain,Curacao,3,0,1.16,7.41,16.36,0.98,5.01,1.06,1.37,3.04,2.28,1.61,Oui,Non,Oui,Non,Non,Home,37,"[2, 22, 37]",True
dca6e865ae7e4829,coupe-du-monde,165040,14,2026-09-10T09:45:18Z,New Zealand,Switzerland,1,2,5.61,4.11,1.57,2.33,1.11,1.2,1.65,2.2,1.76,2.03,Oui,Oui,Non,Non,Oui,Home,79,"[18, 76, 79]",True
8eb01fad0d19e98d,coupe-du-monde,165040,14,2026-09-10T09:45:18Z,Senegal,Congo DR,3,1,1.66,4.01,4.82,1.15,2.15,1.21,1.61,2.29,1.67,2.17,Oui,Oui,Oui,Non,Non,Away,90,"[29, 59, 78, 90]",True
465b1cfffe473ae4,coupe-du-monde,165040,14,2026-09-10T09:45:18Z,Egypt,Iraq,0,1,2.11,3.6,3.26,1.3,1.68,1.26,1.67,2.18,1.59,2.32,Non,Non,Non,Non,Oui,Away,27,[27],True
416565677844856a,coupe-du-monde,165040,14,2026-09-10T09:45:18Z,Algeria,Czechia,0,3,2.51,3.63,2.59,1.46,1.48,1.25,1.59,2.31,1.52,2.48,Oui,Non,Non,Non,Oui,Away,53,"[23, 29, 53]",True
ac03082e4f804d17,coupe-du-monde,165040,14,2026-09-10T09:45:18Z,Mexico,Tunisia,4,1,2.12,3.6,3.23,1.31,1.67,1.26,1.66,2.18,1.59,2.32,Oui,Oui,Oui,Non,Non,Home,78,"[13, 34, 38, 51, 78]",True
d800244b0346269f,coupe-du-monde,165040,14,2026-09-10T09:45:18Z,Japan,Uruguay,1,1,3.02,3.68,2.19,1.63,1.35,1.24,1.58,2.35,1.52,2.48,Non,Oui,Non,Oui,Non,Away,90,"[86, 90]",True
ec640c0dd801011c,coupe-du-monde,165040,14,2026-09-10T09:45:18Z,Cabo Verde,Netherlands,2,1,4.46,4.29,1.66,2.15,1.17,1.19,1.44,2.75,1.52,2.47,Oui,Oui,Oui,Non,Non,Home,75,"[17, 32, 75]",True
95d8f85c937b0736,coupe-du-monde,165040,14,2026-09-10T09:45:18Z,Austria,Qatar,1,2,2.08,3.82,3.14,1.32,1.69,1.23,1.51,2.53,1.48,2.59,Oui,Oui,Non,Non,Oui,Away,85,"[8, 63, 85]",True
c564731b47e9de40,coupe-du-monde,165040,14,2026-09-10T09:45:18Z,South Africa,Canada,1,2,3.23,3.64,2.1,1.68,1.31,1.25,1.63,2.25,1.56,2.38,Oui,Oui,Non,Non,Oui,Home,47,"[10, 41, 47]",True
2095f89fe78bba40,coupe-du-monde,165040,14,2026-09-10T09:45:18Z,Portugal,Paraguay,2,0,1.53,4.66,5.18,1.13,2.41,1.16,1.37,3.02,1.53,2.47,Non,Non,Oui,Non,Non,Home,82,"[6, 82]",True
dbe7ad6450d6255e,coupe-du-monde,165040,14,2026-09-10T09:45:18Z,Australia,Brazil,0,2,4.23,4.35,1.69,2.1,1.19,1.18,1.39,2.96,1.47,2.63,Non,Non,Non,Non,Oui,Away,61,"[53, 61]",True
0d4eb5cfe514e5bd,coupe-du-monde,165040,14,2026-09-10T09:45:18Z,Germany,Colombia,2,2,2.26,4.06,2.7,1.42,1.59,1.21,1.36,3.09,1.37,3.01,Oui,Oui,Non,Oui,Non,Away,88,"[5, 46, 60, 88]",True
4c6ae1bf36fa5e7b,coupe-du-monde,165040,14,2026-09-10T09:45:18Z,Turkiye,Ghana,0,0,2.05,3.82,3.22,1.31,1.72,1.23,1.52,2.5,1.5,2.56,Non,Non,Non,Oui,Non,,,[],True
8176a23ae9a1e0d8,coupe-du-monde,165040,14,2026-09-10T09:45:18Z,Belgium,Argentina,3,2,3.43,4.11,1.9,1.83,1.28,1.2,1.4,2.89,1.43,2.76,Oui,Oui,Oui,Non,Non,Home,88,"[1, 45, 52, 87, 88]",True
cf456e30556f24a0,coupe-du-monde,165040,14,2026-09-10T09:45:18Z,England,Cote d'Ivoire,1,1,1.67,4.31,4.39,1.18,2.13,1.19,1.42,2.82,1.51,2.53,Non,Oui,Non,Oui,Non,Home,61,"[57, 61]",True
91a8a3f5944f6f24,coupe-du-monde,165040,14,2026-09-10T09:45:18Z,Panama,Jordan,4,0,3.05,3.36,2.3,1.57,1.34,1.29,1.85,1.93,1.69,2.14,Oui,Non,Oui,Non,Non,Home,81,"[29, 58, 69, 81]",True
03f4dfd5fc833ca1,coupe-du-monde,165040,14,2026-09-10T09:45:18Z,Bosnia-Herzegovina,Scotland,2,2,3.0,3.74,2.18,1.63,1.35,1.24,1.54,2.42,1.5,2.53,Oui,Oui,Non,Oui,Non,Away,89,"[43, 45, 71, 89]",True
f4610c9f2b2e0a9f,coupe-du-monde,165040,14,2026-09-10T09:45:18Z,Ecuador,Sweden,2,0,2.77,3.67,2.34,1.55,1.4,1.25,1.57,2.36,1.51,2.51,Non,Non,Oui,Non,Non,Home,35,"[19, 35]",True
6cf70e3ad2a078f1,coupe-du-monde,165040,14,2026-09-10T09:45:18Z,IR Iran,France,1,2,5.76,4.56,1.5,2.5,1.11,1.17,1.47,2.65,1.64,2.21,Oui,Oui,Non,Non,Oui,Home,86,"[42, 83, 86]",True
c25054c5b963c2fb,coupe-du-monde,165040,14,2026-09-10T09:45:18Z,USA,Saudi Arabia,4,1,1.89,4.0,3.58,1.26,1.85,1.21,1.46,2.65,1.48,2.59,Oui,Oui,Oui,Non,Non,Home,71,"[17, 18, 63, 67, 71]",True
2d4090e067244ef6,coupe-du-monde,165040,14,2026-09-10T09:45:18Z,Korea Republic,Haiti,3,1,1.66,4.01,4.82,1.15,2.15,1.21,1.61,2.29,1.67,2.17,Oui,Oui,Oui,Non,Non,Away,67,"[14, 24, 53, 67]",True
7803eb57114db0f3,coupe-du-monde,165040,17,2026-09-10T09:51:18Z,Saudi Arabia,New Zealand,2,0,2.17,3.62,3.1,1.33,1.64,1.25,1.64,2.23,1.56,2.38,Non,Non,Oui,Non,Non,Home,77,"[70, 77]",True
d9dcf7b559904bda,coupe-du-monde,165040,17,2026-09-10T09:51:18Z,Norway,South Africa,1,1,1.67,4.17,4.49,1.17,2.12,1.2,1.49,2.58,1.56,2.39,Non,Oui,Non,Oui,Non,Home,73,"[48, 73]",True
333b0e8b60bc9d5e,coupe-du-monde,165040,17,2026-09-10T09:51:18Z,Netherlands,IR Iran,4,1,1.98,3.85,3.38,1.28,1.77,1.23,1.52,2.5,1.5,2.53,Oui,Oui,Oui,Non,Non,Home,83,"[19, 26, 45, 83, 83]",True
f70bca9d56d575ca,coupe-du-monde,165040,17,2026-09-10T09:51:18Z,France,Algeria,4,2,1.42,5.05,6.38,1.09,2.77,1.14,1.37,3.05,1.61,2.29,Oui,Oui,Oui,Non,Non,Home,87,"[15, 24, 36, 47, 79, 87]",True
dc46c3cbb69e70e7,coupe-du-monde,165040,17,2026-09-10T09:51:18Z,Brazil,Austria,1,0,1.87,4.13,3.55,1.26,1.87,1.2,1.4,2.9,1.44,2.75,Non,Non,Oui,Non,Non,Home,58,[58],True
cd976d1122e91074,coupe-du-monde,165040,17,2026-09-10T09:51:18Z,Cote d'Ivoire,Scotland,2,2,2.3,3.75,2.8,1.4,1.57,1.24,1.52,2.48,1.48,2.6,Oui,Oui,Non,Oui,Non,Home,62,"[43, 44, 51, 62]",True
4c718a9985652928,coupe-du-monde,165040,17,2026-09-10T09:51:18Z,Uzbekistan,Mexico,3,3,4.09,4.03,1.76,1.99,1.2,1.21,1.51,2.53,1.54,2.42,Oui,Oui,Non,Oui,Non,Away,80,"[7, 23, 23, 69, 72, 80]",True
3d7b7e4ed90dbc78,coupe-du-monde,165040,17,2026-09-10T09:51:18Z,Sweden,Panama,0,1,1.76,3.84,4.33,1.18,2.0,1.23,1.64,2.22,1.65,2.2,Non,Non,Non,Non,Oui,Away,20,[20],True
60d30373f43aa430,coupe-du-monde,165040,17,2026-09-10T09:51:18Z,Jordan,Canada,1,0,3.03,3.59,2.21,1.61,1.34,1.26,1.65,2.21,1.57,2.37,Non,Non,Oui,Non,Non,Home,59,[59],True
469785503606cbd3,coupe-du-monde,165040,17,2026-09-10T09:51:18Z,Haiti,Australia,0,3,4.93,4.18,1.62,2.22,1.14,1.2,1.53,2.46,1.62,2.25,Oui,Non,Non,Non,Oui,Away,72,"[28, 47, 72]",True
cdbcb300db42e5b2,coupe-du-monde,165040,17,2026-09-10T09:51:18Z,Qatar,Ghana,0,0,2.21,3.69,2.97,1.36,1.61,1.24,1.57,2.36,1.52,2.49,Non,Non,Non,Oui,Non,,,[],True
1c511237b3b83cab,coupe-du-monde,165040,17,2026-09-10T09:51:18Z,Germany,Belgium,1,2,2.36,3.96,2.61,1.45,1.54,1.22,1.4,2.89,1.4,2.9,Oui,Oui,Non,Non,Oui,Away,37,"[27, 30, 37]",True
fb9943571b1e4202,coupe-du-monde,165040,17,2026-09-10T09:51:18Z,Cabo Verde,Korea Republic,2,1,3.17,3.71,2.11,1.68,1.32,1.24,1.58,2.35,1.53,2.46,Oui,Oui,Oui,Non,Non,Away,73,"[19, 49, 73]",True
137cb6cf599f8367,coupe-du-monde,165040,17,2026-09-10T09:51:18Z,Congo DR,England,0,3,6.62,4.89,1.42,2.76,1.08,1.15,1.43,2.78,1.67,2.16,Oui,Non,Non,Non,Oui,Away,56,"[10, 20, 56]",True
952e66cf4839f82f,coupe-du-monde,165040,17,2026-09-10T09:51:18Z,Colombia,Spain,2,4,4.73,4.32,1.62,2.22,1.16,1.18,1.45,2.69,1.55,2.4,Oui,Oui,Non,Non,Oui,Away,90,"[7, 18, 45, 59, 61, 90]",True
77a2494a11d97d32,coupe-du-monde,165040,17,2026-09-10T09:51:18Z,Argentina,USA,0,2,1.64,4.51,4.39,1.18,2.18,1.17,1.35,3.16,1.45,2.69,Non,Non,Non,Non,Oui,Away,90,"[73, 90]",True
1321fb05088b96e8,coupe-du-monde,165040,17,2026-09-10T09:51:18Z,Curacao,Ecuador,1,2,5.78,4.32,1.53,2.42,1.11,1.18,1.57,2.37,1.72,2.09,Oui,Oui,Non,Non,Oui,Home,58,"[29, 47, 58]",True
5d469dd9c001b85b,coupe-du-monde,165040,17,2026-09-10T09:51:18Z,Uruguay,Turkiye,3,1,1.78,4.03,4.02,1.21,1.98,1.21,1.5,2.54,1.53,2.45,Oui,Oui,Oui,Non,Non,Home,77,"[5, 31, 49, 77]",True
33bad07c2f129e26,coupe-du-monde,165040,17,2026-09-10T09:51:18Z,Tunisia,Senegal,3,1,3.31,3.44,2.14,1.66,1.29,1.28,1.79,1.99,1.67,2.17,Oui,Oui,Oui,Non,Non,Home,67,"[16, 19, 48, 67]",True
8f85bf22f8e1aa44,coupe-du-monde,165040,17,2026-09-10T09:51:18Z,Switzerland,Bosnia-Herzegovina,2,0,1.73,3.82,4.56,1.17,2.04,1.23,1.68,2.15,1.7,2.12,Non,Non,Oui,Non,Non,Home,69,"[69, 69]",True
b63acd675044be39,coupe-du-monde,165040,17,2026-09-10T09:51:18Z,Iraq,Japan,4,1,4.01,3.82,1.82,1.92,1.21,1.23,1.61,2.27,1.61,2.28,Oui,Oui,Oui,Non,Non,Away,80,"[17, 20, 63, 79, 80]",True
469a2520df0f8ec0,coupe-du-monde,165040,17,2026-09-10T09:51:18Z,Morocco,Portugal,3,1,2.25,3.48,3.04,1.34,1.59,1.27,1.74,2.06,1.62,2.25,Oui,Oui,Oui,Non,Non,Home,62,"[12, 22, 61, 62]",True
7574b6aafea9f635,coupe-du-monde,165040,17,2026-09-10T09:51:18Z,Czechia,Croatia,1,2,3.25,3.59,2.11,1.67,1.3,1.26,1.67,2.17,1.59,2.31,Oui,Oui,Non,Non,Oui,Home,87,"[47, 58, 87]",True
ca09468500bbc33b,coupe-du-monde,165040,17,2026-09-10T09:51:18Z,Paraguay,Egypt,2,1,2.97,3.6,2.24,1.6,1.36,1.25,1.64,2.23,1.56,2.39,Oui,Oui,Oui,Non,Non,Away,82,"[73, 75, 82]",True
0d6f13fc279d74b4,coupe-du-monde,165040,19,2026-09-10T09:55:18Z,Qatar,Cote d'Ivoire,3,0,2.73,3.79,2.32,1.56,1.41,1.23,1.49,2.57,1.46,2.67,Oui,Non,Oui,Non,Non,Home,86,"[11, 50, 86]",True
914c57fda04e8258,coupe-du-monde,165040,19,2026-09-10T09:55:18Z,Germany,Spain,1,3,3.92,4.16,1.77,1.98,1.22,1.2,1.42,2.8,1.48,2.61,Oui,Oui,Non,Non,Oui,Away,53,"[5, 23, 40, 53]",True
5af7e5b6873bfe4c,coupe-du-monde,165040,19,2026-09-10T09:55:18Z,Colombia,Australia,0,3,2.1,3.89,3.06,1.34,1.68,1.22,1.46,2.66,1.45,2.69,Oui,Non,Non,Non,Oui,Away,70,"[60, 65, 70]",True
3f2ba8101288460c,coupe-du-monde,165040,19,2026-09-10T09:55:18Z,Congo DR,Turkiye,1,1,3.61,3.88,1.9,1.84,1.25,1.22,1.52,2.48,1.52,2.48,Non,Oui,Non,Oui,Non,Away,84,"[79, 84]",True
abab69deea4cb8b2,coupe-du-monde,165040,19,2026-09-10T09:55:18Z,Curacao,Austria,1,4,6.74,4.59,1.44,2.68,1.08,1.17,1.54,2.43,1.77,2.01,Oui,Oui,Non,Non,Oui,Away,81,"[39, 45, 56, 72, 81]",True
42688d6c005b0972,coupe-du-monde,165040,19,2026-09-10T09:55:18Z,Belgium,Korea Republic,1,1,2.06,3.81,3.2,1.31,1.71,1.23,1.52,2.48,1.5,2.55,Non,Oui,Non,Oui,Non,Away,43,"[35, 43]",True
1b5f15ea5de3c737,coupe-du-monde,165040,19,2026-09-10T09:55:18Z,Sweden,Ghana,3,1,1.94,3.72,3.64,1.25,1.81,1.24,1.63,2.24,1.59,2.31,Oui,Oui,Oui,Non,Non,Away,68,"[36, 45, 45, 68]",True
73cdaa494ac62aeb,coupe-du-monde,165040,19,2026-09-10T09:55:18Z,Switzerland,Canada,1,1,1.91,3.74,3.73,1.24,1.83,1.24,1.63,2.25,1.6,2.31,Non,Oui,Non,Oui,Non,Away,90,"[89, 90]",True
63a4d3ebc200ea93,coupe-du-monde,165040,19,2026-09-10T09:55:18Z,IR Iran,Mexico,1,0,2.9,3.66,2.26,1.59,1.37,1.25,1.59,2.32,1.53,2.47,Non,Non,Oui,Non,Non,Home,49,[49],True
9e1c941c32735ce6,coupe-du-monde,165040,19,2026-09-10T09:55:18Z,France,Senegal,2,2,1.65,4.22,4.58,1.17,2.15,1.19,1.47,2.62,1.56,2.4,Oui,Oui,Non,Oui,Non,Away,86,"[29, 36, 43, 86]",True
1f94ec535845cead,coupe-du-monde,165040,19,2026-09-10T09:55:18Z,Netherlands,Portugal,2,1,2.97,4.24,2.05,1.72,1.36,1.19,1.3,3.42,1.34,3.16,Oui,Oui,Oui,Non,Non,Away,77,"[18, 50, 77]",True
29ac3d44f5492f45,coupe-du-monde,165040,19,2026-09-10T09:55:18Z,Uruguay,Jordan,2,1,1.55,4.25,5.52,1.12,2.36,1.19,1.56,2.38,1.7,2.13,Oui,Oui,Oui,Non,Non,Away,85,"[3, 41, 85]",True
f714b57565e3dead,coupe-du-monde,165040,19,2026-09-10T09:55:18Z,Saudi Arabia,Panama,2,1,2.31,3.45,2.96,1.36,1.56,1.27,1.76,2.04,1.63,2.24,Oui,Oui,Oui,Non,Non,Home,90,"[16, 42, 90]",True
d2cf9bb84b5b0868,coupe-du-monde,165040,19,2026-09-10T09:55:18Z,Morocco,Algeria,2,2,1.63,3.8,5.47,1.12,2.2,1.23,1.82,1.96,1.87,1.9,Oui,Oui,Non,Oui,Non,Away,84,"[2, 53, 59, 84]",True
3b4c45d9253bddc7,coupe-du-monde,165040,19,2026-09-10T09:55:18Z,Cabo Verde,USA,2,3,3.36,3.82,2.0,1.75,1.29,1.23,1.53,2.46,1.51,2.51,Oui,Oui,Non,Non,Oui,Away,67,"[9, 42, 43, 66, 67]",True
710fc14db11a28ba,coupe-du-monde,165040,19,2026-09-10T09:55:18Z,Uzbekistan,Egypt,1,0,3.52,3.7,1.98,1.77,1.27,1.24,1.63,2.25,1.58,2.34,Non,Non,Oui,Non,Non,Home,77,[77],True
dade20baf7955890,coupe-du-monde,165040,19,2026-09-10T09:55:18Z,Argentina,Ecuador,5,0,1.57,4.59,4.88,1.15,2.32,1.17,1.37,3.05,1.5,2.54,Oui,Non,Oui,Non,Non,Home,74,"[4, 21, 67, 71, 74]",True
c7b0af89be7f11f8,coupe-du-monde,165040,19,2026-09-10T09:55:18Z,Brazil,Bosnia-Herzegovina,2,2,1.46,4.92,5.88,1.1,2.63,1.15,1.36,3.1,1.56,2.38,Oui,Oui,Non,Oui,Non,Home,74,"[13, 21, 53, 74]",True
7b103283aadae2a0,coupe-du-monde,165040,19,2026-09-10T09:55:18Z,Haiti,New Zealand,0,0,2.91,3.48,2.33,1.56,1.37,1.27,1.73,2.08,1.61,2.28,Non,Non,Non,Oui,Non,,,[],True
7cf7cb182ccc660d,coupe-du-monde,165040,19,2026-09-10T09:55:18Z,Norway,Scotland,1,1,1.89,4.06,3.51,1.27,1.85,1.21,1.43,2.79,1.45,2.69,Non,Oui,Non,Oui,Non,Home,46,"[20, 46]",True
6f24a9f150d97dbe,coupe-du-monde,165040,19,2026-09-10T09:55:18Z,Paraguay,Croatia,0,5,3.81,3.83,1.86,1.87,1.23,1.23,1.58,2.35,1.57,2.36,Oui,Non,Non,Non,Oui,Away,81,"[5, 27, 34, 54, 81]",True
cb050ed325201a45,coupe-du-monde,165040,19,2026-09-10T09:55:18Z,Czechia,England,1,1,4.69,4.28,1.63,2.2,1.16,1.19,1.46,2.67,1.55,2.4,Non,Oui,Non,Oui,Non,Home,89,"[4, 89]",True
c4472be75bb7337f,coupe-du-monde,165040,19,2026-09-10T09:55:18Z,Tunisia,Japan,2,3,3.62,3.57,1.98,1.77,1.25,1.26,1.73,2.08,1.65,2.2,Oui,Oui,Non,Non,Oui,Home,70,"[1, 19, 53, 61, 70]",True
3c3d68b5dcaa49d2,coupe-du-monde,165040,19,2026-09-10T09:55:18Z,Iraq,South Africa,2,3,2.32,3.47,2.93,1.37,1.56,1.27,1.73,2.07,1.62,2.27,Oui,Oui,Non,Non,Oui,Away,87,"[23, 24, 35, 61, 87]",True
56062c645b6934cb,coupe-du-monde,165040,22,2026-09-10T10:01:18Z,Egypt,Portugal,1,3,4.06,4.18,1.74,2.02,1.21,1.2,1.43,2.76,1.49,2.56,Oui,Oui,Non,Non,Oui,Home,53,"[11, 35, 48, 53]",True
cc81321f9082308a,coupe-du-monde,165040,22,2026-09-10T10:01:18Z,Australia,Belgium,1,4,3.6,3.92,1.9,1.84,1.25,1.22,1.5,2.53,1.51,2.52,Oui,Oui,Non,Non,Oui,Away,89,"[11, 29, 54, 82, 89]",True
452329f9d43b1fa8,coupe-du-monde,165040,22,2026-09-10T10:01:18Z,Uruguay,Sweden,3,1,1.91,3.85,3.63,1.25,1.83,1.23,1.55,2.42,1.54,2.44,Oui,Oui,Oui,Non,Non,Home,64,"[5, 9, 32, 64]",True
6047974021623611,coupe-du-monde,165040,22,2026-09-10T10:01:18Z,Cote d'Ivoire,Brazil,2,0,3.89,4.29,1.75,2.0,1.22,1.19,1.37,3.01,1.44,2.72,Non,Non,Oui,Non,Non,Home,54,"[23, 54]",True
e909300edd66f070,coupe-du-monde,165040,22,2026-09-10T10:01:18Z,England,France,2,1,2.98,3.98,2.11,1.67,1.35,1.21,1.41,2.83,1.42,2.81,Oui,Oui,Oui,Non,Non,Away,87,"[78, 79, 87]",True
157564a383dff609,coupe-du-monde,165040,22,2026-09-10T10:01:18Z,Canada,Saudi Arabia,1,0,2.17,3.71,3.03,1.34,1.64,1.24,1.56,2.38,1.51,2.5,Non,Non,Oui,Non,Non,Home,68,[68],True
92acb6e27dfbff8f,coupe-du-monde,165040,22,2026-09-10T10:01:18Z,USA,Korea Republic,1,1,2.22,3.88,2.84,1.39,1.61,1.22,1.45,2.7,1.44,2.75,Non,Oui,Non,Oui,Non,Home,66,"[23, 66]",True
4810dd6a2d9a4940,coupe-du-monde,165040,22,2026-09-10T10:01:18Z,Japan,Uzbekistan,3,2,1.65,4.15,4.66,1.16,2.16,1.2,1.51,2.51,1.59,2.32,Oui,Oui,Oui,Non,Non,Home,78,"[26, 36, 50, 72, 78]",True
a3afe6df49519b02,coupe-du-monde,165040,22,2026-09-10T10:01:18Z,Qatar,Congo DR,1,0,2.06,3.76,3.24,1.31,1.71,1.24,1.56,2.39,1.52,2.48,Non,Non,Oui,Non,Non,Home,37,[37],True
97d2f64424ec121e,coupe-du-monde,165040,22,2026-09-10T10:01:18Z,Senegal,IR Iran,3,2,2.26,3.51,3.01,1.35,1.59,1.27,1.71,2.11,1.6,2.29,Oui,Oui,Oui,Non,Non,Away,90,"[31, 32, 33, 73, 90]",True
9324e6e63101e579,coupe-du-monde,165040,22,2026-09-10T10:01:18Z,Spain,Netherlands,0,3,1.73,4.2,4.08,1.2,2.03,1.19,1.43,2.79,1.49,2.58,Oui,Non,Non,Non,Oui,Away,65,"[35, 38, 65]",True
77e169e8009e72c6,coupe-du-monde,165040,22,2026-09-10T10:01:18Z,Ecuador,Germany,2,1,3.41,4.12,1.91,1.83,1.28,1.2,1.39,2.92,1.43,2.78,Oui,Oui,Oui,Non,Non,Away,49,"[25, 37, 49]",True
78c886ada91842ff,coupe-du-monde,165040,22,2026-09-10T10:01:18Z,New Zealand,Cabo Verde,1,3,3.14,3.5,2.19,1.63,1.32,1.27,1.73,2.08,1.62,2.26,Oui,Oui,Non,Non,Oui,Away,87,"[18, 56, 65, 87]",True
cea2446a101cea0c,coupe-du-monde,165040,22,2026-09-10T10:01:18Z,Panama,Argentina,0,4,8.79,5.7,1.3,3.4,1.04,1.11,1.37,3.02,1.78,2.0,Oui,Non,Non,Non,Oui,Away,63,"[22, 35, 53, 63]",True
51ba2d2d97a7c9c1,coupe-du-monde,165040,22,2026-09-10T10:01:18Z,Austria,Colombia,1,2,2.7,3.78,2.35,1.55,1.42,1.23,1.49,2.56,1.46,2.66,Oui,Oui,Non,Non,Oui,Away,76,"[37, 43, 76]",True
c520b232198ae300,coupe-du-monde,165040,22,2026-09-10T10:01:18Z,Turkiye,Tunisia,1,2,2.42,3.59,2.71,1.42,1.52,1.26,1.62,2.25,1.54,2.43,Oui,Oui,Non,Non,Oui,Home,82,"[16, 71, 82]",True
6113378fafd40e30,coupe-du-monde,165040,22,2026-09-10T10:01:18Z,Ghana,Curacao,3,3,1.8,3.84,4.09,1.2,1.94,1.23,1.61,2.28,1.61,2.28,Oui,Oui,Non,Oui,Non,Home,88,"[28, 38, 39, 46, 80, 88]",True
a238054cbe9619b7,coupe-du-monde,165040,22,2026-09-10T10:01:18Z,Croatia,Morocco,0,0,4.23,3.37,1.9,1.84,1.19,1.29,2.0,1.78,1.87,1.9,Non,Non,Non,Oui,Non,,,[],True
ec6174462da26279,coupe-du-monde,165040,22,2026-09-10T10:01:18Z,Bosnia-Herzegovina,Haiti,2,2,1.94,3.71,3.63,1.25,1.8,1.24,1.63,2.23,1.59,2.31,Oui,Oui,Non,Oui,Non,Home,86,"[21, 74, 81, 86]",True
c67bc8d641538f44,coupe-du-monde,165040,22,2026-09-10T10:01:18Z,Switzerland,Norway,2,1,2.39,3.62,2.74,1.41,1.53,1.25,1.61,2.29,1.53,2.45,Oui,Oui,Oui,Non,Non,Away,79,"[66, 74, 79]",True
9c92566d9a470f19,coupe-du-monde,165040,22,2026-09-10T10:01:18Z,South Africa,Paraguay,2,4,2.98,3.58,2.24,1.6,1.35,1.26,1.64,2.21,1.56,2.38,Oui,Oui,Non,Non,Oui,Away,77,"[12, 37, 39, 52, 70, 77]",True
b4b1784a62fa9b55,coupe-du-monde,165040,22,2026-09-10T10:01:18Z,Scotland,Czechia,2,0,2.73,3.76,2.34,1.55,1.41,1.24,1.51,2.51,1.47,2.63,Non,Non,Oui,Non,Non,Home,83,"[60, 83]",True
c86bd218d61bf94c,coupe-du-monde,165040,22,2026-09-10T10:01:18Z,Algeria,Mexico,2,3,3.04,3.79,2.14,1.66,1.34,1.23,1.52,2.5,1.48,2.59,Oui,Oui,Non,Non,Oui,Home,70,"[4, 30, 42, 67, 70]",True
c54e6b506549f327,coupe-du-monde,165040,22,2026-09-10T10:01:18Z,Jordan,Iraq,2,1,2.8,3.43,2.43,1.51,1.4,1.28,1.76,2.03,1.63,2.24,Oui,Oui,Oui,Non,Non,Away,90,"[23, 70, 90]",True
d7f638bb2cc2ee5a,coupe-du-monde,165040,24,2026-09-10T10:05:18Z,Ecuador,Korea Republic,1,1,2.55,3.8,2.46,1.5,1.47,1.23,1.48,2.6,1.45,2.7,Non,Oui,Non,Oui,Non,Home,80,"[11, 80]",True
b602aced09e7efae,coupe-du-monde,165040,24,2026-09-10T10:05:18Z,Sweden,Congo DR,2,2,1.84,3.77,3.97,1.21,1.9,1.23,1.64,2.23,1.62,2.26,Oui,Oui,Non,Oui,Non,Away,90,"[43, 53, 74, 90]",True
ca67a97c230bc435,coupe-du-monde,165040,24,2026-09-10T10:05:18Z,Cote d'Ivoire,Curacao,0,1,1.49,4.45,6.04,1.1,2.51,1.18,1.54,2.45,1.72,2.09,Non,Non,Non,Non,Oui,Away,35,[35],True
52f69c815cfcdcce,coupe-du-monde,165040,24,2026-09-10T10:05:18Z,South Africa,Uzbekistan,0,2,2.82,3.53,2.37,1.54,1.39,1.26,1.68,2.16,1.58,2.35,Non,Non,Non,Non,Oui,Away,40,"[30, 40]",True
6242cbf2e4913fdd,coupe-du-monde,165040,24,2026-09-10T10:05:18Z,Egypt,Algeria,0,2,2.38,3.57,2.79,1.4,1.54,1.26,1.64,2.22,1.55,2.4,Non,Non,Non,Non,Oui,Away,61,"[16, 61]",True
5d4cb9364fe1493e,coupe-du-monde,165040,24,2026-09-10T10:05:18Z,Bosnia-Herzegovina,Colombia,0,1,4.15,4.15,1.73,2.04,1.2,1.2,1.46,2.68,1.52,2.5,Non,Non,Non,Non,Oui,Away,71,[71],True
7a9e53b603bffee9,coupe-du-monde,165040,24,2026-09-10T10:05:18Z,Scotland,Paraguay,1,3,2.45,3.66,2.64,1.44,1.51,1.25,1.58,2.35,1.51,2.51,Oui,Oui,Non,Non,Oui,Away,79,"[17, 68, 78, 79]",True
e4e3d82e650df59d,coupe-du-monde,165040,24,2026-09-10T10:05:18Z,USA,Netherlands,3,2,2.87,4.04,2.16,1.64,1.38,1.21,1.38,2.99,1.39,2.93,Oui,Oui,Oui,Non,Non,Away,84,"[6, 18, 64, 82, 84]",True
8f65d3cb714a6901,coupe-du-monde,165040,24,2026-09-10T10:05:18Z,Ghana,Argentina,0,3,7.32,5.46,1.35,3.07,1.06,1.12,1.34,3.19,1.66,2.19,Oui,Non,Non,Non,Oui,Away,77,"[51, 69, 77]",True
5dbaae4499969c08,coupe-du-monde,165040,24,2026-09-10T10:05:18Z,Canada,Haiti,1,3,1.75,3.91,4.27,1.19,2.0,1.22,1.59,2.32,1.61,2.27,Oui,Oui,Non,Non,Oui,Home,82,"[17, 77, 77, 82]",True
887268df41c0b880,coupe-du-monde,165040,24,2026-09-10T10:05:18Z,Jordan,Tunisia,0,2,3.14,3.34,2.26,1.59,1.32,1.29,1.88,1.9,1.71,2.1,Non,Non,Non,Non,Oui,Away,80,"[56, 80]",True
244d719ff4f7e38a,coupe-du-monde,165040,24,2026-09-10T10:05:18Z,Japan,IR Iran,2,0,2.05,3.68,3.34,1.29,1.72,1.25,1.62,2.26,1.57,2.37,Non,Non,Oui,Non,Non,Home,58,"[21, 58]",True
9db04f0f35dbd8fe,coupe-du-monde,165040,24,2026-09-10T10:05:18Z,Croatia,Portugal,2,3,3.26,3.95,2.0,1.75,1.3,1.22,1.45,2.69,1.46,2.68,Oui,Oui,Non,Non,Oui,Away,84,"[8, 44, 44, 79, 84]",True
93d7a6898af608fa,coupe-du-monde,165040,24,2026-09-10T10:05:18Z,Austria,Germany,1,1,3.08,4.03,2.05,1.71,1.34,1.21,1.4,2.91,1.41,2.84,Non,Oui,Non,Oui,Non,Home,43,"[5, 43]",True
5d18580ba11607a1,coupe-du-monde,165040,24,2026-09-10T10:05:18Z,Australia,Spain,0,3,6.05,4.6,1.48,2.57,1.1,1.16,1.48,2.61,1.67,2.16,Oui,Non,Non,Non,Oui,Away,84,"[51, 69, 84]",True
ffff9780c6b8cad2,coupe-du-monde,165040,24,2026-09-10T10:05:18Z,England,Morocco,4,0,2.94,3.37,2.37,1.54,1.36,1.29,1.83,1.95,1.67,2.16,Oui,Non,Oui,Non,Non,Home,84,"[25, 43, 72, 84]",True
f86cf9a189e889cc,coupe-du-monde,165040,24,2026-09-10T10:05:18Z,New Zealand,Belgium,2,1,5.88,4.52,1.5,2.51,1.1,1.17,1.49,2.57,1.67,2.17,Oui,Oui,Oui,Non,Non,Home,61,"[4, 59, 61]",True
e9755a246cba4945,coupe-du-monde,165040,24,2026-09-10T10:05:18Z,Panama,Cabo Verde,1,1,3.1,3.49,2.22,1.61,1.33,1.27,1.74,2.07,1.62,2.25,Non,Oui,Non,Oui,Non,Away,90,"[52, 90]",True
0c2514ba7b2c3c59,coupe-du-monde,165040,24,2026-09-10T10:05:18Z,Switzerland,Iraq,4,0,1.77,3.69,4.46,1.17,1.98,1.24,1.76,2.04,1.74,2.07,Oui,Non,Oui,Non,Non,Home,66,"[42, 43, 62, 66]",True
cbc657b67ca23254,coupe-du-monde,165040,24,2026-09-10T10:05:18Z,Qatar,Czechia,0,3,2.63,3.67,2.45,1.51,1.44,1.25,1.56,2.38,1.5,2.53,Oui,Non,Non,Non,Oui,Away,80,"[46, 75, 80]",True
024dcbacd67a0735,coupe-du-monde,165040,24,2026-09-10T10:05:18Z,Norway,Brazil,2,2,3.18,4.17,1.98,1.77,1.32,1.2,1.35,3.12,1.39,2.94,Oui,Oui,Non,Oui,Non,Home,60,"[30, 55, 58, 60]",True
6f3f5923a60ba405,coupe-du-monde,165040,24,2026-09-10T10:05:18Z,Senegal,Mexico,1,0,2.53,3.63,2.57,1.46,1.48,1.25,1.59,2.31,1.52,2.48,Non,Non,Oui,Non,Non,Home,55,[55],True
c417c863eccaf32b,coupe-du-monde,165040,24,2026-09-10T10:05:18Z,Uruguay,Saudi Arabia,5,0,1.56,4.34,5.34,1.12,2.35,1.18,1.5,2.53,1.64,2.23,Oui,Non,Oui,Non,Non,Home,88,"[15, 19, 69, 80, 88]",True
89e5cd0fafa8f257,coupe-du-monde,165040,24,2026-09-10T10:05:18Z,Turkiye,France,0,4,6.16,5.06,1.43,2.73,1.09,1.14,1.35,3.14,1.58,2.34,Oui,Non,Non,Non,Oui,Away,85,"[39, 65, 79, 85]",True
84e650b48e0643c4,coupe-du-monde,165040,27,2026-09-10T10:11:18Z,Netherlands,Senegal,2,1,2.27,3.8,2.81,1.39,1.59,1.23,1.49,2.57,1.46,2.66,Oui,Oui,Oui,Non,Non,Away,85,"[5, 53, 85]",True
5af7b843f37c60c6,coupe-du-monde,165040,27,2026-09-10T10:11:18Z,Argentina,Uruguay,2,1,2.1,3.95,3.01,1.35,1.68,1.22,1.43,2.79,1.43,2.78,Oui,Oui,Oui,Non,Non,Home,76,"[30, 59, 76]",True
c54471b1357fba50,coupe-du-monde,165040,27,2026-09-10T10:11:18Z,Tunisia,Sweden,1,0,2.94,3.44,2.33,1.55,1.36,1.28,1.76,2.04,1.63,2.24,Non,Non,Oui,Non,Non,Home,49,[49],True
83010d9746a6a92a,coupe-du-monde,165040,27,2026-09-10T10:11:18Z,Paraguay,Switzerland,2,2,4.13,3.81,1.8,1.94,1.2,1.23,1.63,2.23,1.63,2.24,Oui,Oui,Non,Oui,Non,Home,88,"[43, 57, 86, 88]",True
c6cbc1435e18f5b1,coupe-du-monde,165040,27,2026-09-10T10:11:18Z,Spain,Austria,3,0,1.6,4.21,5.06,1.14,2.26,1.19,1.53,2.46,1.63,2.23,Oui,Non,Oui,Non,Non,Home,90,"[12, 62, 90]",True
3f5edaa57280f623,coupe-du-monde,165040,27,2026-09-10T10:11:18Z,Morocco,Scotland,3,0,1.6,3.86,5.69,1.11,2.26,1.23,1.81,1.98,1.88,1.89,Oui,Non,Oui,Non,Non,Home,85,"[77, 82, 85]",True
e4ac6010b9aed14f,coupe-du-monde,165040,27,2026-09-10T10:11:18Z,Czechia,Brazil,3,2,4.26,4.31,1.69,2.1,1.19,1.19,1.4,2.87,1.49,2.58,Oui,Oui,Oui,Non,Non,Away,90,"[22, 39, 42, 89, 90]",True
78577b0e703d8f48,coupe-du-monde,165040,27,2026-09-10T10:11:18Z,Germany,Ghana,0,0,1.57,4.57,4.93,1.14,2.33,1.17,1.38,2.98,1.52,2.5,Non,Non,Non,Oui,Non,,,[],True
f96e2616b1e2df3f,coupe-du-monde,165040,27,2026-09-10T10:11:18Z,Uzbekistan,Jordan,0,0,2.67,3.49,2.51,1.48,1.43,1.27,1.7,2.12,1.59,2.32,Non,Non,Non,Oui,Non,,,[],True
0cbb37bac0f3752f,coupe-du-monde,165040,27,2026-09-10T10:11:18Z,Mexico,England,1,2,3.51,4.07,1.89,1.85,1.27,1.21,1.42,2.82,1.45,2.71,Oui,Oui,Non,Non,Oui,Away,82,"[32, 70, 82]",True
31047c49dedd6be3,coupe-du-monde,165040,27,2026-09-10T10:11:18Z,Cabo Verde,Canada,4,1,2.84,3.57,2.34,1.55,1.39,1.26,1.65,2.2,1.56,2.38,Oui,Oui,Oui,Non,Non,Home,77,"[18, 20, 45, 64, 77]",True
1085f3eaa46cc351,coupe-du-monde,165040,27,2026-09-10T10:11:18Z,Algeria,Japan,1,2,3.36,3.68,2.04,1.72,1.29,1.25,1.62,2.26,1.57,2.37,Oui,Oui,Non,Non,Oui,Away,89,"[18, 69, 89]",True
485974582fd15e88,coupe-du-monde,165040,27,2026-09-10T10:11:18Z,Colombia,Cote d'Ivoire,1,3,2.08,3.86,3.13,1.33,1.7,1.23,1.48,2.59,1.47,2.64,Oui,Oui,Non,Non,Oui,Away,79,"[43, 45, 66, 79]",True
c514f27ea57010db,coupe-du-monde,165040,27,2026-09-10T10:11:18Z,France,Qatar,3,1,1.39,5.18,6.76,1.08,2.88,1.13,1.36,3.08,1.63,2.25,Oui,Oui,Oui,Non,Non,Away,84,"[25, 31, 34, 84]",True
c8712987e9e4db03,coupe-du-monde,165040,27,2026-09-10T10:11:18Z,USA,New Zealand,2,0,1.6,4.27,4.94,1.14,2.25,1.19,1.49,2.56,1.6,2.3,Non,Non,Oui,Non,Non,Home,37,"[31, 37]",True
4cf767b3274241a9,coupe-du-monde,165040,27,2026-09-10T10:11:18Z,Curacao,Congo DR,1,0,3.94,3.62,1.88,1.85,1.22,1.25,1.73,2.07,1.68,2.15,Non,Non,Oui,Non,Non,Home,49,[49],True
fac865c20d78b071,coupe-du-monde,165040,27,2026-09-10T10:11:18Z,Belgium,Bosnia-Herzegovina,3,1,1.65,4.23,4.61,1.16,2.16,1.19,1.47,2.62,1.56,2.39,Oui,Oui,Oui,Non,Non,Home,87,"[9, 12, 32, 87]",True
f0212670a523dd6f,coupe-du-monde,165040,27,2026-09-10T10:11:18Z,IR Iran,Turkiye,4,0,2.28,3.68,2.85,1.38,1.58,1.25,1.57,2.37,1.51,2.51,Oui,Non,Oui,Non,Non,Home,63,"[17, 24, 56, 63]",True
7685b1bbdcb152c8,coupe-du-monde,165040,27,2026-09-10T10:11:18Z,Saudi Arabia,Iraq,1,0,2.74,3.64,2.38,1.53,1.41,1.25,1.59,2.31,1.52,2.48,Non,Non,Oui,Non,Non,Home,67,[67],True
ba4d9bb9fe60b5b6,coupe-du-monde,165040,27,2026-09-10T10:11:18Z,Australia,Ecuador,1,2,2.6,3.74,2.45,1.5,1.45,1.24,1.52,2.5,1.47,2.62,Oui,Oui,Non,Non,Oui,Away,80,"[37, 38, 80]",True
c23b0b5df61e6375,coupe-du-monde,165040,27,2026-09-10T10:11:18Z,Egypt,Croatia,3,1,3.06,3.45,2.26,1.59,1.34,1.27,1.76,2.03,1.64,2.22,Oui,Oui,Oui,Non,Non,Away,68,"[3, 60, 64, 68]",True
60dc7393d66ab820,coupe-du-monde,165040,27,2026-09-10T10:11:18Z,Korea Republic,Panama,2,1,1.83,3.81,3.96,1.22,1.91,1.23,1.61,2.28,1.6,2.3,Oui,Oui,Oui,Non,Non,Home,89,"[51, 51, 89]",True
5772981a6724e654,coupe-du-monde,165040,27,2026-09-10T10:11:18Z,Portugal,South Africa,1,1,1.47,4.82,5.86,1.1,2.59,1.15,1.39,2.94,1.59,2.32,Non,Oui,Non,Oui,Non,Home,70,"[18, 70]",True
35994de51f2eb5cb,coupe-du-monde,165040,27,2026-09-10T10:11:18Z,Haiti,Norway,0,3,6.18,4.71,1.46,2.62,1.09,1.16,1.45,2.7,1.66,2.19,Oui,Non,Non,Non,Oui,Away,75,"[3, 71, 75]",True
660d66e6b09c916c,coupe-du-monde,165040,29,2026-09-10T10:15:18Z,Egypt,England,1,0,4.64,4.16,1.65,2.15,1.16,1.2,1.51,2.52,1.58,2.33,Non,Non,Oui,Non,Non,Home,63,[63],True
68babb7a5db72be3,coupe-du-monde,165040,29,2026-09-10T10:15:18Z,Spain,Bosnia-Herzegovina,1,1,1.29,5.65,9.05,1.03,3.41,1.11,1.4,2.91,1.82,1.96,Non,Oui,Non,Oui,Non,Away,54,"[49, 54]",True
8b8f09ba52b597b4,coupe-du-monde,165040,29,2026-09-10T10:15:18Z,Korea Republic,Ghana,0,0,2.03,3.74,3.33,1.29,1.73,1.24,1.57,2.36,1.54,2.44,Non,Non,Non,Oui,Non,,,[],True
b06ca1437e54cd6b,coupe-du-monde,165040,29,2026-09-10T10:15:18Z,Colombia,Norway,0,3,2.44,3.95,2.52,1.48,1.51,1.22,1.4,2.89,1.4,2.9,Oui,Non,Non,Non,Oui,Away,71,"[56, 70, 71]",True
cad1ee0a6babca86,coupe-du-monde,165040,29,2026-09-10T10:15:18Z,Paraguay,Brazil,2,3,5.1,4.72,1.53,2.41,1.14,1.16,1.35,3.13,1.51,2.52,Oui,Oui,Non,Non,Oui,Away,79,"[43, 45, 47, 74, 79]",True
dd1c154229045e5e,coupe-du-monde,165040,29,2026-09-10T10:15:18Z,Curacao,Czechia,1,0,5.46,4.15,1.57,2.31,1.12,1.2,1.61,2.27,1.73,2.08,Non,Non,Oui,Non,Non,Home,29,[29],True
f5d4525bb13ea37b,coupe-du-monde,165040,29,2026-09-10T10:15:18Z,Argentina,Congo DR,3,1,1.3,5.73,8.47,1.04,3.35,1.11,1.35,3.14,1.74,2.06,Oui,Oui,Oui,Non,Non,Home,82,"[1, 8, 73, 82]",True
a206f311d32adf8c,coupe-du-monde,165040,29,2026-09-10T10:15:18Z,Mexico,Turkiye,0,1,2.03,3.97,3.18,1.32,1.73,1.21,1.44,2.75,1.44,2.73,Non,Non,Non,Non,Oui,Away,87,[87],True
c270b64d7a3f2847,coupe-du-monde,165040,29,2026-09-10T10:15:18Z,Ecuador,New Zealand,3,2,1.76,3.99,4.13,1.2,1.99,1.21,1.53,2.46,1.56,2.38,Oui,Oui,Oui,Non,Non,Home,89,"[9, 21, 62, 84, 89]",True
d4e24d7089f92bf0,coupe-du-monde,165040,29,2026-09-10T10:15:18Z,Portugal,Scotland,2,0,1.59,4.59,4.66,1.16,2.27,1.17,1.35,3.15,1.47,2.62,Non,Non,Oui,Non,Non,Home,32,"[25, 32]",True
e8154e0b142ae98b,coupe-du-monde,165040,29,2026-09-10T10:15:18Z,Belgium,Canada,1,1,1.78,4.05,3.97,1.21,1.97,1.21,1.48,2.6,1.52,2.49,Non,Oui,Non,Oui,Non,Home,47,"[18, 47]",True
1a2c3accc32d33e8,coupe-du-monde,165040,29,2026-09-10T10:15:18Z,Algeria,South Africa,1,1,2.03,3.65,3.42,1.28,1.73,1.25,1.65,2.21,1.59,2.32,Non,Oui,Non,Oui,Non,Home,82,"[65, 82]",True
436a5d2156368cb2,coupe-du-monde,165040,29,2026-09-10T10:15:18Z,Tunisia,Saudi Arabia,1,1,2.18,3.52,3.14,1.32,1.63,1.27,1.71,2.1,1.61,2.27,Non,Oui,Non,Oui,Non,Away,82,"[57, 82]",True
f9449f5ff9a19851,coupe-du-monde,165040,29,2026-09-10T10:15:18Z,Australia,Austria,2,0,2.73,3.74,2.35,1.55,1.42,1.24,1.53,2.47,1.48,2.6,Non,Non,Oui,Non,Non,Home,85,"[85, 85]",True
4ca4ee84b92486e1,coupe-du-monde,165040,29,2026-09-10T10:15:18Z,Senegal,Japan,1,1,2.61,3.55,2.53,1.48,1.45,1.26,1.66,2.19,1.56,2.38,Non,Oui,Non,Oui,Non,Away,36,"[31, 36]",True
c8b35e67c64a65e0,coupe-du-monde,165040,29,2026-09-10T10:15:18Z,Netherlands,Croatia,1,1,2.29,3.82,2.76,1.41,1.57,1.23,1.48,2.6,1.46,2.68,Non,Oui,Non,Oui,Non,Home,45,"[11, 45]",True
f3867c9d1f510eab,coupe-du-monde,165040,29,2026-09-10T10:15:18Z,USA,Panama,0,1,1.71,4.07,4.39,1.18,2.07,1.21,1.52,2.48,1.58,2.34,Non,Non,Non,Non,Oui,Away,52,[52],True
6a999157cd363e2a,coupe-du-monde,165040,29,2026-09-10T10:15:18Z,France,Sweden,1,0,1.56,4.41,5.26,1.13,2.35,1.18,1.47,2.63,1.61,2.29,Non,Non,Oui,Non,Non,Home,41,[41],True
7d647c1f13f06bfc,coupe-du-monde,165040,29,2026-09-10T10:15:18Z,Uzbekistan,Switzerland,1,1,4.75,3.9,1.69,2.1,1.16,1.22,1.66,2.19,1.7,2.13,Non,Oui,Non,Oui,Non,Home,40,"[36, 40]",True
eac89c1cab3ad6cf,coupe-du-monde,165040,29,2026-09-10T10:15:18Z,Germany,Cote d'Ivoire,3,2,1.9,4.16,3.41,1.28,1.84,1.2,1.37,3.01,1.41,2.84,Oui,Oui,Oui,Non,Non,Away,85,"[30, 44, 45, 66, 85]",True
19ff36d35bec4783,coupe-du-monde,165040,29,2026-09-10T10:15:18Z,IR Iran,Jordan,0,0,1.99,3.57,3.62,1.25,1.76,1.26,1.73,2.07,1.66,2.19,Non,Non,Non,Oui,Non,,,[],True
0de48aa8347e0ab8,coupe-du-monde,165040,29,2026-09-10T10:15:18Z,Cabo Verde,Uruguay,4,1,5.26,4.22,1.58,2.3,1.13,1.19,1.55,2.41,1.67,2.17,Oui,Oui,Oui,Non,Non,Home,87,"[27, 36, 36, 68, 87]",True
471392548da1e866,coupe-du-monde,165040,29,2026-09-10T10:15:18Z,Morocco,Qatar,2,1,1.6,3.86,5.7,1.11,2.26,1.23,1.81,1.97,1.89,1.89,Oui,Oui,Oui,Non,Non,Away,75,"[28, 50, 75]",True
700ad016bcd0b72d,coupe-du-monde,165040,29,2026-09-10T10:15:18Z,Haiti,Iraq,0,1,3.96,3.69,1.86,1.87,1.22,1.24,1.69,2.14,1.65,2.2,Non,Non,Non,Non,Oui,Away,2,[2],True
cc15d5529cf3482e,coupe-du-monde,165040,32,2026-09-10T10:21:18Z,Norway,Belgium,1,1,2.76,3.84,2.29,1.58,1.41,1.23,1.47,2.64,1.45,2.71,Non,Oui,Non,Oui,Non,Away,45,"[24, 45]",True
8832644a2356be0f,coupe-du-monde,165040,32,2026-09-10T10:21:18Z,Panama,New Zealand,1,0,2.55,3.36,2.7,1.42,1.47,1.29,1.83,1.95,1.67,2.17,Non,Non,Oui,Non,Non,Home,22,[22],True
f6f949c284f7bb7f,coupe-du-monde,165040,32,2026-09-10T10:21:18Z,Haiti,Paraguay,1,1,3.94,3.73,1.86,1.88,1.22,1.24,1.66,2.19,1.63,2.24,Non,Oui,Non,Oui,Non,Away,89,"[86, 89]",True
784711fcc992e30f,coupe-du-monde,165040,32,2026-09-10T10:21:18Z,Scotland,Egypt,0,1,2.84,3.63,2.32,1.56,1.39,1.25,1.6,2.29,1.53,2.46,Non,Non,Non,Non,Oui,Away,75,[75],True
84c6d00a008e6b18,coupe-du-monde,165040,32,2026-09-10T10:21:18Z,South Africa,Croatia,1,2,4.46,3.94,1.72,2.05,1.17,1.22,1.6,2.3,1.64,2.23,Oui,Oui,Non,Non,Oui,Away,66,"[14, 61, 66]",True
5e792746eb1305ef,coupe-du-monde,165040,32,2026-09-10T10:21:18Z,Tunisia,Argentina,1,3,5.5,4.48,1.53,2.42,1.12,1.17,1.47,2.63,1.63,2.25,Oui,Oui,Non,Non,Oui,Home,89,"[35, 46, 88, 89]",True
8d1a9c8f2889e8b8,coupe-du-monde,165040,32,2026-09-10T10:21:18Z,Ghana,Australia,1,1,3.2,3.78,2.07,1.7,1.31,1.23,1.54,2.44,1.51,2.53,Non,Oui,Non,Oui,Non,Away,27,"[24, 27]",True
7e3a5f9f56b9156b,coupe-du-monde,165040,32,2026-09-10T10:21:18Z,Canada,USA,1,1,3.04,3.95,2.09,1.69,1.34,1.22,1.43,2.77,1.43,2.76,Non,Oui,Non,Oui,Non,Away,90,"[64, 90]",True
2ad96a7f38e8a665,coupe-du-monde,165040,32,2026-09-10T10:21:18Z,Sweden,IR Iran,0,0,2.44,3.5,2.74,1.41,1.51,1.27,1.69,2.13,1.59,2.33,Non,Non,Non,Oui,Non,,,[],True
894156c269444e83,coupe-du-monde,165040,32,2026-09-10T10:21:18Z,Switzerland,Portugal,2,1,3.05,3.8,2.13,1.66,1.34,1.23,1.51,2.51,1.48,2.59,Oui,Oui,Oui,Non,Non,Home,68,"[2, 35, 68]",True
0d04ab624bab9f35,coupe-du-monde,165040,32,2026-09-10T10:21:18Z,Congo DR,Germany,1,3,5.35,4.64,1.52,2.44,1.12,1.16,1.39,2.92,1.55,2.4,Oui,Oui,Non,Non,Oui,Away,83,"[22, 61, 63, 83]",True
f3a669e9a115c8f0,coupe-du-monde,165040,32,2026-09-10T10:21:18Z,Bosnia-Herzegovina,Ecuador,0,4,3.31,3.75,2.03,1.73,1.29,1.24,1.57,2.36,1.53,2.45,Oui,Non,Non,Non,Oui,Away,84,"[32, 55, 69, 84]",True
1bbde7f26dee9acc,coupe-du-monde,165040,32,2026-09-10T10:21:18Z,Cote d'Ivoire,Spain,1,2,6.13,4.65,1.47,2.6,1.09,1.16,1.47,2.64,1.67,2.17,Oui,Oui,Non,Non,Oui,Away,41,"[13, 14, 41]",True
f703194e7bde9840,coupe-du-monde,165040,32,2026-09-10T10:21:18Z,Saudi Arabia,Uzbekistan,0,4,2.61,3.59,2.51,1.48,1.45,1.26,1.62,2.26,1.54,2.44,Oui,Non,Non,Non,Oui,Away,59,"[22, 47, 59, 59]",True
ba15d292b6406475,coupe-du-monde,165040,32,2026-09-10T10:21:18Z,Turkiye,Senegal,0,3,3.39,3.8,1.99,1.76,1.28,1.23,1.54,2.42,1.52,2.48,Oui,Non,Non,Non,Oui,Away,40,"[13, 22, 40]",True
579ce0731b66c079,coupe-du-monde,165040,32,2026-09-10T10:21:18Z,England,Japan,1,2,2.0,3.94,3.28,1.3,1.76,1.22,1.46,2.67,1.46,2.66,Oui,Oui,Non,Non,Oui,Home,87,"[85, 85, 87]",True
5d125b491a69dae0,coupe-du-monde,165040,32,2026-09-10T10:21:18Z,Uruguay,Korea Republic,1,0,1.88,3.91,3.65,1.25,1.85,1.22,1.51,2.51,1.52,2.49,Non,Non,Oui,Non,Non,Home,16,[16],True
2014bdc81e17611f,coupe-du-monde,165040,32,2026-09-10T10:21:18Z,Iraq,Cabo Verde,0,0,2.53,3.48,2.65,1.44,1.48,1.27,1.72,2.1,1.6,2.3,Non,Non,Non,Oui,Non,,,[],True
4a8c282045b13c40,coupe-du-monde,165040,32,2026-09-10T10:21:18Z,Brazil,Morocco,1,1,3.02,3.53,2.24,1.6,1.35,1.26,1.69,2.13,1.6,2.31,Non,Oui,Non,Oui,Non,Home,41,"[26, 41]",True
3e6b182bc970a6b8,coupe-du-monde,165040,32,2026-09-10T10:21:18Z,Qatar,Mexico,3,1,3.18,3.9,2.04,1.72,1.32,1.22,1.47,2.63,1.46,2.65,Oui,Oui,Oui,Non,Non,Home,90,"[18, 67, 81, 90]",True
0638f5124edad146,coupe-du-monde,165040,32,2026-09-10T10:21:18Z,Austria,Netherlands,0,2,2.96,3.91,2.14,1.65,1.36,1.22,1.44,2.72,1.44,2.75,Non,Non,Non,Non,Oui,Away,74,"[55, 74]",True
b6d2b5915a19b6df,coupe-du-monde,165040,32,2026-09-10T10:21:18Z,Jordan,Algeria,0,2,3.24,3.55,2.13,1.66,1.31,1.26,1.7,2.12,1.61,2.28,Non,Non,Non,Non,Oui,Away,75,"[52, 75]",True
353481045e6738d7,coupe-du-monde,165040,32,2026-09-10T10:21:18Z,Czechia,Colombia,0,2,3.35,3.85,1.99,1.76,1.29,1.23,1.51,2.5,1.5,2.54,Non,Non,Non,Non,Oui,Away,75,"[30, 75]",True
c25608e87b9aed16,coupe-du-monde,165040,32,2026-09-10T10:21:18Z,Curacao,France,1,4,16.06,7.86,1.15,5.18,0.98,1.05,1.31,3.38,2.18,1.66,Oui,Oui,Non,Non,Oui,Away,77,"[28, 40, 41, 68, 77]",True
5cf420b14c893e13,coupe-du-monde,165040,34,2026-09-10T10:25:18Z,Curacao,Morocco,0,1,13.39,5.58,1.24,3.86,1.0,1.11,1.63,2.24,2.4,1.55,Non,Non,Non,Non,Oui,Away,47,[47],True
0c7c70e34ec04780,coupe-du-monde,165040,34,2026-09-10T10:25:18Z,Brazil,Portugal,2,3,2.38,4.17,2.51,1.49,1.54,1.2,1.31,3.39,1.34,3.2,Oui,Oui,Non,Non,Oui,Away,80,"[12, 17, 52, 64, 80]",True
3489d61c92ffb60e,coupe-du-monde,165040,34,2026-09-10T10:25:18Z,Uruguay,USA,0,1,1.89,3.96,3.58,1.26,1.85,1.22,1.48,2.59,1.5,2.55,Non,Non,Non,Non,Oui,Away,86,[86],True
9c7b44b64af48f4e,coupe-du-monde,165040,34,2026-09-10T10:25:18Z,Sweden,Mexico,2,1,2.77,3.74,2.32,1.56,1.4,1.24,1.52,2.48,1.48,2.6,Oui,Oui,Oui,Non,Non,Away,70,"[41, 43, 70]",True
e8524bfba1af85fb,coupe-du-monde,165040,34,2026-09-10T10:25:18Z,Czechia,Germany,1,2,3.98,4.22,1.75,2.01,1.21,1.19,1.41,2.86,1.47,2.63,Oui,Oui,Non,Non,Oui,Home,81,"[15, 74, 81]",True
b48c530b33532db6,coupe-du-monde,165040,34,2026-09-10T10:25:18Z,Turkiye,Japan,0,0,3.42,3.95,1.94,1.8,1.28,1.22,1.46,2.65,1.47,2.63,Non,Non,Non,Oui,Non,,,[],True
1e8ca5d5cd8719a7,coupe-du-monde,165040,34,2026-09-10T10:25:18Z,Norway,Spain,1,4,4.78,4.34,1.61,2.23,1.15,1.18,1.44,2.72,1.55,2.41,Oui,Oui,Non,Non,Oui,Away,80,"[27, 32, 33, 64, 80]",True
a006c8a6de9c9543,coupe-du-monde,165040,34,2026-09-10T10:25:18Z,Switzerland,Algeria,1,0,1.92,3.67,3.76,1.24,1.82,1.25,1.67,2.16,1.63,2.24,Non,Non,Oui,Non,Non,Home,57,[57],True
2e96529ae5e13a03,coupe-du-monde,165040,34,2026-09-10T10:25:18Z,Canada,Ecuador,1,1,2.81,3.83,2.26,1.59,1.39,1.23,1.48,2.61,1.45,2.69,Non,Oui,Non,Oui,Non,Away,77,"[74, 77]",True
a268114a76f19c01,coupe-du-monde,165040,34,2026-09-10T10:25:18Z,Saudi Arabia,IR Iran,1,2,3.39,3.7,2.02,1.74,1.28,1.24,1.61,2.28,1.56,2.38,Oui,Oui,Non,Non,Oui,Away,45,"[29, 44, 45]",True
75bd0399bdcb96a7,coupe-du-monde,165040,34,2026-09-10T10:25:18Z,Panama,Netherlands,0,4,5.5,4.47,1.53,2.42,1.12,1.17,1.47,2.64,1.62,2.26,Oui,Non,Non,Non,Oui,Away,76,"[24, 28, 29, 76]",True
172a28845cbd8ad9,coupe-du-monde,165040,34,2026-09-10T10:25:18Z,Argentina,France,2,1,2.89,4.11,2.12,1.67,1.37,1.2,1.35,3.13,1.37,3.01,Oui,Oui,Oui,Non,Non,Home,49,"[24, 43, 49]",True
fdb632b8b1a6029f,coupe-du-monde,165040,34,2026-09-10T10:25:18Z,Qatar,Egypt,2,2,2.86,3.6,2.31,1.56,1.38,1.25,1.62,2.25,1.55,2.42,Oui,Oui,Non,Oui,Non,Home,49,"[22, 40, 49, 49]",True
ca0ce256e25f8d15,coupe-du-monde,165040,34,2026-09-10T10:25:18Z,Congo DR,Korea Republic,2,3,3.68,3.83,1.9,1.84,1.25,1.23,1.57,2.37,1.56,2.4,Oui,Oui,Non,Non,Oui,Away,88,"[8, 34, 49, 67, 88]",True
7791ee25d3f9542d,coupe-du-monde,165040,34,2026-09-10T10:25:18Z,Tunisia,Cabo Verde,4,1,2.29,3.39,3.04,1.34,1.57,1.28,1.82,1.96,1.67,2.17,Oui,Oui,Oui,Non,Non,Home,84,"[14, 36, 56, 58, 84]",True
4227d763cba01b20,coupe-du-monde,165040,34,2026-09-10T10:25:18Z,South Africa,England,0,5,6.76,4.95,1.41,2.8,1.08,1.14,1.42,2.8,1.68,2.15,Oui,Non,Non,Non,Oui,Away,83,"[2, 5, 21, 77, 83]",True
f2fdf73a49c87b45,coupe-du-monde,165040,34,2026-09-10T10:25:18Z,Ghana,New Zealand,3,0,2.25,3.57,2.98,1.36,1.59,1.26,1.66,2.19,1.57,2.36,Oui,Non,Oui,Non,Non,Home,54,"[40, 44, 54]",True
d239be7b8493007f,coupe-du-monde,165040,34,2026-09-10T10:25:18Z,Iraq,Belgium,3,1,4.5,3.98,1.71,2.07,1.17,1.21,1.58,2.34,1.62,2.25,Oui,Oui,Oui,Non,Non,Home,57,"[5, 10, 27, 57]",True
89695066dd0812ba,coupe-du-monde,165040,34,2026-09-10T10:25:18Z,Haiti,Uzbekistan,0,0,3.46,3.69,2.0,1.75,1.27,1.24,1.62,2.25,1.58,2.35,Non,Non,Non,Oui,Non,,,[],True
7d3d3c9190d29d91,coupe-du-monde,165040,34,2026-09-10T10:25:18Z,Cote d'Ivoire,Australia,1,2,2.52,3.71,2.54,1.47,1.48,1.24,1.54,2.44,1.49,2.58,Oui,Oui,Non,Non,Oui,Away,61,"[30, 40, 61]",True
30dcf9db2bd6603d,coupe-du-monde,165040,34,2026-09-10T10:25:18Z,Paraguay,Colombia,1,3,3.77,3.97,1.84,1.9,1.24,1.21,1.49,2.56,1.51,2.51,Oui,Oui,Non,Non,Oui,Away,72,"[14, 43, 55, 72]",True
47667211145538d6,coupe-du-monde,165040,34,2026-09-10T10:25:18Z,Scotland,Croatia,4,0,3.58,3.78,1.94,1.8,1.26,1.23,1.58,2.34,1.56,2.39,Oui,Non,Oui,Non,Non,Home,78,"[34, 50, 62, 78]",True
cca5abb23332a755,coupe-du-monde,165040,34,2026-09-10T10:25:18Z,Bosnia-Herzegovina,Austria,1,1,3.8,3.88,1.85,1.88,1.23,1.22,1.55,2.41,1.55,2.4,Non,Oui,Non,Oui,Non,Home,89,"[89, 89]",True
6785f83214d09539,coupe-du-monde,165040,34,2026-09-10T10:25:18Z,Jordan,Senegal,1,1,4.18,3.69,1.82,1.92,1.2,1.24,1.72,2.09,1.69,2.13,Non,Oui,Non,Oui,Non,Away,50,"[6, 50]",True
5d35d099036f4b7c,coupe-du-monde,165040,37,2026-09-10T10:31:18Z,Bosnia-Herzegovina,Ghana,2,2,2.65,3.64,2.45,1.5,1.44,1.25,1.58,2.34,1.52,2.5,Oui,Oui,Non,Oui,Non,Away,63,"[28, 37, 40, 63]",True
ee0c59c4d007eb2d,coupe-du-monde,165040,37,2026-09-10T10:31:18Z,Mexico,Curacao,3,0,1.41,4.76,7.07,1.07,2.79,1.15,1.51,2.52,1.78,2.01,Oui,Non,Oui,Non,Non,Home,58,"[19, 48, 58]",True
dcda1a32ce200c93,coupe-du-monde,165040,37,2026-09-10T10:31:18Z,Senegal,Sweden,2,1,2.31,3.58,2.88,1.38,1.57,1.26,1.65,2.21,1.56,2.38,Oui,Oui,Oui,Non,Non,Home,77,"[41, 58, 77]",True
9ad1e4326e69ab2b,coupe-du-monde,165040,37,2026-09-10T10:31:18Z,Ecuador,Norway,4,1,3.23,3.93,2.02,1.74,1.31,1.22,1.46,2.66,1.46,2.66,Oui,Oui,Oui,Non,Non,Away,85,"[19, 43, 53, 54, 85]",True
87b54594e770853c,coupe-du-monde,165040,37,2026-09-10T10:31:18Z,Morocco,Colombia,2,2,1.89,3.59,3.96,1.22,1.85,1.26,1.77,2.03,1.7,2.12,Oui,Oui,Non,Oui,Non,Home,79,"[22, 24, 65, 79]",True
e529dc4c3084074e,coupe-du-monde,165040,37,2026-09-10T10:31:18Z,New Zealand,Uruguay,2,3,7.21,4.85,1.4,2.85,1.07,1.15,1.49,2.57,1.77,2.02,Oui,Oui,Non,Non,Oui,Home,49,"[41, 42, 42, 47, 49]",True
51024d7367172f73,coupe-du-monde,165040,37,2026-09-10T10:31:18Z,Egypt,Brazil,2,3,4.12,4.17,1.73,2.04,1.2,1.2,1.44,2.73,1.5,2.53,Oui,Oui,Non,Non,Oui,Away,85,"[34, 45, 46, 83, 85]",True
4f2711d6a92def08,coupe-du-monde,165040,37,2026-09-10T10:31:18Z,Japan,Qatar,4,0,1.94,3.84,3.51,1.27,1.8,1.23,1.53,2.45,1.52,2.48,Oui,Non,Oui,Non,Non,Home,66,"[11, 16, 18, 66]",True
5ddeb0fecd8be0a6,coupe-du-monde,165040,37,2026-09-10T10:31:18Z,England,Jordan,6,0,1.47,4.65,6.15,1.09,2.6,1.16,1.47,2.64,1.67,2.16,Oui,Non,Oui,Non,Non,Home,66,"[16, 26, 29, 47, 50, 66]",True
e2fd094d21c4f793,coupe-du-monde,165040,37,2026-09-10T10:31:18Z,Panama,Canada,3,1,3.51,3.66,1.99,1.76,1.27,1.25,1.65,2.2,1.6,2.31,Oui,Oui,Oui,Non,Non,Away,58,"[34, 43, 47, 58]",True
caf2392b0dece450,coupe-du-monde,165040,37,2026-09-10T10:31:18Z,Algeria,Saudi Arabia,4,1,2.12,3.7,3.15,1.32,1.67,1.24,1.58,2.34,1.53,2.46,Oui,Oui,Oui,Non,Non,Away,90,"[3, 28, 61, 81, 90]",True
41ecd2431e6faeeb,coupe-du-monde,165040,37,2026-09-10T10:31:18Z,Portugal,Haiti,3,1,1.3,5.72,8.69,1.04,3.39,1.11,1.36,3.07,1.77,2.02,Oui,Oui,Oui,Non,Non,Home,82,"[15, 40, 60, 82]",True
7707cc56bca0d3ff,coupe-du-monde,165040,37,2026-09-10T10:31:18Z,Austria,Cote d'Ivoire,1,5,2.23,3.75,2.9,1.37,1.61,1.24,1.53,2.47,1.49,2.58,Oui,Oui,Non,Non,Oui,Home,89,"[20, 38, 39, 56, 65, 89]",True
d2d90acfff1f3990,coupe-du-monde,165040,37,2026-09-10T10:31:18Z,Belgium,Paraguay,2,2,1.73,4.07,4.23,1.19,2.04,1.21,1.51,2.53,1.55,2.4,Oui,Oui,Non,Oui,Non,Away,77,"[22, 38, 40, 77]",True
90f48f3331672906,coupe-du-monde,165040,37,2026-09-10T10:31:18Z,Croatia,Switzerland,3,1,2.84,3.43,2.4,1.52,1.39,1.28,1.76,2.03,1.63,2.24,Oui,Oui,Oui,Non,Non,Home,87,"[6, 30, 56, 87]",True
0fdeb8908b5c8354,coupe-du-monde,165040,37,2026-09-10T10:31:18Z,South Africa,Scotland,1,2,3.16,3.72,2.11,1.68,1.32,1.24,1.57,2.37,1.52,2.48,Oui,Oui,Non,Non,Oui,Away,83,"[20, 51, 83]",True
e233beb91d451b0e,coupe-du-monde,165040,37,2026-09-10T10:31:18Z,Netherlands,Turkiye,2,1,1.88,4.1,3.5,1.27,1.85,1.2,1.4,2.87,1.44,2.74,Oui,Oui,Oui,Non,Non,Home,65,"[10, 41, 65]",True
352c4b3a7c6a532b,coupe-du-monde,165040,37,2026-09-10T10:31:18Z,Spain,Czechia,0,0,1.43,4.75,6.66,1.08,2.72,1.16,1.48,2.6,1.72,2.08,Non,Non,Non,Oui,Non,,,[],True
99c09e7aefba0097,coupe-du-monde,165040,37,2026-09-10T10:31:18Z,Korea Republic,Tunisia,3,1,2.47,3.48,2.72,1.42,1.5,1.27,1.71,2.11,1.59,2.31,Oui,Oui,Oui,Non,Non,Away,74,"[2, 25, 57, 74]",True
6d984cb1aca9e0c9,coupe-du-monde,165040,37,2026-09-10T10:31:18Z,IR Iran,Argentina,0,1,4.73,4.39,1.61,2.23,1.16,1.18,1.42,2.81,1.53,2.47,Non,Non,Non,Non,Oui,Away,71,[71],True
08ed7131e7c97358,coupe-du-monde,165040,37,2026-09-10T10:31:18Z,Australia,Congo DR,1,1,1.91,3.82,3.64,1.25,1.83,1.23,1.56,2.38,1.55,2.41,Non,Oui,Non,Oui,Non,Away,65,"[32, 65]",True
a4f406817344dc61,coupe-du-monde,165040,37,2026-09-10T10:31:18Z,Germany,France,2,4,3.71,4.43,1.77,1.98,1.24,1.18,1.31,3.4,1.39,2.96,Oui,Oui,Non,Non,Oui,Away,79,"[21, 27, 45, 51, 64, 79]",True
0511f89fda39eb32,coupe-du-monde,165040,37,2026-09-10T10:31:18Z,Cabo Verde,Uzbekistan,1,2,2.45,3.59,2.68,1.43,1.51,1.26,1.62,2.26,1.54,2.44,Oui,Oui,Non,Non,Oui,Home,65,"[58, 59, 65]",True
a30d3fd2815fe5c1,coupe-du-monde,165040,37,2026-09-10T10:31:18Z,USA,Iraq,1,1,1.89,3.95,3.6,1.25,1.85,1.22,1.49,2.57,1.5,2.54,Non,Oui,Non,Oui,Non,Home,63,"[51, 63]",True
0e2ba6c767179657,coupe-du-monde,165040,39,2026-09-10T10:35:18Z,Senegal,Saudi Arabia,4,1,1.72,3.99,4.38,1.18,2.05,1.21,1.56,2.39,1.6,2.3,Oui,Oui,Oui,Non,Non,Home,56,"[9, 26, 43, 53, 56]",True
74a16e9515d37a6a,coupe-du-monde,165040,39,2026-09-10T10:35:18Z,Spain,Paraguay,5,1,1.35,5.15,7.94,1.05,3.07,1.13,1.45,2.7,1.79,1.99,Oui,Oui,Oui,Non,Non,Home,80,"[18, 26, 45, 53, 73, 80]",True
2b5e035213d2705a,coupe-du-monde,165040,39,2026-09-10T10:35:18Z,Germany,Morocco,2,0,3.56,3.56,2.01,1.75,1.26,1.26,1.73,2.07,1.65,2.21,Non,Non,Oui,Non,Non,Home,86,"[46, 86]",True
cd2061a92de4e23d,coupe-du-monde,165040,39,2026-09-10T10:35:18Z,Egypt,Curacao,0,2,1.53,4.18,6.04,1.1,2.43,1.2,1.66,2.19,1.81,1.97,Non,Non,Non,Non,Oui,Away,75,"[73, 75]",True
f9c164042861f8eb,coupe-du-monde,165040,39,2026-09-10T10:35:18Z,Panama,Uruguay,2,3,6.44,4.47,1.47,2.59,1.08,1.17,1.56,2.38,1.77,2.02,Oui,Oui,Non,Non,Oui,Away,90,"[11, 16, 53, 80, 90]",True
28496af4138233dc,coupe-du-monde,165040,39,2026-09-10T10:35:18Z,Mexico,Argentina,1,1,4.09,4.39,1.7,2.08,1.2,1.18,1.36,3.1,1.44,2.73,Non,Oui,Non,Oui,Non,Home,23,"[8, 23]",True
70297a183dcfb804,coupe-du-monde,165040,39,2026-09-10T10:35:18Z,Ghana,Canada,1,2,2.92,3.69,2.24,1.6,1.37,1.24,1.57,2.37,1.51,2.51,Oui,Oui,Non,Non,Oui,Home,72,"[38, 59, 72]",True
40e82384ee5ae55a,coupe-du-monde,165040,39,2026-09-10T10:35:18Z,Croatia,Brazil,0,1,3.29,3.99,1.98,1.77,1.3,1.21,1.43,2.76,1.44,2.72,Non,Non,Non,Non,Oui,Away,69,[69],True
6990d0f3fc4ee9ea,coupe-du-monde,165040,39,2026-09-10T10:35:18Z,Bosnia-Herzegovina,Cote d'Ivoire,0,3,3.35,3.77,2.02,1.74,1.29,1.23,1.55,2.4,1.52,2.47,Oui,Non,Non,Non,Oui,Away,82,"[18, 73, 82]",True
6785a28304946f06,coupe-du-monde,165040,39,2026-09-10T10:35:18Z,Ecuador,Iraq,0,3,2.06,3.75,3.24,1.31,1.71,1.24,1.56,2.39,1.52,2.48,Oui,Non,Non,Non,Oui,Away,88,"[27, 61, 88]",True
2c7460676a2975d6,coupe-du-monde,165040,39,2026-09-10T10:35:18Z,England,Switzerland,1,2,2.07,3.67,3.28,1.3,1.7,1.25,1.61,2.27,1.56,2.39,Oui,Oui,Non,Non,Oui,Home,76,"[26, 50, 76]",True
243a849546813aca,coupe-du-monde,165040,39,2026-09-10T10:35:18Z,Netherlands,Scotland,2,1,1.78,4.21,3.86,1.23,1.98,1.19,1.4,2.91,1.45,2.68,Oui,Oui,Oui,Non,Non,Home,79,"[47, 56, 79]",True
940c57e73ed4120b,coupe-du-monde,165040,39,2026-09-10T10:35:18Z,Austria,Norway,2,1,2.69,3.8,2.35,1.55,1.43,1.23,1.49,2.58,1.46,2.68,Oui,Oui,Oui,Non,Non,Home,59,"[21, 51, 59]",True
827c911c406c4dbc,coupe-du-monde,165040,39,2026-09-10T10:35:18Z,South Africa,Qatar,0,1,3.12,3.7,2.13,1.66,1.33,1.24,1.58,2.35,1.53,2.47,Non,Non,Non,Non,Oui,Away,58,[58],True
337f535260381a03,coupe-du-monde,165040,39,2026-09-10T10:35:18Z,Turkiye,Jordan,2,0,2.18,3.68,3.03,1.35,1.63,1.24,1.58,2.34,1.53,2.47,Non,Non,Oui,Non,Non,Home,74,"[57, 74]",True
2185a392127e4a05,coupe-du-monde,165040,39,2026-09-10T10:35:18Z,New Zealand,Congo DR,1,0,2.98,3.48,2.29,1.58,1.35,1.27,1.73,2.08,1.61,2.27,Non,Non,Oui,Non,Non,Home,89,[89],True
8468698e74dc4c0b,coupe-du-monde,165040,39,2026-09-10T10:35:18Z,Australia,Czechia,2,1,2.37,3.73,2.71,1.42,1.54,1.24,1.53,2.46,1.49,2.59,Oui,Oui,Oui,Non,Non,Home,67,"[53, 66, 67]",True
e6261eeefc76af7f,coupe-du-monde,165040,39,2026-09-10T10:35:18Z,Korea Republic,France,1,1,5.51,4.79,1.49,2.51,1.12,1.15,1.37,3.03,1.55,2.4,Non,Oui,Non,Oui,Non,Away,19,"[16, 19]",True
7acbc0fdeed43a9d,coupe-du-monde,165040,39,2026-09-10T10:35:18Z,IR Iran,Cabo Verde,3,1,2.14,3.53,3.22,1.31,1.65,1.26,1.71,2.1,1.62,2.27,Oui,Oui,Oui,Non,Non,Home,77,"[10, 55, 76, 77]",True
8545a646b6403f93,coupe-du-monde,165040,39,2026-09-10T10:35:18Z,Japan,Sweden,1,3,2.18,3.61,3.08,1.33,1.63,1.25,1.64,2.22,1.56,2.38,Oui,Oui,Non,Non,Oui,Home,73,"[2, 50, 70, 73]",True
c65e32dca60030ca,coupe-du-monde,165040,39,2026-09-10T10:35:18Z,Algeria,Haiti,2,0,1.68,3.99,4.65,1.16,2.11,1.21,1.59,2.31,1.64,2.21,Non,Non,Oui,Non,Non,Home,25,"[15, 25]",True
78017775cc2ecad4,coupe-du-monde,165040,39,2026-09-10T10:35:18Z,Portugal,Colombia,0,0,1.92,4.17,3.33,1.29,1.82,1.2,1.36,3.09,1.4,2.9,Non,Non,Non,Oui,Non,,,[],True
d4cfeaba4dfdea62,coupe-du-monde,165040,39,2026-09-10T10:35:18Z,Belgium,Uzbekistan,1,1,1.63,4.21,4.76,1.15,2.19,1.19,1.5,2.54,1.59,2.32,Non,Oui,Non,Oui,Non,Home,35,"[5, 35]",True
f44bb431cbfd967e,coupe-du-monde,165040,39,2026-09-10T10:35:18Z,USA,Tunisia,2,1,2.21,3.57,3.06,1.34,1.62,1.26,1.66,2.18,1.58,2.34,Oui,Oui,Oui,Non,Non,Away,65,"[21, 27, 65]",True
6b43ec5cc1d3899d,coupe-du-monde,165040,42,2026-09-10T10:41:18Z,IR Iran,Korea Republic,2,0,2.6,3.63,2.5,1.49,1.45,1.25,1.6,2.31,1.52,2.48,Non,Non,Oui,Non,Non,Home,32,"[17, 32]",True
d82cc3aaf5ac327d,coupe-du-monde,165040,42,2026-09-10T10:41:18Z,Sweden,Turkiye,1,0,2.24,3.77,2.87,1.38,1.6,1.23,1.52,2.5,1.48,2.6,Non,Non,Oui,Non,Non,Home,23,[23],True
3172e10304b462de,coupe-du-monde,165040,42,2026-09-10T10:41:18Z,Qatar,Jordan,1,1,2.17,3.62,3.1,1.33,1.64,1.25,1.64,2.23,1.56,2.38,Non,Oui,Non,Oui,Non,Home,16,"[7, 16]",True
d9d2a9c870207e43,coupe-du-monde,165040,42,2026-09-10T10:41:18Z,Brazil,South Africa,0,2,1.41,5.09,6.5,1.08,2.8,1.14,1.37,3.04,1.62,2.26,Non,Non,Non,Non,Oui,Away,72,"[22, 72]",True
b30bdbb8f1dae6cb,coupe-du-monde,165040,42,2026-09-10T10:41:18Z,Morocco,Spain,0,1,3.19,3.21,2.3,1.57,1.31,1.31,2.02,1.77,1.8,1.98,Non,Non,Non,Non,Oui,Away,53,[53],True
9cc3dcedcfea3c81,coupe-du-monde,165040,42,2026-09-10T10:41:18Z,Cote d'Ivoire,Netherlands,0,1,3.21,4.06,1.99,1.76,1.31,1.21,1.39,2.91,1.42,2.83,Non,Non,Non,Non,Oui,Away,4,[4],True
3d58aee16d9a0b3b,coupe-du-monde,165040,42,2026-09-10T10:41:18Z,Norway,Ghana,3,3,1.71,4.13,4.29,1.19,2.06,1.2,1.48,2.6,1.54,2.43,Oui,Oui,Non,Oui,Non,Home,87,"[29, 33, 38, 66, 78, 87]",True
011904767eac40f6,coupe-du-monde,165040,42,2026-09-10T10:41:18Z,Haiti,Croatia,1,2,6.05,4.28,1.51,2.46,1.1,1.19,1.61,2.28,1.77,2.02,Oui,Oui,Non,Non,Oui,Away,84,"[58, 78, 84]",True
ee2a696bc8c3628a,coupe-du-monde,165040,42,2026-09-10T10:41:18Z,Tunisia,New Zealand,2,1,1.9,3.55,3.95,1.22,1.84,1.26,1.79,1.99,1.72,2.09,Oui,Oui,Oui,Non,Non,Home,76,"[3, 63, 76]",True
478b9de12da51232,coupe-du-monde,165040,42,2026-09-10T10:41:18Z,Belgium,Portugal,2,2,3.09,4.0,2.05,1.71,1.33,1.21,1.41,2.83,1.42,2.79,Oui,Oui,Non,Oui,Non,Away,78,"[10, 47, 68, 78]",True
c1145bbbe2bb1f64,coupe-du-monde,165040,42,2026-09-10T10:41:18Z,Paraguay,Ecuador,1,1,2.9,3.69,2.25,1.59,1.37,1.24,1.56,2.38,1.51,2.52,Non,Oui,Non,Oui,Non,Home,90,"[71, 90]",True
841e51d674a233ed,coupe-du-monde,165040,42,2026-09-10T10:41:18Z,Uruguay,Canada,4,0,1.66,4.17,4.62,1.16,2.15,1.2,1.5,2.53,1.58,2.34,Oui,Non,Oui,Non,Non,Home,80,"[44, 45, 78, 80]",True
b86f1f21d08ce75b,coupe-du-monde,165040,42,2026-09-10T10:41:18Z,Uzbekistan,USA,1,4,3.7,4.05,1.84,1.9,1.24,1.21,1.45,2.69,1.48,2.59,Oui,Oui,Non,Non,Oui,Away,77,"[28, 36, 41, 65, 77]",True
83da4e552aff205b,coupe-du-monde,165040,42,2026-09-10T10:41:18Z,Switzerland,Scotland,1,1,1.88,3.75,3.84,1.23,1.86,1.24,1.63,2.24,1.6,2.29,Non,Oui,Non,Oui,Non,Away,60,"[27, 60]",True
27133299937856de,coupe-du-monde,165040,42,2026-09-10T10:41:18Z,Saudi Arabia,England,0,3,6.36,4.83,1.44,2.69,1.09,1.15,1.43,2.79,1.65,2.2,Oui,Non,Non,Non,Oui,Away,59,"[20, 42, 59]",True
cbb6cf6d4007d878,coupe-du-monde,165040,42,2026-09-10T10:41:18Z,Iraq,Panama,3,2,2.16,3.46,3.23,1.31,1.64,1.27,1.77,2.02,1.65,2.2,Oui,Oui,Oui,Non,Non,Home,78,"[40, 41, 44, 49, 78]",True
ab9f62bc876c3fea,coupe-du-monde,165040,42,2026-09-10T10:41:18Z,Czechia,Austria,1,4,2.95,3.7,2.22,1.61,1.36,1.24,1.56,2.38,1.51,2.51,Oui,Oui,Non,Non,Oui,Away,89,"[20, 37, 45, 79, 89]",True
b520ef116282d7c1,coupe-du-monde,165040,42,2026-09-10T10:41:18Z,Curacao,Japan,2,1,8.07,4.94,1.36,3.01,1.05,1.14,1.52,2.47,1.87,1.91,Oui,Oui,Oui,Non,Non,Home,62,"[6, 20, 62]",True
5fad880be857b18c,coupe-du-monde,165040,42,2026-09-10T10:41:18Z,Cabo Verde,Algeria,0,0,2.93,3.56,2.28,1.58,1.37,1.26,1.66,2.19,1.57,2.37,Non,Non,Non,Oui,Non,,,[],True
354c21b00864bbe7,coupe-du-monde,165040,42,2026-09-10T10:41:18Z,Colombia,Egypt,1,1,2.18,3.67,3.04,1.34,1.63,1.25,1.59,2.32,1.53,2.46,Non,Oui,Non,Oui,Non,Away,78,"[77, 78]",True
16812f847ff2ddf7,coupe-du-monde,165040,42,2026-09-10T10:41:18Z,Congo DR,Bosnia-Herzegovina,3,0,2.69,3.52,2.47,1.5,1.43,1.26,1.68,2.16,1.57,2.35,Oui,Non,Oui,Non,Non,Home,85,"[54, 57, 85]",True
b654a5605983a2e7,coupe-du-monde,165040,42,2026-09-10T10:41:18Z,Germany,Mexico,1,2,2.14,3.99,2.93,1.37,1.66,1.21,1.4,2.89,1.41,2.86,Oui,Oui,Non,Non,Oui,Home,23,"[9, 22, 23]",True
5f3beebeb18a7b50,coupe-du-monde,165040,42,2026-09-10T10:41:18Z,Argentina,Senegal,1,0,1.73,4.18,4.11,1.2,2.03,1.2,1.44,2.74,1.5,2.54,Non,Non,Oui,Non,Non,Home,22,[22],True
cf11be828ec068bb,coupe-du-monde,165040,42,2026-09-10T10:41:18Z,France,Australia,3,1,1.46,4.88,5.82,1.11,2.6,1.15,1.36,3.06,1.56,2.38,Oui,Oui,Oui,Non,Non,Home,51,"[13, 46, 49, 51]",True
3c195b5d36cbd91c,coupe-du-monde,165040,44,2026-09-10T10:45:18Z,Saudi Arabia,Turkiye,1,1,3.29,3.84,2.01,1.74,1.3,1.23,1.51,2.51,1.5,2.55,Non,Oui,Non,Oui,Non,Away,81,"[41, 81]",True
19cf15f7bf9e4f62,coupe-du-monde,165040,44,2026-09-10T10:45:18Z,Korea Republic,Mexico,1,1,3.01,3.78,2.16,1.65,1.35,1.23,1.52,2.5,1.48,2.59,Non,Oui,Non,Oui,Non,Away,30,"[14, 30]",True
ac8796151cd28044,coupe-du-monde,165040,44,2026-09-10T10:45:18Z,France,New Zealand,3,2,1.23,6.41,10.98,1.01,3.97,1.09,1.34,3.16,1.9,1.87,Oui,Oui,Oui,Non,Non,Home,78,"[26, 28, 42, 50, 78]",True
75dee2e48646c6bb,coupe-du-monde,165040,44,2026-09-10T10:45:18Z,Germany,Egypt,2,0,1.98,3.92,3.32,1.29,1.77,1.22,1.47,2.63,1.47,2.63,Non,Non,Oui,Non,Non,Home,72,"[65, 72]",True
9f70a3f9d8736376,coupe-du-monde,165040,44,2026-09-10T10:45:18Z,Sweden,Jordan,2,0,1.85,3.71,4.0,1.21,1.89,1.24,1.68,2.15,1.65,2.2,Non,Non,Oui,Non,Non,Home,46,"[21, 46]",True
a7d766e36cb2886f,coupe-du-monde,165040,44,2026-09-10T10:45:18Z,Cabo Verde,Senegal,2,2,3.96,3.75,1.85,1.89,1.22,1.24,1.65,2.21,1.63,2.25,Oui,Oui,Non,Oui,Non,Away,85,"[7, 31, 46, 85]",True
e75909bfbcf00d82,coupe-du-monde,165040,44,2026-09-10T10:45:18Z,Iraq,Ghana,1,1,2.43,3.58,2.71,1.42,1.51,1.26,1.63,2.23,1.55,2.42,Non,Oui,Non,Oui,Non,Away,75,"[73, 75]",True
2a75619d0c2e7762,coupe-du-monde,165040,44,2026-09-10T10:45:18Z,Switzerland,Qatar,1,0,1.93,3.73,3.67,1.25,1.82,1.24,1.62,2.26,1.59,2.32,Non,Non,Oui,Non,Non,Home,36,[36],True
0b51dfd17d39cf8b,coupe-du-monde,165040,44,2026-09-10T10:45:18Z,Tunisia,Panama,1,1,2.06,3.37,3.59,1.26,1.71,1.29,1.9,1.87,1.76,2.04,Non,Oui,Non,Oui,Non,Home,89,"[71, 89]",True
10d7075603de6968,coupe-du-monde,165040,44,2026-09-10T10:45:18Z,Paraguay,Austria,3,3,3.28,3.72,2.06,1.71,1.3,1.24,1.58,2.34,1.54,2.44,Oui,Oui,Non,Oui,Non,Home,85,"[22, 26, 37, 48, 82, 85]",True
dad1a860eaf5b0a0,coupe-du-monde,165040,44,2026-09-10T10:45:18Z,Congo DR,Canada,1,2,3.32,3.77,2.03,1.73,1.29,1.23,1.55,2.4,1.52,2.48,Oui,Oui,Non,Non,Oui,Away,72,"[16, 55, 72]",True
fd049ee9d2df9e24,coupe-du-monde,165040,44,2026-09-10T10:45:18Z,Brazil,Scotland,2,3,1.61,4.57,4.53,1.17,2.23,1.17,1.34,3.17,1.46,2.65,Oui,Oui,Non,Non,Oui,Home,85,"[21, 24, 41, 77, 85]",True
b7782c757d982e65,coupe-du-monde,165040,44,2026-09-10T10:45:18Z,IR Iran,USA,2,3,2.86,3.73,2.26,1.59,1.38,1.24,1.54,2.45,1.49,2.57,Oui,Oui,Non,Non,Oui,Home,84,"[16, 40, 68, 75, 84]",True
cc67963b3ce2bfd1,coupe-du-monde,165040,44,2026-09-10T10:45:18Z,Uzbekistan,Ecuador,0,0,3.32,3.76,2.03,1.73,1.29,1.24,1.56,2.38,1.53,2.46,Non,Non,Non,Oui,Non,,,[],True
76ded419cf38c6ba,coupe-du-monde,165040,44,2026-09-10T10:45:18Z,Portugal,Spain,1,1,3.45,4.08,1.9,1.84,1.27,1.2,1.41,2.84,1.44,2.73,Non,Oui,Non,Oui,Non,Home,43,"[36, 43]",True
9fd1c334daaf3d47,coupe-du-monde,165040,44,2026-09-10T10:45:18Z,Norway,Cote d'Ivoire,1,3,2.07,3.85,3.14,1.32,1.7,1.23,1.49,2.56,1.48,2.61,Oui,Oui,Non,Non,Oui,Away,86,"[16, 30, 80, 86]",True
535dbf92d5a68236,coupe-du-monde,165040,44,2026-09-10T10:45:18Z,Colombia,Croatia,1,0,2.57,3.7,2.49,1.49,1.46,1.24,1.54,2.43,1.49,2.57,Non,Non,Oui,Non,Non,Home,66,[66],True
45c74840997619f0,coupe-du-monde,165040,44,2026-09-10T10:45:18Z,Uruguay,Netherlands,3,2,2.3,3.89,2.71,1.42,1.57,1.22,1.44,2.74,1.43,2.79,Oui,Oui,Oui,Non,Non,Home,77,"[14, 27, 33, 65, 77]",True
b9331f3f683e7660,coupe-du-monde,165040,44,2026-09-10T10:45:18Z,Czechia,Bosnia-Herzegovina,2,1,2.1,3.69,3.21,1.31,1.68,1.24,1.6,2.31,1.54,2.42,Oui,Oui,Oui,Non,Non,Home,52,"[13, 48, 52]",True
a87f2269c4837071,coupe-du-monde,165040,44,2026-09-10T10:45:18Z,Belgium,Algeria,1,1,1.93,3.89,3.51,1.27,1.81,1.22,1.51,2.51,1.51,2.51,Non,Oui,Non,Oui,Non,Home,52,"[20, 52]",True
4187ded3d75c5a7a,coupe-du-monde,165040,44,2026-09-10T10:45:18Z,Curacao,South Africa,2,1,3.91,3.6,1.9,1.84,1.22,1.26,1.75,2.04,1.69,2.14,Oui,Oui,Oui,Non,Non,Away,85,"[50, 60, 85]",True
d1462b9f8093dd26,coupe-du-monde,165040,44,2026-09-10T10:45:18Z,Argentina,Japan,1,2,1.81,4.17,3.72,1.24,1.93,1.2,1.4,2.87,1.45,2.69,Oui,Oui,Non,Non,Oui,Home,87,"[34, 35, 87]",True
e31268748f26db94,coupe-du-monde,165040,44,2026-09-10T10:45:18Z,Haiti,England,1,3,9.91,5.82,1.27,3.6,1.02,1.11,1.4,2.87,1.89,1.88,Oui,Oui,Non,Non,Oui,Away,80,"[37, 51, 66, 80]",True
685f1d22fddb587f,coupe-du-monde,165040,44,2026-09-10T10:45:18Z,Morocco,Australia,0,1,1.69,3.67,5.08,1.14,2.09,1.25,1.87,1.9,1.87,1.9,Non,Non,Non,Non,Oui,Away,89,[89],True
09747e50c7e68987,coupe-du-monde,165040,47,2026-09-10T10:51:18Z,Ghana,Paraguay,3,2,2.8,3.62,2.35,1.55,1.4,1.25,1.6,2.29,1.53,2.46,Oui,Oui,Oui,Non,Non,Away,84,"[41, 43, 44, 54, 84]",True
3d5ddee5d974da9b,coupe-du-monde,165040,47,2026-09-10T10:51:18Z,Cote d'Ivoire,Czechia,1,3,2.42,3.67,2.67,1.43,1.52,1.25,1.56,2.38,1.5,2.54,Oui,Oui,Non,Non,Oui,Home,73,"[28, 29, 44, 73]",True
e8e8bfe414909a73,coupe-du-monde,165040,47,2026-09-10T10:51:18Z,Netherlands,Sweden,4,0,2.09,3.88,3.1,1.33,1.69,1.22,1.47,2.63,1.46,2.67,Oui,Non,Oui,Non,Non,Home,73,"[23, 49, 51, 73]",True
d6a92330882afb31,coupe-du-monde,165040,47,2026-09-10T10:51:18Z,Norway,Congo DR,1,2,1.63,4.18,4.82,1.15,2.2,1.2,1.52,2.48,1.61,2.28,Oui,Oui,Non,Non,Oui,Home,68,"[22, 26, 68]",True
bd6fd7b5ff35bf3a,coupe-du-monde,165040,47,2026-09-10T10:51:18Z,South Africa,Colombia,1,1,4.8,4.29,1.62,2.22,1.15,1.19,1.47,2.65,1.57,2.37,Non,Oui,Non,Oui,Non,Away,82,"[59, 82]",True
43c2e2f1f179f92c,coupe-du-monde,165040,47,2026-09-10T10:51:18Z,England,Cabo Verde,2,0,1.52,4.48,5.61,1.11,2.44,1.17,1.48,2.6,1.64,2.22,Non,Non,Oui,Non,Non,Home,90,"[57, 90]",True
a381973a64fbfb34,coupe-du-monde,165040,47,2026-09-10T10:51:18Z,Turkiye,Argentina,2,2,5.34,4.9,1.5,2.51,1.12,1.15,1.32,3.3,1.5,2.55,Oui,Oui,Non,Oui,Non,Home,58,"[36, 45, 47, 58]",True
f14efad07157c814,coupe-du-monde,165040,47,2026-09-10T10:51:18Z,Panama,Uzbekistan,0,3,2.84,3.49,2.38,1.54,1.39,1.27,1.71,2.11,1.6,2.3,Oui,Non,Non,Non,Oui,Away,89,"[18, 37, 89]",True
1bb0839c34515c7b,coupe-du-monde,165040,47,2026-09-10T10:51:18Z,Croatia,Belgium,5,0,2.91,3.66,2.26,1.59,1.37,1.25,1.58,2.34,1.52,2.48,Oui,Non,Oui,Non,Non,Home,90,"[12, 13, 36, 85, 90]",True
63ad507a6732c9c5,coupe-du-monde,165040,47,2026-09-10T10:51:18Z,Senegal,Korea Republic,1,2,2.2,3.64,3.01,1.35,1.62,1.25,1.6,2.29,1.54,2.44,Oui,Oui,Non,Non,Oui,Home,69,"[7, 51, 69]",True
48691d713edb6e53,coupe-du-monde,165040,47,2026-09-10T10:51:18Z,Australia,Mexico,0,2,2.88,3.79,2.23,1.61,1.38,1.23,1.51,2.52,1.48,2.61,Non,Non,Non,Non,Oui,Away,8,"[4, 8]",True
01daef8c9fb44cff,coupe-du-monde,165040,47,2026-09-10T10:51:18Z,USA,Algeria,2,0,2.24,3.8,2.86,1.38,1.6,1.23,1.49,2.56,1.46,2.65,Non,Non,Oui,Non,Non,Home,87,"[84, 87]",True
c67ee17bc51c59ac,coupe-du-monde,165040,47,2026-09-10T10:51:18Z,Scotland,Haiti,1,1,1.76,3.87,4.27,1.19,1.99,1.22,1.62,2.27,1.63,2.24,Non,Oui,Non,Oui,Non,Away,77,"[39, 77]",True
cd528205dbf4eae7,coupe-du-monde,165040,47,2026-09-10T10:51:18Z,Bosnia-Herzegovina,France,1,4,7.99,5.61,1.32,3.24,1.05,1.11,1.35,3.15,1.71,2.11,Oui,Oui,Non,Non,Oui,Home,89,"[17, 41, 56, 69, 89]",True
26848eb23fa091f6,coupe-du-monde,165040,47,2026-09-10T10:51:18Z,Canada,Tunisia,1,1,2.64,3.46,2.55,1.47,1.44,1.27,1.73,2.08,1.6,2.29,Non,Oui,Non,Oui,Non,Home,41,"[31, 41]",True
fa66454673368523,coupe-du-monde,165040,47,2026-09-10T10:51:18Z,Uruguay,Iraq,2,1,1.62,4.08,5.03,1.14,2.21,1.2,1.59,2.31,1.68,2.16,Oui,Oui,Oui,Non,Non,Home,80,"[15, 47, 80]",True
f2ea59c5dba5ae02,coupe-du-monde,165040,47,2026-09-10T10:51:18Z,Egypt,Spain,1,2,6.01,4.32,1.51,2.47,1.1,1.18,1.58,2.33,1.75,2.05,Oui,Oui,Non,Non,Oui,Away,37,"[34, 35, 37]",True
bcada23d8c72192e,coupe-du-monde,165040,47,2026-09-10T10:51:18Z,Japan,Germany,1,2,2.65,3.89,2.35,1.55,1.44,1.22,1.44,2.74,1.42,2.8,Oui,Oui,Non,Non,Oui,Away,81,"[4, 68, 81]",True
53ed3f46e5add188,coupe-du-monde,165040,47,2026-09-10T10:51:18Z,Austria,Morocco,1,1,4.3,3.5,1.85,1.89,1.19,1.27,1.89,1.89,1.8,1.98,Non,Oui,Non,Oui,Non,Home,67,"[60, 67]",True
7867a04669fc12f4,coupe-du-monde,165040,47,2026-09-10T10:51:18Z,Qatar,Saudi Arabia,1,2,2.12,3.76,3.11,1.33,1.67,1.24,1.54,2.44,1.5,2.53,Oui,Oui,Non,Non,Oui,Away,90,"[3, 76, 90]",True
1c94e5eb8bf6a6fe,coupe-du-monde,165040,47,2026-09-10T10:51:18Z,New Zealand,IR Iran,0,1,4.1,3.73,1.83,1.92,1.2,1.24,1.68,2.15,1.66,2.19,Non,Non,Non,Non,Oui,Away,6,[6],True
62e31ec6260de9b9,coupe-du-monde,165040,47,2026-09-10T10:51:18Z,Switzerland,Brazil,0,0,3.13,3.83,2.09,1.69,1.33,1.23,1.5,2.54,1.48,2.6,Non,Non,Non,Oui,Non,,,[],True
9a3a5885c418393d,coupe-du-monde,165040,47,2026-09-10T10:51:18Z,Ecuador,Portugal,1,2,3.98,4.3,1.74,2.03,1.21,1.19,1.38,2.98,1.45,2.69,Oui,Oui,Non,Non,Oui,Home,89,"[48, 73, 89]",True
e3baa58393ea3ad8,coupe-du-monde,165040,47,2026-09-10T10:51:18Z,Jordan,Curacao,0,2,1.87,3.58,4.08,1.2,1.87,1.26,1.78,2.0,1.72,2.09,Non,Non,Non,Non,Oui,Away,40,"[20, 40]",True
df2aaf6a213e0de0,coupe-du-monde,165040,49,2026-09-10T10:55:18Z,Sweden,Saudi Arabia,0,1,1.97,3.7,3.55,1.26,1.78,1.24,1.63,2.25,1.58,2.33,Non,Non,Non,Non,Oui,Away,47,[47],True
d45282517fdf7873,coupe-du-monde,165040,49,2026-09-10T10:55:18Z,Ghana,Uzbekistan,1,2,2.56,3.65,2.53,1.48,1.47,1.25,1.57,2.35,1.51,2.52,Oui,Oui,Non,Non,Oui,Away,87,"[6, 81, 87]",True
06195ca113a090c6,coupe-du-monde,165040,49,2026-09-10T10:55:18Z,Croatia,Spain,2,2,4.64,4.0,1.68,2.11,1.16,1.21,1.59,2.32,1.64,2.22,Oui,Oui,Non,Oui,Non,Home,85,"[12, 19, 34, 85]",True
5796cda6464189ef,coupe-du-monde,165040,49,2026-09-10T10:55:18Z,Turkiye,Cabo Verde,1,0,2.11,3.73,3.14,1.32,1.67,1.24,1.56,2.38,1.52,2.49,Non,Non,Oui,Non,Non,Home,1,[1],True
91a3f95e73ea5ae9,coupe-du-monde,165040,49,2026-09-10T10:55:18Z,Ecuador,Algeria,1,1,2.42,3.65,2.69,1.43,1.52,1.25,1.58,2.34,1.52,2.5,Non,Oui,Non,Oui,Non,Home,33,"[29, 33]",True
15fe030cc5fe1330,coupe-du-monde,165040,49,2026-09-10T10:55:18Z,Scotland,Colombia,1,2,3.52,3.98,1.91,1.83,1.27,1.21,1.46,2.66,1.48,2.61,Oui,Oui,Non,Non,Oui,Away,70,"[14, 49, 70]",True
e8eff46ce03dd7ed,coupe-du-monde,165040,49,2026-09-10T10:55:18Z,Switzerland,Curacao,1,1,1.36,4.87,8.41,1.04,3.03,1.15,1.58,2.35,1.94,1.83,Non,Oui,Non,Oui,Non,Away,66,"[51, 66]",True
0f5fd314f792304e,coupe-du-monde,165040,49,2026-09-10T10:55:18Z,Bosnia-Herzegovina,Morocco,0,4,6.98,4.14,1.48,2.55,1.07,1.2,1.78,2.0,1.99,1.79,Oui,Non,Non,Non,Oui,Away,79,"[21, 28, 70, 79]",True
ee164f05f415e126,coupe-du-monde,165040,49,2026-09-10T10:55:18Z,Jordan,Argentina,1,1,7.61,5.28,1.35,3.06,1.06,1.13,1.4,2.9,1.72,2.08,Non,Oui,Non,Oui,Non,Home,74,"[51, 74]",True
d20c78ab3c29f58c,coupe-du-monde,165040,49,2026-09-10T10:55:18Z,Australia,Egypt,3,2,2.6,3.53,2.56,1.47,1.45,1.26,1.67,2.17,1.57,2.36,Oui,Oui,Oui,Non,Non,Home,66,"[29, 31, 40, 48, 66]",True
ad09debd35937c21,coupe-du-monde,165040,49,2026-09-10T10:55:18Z,Qatar,Haiti,3,0,1.77,3.93,4.16,1.2,1.98,1.22,1.57,2.37,1.59,2.33,Oui,Non,Oui,Non,Non,Home,87,"[25, 47, 87]",True
3c7b021473e2ae48,coupe-du-monde,165040,49,2026-09-10T10:55:18Z,Congo DR,Iraq,2,1,2.92,3.52,2.3,1.57,1.37,1.26,1.69,2.14,1.59,2.33,Oui,Oui,Oui,Non,Non,Home,83,"[40, 42, 83]",True
8d5155aa272f7fbc,coupe-du-monde,165040,49,2026-09-10T10:55:18Z,Austria,Portugal,3,2,3.6,4.11,1.86,1.88,1.26,1.2,1.41,2.84,1.45,2.7,Oui,Oui,Oui,Non,Non,Away,80,"[38, 39, 45, 77, 80]",True
098f34cb8134f236,coupe-du-monde,165040,49,2026-09-10T10:55:18Z,Norway,Czechia,2,1,2.02,3.91,3.23,1.31,1.74,1.22,1.47,2.64,1.46,2.65,Oui,Oui,Oui,Non,Non,Away,68,"[41, 55, 68]",True
8a7d277367771a4d,coupe-du-monde,165040,49,2026-09-10T10:55:18Z,Senegal,USA,1,0,2.34,3.73,2.74,1.41,1.55,1.24,1.53,2.47,1.48,2.59,Non,Non,Oui,Non,Non,Home,85,[85],True
afc97dbb5481b400,coupe-du-monde,165040,49,2026-09-10T10:55:18Z,Panama,IR Iran,0,0,4.06,3.65,1.85,1.89,1.21,1.25,1.73,2.08,1.68,2.14,Non,Non,Non,Oui,Non,,,[],True
87a13bec96765f1a,coupe-du-monde,165040,49,2026-09-10T10:55:18Z,New Zealand,Mexico,2,2,5.11,4.32,1.58,2.3,1.14,1.18,1.49,2.57,1.61,2.28,Oui,Oui,Non,Oui,Non,Away,90,"[13, 34, 75, 90]",True
2149311b45005382,coupe-du-monde,165040,49,2026-09-10T10:55:18Z,Uruguay,Tunisia,0,1,1.78,3.71,4.36,1.18,1.97,1.24,1.73,2.07,1.71,2.1,Non,Non,Non,Non,Oui,Away,7,[7],True
c55814fa41c91827,coupe-du-monde,165040,49,2026-09-10T10:55:18Z,Canada,France,2,2,6.48,5.14,1.41,2.81,1.08,1.13,1.35,3.12,1.61,2.29,Oui,Oui,Non,Oui,Non,Away,87,"[42, 59, 81, 87]",True
923967c4a207f185,coupe-du-monde,165040,49,2026-09-10T10:55:18Z,England,Belgium,3,1,2.07,3.93,3.1,1.33,1.7,1.22,1.44,2.73,1.44,2.73,Oui,Oui,Oui,Non,Non,Home,83,"[22, 38, 65, 83]",True
a6912501f6b18d90,coupe-du-monde,165040,49,2026-09-10T10:55:18Z,South Africa,Germany,1,3,5.19,4.58,1.54,2.39,1.13,1.17,1.4,2.88,1.55,2.41,Oui,Oui,Non,Non,Oui,Away,67,"[18, 57, 65, 67]",True
f3f32195bac00892,coupe-du-monde,165040,49,2026-09-10T10:55:18Z,Netherlands,Brazil,2,2,2.99,4.2,2.05,1.71,1.35,1.19,1.32,3.3,1.36,3.08,Oui,Oui,Non,Oui,Non,Home,83,"[27, 69, 81, 83]",True
dfb196473eb8b3d3,coupe-du-monde,165040,49,2026-09-10T10:55:18Z,Cote d'Ivoire,Paraguay,1,1,2.25,3.67,2.92,1.37,1.59,1.25,1.58,2.34,1.52,2.48,Non,Oui,Non,Oui,Non,Home,32,"[20, 32]",True
e0ce47919909e6d4,coupe-du-monde,165040,49,2026-09-10T10:55:18Z,Japan,Korea Republic,2,0,2.1,3.78,3.12,1.33,1.68,1.23,1.53,2.46,1.5,2.54,Non,Non,Oui,Non,Non,Home,79,"[58, 79]",True
c8ff4ae4b51d5368,coupe-du-monde,165040,52,2026-09-10T11:01:18Z,IR Iran,Canada,0,0,2.24,3.65,2.95,1.36,1.6,1.25,1.59,2.31,1.53,2.46,Non,Non,Non,Oui,Non,,,[],True
aaaa7daaf217469a,coupe-du-monde,165040,52,2026-09-10T11:01:18Z,Portugal,Ghana,2,4,1.42,5.1,6.28,1.09,2.76,1.14,1.34,3.16,1.58,2.34,Oui,Oui,Non,Non,Oui,Home,71,"[11, 21, 40, 60, 70, 71]",True
fa2c7d7183975267,coupe-du-monde,165040,52,2026-09-10T11:01:18Z,Czechia,Netherlands,1,2,3.44,3.96,1.94,1.81,1.28,1.22,1.47,2.64,1.48,2.61,Oui,Oui,Non,Non,Oui,Home,78,"[5, 54, 78]",True
fe3980e3558c28dd,coupe-du-monde,165040,52,2026-09-10T11:01:18Z,Paraguay,Congo DR,1,0,2.16,3.66,3.08,1.33,1.64,1.25,1.6,2.29,1.54,2.43,Non,Non,Oui,Non,Non,Home,55,[55],True
bc8375f56c49921c,coupe-du-monde,165040,52,2026-09-10T11:01:18Z,Argentina,Sweden,0,3,1.64,4.38,4.51,1.17,2.18,1.18,1.4,2.87,1.5,2.53,Oui,Non,Non,Non,Oui,Away,89,"[18, 44, 89]",True
1b6d1cb2718ef316,coupe-du-monde,165040,52,2026-09-10T11:01:18Z,Egypt,Austria,2,1,2.83,3.55,2.36,1.54,1.39,1.26,1.67,2.18,1.57,2.36,Oui,Oui,Oui,Non,Non,Home,69,"[28, 47, 69]",True
aaf2ba2109429bef,coupe-du-monde,165040,52,2026-09-10T11:01:18Z,Senegal,New Zealand,2,1,1.55,4.27,5.54,1.12,2.37,1.19,1.56,2.39,1.69,2.13,Oui,Oui,Oui,Non,Non,Away,83,"[65, 82, 83]",True
9eb4804ab338411a,coupe-du-monde,165040,52,2026-09-10T11:01:18Z,Haiti,Brazil,0,3,9.25,5.88,1.28,3.53,1.03,1.1,1.36,3.09,1.8,1.98,Oui,Non,Non,Non,Oui,Away,76,"[36, 49, 76]",True
43904620909fadca,coupe-du-monde,165040,52,2026-09-10T11:01:18Z,Korea Republic,Turkiye,1,1,2.39,3.81,2.63,1.44,1.53,1.23,1.48,2.6,1.45,2.7,Non,Oui,Non,Oui,Non,Away,87,"[86, 87]",True
dc3353531c7eecc4,coupe-du-monde,165040,52,2026-09-10T11:01:18Z,USA,England,1,2,3.99,4.28,1.74,2.03,1.21,1.19,1.39,2.95,1.46,2.68,Oui,Oui,Non,Non,Oui,Home,90,"[82, 83, 90]",True
0665de86c66eeb43,coupe-du-monde,165040,52,2026-09-10T11:01:18Z,Curacao,Saudi Arabia,1,3,3.98,3.74,1.85,1.89,1.21,1.24,1.66,2.19,1.63,2.23,Oui,Oui,Non,Non,Oui,Away,76,"[44, 45, 45, 76]",True
29f1827d66111c82,coupe-du-monde,165040,52,2026-09-10T11:01:18Z,Australia,Japan,2,0,3.16,3.74,2.1,1.68,1.32,1.24,1.55,2.41,1.51,2.5,Non,Non,Oui,Non,Non,Home,77,"[73, 77]",True
a043fd2d7f835478,coupe-du-monde,165040,52,2026-09-10T11:01:18Z,Tunisia,Iraq,1,3,2.39,3.32,2.94,1.36,1.53,1.29,1.87,1.91,1.7,2.13,Oui,Oui,Non,Non,Oui,Home,85,"[17, 43, 80, 85]",True
51f82ff3067d2aee,coupe-du-monde,165040,52,2026-09-10T11:01:18Z,Spain,South Africa,0,1,1.29,5.47,9.6,1.03,3.42,1.12,1.47,2.63,1.94,1.84,Non,Non,Non,Non,Oui,Away,79,[79],True
8b728ef4c87f50fc,coupe-du-monde,165040,52,2026-09-10T11:01:18Z,Algeria,Panama,1,0,1.96,3.61,3.67,1.25,1.79,1.25,1.71,2.1,1.65,2.21,Non,Non,Oui,Non,Non,Home,21,[21],True
22c84cff22c2846b,coupe-du-monde,165040,52,2026-09-10T11:01:18Z,Colombia,Switzerland,0,0,2.69,3.63,2.42,1.52,1.43,1.25,1.59,2.31,1.52,2.48,Non,Non,Non,Oui,Non,,,[],True
12c094f1bc4c2c59,coupe-du-monde,165040,52,2026-09-10T11:01:18Z,Cabo Verde,Qatar,1,2,2.83,3.68,2.3,1.57,1.39,1.25,1.57,2.36,1.51,2.51,Oui,Oui,Non,Non,Oui,Away,52,"[41, 51, 52]",True
5f21490cee9e0b5e,coupe-du-monde,165040,52,2026-09-10T11:01:18Z,Ecuador,Croatia,1,4,3.06,3.66,2.17,1.64,1.34,1.25,1.6,2.31,1.54,2.45,Oui,Oui,Non,Non,Oui,Away,76,"[28, 33, 40, 50, 76]",True
60fde11377ff72a9,coupe-du-monde,165040,52,2026-09-10T11:01:18Z,Germany,Jordan,1,1,1.58,4.41,5.02,1.14,2.3,1.18,1.44,2.73,1.56,2.38,Non,Oui,Non,Oui,Non,Away,80,"[29, 80]",True
5742f59f517a1841,coupe-du-monde,165040,52,2026-09-10T11:01:18Z,Morocco,Cote d'Ivoire,0,0,1.66,3.78,5.15,1.13,2.14,1.23,1.79,1.99,1.82,1.96,Non,Non,Non,Oui,Non,,,[],True
998826d0774a3b54,coupe-du-monde,165040,52,2026-09-10T11:01:18Z,France,Norway,1,0,1.66,4.44,4.3,1.19,2.14,1.18,1.36,3.09,1.46,2.68,Non,Non,Oui,Non,Non,Home,69,[69],True
18718e9a3afcdfd6,coupe-du-monde,165040,52,2026-09-10T11:01:18Z,Uzbekistan,Uruguay,2,3,5.4,4.32,1.55,2.36,1.12,1.18,1.52,2.47,1.66,2.19,Oui,Oui,Non,Non,Oui,Away,63,"[28, 29, 56, 61, 63]",True
623271dd8eb8e3f0,coupe-du-monde,165040,52,2026-09-10T11:01:18Z,Belgium,Scotland,2,0,1.84,3.95,3.79,1.23,1.9,1.22,1.51,2.51,1.53,2.47,Non,Non,Oui,Non,Non,Home,79,"[55, 79]",True
06adb72a26323435,coupe-du-monde,165040,52,2026-09-10T11:01:18Z,Mexico,Bosnia-Herzegovina,3,3,1.78,4.0,4.05,1.21,1.97,1.21,1.52,2.5,1.55,2.42,Oui,Oui,Non,Oui,Non,Home,67,"[27, 36, 43, 50, 57, 67]",True
e4e57c02c6a71f76,coupe-du-monde,165040,54,2026-09-10T11:05:18Z,Senegal,Panama,3,1,1.63,4.0,5.08,1.14,2.2,1.21,1.64,2.22,1.72,2.1,Oui,Oui,Oui,Non,Non,Home,74,"[28, 66, 68, 74]",True
4627d1a2075087ef,coupe-du-monde,165040,54,2026-09-10T11:05:18Z,France,Iraq,1,1,1.36,5.23,7.59,1.06,3.04,1.13,1.41,2.86,1.73,2.07,Non,Oui,Non,Oui,Non,Home,70,"[55, 70]",True
2e27c5baa6fb7e0d,coupe-du-monde,165040,54,2026-09-10T11:05:18Z,Egypt,Bosnia-Herzegovina,1,1,2.07,3.64,3.3,1.3,1.7,1.25,1.64,2.23,1.57,2.36,Non,Oui,Non,Oui,Non,Away,35,"[18, 35]",True
915761f8462b9f1d,coupe-du-monde,165040,54,2026-09-10T11:05:18Z,Croatia,Austria,0,2,2.43,3.59,2.71,1.42,1.51,1.26,1.63,2.25,1.54,2.43,Non,Non,Non,Non,Oui,Away,86,"[86, 86]",True
7da909e88fa7f364,coupe-du-monde,165040,54,2026-09-10T11:05:18Z,USA,Turkiye,1,2,2.2,3.94,2.84,1.39,1.62,1.22,1.42,2.82,1.42,2.83,Oui,Oui,Non,Non,Oui,Away,70,"[19, 56, 70]",True
05dac7e8fac67244,coupe-du-monde,165040,54,2026-09-10T11:05:18Z,Australia,South Africa,1,2,1.89,3.84,3.72,1.24,1.85,1.23,1.56,2.38,1.55,2.4,Oui,Oui,Non,Non,Oui,Away,67,"[32, 35, 67]",True
3a0268f463505001,coupe-du-monde,165040,54,2026-09-10T11:05:18Z,Tunisia,Netherlands,3,1,3.94,3.86,1.83,1.91,1.22,1.23,1.58,2.35,1.58,2.35,Oui,Oui,Oui,Non,Non,Home,76,"[28, 58, 72, 76]",True
846ec1c94f000118,coupe-du-monde,165040,54,2026-09-10T11:05:18Z,Paraguay,Czechia,2,2,2.8,3.63,2.34,1.55,1.4,1.25,1.6,2.3,1.53,2.46,Oui,Oui,Non,Oui,Non,Home,85,"[17, 50, 65, 85]",True
06090e8a5fdb85f6,coupe-du-monde,165040,54,2026-09-10T11:05:18Z,Portugal,Cote d'Ivoire,4,0,1.67,4.37,4.28,1.19,2.12,1.18,1.38,2.96,1.48,2.61,Oui,Non,Oui,Non,Non,Home,77,"[26, 65, 66, 77]",True
1d741d00968b7c4f,coupe-du-monde,165040,54,2026-09-10T11:05:18Z,Belgium,Qatar,2,0,1.88,3.93,3.65,1.25,1.86,1.22,1.5,2.53,1.51,2.5,Non,Non,Oui,Non,Non,Home,85,"[82, 85]",True
ff9c3fbceaec2e4e,coupe-du-monde,165040,54,2026-09-10T11:05:18Z,Colombia,Brazil,1,0,3.14,4.16,1.99,1.76,1.32,1.2,1.35,3.14,1.38,2.96,Non,Non,Oui,Non,Non,Home,15,[15],True
446ada94308b0ea5,coupe-du-monde,165040,54,2026-09-10T11:05:18Z,Argentina,Saudi Arabia,3,0,1.37,5.32,6.91,1.07,2.95,1.13,1.34,3.2,1.62,2.26,Oui,Non,Oui,Non,Non,Home,71,"[22, 61, 71]",True
af28ceb6c27e9763,coupe-du-monde,165040,54,2026-09-10T11:05:18Z,Cabo Verde,Sweden,2,1,3.49,3.71,1.99,1.76,1.27,1.24,1.62,2.26,1.58,2.35,Oui,Oui,Oui,Non,Non,Away,79,"[27, 67, 79]",True
57715caa6f0ba0cb,coupe-du-monde,165040,54,2026-09-10T11:05:18Z,Algeria,Ghana,0,2,2.15,3.63,3.13,1.33,1.65,1.25,1.63,2.24,1.56,2.39,Non,Non,Non,Non,Oui,Away,20,"[15, 20]",True
33dad99ead19287c,coupe-du-monde,165040,54,2026-09-10T11:05:18Z,Mexico,Canada,2,2,2.03,3.91,3.21,1.31,1.73,1.22,1.47,2.64,1.46,2.65,Oui,Oui,Non,Oui,Non,Home,81,"[10, 42, 60, 81]",True
cac130b8b82d6ec5,coupe-du-monde,165040,54,2026-09-10T11:05:18Z,Uzbekistan,Congo DR,1,2,2.46,3.58,2.68,1.43,1.5,1.26,1.64,2.23,1.55,2.41,Oui,Oui,Non,Non,Oui,Away,78,"[5, 76, 78]",True
66e6666636fbd3da,coupe-du-monde,165040,54,2026-09-10T11:05:18Z,Ecuador,England,1,3,4.53,4.37,1.64,2.18,1.17,1.18,1.41,2.85,1.51,2.51,Oui,Oui,Non,Non,Oui,Away,70,"[19, 21, 56, 70]",True
aee21deddcd47c45,coupe-du-monde,165040,54,2026-09-10T11:05:18Z,Korea Republic,Jordan,3,2,2.0,3.66,3.47,1.27,1.75,1.25,1.64,2.22,1.59,2.33,Oui,Oui,Oui,Non,Non,Home,76,"[34, 39, 47, 70, 76]",True
fb1de13c3d5129c1,coupe-du-monde,165040,54,2026-09-10T11:05:18Z,Spain,Scotland,2,0,1.4,4.97,6.97,1.07,2.85,1.14,1.43,2.76,1.71,2.11,Non,Non,Oui,Non,Non,Home,69,"[47, 69]",True
e1f05f2582f3815f,coupe-du-monde,165040,54,2026-09-10T11:05:18Z,Haiti,Curacao,0,1,2.37,3.39,2.91,1.37,1.54,1.28,1.8,1.98,1.66,2.19,Non,Non,Non,Non,Oui,Away,39,[39],True
29c851801c9f0874,coupe-du-monde,165040,54,2026-09-10T11:05:18Z,Morocco,Norway,1,1,1.88,3.55,4.07,1.21,1.86,1.26,1.81,1.97,1.74,2.06,Non,Oui,Non,Oui,Non,Away,80,"[20, 80]",True
c0b4256d4d230ac8,coupe-du-monde,165040,54,2026-09-10T11:05:18Z,Germany,Switzerland,2,3,2.49,3.76,2.55,1.47,1.49,1.24,1.51,2.53,1.47,2.65,Oui,Oui,Non,Non,Oui,Away,87,"[18, 20, 38, 58, 87]",True
2d6c27ba5f64ef34,coupe-du-monde,165040,54,2026-09-10T11:05:18Z,New Zealand,Japan,1,3,5.36,4.17,1.58,2.3,1.12,1.2,1.59,2.33,1.7,2.12,Oui,Oui,Non,Non,Oui,Home,74,"[37, 53, 62, 74]",True
d9b187bcf60a39e6,coupe-du-monde,165040,54,2026-09-10T11:05:18Z,IR Iran,Uruguay,0,1,3.69,3.78,1.91,1.83,1.24,1.23,1.6,2.31,1.57,2.36,Non,Non,Non,Non,Oui,Away,8,[8],True
360c76d419d61b52,coupe-du-monde,165040,57,2026-09-10T11:11:18Z,Paraguay,France,1,1,7.32,5.31,1.36,3.02,1.06,1.13,1.37,3.03,1.68,2.15,Non,Oui,Non,Oui,Non,Away,25,"[18, 25]",True
a89f7985f68a66cc,coupe-du-monde,165040,57,2026-09-10T11:11:18Z,Curacao,Cabo Verde,1,3,4.49,3.81,1.74,2.02,1.17,1.23,1.68,2.15,1.69,2.13,Oui,Oui,Non,Non,Oui,Away,81,"[29, 39, 78, 81]",True
e4844929f777f915,coupe-du-monde,165040,57,2026-09-10T11:11:18Z,Czechia,Morocco,2,3,5.29,3.73,1.66,2.15,1.13,1.24,1.84,1.93,1.87,1.9,Oui,Oui,Non,Non,Oui,Home,83,"[26, 42, 51, 69, 83]",True
96b81002ce74394c,coupe-du-monde,165040,57,2026-09-10T11:11:18Z,Sweden,Korea Republic,2,2,2.39,3.68,2.71,1.42,1.53,1.24,1.56,2.39,1.5,2.54,Oui,Oui,Non,Oui,Non,Away,49,"[6, 19, 42, 49]",True
989b7417e264b08a,coupe-du-monde,165040,57,2026-09-10T11:11:18Z,South Africa,Austria,1,1,4.09,3.92,1.78,1.96,1.2,1.22,1.56,2.38,1.58,2.34,Non,Oui,Non,Oui,Non,Home,46,"[13, 46]",True
8fc2a52e5c774f41,coupe-du-monde,165040,57,2026-09-10T11:11:18Z,Panama,England,0,2,7.7,5.07,1.36,3.0,1.06,1.14,1.46,2.67,1.78,2.01,Non,Non,Non,Non,Oui,Away,49,"[42, 49]",True
85622839481334ed,coupe-du-monde,165040,57,2026-09-10T11:11:18Z,Norway,Mexico,2,0,2.37,3.92,2.61,1.45,1.54,1.22,1.42,2.81,1.41,2.84,Non,Non,Oui,Non,Non,Home,89,"[13, 89]",True
b97f6cd9f0494130,coupe-du-monde,165040,57,2026-09-10T11:11:18Z,Cote d'Ivoire,Egypt,1,2,2.58,3.6,2.53,1.48,1.46,1.25,1.61,2.28,1.53,2.46,Oui,Oui,Non,Non,Oui,Home,63,"[31, 61, 63]",True
7042824d601a1c43,coupe-du-monde,165040,57,2026-09-10T11:11:18Z,Congo DR,Portugal,3,1,6.6,5.13,1.4,2.83,1.08,1.13,1.36,3.06,1.62,2.25,Oui,Oui,Oui,Non,Non,Home,80,"[3, 13, 76, 80]",True
9ddcf4997d37a8e8,coupe-du-monde,165040,57,2026-09-10T11:11:18Z,Canada,Senegal,0,2,3.44,3.76,1.98,1.77,1.28,1.24,1.57,2.36,1.54,2.43,Non,Non,Non,Non,Oui,Away,61,"[29, 61]",True
59b691f531790ff3,coupe-du-monde,165040,57,2026-09-10T11:11:18Z,Netherlands,Argentina,3,2,3.58,4.37,1.81,1.93,1.26,1.18,1.31,3.35,1.38,2.97,Oui,Oui,Oui,Non,Non,Home,78,"[20, 31, 36, 54, 78]",True
fb40e8c2445fbb5a,coupe-du-monde,165040,57,2026-09-10T11:11:18Z,Saudi Arabia,Germany,2,1,5.26,4.71,1.52,2.44,1.13,1.16,1.37,3.04,1.53,2.46,Oui,Oui,Oui,Non,Non,Away,30,"[7, 8, 30]",True
eeeb291c803aab73,coupe-du-monde,165040,57,2026-09-10T11:11:18Z,Qatar,USA,1,1,3.13,3.94,2.05,1.71,1.33,1.22,1.44,2.73,1.44,2.73,Non,Oui,Non,Oui,Non,Away,42,"[7, 42]",True
48b617366e201820,coupe-du-monde,165040,57,2026-09-10T11:11:18Z,Turkiye,New Zealand,3,2,1.81,3.97,3.9,1.22,1.93,1.21,1.51,2.5,1.54,2.45,Oui,Oui,Oui,Non,Non,Away,82,"[31, 34, 35, 77, 82]",True
0be8d9c0c89c8752,coupe-du-monde,165040,57,2026-09-10T11:11:18Z,Bosnia-Herzegovina,Japan,1,2,4.31,3.97,1.73,2.03,1.19,1.21,1.56,2.38,1.6,2.3,Oui,Oui,Non,Non,Oui,Away,81,"[29, 70, 81]",True
45c3d66a2ccab05d,coupe-du-monde,165040,57,2026-09-10T11:11:18Z,Switzerland,Spain,0,2,4.14,3.72,1.82,1.92,1.2,1.24,1.69,2.13,1.67,2.17,Non,Non,Non,Non,Oui,Away,83,"[15, 83]",True
feea8a2690cc70d5,coupe-du-monde,165040,57,2026-09-10T11:11:18Z,Haiti,Colombia,1,0,6.23,4.63,1.46,2.61,1.09,1.16,1.48,2.59,1.69,2.14,Non,Non,Oui,Non,Non,Home,29,[29],True
6333cb35f1cb873a,coupe-du-monde,165040,57,2026-09-10T11:11:18Z,Tunisia,Uzbekistan,0,4,2.19,3.46,3.18,1.32,1.63,1.27,1.77,2.02,1.65,2.2,Oui,Non,Non,Non,Oui,Away,68,"[12, 13, 58, 68]",True
b979ae6cee143477,coupe-du-monde,165040,57,2026-09-10T11:11:18Z,Uruguay,Algeria,0,1,1.83,3.85,3.95,1.22,1.91,1.23,1.59,2.33,1.59,2.33,Non,Non,Non,Non,Oui,Away,83,[83],True
11f62e479a6e19a3,coupe-du-monde,165040,57,2026-09-10T11:11:18Z,Jordan,Australia,1,1,3.51,3.65,1.99,1.76,1.27,1.25,1.65,2.2,1.6,2.31,Non,Oui,Non,Oui,Non,Home,43,"[29, 43]",True
a09cbc012a3c5ff9,coupe-du-monde,165040,57,2026-09-10T11:11:18Z,Iraq,IR Iran,1,2,3.37,3.52,2.09,1.69,1.29,1.26,1.74,2.06,1.64,2.22,Oui,Oui,Non,Non,Oui,Away,79,"[24, 38, 79]",True
487b236703f6dcef,coupe-du-monde,165040,57,2026-09-10T11:11:18Z,Scotland,Ecuador,3,2,2.88,3.79,2.23,1.6,1.38,1.23,1.51,2.53,1.47,2.62,Oui,Oui,Oui,Non,Non,Away,85,"[27, 29, 46, 73, 85]",True
88e44861d7c15b19,coupe-du-monde,165040,57,2026-09-10T11:11:18Z,Brazil,Belgium,2,1,2.11,4.08,2.94,1.36,1.68,1.2,1.37,3.05,1.39,2.95,Oui,Oui,Oui,Non,Non,Away,83,"[76, 77, 83]",True
7430809afc420875,coupe-du-monde,165040,57,2026-09-10T11:11:18Z,Ghana,Croatia,2,0,4.35,3.92,1.74,2.02,1.18,1.22,1.6,2.3,1.62,2.25,Non,Non,Oui,Non,Non,Home,72,"[2, 72]",True
69ee953645cdf6bb,coupe-du-monde,165040,59,2026-09-10T11:15:18Z,Iraq,Mexico,2,3,3.62,3.8,1.92,1.82,1.25,1.23,1.57,2.35,1.56,2.4,Oui,Oui,Non,Non,Oui,Away,79,"[20, 32, 35, 64, 79]",True
f26a330adcd99115,coupe-du-monde,165040,59,2026-09-10T11:15:18Z,Argentina,Cabo Verde,0,0,1.42,5.0,6.37,1.09,2.75,1.14,1.38,2.99,1.61,2.27,Non,Non,Non,Oui,Non,,,[],True
7ccfec57aeac299c,coupe-du-monde,165040,59,2026-09-10T11:15:18Z,Uruguay,Senegal,2,1,2.15,3.63,3.13,1.33,1.65,1.25,1.63,2.25,1.56,2.39,Oui,Oui,Oui,Non,Non,Home,72,"[10, 28, 72]",True
cc90a0d467a52239,coupe-du-monde,165040,59,2026-09-10T11:15:18Z,Switzerland,Australia,3,0,2.03,3.68,3.38,1.28,1.73,1.24,1.62,2.26,1.57,2.37,Oui,Non,Oui,Non,Non,Home,67,"[11, 27, 67]",True
40e9bdfbbc75bec3,coupe-du-monde,165040,59,2026-09-10T11:15:18Z,Ghana,England,2,2,6.53,5.04,1.41,2.79,1.08,1.14,1.38,2.99,1.63,2.24,Oui,Oui,Non,Oui,Non,Away,58,"[37, 42, 51, 58]",True
16466bc5585a06c7,coupe-du-monde,165040,59,2026-09-10T11:15:18Z,Bosnia-Herzegovina,South Africa,1,1,2.43,3.59,2.7,1.42,1.51,1.26,1.62,2.25,1.54,2.43,Non,Oui,Non,Oui,Non,Away,55,"[31, 55]",True
23b9150d078f93ab,coupe-du-monde,165040,59,2026-09-10T11:15:18Z,Tunisia,IR Iran,1,1,2.89,3.34,2.41,1.52,1.37,1.29,1.86,1.92,1.69,2.14,Non,Oui,Non,Oui,Non,Away,78,"[69, 78]",True
8b1192d7fe62a95e,coupe-du-monde,165040,59,2026-09-10T11:15:18Z,Norway,Egypt,4,0,2.11,3.74,3.14,1.32,1.68,1.24,1.55,2.4,1.51,2.5,Oui,Non,Oui,Non,Non,Home,85,"[40, 42, 42, 85]",True
621864b6f5bd561c,coupe-du-monde,165040,59,2026-09-10T11:15:18Z,Sweden,USA,0,3,2.53,3.84,2.47,1.5,1.48,1.23,1.46,2.68,1.43,2.76,Oui,Non,Non,Non,Oui,Away,56,"[30, 38, 56]",True
14b9a345ddf77522,coupe-du-monde,165040,59,2026-09-10T11:15:18Z,Saudi Arabia,Korea Republic,4,2,3.35,3.79,2.01,1.75,1.29,1.23,1.55,2.42,1.52,2.49,Oui,Oui,Oui,Non,Non,Home,75,"[5, 7, 11, 49, 71, 75]",True
55ed8e1f199a8292,coupe-du-monde,165040,59,2026-09-10T11:15:18Z,Jordan,New Zealand,1,2,2.18,3.47,3.19,1.31,1.63,1.27,1.77,2.03,1.65,2.21,Oui,Oui,Non,Non,Oui,Home,67,"[21, 47, 67]",True
849197734b41496a,coupe-du-monde,165040,59,2026-09-10T11:15:18Z,Haiti,Germany,0,4,7.54,5.32,1.35,3.06,1.06,1.13,1.38,2.96,1.71,2.1,Oui,Non,Non,Non,Oui,Away,60,"[23, 25, 38, 60]",True
8f1dcd0b26b7be9d,coupe-du-monde,165040,59,2026-09-10T11:15:18Z,Scotland,Austria,1,3,3.3,3.79,2.03,1.73,1.3,1.23,1.54,2.44,1.51,2.51,Oui,Oui,Non,Non,Oui,Away,73,"[31, 42, 51, 73]",True
9326363bfe336475,coupe-du-monde,165040,59,2026-09-10T11:15:18Z,France,Uzbekistan,2,0,1.3,5.77,8.65,1.04,3.4,1.11,1.35,3.13,1.75,2.04,Non,Non,Oui,Non,Non,Home,78,"[3, 78]",True
cb35816ba621c3e5,coupe-du-monde,165040,59,2026-09-10T11:15:18Z,Canada,Japan,1,3,3.6,3.86,1.91,1.83,1.25,1.23,1.53,2.45,1.53,2.47,Oui,Oui,Non,Non,Oui,Away,73,"[33, 42, 57, 73]",True
d61f2ee3f9535324,coupe-du-monde,165040,59,2026-09-10T11:15:18Z,Congo DR,Algeria,1,2,3.46,3.67,2.01,1.75,1.27,1.25,1.64,2.22,1.59,2.33,Oui,Oui,Non,Non,Oui,Home,23,"[9, 18, 23]",True
764d57025d5a93b3,coupe-du-monde,165040,59,2026-09-10T11:15:18Z,Brazil,Spain,0,1,3.48,4.15,1.88,1.86,1.27,1.2,1.39,2.96,1.42,2.79,Non,Non,Non,Non,Oui,Away,77,[77],True
659e9a3ba3e9fca2,coupe-du-monde,165040,59,2026-09-10T11:15:18Z,Netherlands,Colombia,1,2,2.29,4.04,2.66,1.44,1.57,1.21,1.37,3.04,1.38,2.98,Oui,Oui,Non,Non,Oui,Away,51,"[36, 39, 51]",True
f79ee88f439f28ce,coupe-du-monde,165040,59,2026-09-10T11:15:18Z,Curacao,Belgium,2,2,8.17,5.04,1.35,3.06,1.05,1.14,1.5,2.54,1.85,1.92,Oui,Oui,Non,Oui,Non,Home,75,"[12, 37, 62, 75]",True
84ef7e147b890048,coupe-du-monde,165040,59,2026-09-10T11:15:18Z,Qatar,Ecuador,1,4,2.82,3.75,2.28,1.58,1.39,1.24,1.52,2.48,1.48,2.59,Oui,Oui,Non,Non,Oui,Away,80,"[25, 28, 59, 67, 80]",True
a4bc499e98e106f1,coupe-du-monde,165040,59,2026-09-10T11:15:18Z,Paraguay,Morocco,1,2,6.21,4.0,1.54,2.39,1.09,1.21,1.78,2.01,1.91,1.86,Oui,Oui,Non,Non,Oui,Away,72,"[7, 47, 72]",True
cebd3c42df3a0b6e,coupe-du-monde,165040,59,2026-09-10T11:15:18Z,Cote d'Ivoire,Croatia,1,2,3.07,3.69,2.16,1.65,1.34,1.24,1.58,2.34,1.53,2.47,Oui,Oui,Non,Non,Oui,Away,77,"[23, 32, 77]",True
f425cff84a9a7be5,coupe-du-monde,165040,59,2026-09-10T11:15:18Z,Czechia,Portugal,1,3,4.26,4.35,1.68,2.11,1.19,1.18,1.39,2.93,1.48,2.6,Oui,Oui,Non,Non,Oui,Away,87,"[40, 41, 79, 87]",True
407510f8e5600ca9,coupe-du-monde,165040,59,2026-09-10T11:15:18Z,Turkiye,Panama,2,0,1.95,3.74,3.58,1.26,1.8,1.24,1.61,2.29,1.57,2.35,Non,Non,Oui,Non,Non,Home,72,"[53, 72]",True
7871493502b47090,coupe-du-monde,165040,62,2026-09-10T11:21:18Z,USA,Curacao,4,0,1.42,4.82,6.79,1.08,2.77,1.15,1.47,2.64,1.72,2.09,Oui,Non,Oui,Non,Non,Home,49,"[16, 19, 40, 49]",True
05b00c031e72da17,coupe-du-monde,165040,62,2026-09-10T11:21:18Z,England,Uruguay,2,0,2.26,3.82,2.82,1.39,1.59,1.23,1.48,2.6,1.45,2.69,Non,Non,Oui,Non,Non,Home,74,"[50, 74]",True
7a1dc2a9ee0f3e2c,coupe-du-monde,165040,62,2026-09-10T11:21:18Z,Spain,Haiti,4,1,1.19,6.73,13.88,0.99,4.45,1.08,1.4,2.9,2.16,1.68,Oui,Oui,Oui,Non,Non,Home,65,"[19, 44, 53, 58, 65]",True
db201cf64aa5ce42,coupe-du-monde,165040,62,2026-09-10T11:21:18Z,Turkiye,Canada,0,1,2.37,3.82,2.66,1.44,1.54,1.23,1.47,2.62,1.45,2.71,Non,Non,Non,Non,Oui,Away,65,[65],True
ac8e4ba077ac252d,coupe-du-monde,165040,62,2026-09-10T11:21:18Z,Egypt,Czechia,2,3,2.43,3.51,2.75,1.41,1.51,1.27,1.69,2.14,1.58,2.34,Oui,Oui,Non,Non,Oui,Home,60,"[28, 31, 41, 55, 60]",True
eeaa19c17400f797,coupe-du-monde,165040,62,2026-09-10T11:21:18Z,Ecuador,Brazil,1,3,4.07,4.3,1.72,2.05,1.21,1.19,1.38,2.96,1.46,2.67,Oui,Oui,Non,Non,Oui,Away,76,"[21, 24, 62, 76]",True
b36456181a955a7f,coupe-du-monde,165040,62,2026-09-10T11:21:18Z,Austria,Switzerland,2,1,2.99,3.56,2.25,1.6,1.35,1.26,1.66,2.18,1.58,2.35,Oui,Oui,Oui,Non,Non,Home,55,"[12, 50, 55]",True
ac8e27bdd48e4b9c,coupe-du-monde,165040,62,2026-09-10T11:21:18Z,Korea Republic,Argentina,1,4,5.14,4.65,1.54,2.4,1.13,1.16,1.37,3.01,1.53,2.47,Oui,Oui,Non,Non,Oui,Away,90,"[25, 37, 75, 90, 90]",True
5de398b62a1c2a00,coupe-du-monde,165040,62,2026-09-10T11:21:18Z,South Africa,Cote d'Ivoire,0,3,3.47,3.72,1.99,1.76,1.27,1.24,1.6,2.29,1.56,2.38,Oui,Non,Non,Non,Oui,Away,38,"[4, 36, 38]",True
f186b99acbf2e942,coupe-du-monde,165040,62,2026-09-10T11:21:18Z,Japan,Norway,0,2,2.47,3.77,2.57,1.46,1.5,1.23,1.5,2.54,1.46,2.66,Non,Non,Non,Non,Oui,Away,54,"[6, 54]",True
96f6b8ac378f9ce1,coupe-du-monde,165040,62,2026-09-10T11:21:18Z,Portugal,France,1,1,3.2,4.24,1.96,1.79,1.31,1.19,1.32,3.28,1.37,3.03,Non,Oui,Non,Oui,Non,Away,36,"[12, 36]",True
b1c10fb648c0fbae,coupe-du-monde,165040,62,2026-09-10T11:21:18Z,Mexico,Paraguay,3,0,1.92,3.86,3.57,1.26,1.82,1.23,1.53,2.45,1.53,2.47,Oui,Non,Oui,Non,Non,Home,71,"[34, 38, 71]",True
9932735ef2bc1213,coupe-du-monde,165040,62,2026-09-10T11:21:18Z,Ghana,Scotland,2,2,3.09,3.77,2.12,1.67,1.33,1.23,1.53,2.46,1.5,2.55,Oui,Oui,Non,Oui,Non,Away,61,"[25, 33, 41, 61]",True
71d9065ebdb692c4,coupe-du-monde,165040,62,2026-09-10T11:21:18Z,IR Iran,Uzbekistan,1,1,1.99,3.62,3.55,1.26,1.76,1.25,1.68,2.15,1.62,2.26,Non,Oui,Non,Oui,Non,Away,64,"[59, 64]",True
c161bd08cc95d1c9,coupe-du-monde,165040,62,2026-09-10T11:21:18Z,Australia,Saudi Arabia,1,3,1.92,3.86,3.58,1.26,1.82,1.23,1.53,2.45,1.53,2.47,Oui,Oui,Non,Non,Oui,Away,88,"[10, 59, 86, 88]",True
585a916afa221a34,coupe-du-monde,165040,62,2026-09-10T11:21:18Z,Bosnia-Herzegovina,Jordan,1,3,2.53,3.47,2.66,1.44,1.48,1.27,1.72,2.09,1.6,2.3,Oui,Oui,Non,Non,Oui,Home,67,"[19, 44, 58, 67]",True
f3c59464d6aa6527,coupe-du-monde,165040,62,2026-09-10T11:21:18Z,Panama,Qatar,2,1,3.27,3.61,2.1,1.68,1.3,1.25,1.66,2.19,1.59,2.33,Oui,Oui,Oui,Non,Non,Home,45,"[29, 42, 45]",True
93a68b327b77225d,coupe-du-monde,165040,62,2026-09-10T11:21:18Z,New Zealand,Sweden,0,5,4.43,3.93,1.72,2.04,1.18,1.22,1.6,2.3,1.63,2.24,Oui,Non,Non,Non,Oui,Away,74,"[1, 31, 35, 51, 74]",True
abea715afeab011a,coupe-du-monde,165040,62,2026-09-10T11:21:18Z,Belgium,Colombia,4,0,2.28,3.86,2.76,1.41,1.58,1.22,1.45,2.69,1.44,2.75,Oui,Non,Oui,Non,Non,Home,86,"[6, 54, 81, 86]",True
6a1fb252d1cbe59e,coupe-du-monde,165040,62,2026-09-10T11:21:18Z,Germany,Cabo Verde,2,1,1.63,4.39,4.57,1.17,2.2,1.18,1.41,2.87,1.51,2.51,Oui,Oui,Oui,Non,Non,Home,82,"[79, 79, 82]",True
e122aa70b2d75264,coupe-du-monde,165040,62,2026-09-10T11:21:18Z,Croatia,Congo DR,2,2,1.73,3.94,4.42,1.18,2.04,1.22,1.6,2.31,1.63,2.25,Oui,Oui,Non,Oui,Non,Home,84,"[24, 59, 76, 84]",True
383e5ffd3112afe6,coupe-du-monde,165040,62,2026-09-10T11:21:18Z,Algeria,Tunisia,2,1,2.5,3.42,2.73,1.42,1.49,1.28,1.76,2.03,1.63,2.24,Oui,Oui,Oui,Non,Non,Home,56,"[25, 49, 56]",True
687a6ecf94f4c7c6,coupe-du-monde,165040,62,2026-09-10T11:21:18Z,Senegal,Iraq,1,3,1.85,3.75,3.94,1.22,1.88,1.24,1.64,2.21,1.62,2.25,Oui,Oui,Non,Non,Oui,Away,80,"[28, 44, 56, 80]",True
fb08a3b7eeec3d37,coupe-du-monde,165040,62,2026-09-10T11:21:18Z,Morocco,Netherlands,3,3,2.0,3.57,3.56,1.26,1.75,1.26,1.72,2.09,1.64,2.21,Oui,Oui,Non,Oui,Non,Home,72,"[23, 39, 45, 54, 63, 72]",True
3ee2e41a4da328e2,coupe-du-monde,165040,64,2026-09-10T11:25:18Z,New Zealand,Saudi Arabia,1,0,3.05,3.62,2.19,1.63,1.34,1.25,1.62,2.25,1.55,2.4,Non,Non,Oui,Non,Non,Home,59,[59],True
948cddb8d7c69edf,coupe-du-monde,165040,64,2026-09-10T11:25:18Z,South Africa,Norway,0,3,4.65,4.24,1.64,2.17,1.16,1.19,1.47,2.62,1.56,2.38,Oui,Non,Non,Non,Oui,Away,58,"[16, 24, 58]",True
2c5f1e29124d43e0,coupe-du-monde,165040,64,2026-09-10T11:25:18Z,IR Iran,Netherlands,2,0,3.44,3.91,1.95,1.8,1.28,1.22,1.49,2.58,1.49,2.57,Non,Non,Oui,Non,Non,Home,76,"[16, 76]",True
aa6c00c927b5f532,coupe-du-monde,165040,64,2026-09-10T11:25:18Z,Algeria,France,0,3,6.22,4.91,1.44,2.69,1.09,1.15,1.39,2.92,1.62,2.26,Oui,Non,Non,Non,Oui,Away,82,"[60, 79, 82]",True
59bbda83ed0060a0,coupe-du-monde,165040,64,2026-09-10T11:25:18Z,Austria,Brazil,2,2,3.65,4.14,1.84,1.9,1.25,1.2,1.41,2.86,1.45,2.7,Oui,Oui,Non,Oui,Non,Away,87,"[44, 45, 45, 87]",True
8566cc14e61e9af2,coupe-du-monde,165040,64,2026-09-10T11:25:18Z,Scotland,Cote d'Ivoire,2,1,2.83,3.79,2.26,1.59,1.39,1.23,1.5,2.53,1.47,2.63,Oui,Oui,Oui,Non,Non,Away,32,"[14, 16, 32]",True
c3940d9673198544,coupe-du-monde,165040,64,2026-09-10T11:25:18Z,Mexico,Uzbekistan,1,2,1.77,4.01,4.07,1.21,1.98,1.21,1.51,2.51,1.55,2.42,Oui,Oui,Non,Non,Oui,Away,78,"[72, 75, 78]",True
c512dbc82aaa164f,coupe-du-monde,165040,64,2026-09-10T11:25:18Z,Panama,Sweden,0,0,4.24,3.68,1.81,1.94,1.19,1.24,1.73,2.07,1.7,2.12,Non,Non,Non,Oui,Non,,,[],True
a6a434a6e2fd9800,coupe-du-monde,165040,64,2026-09-10T11:25:18Z,Canada,Jordan,1,2,2.2,3.64,3.04,1.34,1.62,1.25,1.62,2.27,1.55,2.41,Oui,Oui,Non,Non,Oui,Away,89,"[16, 56, 89]",True
b53632ec06c49b2f,coupe-du-monde,165040,64,2026-09-10T11:25:18Z,Australia,Haiti,1,1,1.64,4.11,4.81,1.15,2.17,1.2,1.55,2.4,1.63,2.24,Non,Oui,Non,Oui,Non,Away,26,"[2, 26]",True
8123a88e3783bdcd,coupe-du-monde,165040,64,2026-09-10T11:25:18Z,Ghana,Qatar,5,1,3.06,3.76,2.14,1.66,1.34,1.24,1.54,2.45,1.5,2.55,Oui,Oui,Oui,Non,Non,Home,80,"[14, 24, 37, 47, 74, 80]",True
d2bae912caa01ca4,coupe-du-monde,165040,64,2026-09-10T11:25:18Z,Belgium,Germany,1,0,2.62,3.91,2.37,1.54,1.45,1.22,1.43,2.79,1.41,2.83,Non,Non,Oui,Non,Non,Home,57,[57],True
e20db544bf9011a4,coupe-du-monde,165040,64,2026-09-10T11:25:18Z,Korea Republic,Cabo Verde,2,2,2.03,3.72,3.34,1.29,1.73,1.24,1.59,2.31,1.55,2.41,Oui,Oui,Non,Oui,Non,Home,80,"[28, 45, 60, 80]",True
6ef37e65caf0629a,coupe-du-monde,165040,64,2026-09-10T11:25:18Z,England,Congo DR,1,1,1.42,4.88,6.55,1.08,2.74,1.15,1.43,2.78,1.67,2.17,Non,Oui,Non,Oui,Non,Away,49,"[31, 49]",True
151b01f25068bca1,coupe-du-monde,165040,64,2026-09-10T11:25:18Z,Spain,Colombia,2,2,1.64,4.25,4.64,1.16,2.18,1.19,1.47,2.64,1.56,2.4,Oui,Oui,Non,Oui,Non,Away,66,"[38, 43, 63, 66]",True
581454a76cf6ab0a,coupe-du-monde,165040,64,2026-09-10T11:25:18Z,USA,Argentina,1,2,4.31,4.63,1.63,2.19,1.19,1.16,1.3,3.41,1.42,2.8,Oui,Oui,Non,Non,Oui,Home,83,"[26, 48, 83]",True
8541a399d7801030,coupe-du-monde,165040,64,2026-09-10T11:25:18Z,Ecuador,Curacao,5,0,1.55,4.24,5.54,1.12,2.36,1.19,1.58,2.35,1.71,2.11,Oui,Non,Oui,Non,Non,Home,70,"[25, 41, 44, 70, 70]",True
5c1d2319fe9693ac,coupe-du-monde,165040,64,2026-09-10T11:25:18Z,Turkiye,Uruguay,1,3,4.12,4.15,1.73,2.03,1.2,1.2,1.45,2.7,1.51,2.52,Oui,Oui,Non,Non,Oui,Home,85,"[20, 41, 70, 85]",True
dc9bb2d632882022,coupe-du-monde,165040,64,2026-09-10T11:25:18Z,Senegal,Tunisia,0,0,2.09,3.43,3.44,1.28,1.69,1.28,1.82,1.95,1.7,2.12,Non,Non,Non,Oui,Non,,,[],True
669ed06a71b24248,coupe-du-monde,165040,64,2026-09-10T11:25:18Z,Bosnia-Herzegovina,Switzerland,0,3,4.85,3.99,1.66,2.15,1.15,1.21,1.62,2.26,1.68,2.16,Oui,Non,Non,Non,Oui,Away,83,"[82, 82, 83]",True
168365ced791377a,coupe-du-monde,165040,64,2026-09-10T11:25:18Z,Japan,Iraq,0,1,1.75,3.91,4.32,1.18,2.01,1.22,1.6,2.31,1.62,2.26,Non,Non,Non,Non,Oui,Away,38,[38],True
325b5da3355ecff6,coupe-du-monde,165040,64,2026-09-10T11:25:18Z,Portugal,Morocco,1,2,2.95,3.43,2.33,1.56,1.36,1.28,1.77,2.02,1.64,2.22,Oui,Oui,Non,Non,Oui,Home,64,"[59, 63, 64]",True
4183d7a694efcb2c,coupe-du-monde,165040,64,2026-09-10T11:25:18Z,Croatia,Czechia,1,0,2.14,3.62,3.16,1.32,1.66,1.25,1.64,2.22,1.57,2.37,Non,Non,Oui,Non,Non,Home,23,[23],True
6a51124d110cec02,coupe-du-monde,165040,64,2026-09-10T11:25:18Z,Egypt,Paraguay,0,2,2.21,3.58,3.05,1.34,1.62,1.26,1.65,2.2,1.57,2.36,Non,Non,Non,Non,Oui,Away,51,"[46, 51]",True
86561fde569792b9,coupe-du-monde,165040,69,2026-09-10T11:35:18Z,Portugal,Egypt,2,2,1.79,4.1,3.9,1.22,1.96,1.2,1.45,2.7,1.49,2.56,Oui,Oui,Non,Oui,Non,Away,88,"[23, 64, 72, 88]",True
7fbfd7e056ed1eee,coupe-du-monde,165040,69,2026-09-10T11:35:18Z,Belgium,Australia,1,1,2.01,3.86,3.29,1.3,1.74,1.23,1.5,2.54,1.49,2.58,Non,Oui,Non,Oui,Non,Home,86,"[23, 86]",True
be46d83959ca1865,coupe-du-monde,165040,69,2026-09-10T11:35:18Z,Sweden,Uruguay,3,2,3.62,3.71,1.94,1.8,1.25,1.24,1.63,2.24,1.59,2.32,Oui,Oui,Oui,Non,Non,Home,88,"[29, 44, 47, 72, 88]",True
136d0b9f78754055,coupe-du-monde,165040,69,2026-09-10T11:35:18Z,Brazil,Cote d'Ivoire,1,1,1.75,4.26,3.95,1.22,2.01,1.19,1.39,2.94,1.46,2.68,Non,Oui,Non,Oui,Non,Home,64,"[2, 64]",True
42e7b8685efb3346,coupe-du-monde,165040,69,2026-09-10T11:35:18Z,France,England,2,2,2.08,3.98,3.06,1.34,1.7,1.21,1.42,2.81,1.43,2.79,Oui,Oui,Non,Oui,Non,Away,69,"[15, 46, 56, 69]",True
dba2dd881a1229d6,coupe-du-monde,165040,69,2026-09-10T11:35:18Z,Saudi Arabia,Canada,0,0,3.03,3.77,2.15,1.65,1.35,1.24,1.53,2.47,1.49,2.57,Non,Non,Non,Oui,Non,,,[],True
2a4b5d40bf5c2da4,coupe-du-monde,165040,69,2026-09-10T11:35:18Z,Korea Republic,USA,4,1,2.64,3.84,2.38,1.53,1.44,1.23,1.46,2.66,1.44,2.74,Oui,Oui,Oui,Non,Non,Home,64,"[19, 27, 44, 49, 64]",True
fc6cef5b9a237036,coupe-du-monde,165040,69,2026-09-10T11:35:18Z,Uzbekistan,Japan,1,0,4.24,3.99,1.74,2.02,1.19,1.21,1.54,2.43,1.58,2.34,Non,Non,Oui,Non,Non,Home,76,[76],True
fe9e3204d33e6e8f,coupe-du-monde,165040,69,2026-09-10T11:35:18Z,Congo DR,Qatar,2,1,3.25,3.76,2.05,1.71,1.3,1.24,1.56,2.4,1.52,2.48,Oui,Oui,Oui,Non,Non,Home,75,"[20, 63, 75]",True
036b0f5da62a7199,coupe-du-monde,165040,69,2026-09-10T11:35:18Z,IR Iran,Senegal,0,2,2.97,3.49,2.29,1.57,1.36,1.27,1.72,2.09,1.61,2.28,Non,Non,Non,Non,Oui,Away,14,"[10, 14]",True
0bc22cd1e294970c,coupe-du-monde,165040,69,2026-09-10T11:35:18Z,Netherlands,Spain,2,2,4.07,4.26,1.73,2.04,1.21,1.19,1.41,2.87,1.48,2.61,Oui,Oui,Non,Oui,Non,Home,88,"[6, 47, 52, 88]",True
7f92e069a9f62c96,coupe-du-monde,165040,69,2026-09-10T11:35:18Z,Germany,Ecuador,3,1,1.95,4.1,3.31,1.29,1.8,1.2,1.39,2.93,1.42,2.81,Oui,Oui,Oui,Non,Non,Home,68,"[41, 43, 62, 68]",True
46c0c0a9d4d8cc64,coupe-du-monde,165040,69,2026-09-10T11:35:18Z,Cabo Verde,New Zealand,1,0,2.07,3.55,3.38,1.28,1.7,1.26,1.71,2.1,1.63,2.25,Non,Non,Oui,Non,Non,Home,89,[89],True
e35a566203862eca,coupe-du-monde,165040,69,2026-09-10T11:35:18Z,Argentina,Panama,1,2,1.29,5.71,8.92,1.04,3.42,1.11,1.38,3.0,1.79,1.99,Oui,Oui,Non,Non,Oui,Home,72,"[18, 39, 72]",True
d276d48673bebe05,coupe-du-monde,165040,69,2026-09-10T11:35:18Z,Colombia,Austria,2,1,2.27,3.79,2.81,1.39,1.58,1.23,1.5,2.54,1.47,2.64,Oui,Oui,Oui,Non,Non,Away,51,"[21, 45, 51]",True
795fe0124e934555,coupe-du-monde,165040,69,2026-09-10T11:35:18Z,Tunisia,Turkiye,1,1,2.57,3.49,2.6,1.45,1.46,1.27,1.7,2.12,1.59,2.32,Non,Oui,Non,Oui,Non,Away,28,"[20, 28]",True
3373f55613a41d14,coupe-du-monde,165040,69,2026-09-10T11:35:18Z,Curacao,Ghana,1,1,4.06,3.79,1.82,1.92,1.21,1.23,1.64,2.23,1.63,2.25,Non,Oui,Non,Oui,Non,Home,42,"[39, 42]",True
b671241c81c61d7a,coupe-du-monde,165040,69,2026-09-10T11:35:18Z,Morocco,Croatia,4,2,1.9,3.35,4.23,1.19,1.83,1.29,2.02,1.77,1.88,1.89,Oui,Oui,Oui,Non,Non,Away,83,"[19, 38, 40, 49, 80, 83]",True
893a45f5063d82fe,coupe-du-monde,165040,69,2026-09-10T11:35:18Z,Haiti,Bosnia-Herzegovina,3,1,3.44,3.6,2.03,1.73,1.28,1.25,1.68,2.15,1.61,2.28,Oui,Oui,Oui,Non,Non,Home,89,"[31, 33, 60, 89]",True
30d0c4877ae5e34a,coupe-du-monde,165040,69,2026-09-10T11:35:18Z,Norway,Switzerland,0,0,2.82,3.67,2.31,1.57,1.39,1.25,1.57,2.36,1.51,2.51,Non,Non,Non,Oui,Non,,,[],True
e33a289044a7505f,coupe-du-monde,165040,69,2026-09-10T11:35:18Z,Paraguay,South Africa,4,0,2.28,3.58,2.93,1.36,1.58,1.26,1.65,2.21,1.56,2.38,Oui,Non,Oui,Non,Non,Home,68,"[19, 45, 64, 68]",True
d8d3571fcc683ce4,coupe-du-monde,165040,69,2026-09-10T11:35:18Z,Czechia,Scotland,0,3,2.36,3.67,2.75,1.41,1.54,1.25,1.57,2.36,1.51,2.51,Oui,Non,Non,Non,Oui,Away,55,"[4, 42, 55]",True
c83a003dfbcb217d,coupe-du-monde,165040,69,2026-09-10T11:35:18Z,Mexico,Algeria,2,2,2.12,3.77,3.09,1.33,1.67,1.23,1.53,2.45,1.5,2.54,Oui,Oui,Non,Oui,Non,Away,66,"[5, 65, 65, 66]",True
f25c5b9719d783ab,coupe-du-monde,165040,69,2026-09-10T11:35:18Z,Iraq,Jordan,0,2,2.45,3.46,2.75,1.41,1.5,1.27,1.73,2.08,1.61,2.28,Non,Non,Non,Non,Oui,Away,67,"[46, 67]",True
09c1d0aabae33051,coupe-du-monde,165040,67,2026-09-10T11:31:18Z,Argentina,New Zealand,3,1,1.28,5.92,9.18,1.03,3.53,1.1,1.35,3.14,1.79,2.0,Oui,Oui,Oui,Non,Non,Home,82,"[7, 53, 63, 82]",True
722901d929aa4b38,coupe-du-monde,165040,67,2026-09-10T11:31:18Z,Saudi Arabia,Bosnia-Herzegovina,0,4,2.52,3.63,2.58,1.46,1.48,1.25,1.59,2.33,1.52,2.5,Oui,Non,Non,Non,Oui,Away,78,"[6, 62, 65, 78]",True
61f550570e0fed11,coupe-du-monde,165040,67,2026-09-10T11:31:18Z,IR Iran,Algeria,1,1,2.43,3.54,2.73,1.41,1.51,1.26,1.66,2.18,1.57,2.37,Non,Oui,Non,Oui,Non,Home,85,"[44, 85]",True
a72aebf560452df1,coupe-du-monde,165040,67,2026-09-10T11:31:18Z,Colombia,Ecuador,5,0,2.15,3.9,2.95,1.36,1.65,1.22,1.45,2.7,1.44,2.73,Oui,Non,Oui,Non,Non,Home,76,"[17, 18, 40, 47, 76]",True
73fe6260010f44cb,coupe-du-monde,165040,67,2026-09-10T11:31:18Z,Congo DR,Scotland,2,2,3.16,3.76,2.09,1.69,1.32,1.24,1.55,2.42,1.51,2.51,Oui,Oui,Non,Oui,Non,Away,71,"[26, 54, 57, 71]",True
0693c2a1d699e9fc,coupe-du-monde,165040,67,2026-09-10T11:31:18Z,Switzerland,Cote d'Ivoire,3,0,2.06,3.63,3.35,1.29,1.71,1.25,1.65,2.21,1.58,2.33,Oui,Non,Oui,Non,Non,Home,87,"[12, 81, 87]",True
b335d38155b65105,coupe-du-monde,165040,67,2026-09-10T11:31:18Z,Czechia,South Africa,0,2,2.07,3.6,3.34,1.29,1.7,1.25,1.67,2.17,1.6,2.3,Non,Non,Non,Non,Oui,Away,71,"[68, 71]",True
2a0b1aa7aabcea01,coupe-du-monde,165040,67,2026-09-10T11:31:18Z,Brazil,Ghana,2,1,1.47,4.92,5.75,1.11,2.6,1.15,1.35,3.12,1.55,2.4,Oui,Oui,Oui,Non,Non,Away,88,"[14, 37, 88]",True
d997c73331b80640,coupe-du-monde,165040,67,2026-09-10T11:31:18Z,Uruguay,Qatar,1,3,1.7,4.09,4.41,1.18,2.08,1.2,1.51,2.51,1.57,2.36,Oui,Oui,Non,Non,Oui,Away,88,"[31, 35, 77, 88]",True
9f808f494329427d,coupe-du-monde,165040,67,2026-09-10T11:31:18Z,Germany,USA,4,1,1.99,4.21,3.13,1.33,1.76,1.19,1.32,3.28,1.37,3.05,Oui,Oui,Oui,Non,Non,Home,77,"[30, 41, 51, 75, 77]",True
f5be371a27c1abca,coupe-du-monde,165040,67,2026-09-10T11:31:18Z,Iraq,Turkiye,1,2,2.91,3.76,2.22,1.61,1.37,1.24,1.53,2.46,1.49,2.57,Oui,Oui,Non,Non,Oui,Away,35,"[25, 31, 35]",True
3707fa11077a992e,coupe-du-monde,165040,67,2026-09-10T11:31:18Z,Curacao,Panama,2,3,3.62,3.53,2.0,1.76,1.25,1.26,1.76,2.03,1.67,2.16,Oui,Oui,Non,Non,Oui,Away,82,"[19, 36, 51, 77, 82]",True
a103f160d54c389f,coupe-du-monde,165040,67,2026-09-10T11:31:18Z,Portugal,Mexico,0,2,1.92,4.15,3.34,1.29,1.82,1.2,1.37,3.03,1.41,2.86,Non,Non,Non,Non,Oui,Away,79,"[46, 79]",True
4a1b6d25e948ce2e,coupe-du-monde,165040,67,2026-09-10T11:31:18Z,Paraguay,Japan,1,2,3.79,3.84,1.87,1.87,1.23,1.23,1.57,2.36,1.56,2.38,Oui,Oui,Non,Non,Oui,Away,72,"[1, 50, 72]",True
488f9ad0098fdcdb,coupe-du-monde,165040,67,2026-09-10T11:31:18Z,Morocco,Egypt,3,2,1.74,3.51,4.99,1.14,2.02,1.27,1.99,1.79,1.94,1.84,Oui,Oui,Oui,Non,Non,Away,85,"[44, 45, 57, 80, 85]",True
bf50fff536591c98,coupe-du-monde,165040,67,2026-09-10T11:31:18Z,Sweden,Canada,1,3,2.12,3.75,3.1,1.33,1.67,1.24,1.55,2.42,1.51,2.52,Oui,Oui,Non,Non,Oui,Home,84,"[29, 30, 48, 84]",True
7166b954eeaaf415,coupe-du-monde,165040,67,2026-09-10T11:31:18Z,France,Croatia,4,2,1.67,4.27,4.44,1.18,2.14,1.19,1.44,2.73,1.53,2.47,Oui,Oui,Oui,Non,Non,Away,80,"[36, 39, 45, 47, 75, 80]",True
1f7ce24ef909ddeb,coupe-du-monde,165040,67,2026-09-10T11:31:18Z,Haiti,Austria,1,1,5.55,4.21,1.56,2.35,1.12,1.19,1.59,2.32,1.72,2.1,Non,Oui,Non,Oui,Non,Away,55,"[27, 55]",True
b7fe8c643816ab93,coupe-du-monde,165040,67,2026-09-10T11:31:18Z,Uzbekistan,Senegal,1,1,4.19,3.9,1.77,1.98,1.2,1.22,1.59,2.33,1.6,2.29,Non,Oui,Non,Oui,Non,Home,80,"[40, 80]",True
84ff2d44539f5e11,coupe-du-monde,165040,67,2026-09-10T11:31:18Z,Belgium,Spain,2,1,4.24,4.04,1.73,2.03,1.19,1.21,1.52,2.48,1.57,2.37,Oui,Oui,Oui,Non,Non,Away,74,"[35, 61, 74]",True
ed7f739c966d79dc,coupe-du-monde,165040,67,2026-09-10T11:31:18Z,Netherlands,Korea Republic,1,1,1.97,4.05,3.27,1.3,1.78,1.21,1.4,2.87,1.43,2.79,Non,Oui,Non,Oui,Non,Away,38,"[29, 38]",True
7730e5bc42be4567,coupe-du-monde,165040,67,2026-09-10T11:31:18Z,Cabo Verde,Australia,2,4,3.19,3.69,2.1,1.68,1.32,1.24,1.59,2.31,1.54,2.43,Oui,Oui,Non,Non,Oui,Home,88,"[5, 24, 33, 50, 71, 88]",True
065abef87f7e14b1,coupe-du-monde,165040,67,2026-09-10T11:31:18Z,Tunisia,England,3,3,4.95,4.08,1.63,2.2,1.14,1.2,1.58,2.34,1.66,2.18,Oui,Oui,Non,Oui,Non,Home,84,"[23, 40, 41, 70, 79, 84]",True
354d22e4d096d89e,coupe-du-monde,165040,67,2026-09-10T11:31:18Z,Norway,Jordan,1,1,1.72,3.99,4.4,1.18,2.05,1.21,1.57,2.37,1.61,2.28,Non,Oui,Non,Oui,Non,Home,74,"[62, 74]",True
bc98ef73a153f18d,coupe-du-monde,165040,72,2026-09-10T11:41:18Z,Ecuador,Spain,0,0,5.71,4.48,1.51,2.46,1.11,1.17,1.49,2.57,1.65,2.19,Non,Non,Non,Oui,Non,,,[],True
1ffc882c989cf632,coupe-du-monde,165040,72,2026-09-10T11:41:18Z,Canada,Argentina,0,2,5.64,4.9,1.47,2.57,1.11,1.15,1.35,3.15,1.54,2.43,Non,Non,Non,Non,Oui,Away,69,"[47, 69]",True
fa48af18264911b4,coupe-du-monde,165040,72,2026-09-10T11:41:18Z,Uruguay,Curacao,1,0,1.28,5.57,9.98,1.02,3.51,1.11,1.46,2.65,1.95,1.83,Non,Non,Oui,Non,Non,Home,56,[56],True
20613fe807756a51,coupe-du-monde,165040,72,2026-09-10T11:41:18Z,Sweden,Iraq,2,0,2.02,3.67,3.42,1.28,1.74,1.25,1.63,2.24,1.58,2.34,Non,Non,Oui,Non,Non,Home,46,"[44, 46]",True
69610e2b9a89c268,coupe-du-monde,165040,72,2026-09-10T11:41:18Z,Jordan,Paraguay,0,2,2.98,3.57,2.25,1.59,1.35,1.26,1.66,2.19,1.57,2.36,Non,Non,Non,Non,Oui,Away,75,"[63, 75]",True
ffe9fce5f9a1c74a,coupe-du-monde,165040,72,2026-09-10T11:41:18Z,Switzerland,Czechia,2,1,1.98,3.62,3.6,1.25,1.77,1.25,1.69,2.13,1.63,2.24,Oui,Oui,Oui,Non,Non,Home,44,"[6, 13, 44]",True
2605eb28cb61533c,coupe-du-monde,165040,72,2026-09-10T11:41:18Z,Norway,Saudi Arabia,0,2,1.7,4.15,4.31,1.19,2.08,1.2,1.47,2.62,1.54,2.44,Non,Non,Non,Non,Oui,Away,54,"[7, 54]",True
a269a6c66442abaf,coupe-du-monde,165040,72,2026-09-10T11:41:18Z,Qatar,Tunisia,1,0,2.62,3.48,2.56,1.47,1.45,1.27,1.71,2.1,1.6,2.3,Non,Non,Oui,Non,Non,Home,35,[35],True
f887593db4f12e90,coupe-du-monde,165040,72,2026-09-10T11:41:18Z,Senegal,Algeria,3,0,2.18,3.59,3.11,1.33,1.63,1.26,1.65,2.2,1.58,2.35,Oui,Non,Oui,Non,Non,Home,70,"[12, 21, 70]",True
3df0dc3acaa18292,coupe-du-monde,165040,72,2026-09-10T11:41:18Z,Cote d'Ivoire,Haiti,3,0,1.61,4.19,4.97,1.14,2.23,1.2,1.54,2.44,1.63,2.24,Oui,Non,Oui,Non,Non,Home,75,"[58, 65, 75]",True
de5756804087a31e,coupe-du-monde,165040,72,2026-09-10T11:41:18Z,Ghana,Colombia,5,1,4.34,4.17,1.69,2.09,1.18,1.2,1.47,2.63,1.54,2.44,Oui,Oui,Oui,Non,Non,Home,86,"[41, 44, 45, 55, 65, 86]",True
05a18eee6414f922,coupe-du-monde,165040,72,2026-09-10T11:41:18Z,Panama,Germany,2,2,5.98,4.67,1.47,2.57,1.1,1.16,1.45,2.71,1.64,2.21,Oui,Oui,Non,Oui,Non,Away,87,"[42, 53, 80, 87]",True
05264ac1556f5571,coupe-du-monde,165040,72,2026-09-10T11:41:18Z,Austria,Belgium,2,1,2.9,3.75,2.23,1.6,1.37,1.24,1.52,2.48,1.48,2.59,Oui,Oui,Oui,Non,Non,Away,81,"[22, 56, 81]",True
3eb870a793867632,coupe-du-monde,165040,72,2026-09-10T11:41:18Z,Scotland,France,1,2,7.26,5.45,1.35,3.06,1.06,1.12,1.33,3.23,1.64,2.22,Oui,Oui,Non,Non,Oui,Home,54,"[43, 44, 54]",True
722a9dd45609df6b,coupe-du-monde,165040,72,2026-09-10T11:41:18Z,Congo DR,Brazil,0,0,5.98,4.88,1.45,2.64,1.1,1.15,1.38,2.99,1.59,2.32,Non,Non,Non,Oui,Non,,,[],True
550db99ff7d1edd1,coupe-du-monde,165040,72,2026-09-10T11:41:18Z,South Africa,Morocco,0,1,8.03,4.31,1.42,2.75,1.05,1.19,1.79,1.99,2.1,1.71,Non,Non,Non,Non,Oui,Away,77,[77],True
336526d9e51306d5,coupe-du-monde,165040,72,2026-09-10T11:41:18Z,Croatia,Mexico,1,4,2.4,3.67,2.69,1.43,1.52,1.25,1.57,2.37,1.51,2.52,Oui,Oui,Non,Non,Oui,Away,66,"[34, 36, 55, 60, 66]",True
f75ddb8941103a55,coupe-du-monde,165040,72,2026-09-10T11:41:18Z,Egypt,Netherlands,2,3,3.24,3.87,2.03,1.73,1.31,1.22,1.49,2.57,1.48,2.6,Oui,Oui,Non,Non,Oui,Away,88,"[2, 11, 41, 47, 88]",True
443f25db79a7e3bd,coupe-du-monde,165040,72,2026-09-10T11:41:18Z,Bosnia-Herzegovina,Cabo Verde,1,3,2.72,3.57,2.43,1.52,1.42,1.26,1.65,2.21,1.56,2.39,Oui,Oui,Non,Non,Oui,Away,77,"[23, 48, 74, 77]",True
b059f1f8ab035d3c,coupe-du-monde,165040,72,2026-09-10T11:41:18Z,Japan,Portugal,3,0,3.21,4.03,2.0,1.75,1.31,1.21,1.41,2.87,1.42,2.8,Oui,Non,Oui,Non,Non,Home,68,"[23, 43, 68]",True
dae7450b85e82611,coupe-du-monde,165040,72,2026-09-10T11:41:18Z,Turkiye,Uzbekistan,1,1,2.07,3.86,3.15,1.32,1.7,1.23,1.49,2.58,1.47,2.62,Non,Oui,Non,Oui,Non,Home,85,"[55, 85]",True
f21496e076e57e52,coupe-du-monde,165040,72,2026-09-10T11:41:18Z,Australia,USA,1,0,2.75,3.82,2.3,1.57,1.41,1.23,1.48,2.61,1.45,2.7,Non,Non,Oui,Non,Non,Home,75,[75],True
bb38900b79fa87e7,coupe-du-monde,165040,72,2026-09-10T11:41:18Z,New Zealand,Korea Republic,2,0,4.42,3.98,1.72,2.06,1.18,1.21,1.57,2.37,1.61,2.28,Non,Non,Oui,Non,Non,Home,37,"[19, 37]",True
2ea2f95a6d544404,coupe-du-monde,165040,72,2026-09-10T11:41:18Z,England,IR Iran,2,2,1.71,4.06,4.34,1.18,2.06,1.21,1.52,2.49,1.57,2.37,Oui,Oui,Non,Oui,Non,Home,80,"[16, 28, 72, 80]",True
08b0b1bdab9f8cd2,coupe-du-monde,165040,74,2026-09-10T11:45:18Z,Senegal,Netherlands,0,1,2.66,3.82,2.37,1.54,1.44,1.23,1.47,2.62,1.45,2.71,Non,Non,Non,Non,Oui,Away,72,[72],True
abde3db73e33adf6,coupe-du-monde,165040,74,2026-09-10T11:45:18Z,Uruguay,Argentina,2,0,3.17,3.94,2.04,1.72,1.32,1.22,1.45,2.69,1.45,2.69,Non,Non,Oui,Non,Non,Home,84,"[63, 84]",True
9c4f1c003c635e69,coupe-du-monde,165040,74,2026-09-10T11:45:18Z,Sweden,Tunisia,3,2,2.29,3.46,2.99,1.35,1.58,1.27,1.75,2.05,1.63,2.24,Oui,Oui,Oui,Non,Non,Away,69,"[6, 24, 50, 54, 69]",True
66a19c89a429d54e,coupe-du-monde,165040,74,2026-09-10T11:45:18Z,Switzerland,Paraguay,0,2,1.78,3.79,4.27,1.19,1.97,1.23,1.66,2.18,1.66,2.19,Non,Non,Non,Non,Oui,Away,83,"[31, 83]",True
225451397dc0334e,coupe-du-monde,165040,74,2026-09-10T11:45:18Z,Austria,Spain,2,2,5.5,4.46,1.53,2.42,1.12,1.17,1.47,2.62,1.63,2.25,Oui,Oui,Non,Oui,Non,Home,61,"[21, 47, 54, 61]",True
9efd68c6b35f2d3b,coupe-du-monde,165040,74,2026-09-10T11:45:18Z,Scotland,Morocco,2,4,5.75,3.9,1.59,2.28,1.11,1.22,1.79,1.99,1.88,1.89,Oui,Oui,Non,Non,Oui,Home,86,"[27, 30, 36, 55, 80, 86]",True
25d6aec55a7408e5,coupe-du-monde,165040,74,2026-09-10T11:45:18Z,Brazil,Czechia,2,4,1.65,4.35,4.49,1.17,2.17,1.18,1.41,2.85,1.5,2.53,Oui,Oui,Non,Non,Oui,Home,89,"[20, 23, 33, 62, 87, 89]",True
1ad20e2663b06b83,coupe-du-monde,165040,74,2026-09-10T11:45:18Z,Ghana,Germany,2,0,5.01,4.55,1.56,2.34,1.14,1.17,1.39,2.93,1.53,2.47,Non,Non,Oui,Non,Non,Home,77,"[21, 77]",True
2624f57d411900ae,coupe-du-monde,165040,74,2026-09-10T11:45:18Z,Jordan,Uzbekistan,1,3,2.55,3.53,2.6,1.45,1.47,1.26,1.67,2.17,1.57,2.36,Oui,Oui,Non,Non,Oui,Away,77,"[1, 47, 57, 77]",True
5a6aac6045535c85,coupe-du-monde,165040,74,2026-09-10T11:45:18Z,England,Mexico,1,3,1.79,4.13,3.87,1.22,1.96,1.2,1.43,2.76,1.48,2.6,Oui,Oui,Non,Non,Oui,Away,70,"[30, 32, 33, 70]",True
f92292ee6fc0322b,coupe-du-monde,165040,74,2026-09-10T11:45:18Z,Canada,Cabo Verde,0,3,2.29,3.67,2.85,1.38,1.58,1.25,1.57,2.36,1.51,2.5,Oui,Non,Non,Non,Oui,Away,67,"[26, 57, 67]",True
f0ee8763208f6ac8,coupe-du-monde,165040,74,2026-09-10T11:45:18Z,Japan,Algeria,2,3,2.01,3.74,3.4,1.28,1.75,1.24,1.59,2.32,1.55,2.41,Oui,Oui,Non,Non,Oui,Home,81,"[41, 44, 44, 60, 81]",True
60246c73f8a7a9ae,coupe-du-monde,165040,74,2026-09-10T11:45:18Z,Cote d'Ivoire,Colombia,1,1,3.15,3.86,2.07,1.7,1.32,1.23,1.49,2.58,1.47,2.62,Non,Oui,Non,Oui,Non,Away,71,"[47, 71]",True
18b922271d78e5a7,coupe-du-monde,165040,74,2026-09-10T11:45:18Z,Qatar,France,0,3,6.86,5.29,1.38,2.93,1.07,1.13,1.34,3.16,1.63,2.25,Oui,Non,Non,Non,Oui,Away,79,"[18, 66, 79]",True
c4fc702bfe7cff7d,coupe-du-monde,165040,74,2026-09-10T11:45:18Z,New Zealand,USA,1,3,4.6,4.15,1.66,2.14,1.16,1.2,1.51,2.51,1.59,2.33,Oui,Oui,Non,Non,Oui,Away,89,"[31, 55, 85, 89]",True
d0ba3054eda9965f,coupe-du-monde,165040,74,2026-09-10T11:45:18Z,Congo DR,Curacao,3,1,1.92,3.65,3.76,1.24,1.82,1.25,1.69,2.13,1.64,2.22,Oui,Oui,Oui,Non,Non,Away,89,"[13, 75, 77, 89]",True
b8dd5d155d99e4c2,coupe-du-monde,165040,74,2026-09-10T11:45:18Z,Bosnia-Herzegovina,Belgium,2,2,4.64,4.19,1.65,2.16,1.16,1.19,1.49,2.56,1.58,2.35,Oui,Oui,Non,Oui,Non,Away,65,"[12, 17, 22, 65]",True
197072ac416e7554,coupe-du-monde,165040,74,2026-09-10T11:45:18Z,Turkiye,IR Iran,1,3,2.8,3.69,2.32,1.56,1.4,1.24,1.56,2.39,1.5,2.53,Oui,Oui,Non,Non,Oui,Away,87,"[16, 33, 74, 87]",True
e528cb5d14b7dc94,coupe-du-monde,165040,74,2026-09-10T11:45:18Z,Iraq,Saudi Arabia,2,2,2.47,3.58,2.66,1.43,1.5,1.26,1.63,2.24,1.55,2.42,Oui,Oui,Non,Oui,Non,Away,79,"[24, 30, 44, 79]",True
a39b2efb876a19f2,coupe-du-monde,165040,74,2026-09-10T11:45:18Z,Ecuador,Australia,0,4,2.44,3.78,2.6,1.45,1.51,1.23,1.49,2.56,1.46,2.67,Oui,Non,Non,Non,Oui,Away,70,"[8, 41, 60, 70]",True
c5938a8bceea7bd6,coupe-du-monde,165040,74,2026-09-10T11:45:18Z,Croatia,Egypt,0,1,2.21,3.54,3.08,1.33,1.62,1.26,1.69,2.13,1.6,2.3,Non,Non,Non,Non,Oui,Away,46,[46],True
f2964c188a14c695,coupe-du-monde,165040,74,2026-09-10T11:45:18Z,Panama,Korea Republic,1,0,3.92,3.78,1.85,1.89,1.22,1.23,1.62,2.26,1.6,2.29,Non,Non,Oui,Non,Non,Home,52,[52],True
74a19447078ed3ed,coupe-du-monde,165040,74,2026-09-10T11:45:18Z,South Africa,Portugal,0,2,6.56,5.1,1.41,2.81,1.08,1.14,1.37,3.05,1.62,2.26,Non,Non,Non,Non,Oui,Away,74,"[65, 74]",True
da45baa8d7793dec,coupe-du-monde,165040,74,2026-09-10T11:45:18Z,Norway,Haiti,5,0,1.44,4.77,6.46,1.08,2.69,1.15,1.45,2.7,1.68,2.15,Oui,Non,Oui,Non,Non,Home,78,"[29, 45, 66, 73, 78]",True
d6e7801e22b43349,coupe-du-monde,165040,77,2026-09-10T11:51:18Z,Korea Republic,Canada,1,1,2.16,3.81,2.99,1.35,1.65,1.23,1.5,2.55,1.47,2.63,Non,Oui,Non,Oui,Non,Home,58,"[46, 58]",True
a05b38672d4d5775,coupe-du-monde,165040,77,2026-09-10T11:51:18Z,Egypt,South Africa,2,1,1.94,3.63,3.73,1.24,1.81,1.25,1.7,2.12,1.64,2.22,Oui,Oui,Oui,Non,Non,Home,89,"[89, 89, 89]",True
58199d1413f99500,coupe-du-monde,165040,77,2026-09-10T11:51:18Z,Spain,Ghana,2,1,1.3,5.54,9.1,1.03,3.38,1.12,1.42,2.8,1.85,1.92,Oui,Oui,Oui,Non,Non,Home,85,"[23, 63, 85]",True
9de0bd0cad4169cb,coupe-du-monde,165040,77,2026-09-10T11:51:18Z,Australia,Panama,2,0,1.85,3.78,3.91,1.22,1.89,1.23,1.62,2.26,1.61,2.28,Non,Non,Oui,Non,Non,Home,55,"[22, 55]",True
9e13063dc9032b2f,coupe-du-monde,165040,77,2026-09-10T11:51:18Z,France,Brazil,1,1,1.97,4.24,3.15,1.32,1.77,1.19,1.32,3.3,1.37,3.05,Non,Oui,Non,Oui,Non,Away,67,"[58, 67]",True
6459393dfef71106,coupe-du-monde,165040,77,2026-09-10T11:51:18Z,Senegal,England,3,1,3.54,3.84,1.93,1.81,1.26,1.23,1.54,2.44,1.53,2.47,Oui,Oui,Oui,Non,Non,Home,67,"[20, 26, 64, 67]",True
2bd0e899a16b3a49,coupe-du-monde,165040,77,2026-09-10T11:51:18Z,Algeria,Turkiye,0,2,2.45,3.78,2.58,1.46,1.51,1.23,1.49,2.57,1.46,2.68,Non,Non,Non,Non,Oui,Away,38,"[36, 38]",True
bdba553ffc15c06a,coupe-du-monde,165040,77,2026-09-10T11:51:18Z,Germany,Uruguay,1,2,2.64,3.93,2.34,1.55,1.44,1.22,1.41,2.83,1.41,2.86,Oui,Oui,Non,Non,Oui,Home,48,"[36, 41, 48]",True
bf51c65f2328331e,coupe-du-monde,165040,77,2026-09-10T11:51:18Z,Cabo Verde,Norway,2,0,3.93,3.94,1.81,1.93,1.22,1.22,1.53,2.46,1.55,2.42,Non,Non,Oui,Non,Non,Home,63,"[48, 63]",True
8611a4c707d69d0f,coupe-du-monde,165040,77,2026-09-10T11:51:18Z,Haiti,Czechia,2,1,4.59,3.99,1.69,2.09,1.17,1.21,1.59,2.32,1.64,2.22,Oui,Oui,Oui,Non,Non,Away,44,"[3, 15, 44]",True
5f1f549644f2f3e9,coupe-du-monde,165040,77,2026-09-10T11:51:18Z,Belgium,Cote d'Ivoire,0,2,2.04,3.84,3.23,1.31,1.72,1.23,1.51,2.53,1.49,2.58,Non,Non,Non,Non,Oui,Away,83,"[53, 83]",True
1efa2f4125f9b1fc,coupe-du-monde,165040,77,2026-09-10T11:51:18Z,Uzbekistan,Sweden,1,2,3.5,3.79,1.96,1.79,1.27,1.23,1.57,2.37,1.54,2.43,Oui,Oui,Non,Non,Oui,Home,82,"[14, 69, 82]",True
9e3425d31138b974,coupe-du-monde,165040,77,2026-09-10T11:51:18Z,Croatia,Japan,2,1,2.69,3.59,2.44,1.51,1.43,1.26,1.63,2.25,1.54,2.43,Oui,Oui,Oui,Non,Non,Home,50,"[11, 46, 50]",True
d4df27b4958df734,coupe-du-monde,165040,77,2026-09-10T11:51:18Z,Mexico,Scotland,1,2,2.02,3.88,3.25,1.31,1.74,1.22,1.49,2.59,1.48,2.61,Oui,Oui,Non,Non,Oui,Away,72,"[39, 60, 72]",True
409b9b63c9ca86d3,coupe-du-monde,165040,77,2026-09-10T11:51:18Z,Argentina,Iraq,1,1,1.42,4.98,6.52,1.08,2.77,1.14,1.39,2.92,1.64,2.22,Non,Oui,Non,Oui,Non,Away,70,"[35, 70]",True
05ed20e2e051cf8b,coupe-du-monde,165040,77,2026-09-10T11:51:18Z,USA,Bosnia-Herzegovina,3,0,1.84,4.01,3.75,1.24,1.9,1.21,1.48,2.62,1.5,2.54,Oui,Non,Oui,Non,Non,Home,86,"[53, 70, 86]",True
1cc8d56631b5b1f9,coupe-du-monde,165040,77,2026-09-10T11:51:18Z,Morocco,Switzerland,4,0,2.06,3.2,3.8,1.23,1.71,1.31,2.13,1.7,1.9,1.87,Oui,Non,Oui,Non,Non,Home,88,"[22, 53, 88, 88]",True
364b6a9c1f0514ef,coupe-du-monde,165040,77,2026-09-10T11:51:18Z,Tunisia,Curacao,2,0,1.69,3.73,5.03,1.14,2.1,1.24,1.81,1.97,1.83,1.95,Non,Non,Oui,Non,Non,Home,75,"[46, 75]",True
6164b3281684ad8a,coupe-du-monde,165040,77,2026-09-10T11:51:18Z,Portugal,Jordan,2,1,1.48,4.7,5.76,1.11,2.54,1.16,1.42,2.81,1.61,2.28,Oui,Oui,Oui,Non,Non,Home,58,"[24, 43, 58]",True
ff68fac958afa18e,coupe-du-monde,165040,77,2026-09-10T11:51:18Z,Netherlands,New Zealand,2,1,1.46,4.8,6.08,1.1,2.63,1.15,1.41,2.83,1.63,2.25,Oui,Oui,Oui,Non,Non,Home,80,"[40, 45, 80]",True
634000e10a48e197,coupe-du-monde,165040,77,2026-09-10T11:51:18Z,Ecuador,Austria,0,2,2.69,3.74,2.38,1.53,1.43,1.24,1.52,2.48,1.48,2.61,Non,Non,Non,Non,Oui,Away,9,"[1, 9]",True
f0e88694cb29c6ee,coupe-du-monde,165040,77,2026-09-10T11:51:18Z,IR Iran,Qatar,2,2,2.26,3.59,2.96,1.36,1.59,1.26,1.64,2.22,1.56,2.38,Oui,Oui,Non,Oui,Non,Home,82,"[30, 45, 57, 82]",True
57e278d71f7ae40a,coupe-du-monde,165040,77,2026-09-10T11:51:18Z,Colombia,Congo DR,3,3,1.65,4.22,4.61,1.16,2.16,1.19,1.48,2.61,1.56,2.38,Oui,Oui,Non,Oui,Non,Home,66,"[27, 33, 34, 46, 59, 66]",True
0d01ad385ea87b54,coupe-du-monde,165040,77,2026-09-10T11:51:18Z,Paraguay,Saudi Arabia,1,3,2.27,3.64,2.9,1.37,1.58,1.25,1.6,2.3,1.53,2.45,Oui,Oui,Non,Non,Oui,Away,84,"[20, 47, 63, 84]",True
5d479b2df4772ac1,coupe-du-monde,165040,79,2026-09-10T11:55:18Z,Belgium,Norway,3,2,2.37,3.83,2.65,1.44,1.54,1.23,1.47,2.64,1.44,2.73,Oui,Oui,Oui,Non,Non,Home,81,"[41, 44, 52, 73, 81]",True
6de00bb2634ec792,coupe-du-monde,165040,79,2026-09-10T11:55:18Z,New Zealand,Panama,0,3,2.75,3.4,2.49,1.49,1.41,1.28,1.79,2.0,1.64,2.22,Oui,Non,Non,Non,Oui,Away,75,"[9, 57, 75]",True
f2297a842f84082a,coupe-du-monde,165040,79,2026-09-10T11:55:18Z,Paraguay,Haiti,2,0,1.88,3.74,3.84,1.23,1.86,1.24,1.64,2.22,1.61,2.28,Non,Non,Oui,Non,Non,Home,85,"[70, 85]",True
5ca1c4318a46e67f,coupe-du-monde,165040,79,2026-09-10T11:55:18Z,Egypt,Scotland,2,1,2.24,3.6,2.98,1.35,1.6,1.25,1.64,2.23,1.56,2.39,Oui,Oui,Oui,Non,Non,Away,88,"[16, 69, 88]",True
df71c307333ac7bc,coupe-du-monde,165040,79,2026-09-10T11:55:18Z,Croatia,South Africa,3,0,1.69,3.99,4.6,1.16,2.1,1.21,1.59,2.32,1.64,2.22,Oui,Non,Oui,Non,Non,Home,87,"[75, 80, 87]",True
7b7a68aa81548cac,coupe-du-monde,165040,79,2026-09-10T11:55:18Z,Argentina,Tunisia,4,2,1.5,4.55,5.7,1.11,2.48,1.17,1.46,2.66,1.63,2.23,Oui,Oui,Oui,Non,Non,Away,88,"[3, 6, 8, 72, 79, 88]",True
763b2289af8e77a1,coupe-du-monde,165040,79,2026-09-10T11:55:18Z,Australia,Ghana,2,0,1.95,3.88,3.45,1.27,1.79,1.22,1.5,2.53,1.5,2.54,Non,Non,Oui,Non,Non,Home,79,"[49, 79]",True
8d83fd3478f8dc06,coupe-du-monde,165040,79,2026-09-10T11:55:18Z,USA,Canada,2,0,2.06,3.98,3.1,1.33,1.71,1.21,1.42,2.79,1.43,2.77,Non,Non,Oui,Non,Non,Home,84,"[4, 84]",True
4279581935d730b6,coupe-du-monde,165040,79,2026-09-10T11:55:18Z,IR Iran,Sweden,0,2,2.67,3.52,2.49,1.49,1.43,1.26,1.68,2.16,1.57,2.35,Non,Non,Non,Non,Oui,Away,71,"[61, 71]",True
dd65df4b243a3df7,coupe-du-monde,165040,79,2026-09-10T11:55:18Z,Portugal,Switzerland,3,0,2.19,3.77,2.96,1.36,1.63,1.23,1.52,2.49,1.49,2.59,Oui,Non,Oui,Non,Non,Home,34,"[23, 28, 34]",True
4fa989b8a4d3bd18,coupe-du-monde,165040,79,2026-09-10T11:55:18Z,Germany,Congo DR,1,2,1.54,4.54,5.23,1.13,2.39,1.17,1.42,2.81,1.57,2.37,Oui,Oui,Non,Non,Oui,Home,78,"[3, 61, 78]",True
795c8f5046e31582,coupe-du-monde,165040,79,2026-09-10T11:55:18Z,Ecuador,Bosnia-Herzegovina,0,0,1.93,3.85,3.55,1.26,1.81,1.23,1.53,2.45,1.53,2.47,Non,Non,Non,Oui,Non,,,[],True
246ff784411ffd03,coupe-du-monde,165040,79,2026-09-10T11:55:18Z,Spain,Cote d'Ivoire,0,2,1.46,4.73,6.06,1.1,2.61,1.16,1.43,2.76,1.64,2.23,Non,Non,Non,Non,Oui,Away,81,"[26, 81]",True
bc68fc184c190c0a,coupe-du-monde,165040,79,2026-09-10T11:55:18Z,Uzbekistan,Saudi Arabia,0,1,2.61,3.66,2.47,1.5,1.45,1.25,1.57,2.37,1.51,2.52,Non,Non,Non,Non,Oui,Away,13,[13],True
51f2d2edea4df49c,coupe-du-monde,165040,79,2026-09-10T11:55:18Z,Senegal,Turkiye,0,2,2.03,3.75,3.32,1.29,1.73,1.24,1.57,2.37,1.53,2.45,Non,Non,Non,Non,Oui,Away,78,"[11, 78]",True
cebb7343685e0b7b,coupe-du-monde,165040,79,2026-09-10T11:55:18Z,Japan,England,1,1,3.46,3.87,1.95,1.79,1.27,1.22,1.52,2.49,1.51,2.51,Non,Oui,Non,Oui,Non,Home,72,"[55, 72]",True
38694aa1d6a5173b,coupe-du-monde,165040,79,2026-09-10T11:55:18Z,Korea Republic,Uruguay,0,4,3.87,4.03,1.81,1.94,1.22,1.21,1.48,2.61,1.51,2.52,Oui,Non,Non,Non,Oui,Away,80,"[44, 67, 74, 80]",True
de333790f2902143,coupe-du-monde,165040,79,2026-09-10T11:55:18Z,Cabo Verde,Iraq,0,0,2.58,3.49,2.59,1.45,1.46,1.27,1.71,2.11,1.59,2.32,Non,Non,Non,Oui,Non,,,[],True
e1f100ed67083f3f,coupe-du-monde,165040,79,2026-09-10T11:55:18Z,Morocco,Brazil,2,1,2.34,3.47,2.89,1.37,1.55,1.27,1.72,2.08,1.61,2.28,Oui,Oui,Oui,Non,Non,Away,78,"[28, 65, 78]",True
ea4139eddfd31016,coupe-du-monde,165040,79,2026-09-10T11:55:18Z,Mexico,Qatar,0,0,2.0,3.89,3.31,1.29,1.76,1.22,1.48,2.59,1.48,2.61,Non,Non,Non,Oui,Non,,,[],True
c0fef75d2eb1b072,coupe-du-monde,165040,79,2026-09-10T11:55:18Z,Netherlands,Austria,2,2,2.15,3.99,2.91,1.37,1.65,1.21,1.4,2.89,1.41,2.87,Oui,Oui,Non,Oui,Non,Home,73,"[26, 63, 70, 73]",True
4cc5560a62022b9a,coupe-du-monde,165040,79,2026-09-10T11:55:18Z,Algeria,Jordan,1,2,2.12,3.59,3.24,1.31,1.67,1.26,1.67,2.16,1.59,2.31,Oui,Oui,Non,Non,Oui,Away,83,"[15, 24, 83]",True
c0d9325ea0d97a07,coupe-du-monde,165040,79,2026-09-10T11:55:18Z,Colombia,Czechia,3,1,2.0,3.9,3.3,1.3,1.76,1.22,1.48,2.61,1.47,2.62,Oui,Oui,Oui,Non,Non,Away,76,"[15, 32, 63, 76]",True
26e7570467ecdddc,coupe-du-monde,165040,79,2026-09-10T11:55:18Z,France,Curacao,2,1,1.15,7.95,15.85,0.98,5.2,1.05,1.3,3.47,2.16,1.68,Oui,Oui,Oui,Non,Non,Home,54,"[7, 46, 54]",True
44aa0f022ec83507,coupe-du-monde,165040,82,2026-09-10T12:01:18Z,Jordan,Croatia,1,1,4.38,3.79,1.76,1.99,1.18,1.23,1.68,2.16,1.68,2.15,Non,Oui,Non,Oui,Non,Away,43,"[35, 43]",True
5169de35a093ea82,coupe-du-monde,165040,82,2026-09-10T12:01:18Z,Argentina,Uzbekistan,1,0,1.36,5.4,7.11,1.07,3.01,1.12,1.33,3.22,1.63,2.24,Non,Non,Oui,Non,Non,Home,27,[27],True
66ebe2273f2e542d,coupe-du-monde,165040,82,2026-09-10T12:01:18Z,Qatar,Senegal,1,3,3.47,3.77,1.97,1.77,1.27,1.23,1.57,2.36,1.54,2.42,Oui,Oui,Non,Non,Oui,Home,58,"[19, 22, 30, 58]",True
48eacfa9dea60657,coupe-du-monde,165040,82,2026-09-10T12:01:18Z,Curacao,IR Iran,1,3,6.22,4.23,1.51,2.47,1.09,1.19,1.65,2.2,1.82,1.95,Oui,Oui,Non,Non,Oui,Home,59,"[2, 56, 58, 59]",True
d63eeee2d430436f,coupe-du-monde,165040,82,2026-09-10T12:01:18Z,Tunisia,Germany,0,3,3.91,3.93,1.82,1.92,1.22,1.22,1.53,2.45,1.55,2.41,Oui,Non,Non,Non,Oui,Away,65,"[23, 53, 65]",True
094c3271eceb532b,coupe-du-monde,165040,82,2026-09-10T12:01:18Z,Canada,New Zealand,1,0,1.95,3.73,3.6,1.26,1.8,1.24,1.61,2.28,1.58,2.35,Non,Non,Oui,Non,Non,Home,71,[71],True
5dbbdd062955c670,coupe-du-monde,165040,82,2026-09-10T12:01:18Z,Uruguay,Australia,1,3,1.83,3.98,3.83,1.23,1.92,1.21,1.5,2.55,1.52,2.49,Oui,Oui,Non,Non,Oui,Home,78,"[41, 44, 65, 78]",True
14afc8f06b1c5913,coupe-du-monde,165040,82,2026-09-10T12:01:18Z,Cote d'Ivoire,Ecuador,2,2,2.5,3.77,2.53,1.48,1.49,1.23,1.5,2.54,1.46,2.66,Oui,Oui,Non,Oui,Non,Away,71,"[37, 38, 66, 71]",True
41064f425907031a,coupe-du-monde,165040,82,2026-09-10T12:01:18Z,Norway,USA,3,2,2.27,3.96,2.72,1.42,1.58,1.22,1.4,2.88,1.4,2.88,Oui,Oui,Oui,Non,Non,Home,82,"[32, 34, 61, 68, 82]",True
3509951c503f3943,coupe-du-monde,165040,82,2026-09-10T12:01:18Z,Paraguay,Cabo Verde,2,0,2.46,3.6,2.67,1.43,1.5,1.26,1.62,2.26,1.54,2.44,Non,Non,Oui,Non,Non,Home,90,"[74, 90]",True
28bd6aa50d0e124a,coupe-du-monde,165040,82,2026-09-10T12:01:18Z,Iraq,Korea Republic,3,0,3.12,3.65,2.15,1.65,1.33,1.25,1.61,2.28,1.55,2.42,Oui,Non,Oui,Non,Non,Home,88,"[2, 76, 88]",True
1620d99a7761ef0d,coupe-du-monde,165040,82,2026-09-10T12:01:18Z,Czechia,Belgium,1,2,3.4,3.77,2.0,1.75,1.28,1.24,1.57,2.37,1.54,2.44,Oui,Oui,Non,Non,Oui,Away,65,"[14, 41, 65]",True
b3c91c0cb5c5a00f,coupe-du-monde,165040,82,2026-09-10T12:01:18Z,France,Colombia,3,1,1.68,4.37,4.22,1.19,2.11,1.18,1.38,3.0,1.46,2.66,Oui,Oui,Oui,Non,Non,Home,88,"[40, 44, 51, 88]",True
211eea1dd833bbf1,coupe-du-monde,165040,82,2026-09-10T12:01:18Z,South Africa,Netherlands,1,3,5.16,4.48,1.56,2.35,1.13,1.17,1.43,2.76,1.57,2.36,Oui,Oui,Non,Non,Oui,Away,86,"[32, 42, 48, 86]",True
e62ebeb8a78ff012,coupe-du-monde,165040,82,2026-09-10T12:01:18Z,Switzerland,Egypt,3,0,2.06,3.54,3.43,1.28,1.71,1.26,1.73,2.08,1.64,2.22,Oui,Non,Oui,Non,Non,Home,89,"[57, 63, 89]",True
3b814a0bfae9620b,coupe-du-monde,165040,82,2026-09-10T12:01:18Z,Saudi Arabia,Portugal,0,0,6.0,4.98,1.44,2.67,1.1,1.14,1.36,3.1,1.58,2.35,Non,Non,Non,Oui,Non,,,[],True
aa6e0b50849a7458,coupe-du-monde,165040,82,2026-09-10T12:01:18Z,Congo DR,Spain,1,2,9.7,5.75,1.28,3.54,1.03,1.11,1.41,2.86,1.88,1.9,Oui,Oui,Non,Non,Oui,Home,81,"[26, 60, 81]",True
79126cd67bf97fd9,coupe-du-monde,165040,82,2026-09-10T12:01:18Z,Haiti,Morocco,1,2,11.01,5.0,1.3,3.37,1.01,1.14,1.7,2.11,2.29,1.6,Oui,Oui,Non,Non,Oui,Away,65,"[18, 60, 65]",True
e85507a1ac836fb7,coupe-du-monde,165040,82,2026-09-10T12:01:18Z,Ghana,Austria,2,2,3.89,3.92,1.83,1.92,1.22,1.22,1.54,2.44,1.55,2.41,Oui,Oui,Non,Oui,Non,Home,80,"[30, 31, 58, 80]",True
7b51726a97b99f11,coupe-du-monde,165040,82,2026-09-10T12:01:18Z,Brazil,Mexico,0,2,1.98,4.1,3.22,1.31,1.77,1.2,1.38,2.98,1.41,2.86,Non,Non,Non,Non,Oui,Away,65,"[24, 65]",True
266487bfeb85dcde,coupe-du-monde,165040,82,2026-09-10T12:01:18Z,Sweden,Algeria,0,0,2.28,3.61,2.91,1.37,1.58,1.25,1.62,2.25,1.55,2.42,Non,Non,Non,Oui,Non,,,[],True
d081cc645926dad3,coupe-du-monde,165040,82,2026-09-10T12:01:18Z,Bosnia-Herzegovina,Panama,1,4,2.37,3.5,2.84,1.39,1.54,1.27,1.7,2.12,1.59,2.32,Oui,Oui,Non,Non,Oui,Away,69,"[37, 39, 40, 47, 69]",True
40d56f15b128c976,coupe-du-monde,165040,82,2026-09-10T12:01:18Z,Scotland,Japan,0,1,3.62,3.93,1.89,1.85,1.25,1.22,1.5,2.54,1.51,2.52,Non,Non,Non,Non,Oui,Away,4,[4],True
fbee6f4da5e2a7e3,coupe-du-monde,165040,82,2026-09-10T12:01:18Z,Turkiye,England,2,0,4.72,4.47,1.6,2.25,1.16,1.17,1.39,2.92,1.51,2.5,Non,Non,Oui,Non,Non,Home,49,"[27, 49]",True
2c5c856186eca9da,coupe-du-monde,165040,84,2026-09-10T12:05:18Z,Ghana,Bosnia-Herzegovina,1,1,2.49,3.69,2.58,1.46,1.49,1.24,1.55,2.41,1.49,2.56,Non,Oui,Non,Oui,Non,Home,51,"[18, 51]",True
f21b154941e09d60,coupe-du-monde,165040,84,2026-09-10T12:05:18Z,Curacao,Mexico,0,2,6.9,4.71,1.42,2.75,1.07,1.16,1.51,2.51,1.77,2.02,Non,Non,Non,Non,Oui,Away,42,"[39, 42]",True
5f5d3663ab875046,coupe-du-monde,165040,84,2026-09-10T12:05:18Z,Sweden,Senegal,1,0,3.05,3.6,2.21,1.62,1.34,1.26,1.64,2.21,1.57,2.37,Non,Non,Oui,Non,Non,Home,74,[74],True
51511fa35609adca,coupe-du-monde,165040,84,2026-09-10T12:05:18Z,Norway,Ecuador,2,0,2.1,3.89,3.06,1.34,1.68,1.22,1.46,2.65,1.45,2.69,Non,Non,Oui,Non,Non,Home,87,"[57, 87]",True
d3f1b59f29b6d1f2,coupe-du-monde,165040,84,2026-09-10T12:05:18Z,Colombia,Morocco,0,0,3.96,3.46,1.93,1.81,1.22,1.27,1.87,1.9,1.77,2.02,Non,Non,Non,Oui,Non,,,[],True
521e24cf17346a41,coupe-du-monde,165040,84,2026-09-10T12:05:18Z,Uruguay,New Zealand,4,0,1.43,4.64,6.9,1.07,2.72,1.16,1.54,2.44,1.79,2.0,Oui,Non,Oui,Non,Non,Home,84,"[21, 35, 45, 84]",True
3f45bd98e68f3e4d,coupe-du-monde,165040,84,2026-09-10T12:05:18Z,Brazil,Egypt,0,1,1.75,4.2,4.01,1.21,2.02,1.19,1.42,2.82,1.48,2.6,Non,Non,Non,Non,Oui,Away,58,[58],True
95de8127cb20d58a,coupe-du-monde,165040,84,2026-09-10T12:05:18Z,Qatar,Japan,1,0,3.4,3.8,1.99,1.76,1.28,1.23,1.55,2.42,1.52,2.48,Non,Non,Oui,Non,Non,Home,79,[79],True
97a6df3eb9ba9bd9,coupe-du-monde,165040,84,2026-09-10T12:05:18Z,Jordan,England,4,1,6.36,4.65,1.45,2.63,1.09,1.16,1.49,2.58,1.71,2.11,Oui,Oui,Oui,Non,Non,Home,89,"[6, 17, 18, 88, 89]",True
e298c18a67ff18cf,coupe-du-monde,165040,84,2026-09-10T12:05:18Z,Canada,Panama,3,2,1.95,3.7,3.6,1.26,1.79,1.24,1.64,2.23,1.59,2.32,Oui,Oui,Oui,Non,Non,Home,65,"[9, 13, 15, 60, 65]",True
92fd782c0b196bf8,coupe-du-monde,165040,84,2026-09-10T12:05:18Z,Saudi Arabia,Algeria,3,0,3.18,3.66,2.12,1.67,1.32,1.25,1.61,2.28,1.55,2.41,Oui,Non,Oui,Non,Non,Home,45,"[43, 45, 45]",True
424bb6ff492983d7,coupe-du-monde,165040,84,2026-09-10T12:05:18Z,Haiti,Portugal,0,2,8.99,5.85,1.29,3.48,1.03,1.1,1.35,3.14,1.77,2.02,Non,Non,Non,Non,Oui,Away,39,"[22, 39]",True
e0282fa66bebc572,coupe-du-monde,165040,84,2026-09-10T12:05:18Z,Cote d'Ivoire,Austria,0,2,2.87,3.75,2.25,1.59,1.38,1.24,1.53,2.46,1.49,2.57,Non,Non,Non,Non,Oui,Away,27,"[24, 27]",True
61ef3b2473e9db15,coupe-du-monde,165040,84,2026-09-10T12:05:18Z,Paraguay,Belgium,1,2,4.01,4.0,1.79,1.96,1.21,1.21,1.51,2.51,1.54,2.43,Oui,Oui,Non,Non,Oui,Away,90,"[88, 90, 90]",True
aeac4cb075c3a86a,coupe-du-monde,165040,84,2026-09-10T12:05:18Z,Switzerland,Croatia,1,0,2.38,3.45,2.86,1.38,1.54,1.27,1.75,2.05,1.62,2.26,Non,Non,Oui,Non,Non,Home,68,[68],True
9964ec323f1a25e2,coupe-du-monde,165040,84,2026-09-10T12:05:18Z,Scotland,South Africa,1,3,2.04,3.73,3.31,1.29,1.72,1.24,1.58,2.34,1.54,2.43,Oui,Oui,Non,Non,Oui,Away,70,"[37, 38, 49, 70]",True
b7654d3e7a337b8d,coupe-du-monde,165040,84,2026-09-10T12:05:18Z,Turkiye,Netherlands,0,4,3.71,4.23,1.81,1.94,1.24,1.19,1.38,2.99,1.44,2.75,Oui,Non,Non,Non,Oui,Away,68,"[34, 56, 58, 68]",True
a47132d58a2db666,coupe-du-monde,165040,84,2026-09-10T12:05:18Z,Czechia,Spain,1,1,6.78,4.77,1.42,2.75,1.08,1.15,1.48,2.6,1.73,2.07,Non,Oui,Non,Oui,Non,Away,39,"[33, 39]",True
43adf133149b6b48,coupe-du-monde,165040,84,2026-09-10T12:05:18Z,Tunisia,Korea Republic,2,3,3.02,3.48,2.27,1.59,1.35,1.27,1.73,2.07,1.62,2.26,Oui,Oui,Non,Non,Oui,Home,90,"[19, 45, 65, 83, 90]",True
d77ddb88ba63c203,coupe-du-monde,165040,84,2026-09-10T12:05:18Z,Argentina,IR Iran,1,2,1.61,4.34,4.77,1.15,2.23,1.18,1.45,2.7,1.56,2.4,Oui,Oui,Non,Non,Oui,Home,77,"[13, 27, 77]",True
7cb57e8ee0ee27b0,coupe-du-monde,165040,84,2026-09-10T12:05:18Z,Congo DR,Australia,3,3,3.57,3.76,1.94,1.8,1.26,1.24,1.59,2.33,1.56,2.39,Oui,Oui,Non,Oui,Non,Away,88,"[8, 39, 43, 59, 77, 88]",True
f144596cab7486e1,coupe-du-monde,165040,84,2026-09-10T12:05:18Z,France,Germany,1,1,1.75,4.37,3.84,1.23,2.01,1.18,1.34,3.19,1.42,2.82,Non,Oui,Non,Oui,Non,Home,66,"[50, 66]",True
6939f1937bdde05a,coupe-du-monde,165040,84,2026-09-10T12:05:18Z,Uzbekistan,Cabo Verde,1,0,2.65,3.51,2.51,1.48,1.44,1.27,1.68,2.15,1.58,2.35,Non,Non,Oui,Non,Non,Home,78,[78],True
6dc5daf10c631dbb,coupe-du-monde,165040,84,2026-09-10T12:05:18Z,Iraq,USA,0,2,3.5,3.94,1.92,1.82,1.27,1.22,1.48,2.6,1.49,2.58,Non,Non,Non,Non,Oui,Away,26,"[24, 26]",True
733111707673fd25,coupe-du-monde,165040,87,2026-09-10T12:11:18Z,Senegal,Curacao,1,1,1.4,4.73,7.33,1.06,2.82,1.16,1.54,2.43,1.83,1.95,Non,Oui,Non,Oui,Non,Home,66,"[4, 66]",True
828f48c584c9dc45,coupe-du-monde,165040,87,2026-09-10T12:11:18Z,Mexico,Colombia,1,3,2.52,3.87,2.47,1.5,1.48,1.22,1.45,2.71,1.43,2.78,Oui,Oui,Non,Non,Oui,Away,64,"[25, 49, 59, 64]",True
221a863dc56ef236,coupe-du-monde,165040,87,2026-09-10T12:11:18Z,England,Sweden,2,1,1.83,3.98,3.84,1.23,1.92,1.21,1.5,2.54,1.52,2.48,Oui,Oui,Oui,Non,Non,Home,45,"[43, 44, 45]",True
b8f8a8591943a0cb,coupe-du-monde,165040,87,2026-09-10T12:11:18Z,Australia,Tunisia,0,2,2.44,3.47,2.76,1.41,1.51,1.27,1.72,2.09,1.6,2.29,Non,Non,Non,Non,Oui,Away,81,"[56, 81]",True
36f245855cc0a3e6,coupe-du-monde,165040,87,2026-09-10T12:11:18Z,Scotland,Jordan,1,2,2.27,3.57,2.95,1.36,1.58,1.26,1.65,2.2,1.57,2.37,Oui,Oui,Non,Non,Oui,Home,89,"[60, 62, 89]",True
20d7949c5f0d50ba,coupe-du-monde,165040,87,2026-09-10T12:11:18Z,Turkiye,Qatar,3,1,2.39,3.82,2.63,1.44,1.53,1.23,1.47,2.62,1.45,2.72,Oui,Oui,Oui,Non,Non,Away,80,"[38, 68, 74, 80]",True
d6639fdb7964f92f,coupe-du-monde,165040,87,2026-09-10T12:11:18Z,Croatia,Saudi Arabia,4,0,1.74,3.96,4.33,1.18,2.03,1.22,1.57,2.36,1.6,2.29,Oui,Non,Oui,Non,Non,Home,85,"[7, 49, 61, 85]",True
61523d31d3893ad1,coupe-du-monde,165040,87,2026-09-10T12:11:18Z,Algeria,Argentina,1,2,5.2,4.65,1.53,2.41,1.13,1.16,1.38,3.0,1.53,2.46,Oui,Oui,Non,Non,Oui,Home,57,"[42, 44, 57]",True
e4348c26640005e4,coupe-du-monde,165040,87,2026-09-10T12:11:18Z,Belgium,Morocco,0,2,3.69,3.36,2.04,1.73,1.24,1.29,1.93,1.84,1.78,2.01,Non,Non,Non,Non,Oui,Away,75,"[58, 75]",True
2d26228d3a92c058,coupe-du-monde,165040,87,2026-09-10T12:11:18Z,Austria,Congo DR,0,0,1.79,3.89,4.08,1.2,1.96,1.22,1.58,2.34,1.59,2.31,Non,Non,Non,Oui,Non,,,[],True
854f724b9b5e4b0f,coupe-du-monde,165040,87,2026-09-10T12:11:18Z,Egypt,Haiti,0,2,1.62,4.0,5.15,1.13,2.21,1.21,1.65,2.2,1.73,2.08,Non,Non,Non,Non,Oui,Away,85,"[85, 85]",True
df0da88a208b37ad,coupe-du-monde,165040,87,2026-09-10T12:11:18Z,South Africa,Switzerland,0,3,4.86,3.88,1.68,2.12,1.15,1.22,1.69,2.14,1.73,2.08,Oui,Non,Non,Non,Oui,Away,65,"[5, 13, 65]",True
2dc6ccdb987f690e,coupe-du-monde,165040,87,2026-09-10T12:11:18Z,Portugal,Cabo Verde,2,1,1.51,4.68,5.5,1.12,2.48,1.16,1.4,2.91,1.57,2.37,Oui,Oui,Oui,Non,Non,Home,54,"[8, 42, 54]",True
bc65b6d7c21716ee,coupe-du-monde,165040,87,2026-09-10T12:11:18Z,IR Iran,Germany,2,4,3.52,3.95,1.91,1.83,1.26,1.22,1.48,2.61,1.49,2.58,Oui,Oui,Non,Non,Oui,Home,90,"[17, 30, 39, 58, 63, 90]",True
b14d460f1308833a,coupe-du-monde,165040,87,2026-09-10T12:11:18Z,Panama,Norway,1,4,5.32,4.27,1.57,2.32,1.13,1.19,1.53,2.45,1.65,2.19,Oui,Oui,Non,Non,Oui,Away,83,"[29, 36, 45, 69, 83]",True
0bcde3db45926528,coupe-du-monde,165040,87,2026-09-10T12:11:18Z,USA,Paraguay,1,1,1.99,3.89,3.34,1.29,1.76,1.22,1.49,2.58,1.48,2.6,Non,Oui,Non,Oui,Non,Away,37,"[20, 37]",True
5adf5c4f2e71ae9a,coupe-du-monde,165040,87,2026-09-10T12:11:18Z,Korea Republic,Uzbekistan,2,0,2.09,3.74,3.17,1.32,1.68,1.24,1.56,2.39,1.52,2.49,Non,Non,Oui,Non,Non,Home,19,"[5, 19]",True
50ebb992023bce24,coupe-du-monde,165040,87,2026-09-10T12:11:18Z,Japan,Brazil,1,1,3.15,3.96,2.04,1.72,1.32,1.22,1.44,2.75,1.44,2.73,Non,Oui,Non,Oui,Non,Away,87,"[67, 87]",True
69721df85b4a0cf6,coupe-du-monde,165040,87,2026-09-10T12:11:18Z,Ghana,Cote d'Ivoire,1,0,3.37,3.83,1.99,1.76,1.29,1.23,1.53,2.47,1.51,2.51,Non,Non,Oui,Non,Non,Home,27,[27],True
2c3f4713cec444df,coupe-du-monde,165040,87,2026-09-10T12:11:18Z,Ecuador,Czechia,2,1,2.38,3.69,2.71,1.42,1.53,1.24,1.55,2.4,1.5,2.55,Oui,Oui,Oui,Non,Non,Away,52,"[2, 9, 52]",True
9ba0023f7f9974d3,coupe-du-monde,165040,87,2026-09-10T12:11:18Z,Spain,France,2,2,2.46,3.79,2.57,1.46,1.5,1.23,1.49,2.58,1.45,2.69,Oui,Oui,Non,Oui,Non,Home,84,"[34, 36, 67, 84]",True
441b133d419b115a,coupe-du-monde,165040,87,2026-09-10T12:11:18Z,Netherlands,Canada,3,0,1.77,4.22,3.87,1.22,1.98,1.19,1.4,2.89,1.46,2.67,Oui,Non,Oui,Non,Non,Home,62,"[41, 57, 62]",True
f28deb9697650bd1,coupe-du-monde,165040,87,2026-09-10T12:11:18Z,New Zealand,Iraq,1,2,3.3,3.52,2.12,1.67,1.3,1.27,1.73,2.07,1.63,2.24,Oui,Oui,Non,Non,Oui,Away,78,"[18, 56, 78]",True
ad129084c9e9f3a4,coupe-du-monde,165040,87,2026-09-10T12:11:18Z,Bosnia-Herzegovina,Uruguay,0,0,5.55,4.35,1.54,2.39,1.12,1.18,1.53,2.47,1.67,2.16,Non,Non,Non,Oui,Non,,,[],True
716a3dee3110d3c4,coupe-du-monde,165040,89,2026-09-10T12:15:18Z,Korea Republic,IR Iran,3,2,2.67,3.58,2.46,1.5,1.43,1.26,1.63,2.24,1.55,2.42,Oui,Oui,Oui,Non,Non,Home,83,"[35, 44, 56, 80, 83]",True
e67a6f4de9e1525c,coupe-du-monde,165040,89,2026-09-10T12:15:18Z,Turkiye,Sweden,2,3,2.84,3.76,2.26,1.59,1.39,1.24,1.52,2.49,1.48,2.6,Oui,Oui,Non,Non,Oui,Away,77,"[11, 31, 51, 53, 77]",True
4fbe2b928ded4116,coupe-du-monde,165040,89,2026-09-10T12:15:18Z,Jordan,Qatar,3,1,2.99,3.61,2.23,1.61,1.35,1.25,1.63,2.24,1.55,2.4,Oui,Oui,Oui,Non,Non,Home,48,"[39, 40, 45, 48]",True
ec5be062ebdecd6d,coupe-du-monde,165040,89,2026-09-10T12:15:18Z,South Africa,Brazil,1,2,6.08,4.93,1.44,2.67,1.1,1.15,1.38,3.0,1.6,2.3,Oui,Oui,Non,Non,Oui,Away,89,"[34, 37, 89]",True
dba8f1353b22803b,coupe-du-monde,165040,89,2026-09-10T12:15:18Z,Spain,Morocco,2,1,2.42,3.18,3.01,1.35,1.52,1.32,2.04,1.76,1.8,1.99,Oui,Oui,Oui,Non,Non,Home,85,"[28, 74, 85]",True
76762b4efbc6ee8d,coupe-du-monde,165040,89,2026-09-10T12:15:18Z,Netherlands,Cote d'Ivoire,3,2,1.93,4.09,3.36,1.29,1.81,1.2,1.4,2.91,1.43,2.79,Oui,Oui,Oui,Non,Non,Home,61,"[16, 35, 51, 51, 61]",True
edc42ee08fbe05af,coupe-du-monde,165040,89,2026-09-10T12:15:18Z,Ghana,Norway,1,4,4.14,4.16,1.73,2.04,1.2,1.2,1.45,2.69,1.51,2.51,Oui,Oui,Non,Non,Oui,Away,86,"[3, 14, 48, 79, 86]",True
c52eb8e28c461709,coupe-du-monde,165040,89,2026-09-10T12:15:18Z,Croatia,Haiti,1,1,1.46,4.49,6.61,1.08,2.62,1.17,1.57,2.36,1.79,1.99,Non,Oui,Non,Oui,Non,Home,87,"[87, 87]",True
36e66b7cc3876198,coupe-du-monde,165040,89,2026-09-10T12:15:18Z,New Zealand,Tunisia,3,0,3.96,3.56,1.9,1.84,1.22,1.26,1.79,2.0,1.72,2.1,Oui,Non,Oui,Non,Non,Home,42,"[30, 41, 42]",True
1f66e428964a0fa4,coupe-du-monde,165040,89,2026-09-10T12:15:18Z,Portugal,Belgium,3,2,2.04,4.06,3.09,1.33,1.72,1.21,1.38,2.97,1.4,2.88,Oui,Oui,Oui,Non,Non,Home,89,"[29, 38, 57, 73, 89]",True
5dc8a93a64f0f348,coupe-du-monde,165040,89,2026-09-10T12:15:18Z,Ecuador,Paraguay,1,4,2.22,3.73,2.93,1.37,1.61,1.24,1.54,2.43,1.5,2.55,Oui,Oui,Non,Non,Oui,Away,86,"[5, 20, 31, 53, 86]",True
d857c2b14f6798d2,coupe-du-monde,165040,89,2026-09-10T12:15:18Z,Canada,Uruguay,1,1,4.25,4.04,1.73,2.03,1.19,1.21,1.52,2.49,1.56,2.38,Non,Oui,Non,Oui,Non,Away,82,"[54, 82]",True
2dacbc78def93132,coupe-du-monde,165040,89,2026-09-10T12:15:18Z,USA,Uzbekistan,3,1,1.82,4.06,3.78,1.23,1.92,1.21,1.46,2.67,1.49,2.56,Oui,Oui,Oui,Non,Non,Home,71,"[11, 57, 63, 71]",True
f5219b8ecfc36500,coupe-du-monde,165040,89,2026-09-10T12:15:18Z,Scotland,Switzerland,2,2,3.74,3.78,1.89,1.84,1.24,1.23,1.6,2.31,1.58,2.35,Oui,Oui,Non,Oui,Non,Home,73,"[12, 23, 69, 73]",True
3531e76bf09097c3,coupe-du-monde,165040,89,2026-09-10T12:15:18Z,England,Saudi Arabia,1,1,1.43,4.84,6.46,1.08,2.72,1.15,1.43,2.77,1.66,2.18,Non,Oui,Non,Oui,Non,Home,28,"[25, 28]",True
b41ca74fca45bc43,coupe-du-monde,165040,89,2026-09-10T12:15:18Z,Panama,Iraq,2,1,3.31,3.5,2.12,1.67,1.29,1.27,1.74,2.06,1.64,2.22,Oui,Oui,Oui,Non,Non,Home,71,"[20, 68, 71]",True
a8e4eb3737343f24,coupe-du-monde,165040,89,2026-09-10T12:15:18Z,Austria,Czechia,2,0,2.14,3.69,3.11,1.33,1.66,1.24,1.58,2.33,1.53,2.46,Non,Non,Oui,Non,Non,Home,80,"[31, 80]",True
98db4ed12ba89940,coupe-du-monde,165040,89,2026-09-10T12:15:18Z,Japan,Curacao,1,1,1.37,4.93,7.85,1.05,2.97,1.14,1.51,2.51,1.84,1.94,Non,Oui,Non,Oui,Non,Home,42,"[13, 42]",True
b427befe87238326,coupe-du-monde,165040,89,2026-09-10T12:15:18Z,Algeria,Cabo Verde,1,1,2.15,3.58,3.17,1.32,1.65,1.26,1.66,2.18,1.58,2.34,Non,Oui,Non,Oui,Non,Home,74,"[18, 74]",True
68c323960b651ef7,coupe-du-monde,165040,89,2026-09-10T12:15:18Z,Egypt,Colombia,0,0,3.03,3.73,2.16,1.64,1.34,1.24,1.55,2.41,1.51,2.52,Non,Non,Non,Oui,Non,,,[],True
6c3c6732d76080c4,coupe-du-monde,165040,89,2026-09-10T12:15:18Z,Bosnia-Herzegovina,Congo DR,1,0,2.45,3.61,2.66,1.43,1.5,1.25,1.61,2.29,1.53,2.46,Non,Non,Oui,Non,Non,Home,85,[85],True
1cb2492903b500c7,coupe-du-monde,165040,89,2026-09-10T12:15:18Z,Mexico,Germany,2,1,2.96,4.01,2.11,1.67,1.36,1.21,1.39,2.92,1.4,2.88,Oui,Oui,Oui,Non,Non,Home,87,"[35, 73, 87]",True
5f83dab6f1053d4b,coupe-du-monde,165040,89,2026-09-10T12:15:18Z,Senegal,Argentina,2,3,3.71,4.09,1.83,1.91,1.24,1.2,1.44,2.75,1.47,2.62,Oui,Oui,Non,Non,Oui,Home,61,"[17, 19, 44, 57, 61]",True
a4b8296fa7eb91b5,coupe-du-monde,165040,89,2026-09-10T12:15:18Z,Australia,France,1,1,5.85,4.88,1.46,2.61,1.1,1.15,1.38,3.0,1.58,2.34,Non,Oui,Non,Oui,Non,Away,31,"[24, 31]",True
5f25863a3c04d8b8,coupe-du-monde,165040,92,2026-09-10T12:21:18Z,Haiti,South Africa,1,0,3.27,3.52,2.13,1.66,1.3,1.27,1.73,2.07,1.63,2.24,Non,Non,Oui,Non,Non,Home,69,[69],True
984c3c14e2f67b6f,coupe-du-monde,165040,92,2026-09-10T12:21:18Z,Argentina,England,3,0,2.25,4.1,2.69,1.42,1.6,1.2,1.34,3.18,1.36,3.07,Oui,Non,Oui,Non,Non,Home,48,"[17, 41, 48]",True
f5ca1c597ae0a832,coupe-du-monde,165040,92,2026-09-10T12:21:18Z,Uzbekistan,New Zealand,0,0,2.12,3.58,3.24,1.31,1.67,1.26,1.68,2.16,1.6,2.31,Non,Non,Non,Oui,Non,,,[],True
9bb71e02cb239ca1,coupe-du-monde,165040,92,2026-09-10T12:21:18Z,Congo DR,Cote d'Ivoire,0,3,3.49,3.8,1.96,1.79,1.27,1.23,1.56,2.39,1.54,2.44,Oui,Non,Non,Non,Oui,Away,89,"[79, 88, 89]",True
4200cd2453952b3a,coupe-du-monde,165040,92,2026-09-10T12:21:18Z,Belgium,Egypt,0,2,2.04,3.73,3.31,1.3,1.72,1.24,1.58,2.35,1.54,2.44,Non,Non,Non,Non,Oui,Away,70,"[48, 70]",True
81d980711820b0c0,coupe-du-monde,165040,92,2026-09-10T12:21:18Z,Germany,Senegal,2,2,2.27,3.87,2.77,1.4,1.59,1.22,1.45,2.7,1.43,2.76,Oui,Oui,Non,Oui,Non,Away,83,"[32, 58, 61, 83]",True
5eff663bac10c371,coupe-du-monde,165040,92,2026-09-10T12:21:18Z,Portugal,USA,2,2,1.78,4.38,3.7,1.24,1.97,1.18,1.32,3.29,1.4,2.91,Oui,Oui,Non,Oui,Non,Away,87,"[9, 37, 73, 87]",True
39dd59efed90e3cf,coupe-du-monde,165040,92,2026-09-10T12:21:18Z,Brazil,Jordan,1,3,1.47,4.73,5.92,1.1,2.58,1.16,1.42,2.8,1.62,2.25,Oui,Oui,Non,Non,Oui,Away,79,"[24, 29, 61, 79]",True
feed8b82b3822756,coupe-du-monde,165040,92,2026-09-10T12:21:18Z,Switzerland,Netherlands,2,2,2.58,3.78,2.46,1.5,1.46,1.23,1.5,2.55,1.46,2.66,Oui,Oui,Non,Oui,Non,Away,48,"[18, 30, 30, 48]",True
c0aaa0bdcbfad58e,coupe-du-monde,165040,92,2026-09-10T12:21:18Z,Sweden,Qatar,1,3,2.13,3.72,3.1,1.33,1.66,1.24,1.56,2.38,1.52,2.49,Oui,Oui,Non,Non,Oui,Away,81,"[7, 15, 71, 81]",True
58760666f3aa2e75,coupe-du-monde,165040,92,2026-09-10T12:21:18Z,Korea Republic,Algeria,3,1,2.43,3.63,2.69,1.43,1.52,1.25,1.6,2.31,1.52,2.48,Oui,Oui,Oui,Non,Non,Home,72,"[25, 28, 32, 72]",True
0b6679882b23d9f0,coupe-du-monde,165040,92,2026-09-10T12:21:18Z,Cabo Verde,Croatia,0,1,4.04,3.77,1.83,1.92,1.21,1.23,1.65,2.21,1.63,2.23,Non,Non,Non,Non,Oui,Away,32,[32],True
971866ec644f2751,coupe-du-monde,165040,92,2026-09-10T12:21:18Z,Colombia,Japan,1,3,2.5,3.76,2.54,1.47,1.49,1.24,1.51,2.52,1.47,2.64,Oui,Oui,Non,Non,Oui,Home,47,"[33, 41, 41, 47]",True
44c3157c412eea28,coupe-du-monde,165040,92,2026-09-10T12:21:18Z,France,Austria,1,2,1.54,4.6,5.13,1.13,2.38,1.17,1.39,2.93,1.54,2.44,Oui,Oui,Non,Non,Oui,Away,70,"[28, 69, 70]",True
eb85e56b701a9a8a,coupe-du-monde,165040,92,2026-09-10T12:21:18Z,Iraq,Canada,2,0,2.92,3.66,2.25,1.59,1.37,1.25,1.59,2.32,1.53,2.47,Non,Non,Oui,Non,Non,Home,71,"[50, 71]",True
1da2d488445e6bd2,coupe-du-monde,165040,92,2026-09-10T12:21:18Z,Mexico,Spain,1,1,4.86,4.29,1.61,2.24,1.15,1.19,1.48,2.61,1.58,2.34,Non,Oui,Non,Oui,Non,Away,41,"[9, 41]",True
4966da6f4bf3f335,coupe-du-monde,165040,92,2026-09-10T12:21:18Z,Norway,Uruguay,3,2,3.03,3.9,2.11,1.67,1.34,1.22,1.46,2.68,1.45,2.71,Oui,Oui,Oui,Non,Non,Home,74,"[18, 33, 55, 71, 74]",True
f17d9205af4d01e9,coupe-du-monde,165040,92,2026-09-10T12:21:18Z,Tunisia,Bosnia-Herzegovina,3,0,2.16,3.47,3.23,1.31,1.64,1.27,1.76,2.04,1.64,2.21,Oui,Non,Oui,Non,Non,Home,78,"[20, 27, 78]",True
d7c31d2661832a22,coupe-du-monde,165040,92,2026-09-10T12:21:18Z,Curacao,Turkiye,0,3,5.22,4.31,1.57,2.32,1.13,1.19,1.5,2.53,1.63,2.25,Oui,Non,Non,Non,Oui,Away,63,"[30, 45, 63]",True
43dfc59fa3548bd5,coupe-du-monde,165040,92,2026-09-10T12:21:18Z,Czechia,Ghana,1,1,2.05,3.73,3.3,1.3,1.72,1.24,1.58,2.34,1.54,2.44,Non,Oui,Non,Oui,Non,Away,72,"[70, 72]",True
63db7574a99d7e51,coupe-du-monde,165040,92,2026-09-10T12:21:18Z,Paraguay,Panama,1,2,2.09,3.58,3.31,1.3,1.69,1.26,1.68,2.14,1.6,2.29,Oui,Oui,Non,Non,Oui,Home,90,"[23, 24, 90]",True
b7b9ce612b114a22,coupe-du-monde,165040,92,2026-09-10T12:21:18Z,Morocco,Ecuador,4,0,1.69,3.68,5.1,1.14,2.1,1.25,1.86,1.92,1.86,1.91,Oui,Non,Oui,Non,Non,Home,80,"[7, 22, 39, 80]",True
ba9660859b21d86b,coupe-du-monde,165040,92,2026-09-10T12:21:18Z,Saudi Arabia,Scotland,1,3,3.04,3.73,2.16,1.64,1.34,1.24,1.55,2.42,1.5,2.53,Oui,Oui,Non,Non,Oui,Away,89,"[16, 30, 52, 89]",True
a475362d00568c2c,coupe-du-monde,165040,92,2026-09-10T12:21:18Z,IR Iran,Australia,2,2,2.54,3.62,2.56,1.47,1.47,1.25,1.6,2.3,1.52,2.48,Oui,Oui,Non,Oui,Non,Home,68,"[12, 37, 39, 68]",True
739c25e9eed01eae,coupe-du-monde,165040,2,2026-09-10T12:32:18Z,Sweden,Curacao,3,1,1.48,4.44,6.29,1.09,2.55,1.18,1.56,2.38,1.76,2.03,Oui,Oui,Oui,Non,Non,Away,62,"[34, 40, 44, 62]",True
c7b2b7907db3dfd1,coupe-du-monde,165040,2,2026-09-10T12:32:18Z,Austria,Egypt,2,1,2.37,3.55,2.8,1.4,1.54,1.26,1.66,2.18,1.57,2.37,Oui,Oui,Oui,Non,Non,Home,74,"[39, 44, 74]",True
a46e227f6f6a0207,coupe-du-monde,165040,2,2026-09-10T12:32:18Z,Iraq,Tunisia,2,3,2.98,3.41,2.32,1.56,1.36,1.28,1.79,2.0,1.65,2.2,Oui,Oui,Non,Non,Oui,Home,87,"[2, 14, 38, 78, 87]",True
7c7efdbbd331aa13,coupe-du-monde,165040,2,2026-09-10T12:32:18Z,South Africa,Korea Republic,1,3,3.58,3.83,1.93,1.81,1.26,1.23,1.55,2.4,1.54,2.44,Oui,Oui,Non,Non,Oui,Away,76,"[26, 43, 76, 76]",True
7476699ada737c3e,coupe-du-monde,165040,2,2026-09-10T12:32:18Z,Cabo Verde,Bosnia-Herzegovina,3,0,2.47,3.59,2.65,1.44,1.5,1.26,1.63,2.25,1.54,2.43,Oui,Non,Oui,Non,Non,Home,89,"[12, 51, 89]",True
81fe0d4ae77b195b,coupe-du-monde,165040,2,2026-09-10T12:32:18Z,Uruguay,Portugal,0,1,2.72,3.94,2.28,1.58,1.42,1.22,1.41,2.85,1.41,2.87,Non,Non,Non,Non,Oui,Away,76,[76],True
dbb63d4970cec935,coupe-du-monde,165040,2,2026-09-10T12:32:18Z,Germany,Haiti,4,1,1.37,5.22,7.24,1.06,2.98,1.13,1.39,2.95,1.68,2.14,Oui,Oui,Oui,Non,Non,Away,90,"[1, 19, 36, 77, 90]",True
bf44246195ada2a8,coupe-du-monde,165040,2,2026-09-10T12:32:18Z,Jordan,USA,2,2,3.64,3.89,1.89,1.85,1.25,1.22,1.52,2.48,1.52,2.48,Oui,Oui,Non,Oui,Non,Home,53,"[24, 42, 52, 53]",True
bfc61237b3fa8d8d,coupe-du-monde,165040,2,2026-09-10T12:32:18Z,Qatar,IR Iran,1,0,2.96,3.64,2.24,1.6,1.36,1.25,1.6,2.29,1.54,2.44,Non,Non,Oui,Non,Non,Home,66,[66],True
5fd3db46e90abc87,coupe-du-monde,165040,2,2026-09-10T12:32:18Z,Mexico,New Zealand,1,2,1.59,4.28,5.12,1.14,2.29,1.19,1.51,2.52,1.62,2.25,Oui,Oui,Non,Non,Oui,Home,90,"[27, 34, 90]",True
2e73d4aadbf34c1c,coupe-du-monde,165040,2,2026-09-10T12:32:18Z,Algeria,Paraguay,0,3,2.29,3.61,2.89,1.37,1.58,1.25,1.62,2.26,1.54,2.42,Oui,Non,Non,Non,Oui,Away,90,"[41, 87, 90]",True
80ffba4bdfe97ead,coupe-du-monde,165040,2,2026-09-10T12:32:18Z,Colombia,Morocco,2,1,3.96,3.55,1.9,1.84,1.22,1.26,1.79,1.99,1.72,2.09,Oui,Oui,Oui,Non,Non,Home,70,"[18, 42, 70]",True
2ed1b3bf18785c4f,coupe-du-monde,165040,2,2026-09-10T12:32:18Z,Congo DR,Cote d'Ivoire,0,2,3.63,3.78,1.92,1.82,1.25,1.23,1.58,2.33,1.56,2.38,Non,Non,Non,Non,Oui,Away,56,"[56, 56]",True
cf1d8a2f9d2ca802,coupe-du-monde,165040,2,2026-09-10T12:32:18Z,France,Brazil,3,1,1.95,4.24,3.21,1.31,1.79,1.19,1.32,3.28,1.37,3.02,Oui,Oui,Oui,Non,Non,Home,79,"[3, 60, 77, 79]",True
23637a7140e7243b,coupe-du-monde,165040,2,2026-09-10T12:32:18Z,Netherlands,Saudi Arabia,2,2,1.64,4.41,4.46,1.17,2.18,1.18,1.39,2.94,1.49,2.57,Oui,Oui,Non,Oui,Non,Home,70,"[4, 37, 52, 70]",True
c352b740d6661ed0,coupe-du-monde,165040,2,2026-09-10T12:32:18Z,England,Canada,3,2,1.57,4.44,5.02,1.14,2.31,1.18,1.43,2.77,1.56,2.39,Oui,Oui,Oui,Non,Non,Home,89,"[36, 38, 41, 54, 89]",True
18c848cbf9133b64,coupe-du-monde,165040,2,2026-09-10T12:32:18Z,Turkiye,Belgium,3,2,3.53,4.03,1.89,1.85,1.26,1.21,1.44,2.73,1.46,2.65,Oui,Oui,Oui,Non,Non,Home,90,"[34, 35, 52, 86, 90]",True
39af07789f3c0b0a,coupe-du-monde,165040,2,2026-09-10T12:32:18Z,Scotland,Argentina,2,2,5.57,4.87,1.48,2.55,1.11,1.15,1.35,3.13,1.54,2.44,Oui,Oui,Non,Oui,Non,Away,64,"[37, 43, 47, 64]",True
5eff1fb2bb459ebb,coupe-du-monde,165040,2,2026-09-10T12:32:18Z,Croatia,Senegal,3,3,2.49,3.53,2.66,1.43,1.49,1.26,1.67,2.17,1.57,2.37,Oui,Oui,Non,Oui,Non,Home,90,"[23, 24, 44, 50, 81, 90]",True
671d128b168c058d,coupe-du-monde,165040,2,2026-09-10T12:32:18Z,Czechia,Australia,2,2,2.63,3.66,2.46,1.5,1.44,1.25,1.58,2.35,1.51,2.51,Oui,Oui,Non,Oui,Non,Home,70,"[17, 20, 47, 70]",True
da7076698ddc74fb,coupe-du-monde,165040,2,2026-09-10T12:32:18Z,Spain,Switzerland,1,1,1.74,3.89,4.41,1.18,2.03,1.22,1.62,2.26,1.64,2.21,Non,Oui,Non,Oui,Non,Away,82,"[65, 82]",True
29a1050fc863c76f,coupe-du-monde,165040,2,2026-09-10T12:32:18Z,Norway,Ecuador,4,0,2.14,3.84,3.02,1.35,1.66,1.23,1.49,2.58,1.47,2.65,Oui,Non,Oui,Non,Non,Home,58,"[2, 10, 50, 58]",True
7a005483f2e68e83,coupe-du-monde,165040,2,2026-09-10T12:32:18Z,Panama,Ghana,2,1,2.89,3.53,2.32,1.56,1.38,1.26,1.68,2.14,1.59,2.33,Oui,Oui,Oui,Non,Non,Home,67,"[44, 54, 67]",True
3282ee1101607f6b,coupe-du-monde,165040,2,2026-09-10T12:32:18Z,Japan,Uzbekistan,0,1,1.7,4.0,4.51,1.17,2.08,1.21,1.57,2.37,1.62,2.27,Non,Non,Non,Non,Oui,Away,59,[59],True
780ac197e14f9bdc,coupe-du-monde,165040,4,2026-09-10T12:36:18Z,South Africa,Ecuador,1,0,3.57,3.76,1.95,1.8,1.26,1.24,1.59,2.32,1.56,2.38,Non,Non,Oui,Non,Non,Home,75,[75],True
afdb765bbd2ab3e8,coupe-du-monde,165040,4,2026-09-10T12:36:18Z,Norway,Uzbekistan,0,0,1.68,4.18,4.43,1.18,2.11,1.2,1.47,2.62,1.55,2.41,Non,Non,Non,Oui,Non,,,[],True
a40ae1b44e182c3e,coupe-du-monde,165040,4,2026-09-10T12:36:18Z,Uruguay,Saudi Arabia,1,1,1.51,4.48,5.68,1.11,2.46,1.17,1.49,2.58,1.65,2.2,Non,Oui,Non,Oui,Non,Away,70,"[28, 70]",True
206c007f7866476c,coupe-du-monde,165040,4,2026-09-10T12:36:18Z,Cote d'Ivoire,New Zealand,2,2,1.77,3.92,4.15,1.2,1.98,1.22,1.57,2.37,1.59,2.32,Oui,Oui,Non,Oui,Non,Home,85,"[1, 14, 73, 85]",True
faa42a288740477a,coupe-du-monde,165040,4,2026-09-10T12:36:18Z,Turkiye,Morocco,2,2,5.48,3.95,1.6,2.25,1.12,1.22,1.73,2.08,1.81,1.97,Oui,Oui,Non,Oui,Non,Away,52,"[20, 28, 35, 52]",True
224c5518c14e2c50,coupe-du-monde,165040,4,2026-09-10T12:36:18Z,Congo DR,Belgium,3,0,5.21,4.24,1.58,2.3,1.13,1.19,1.53,2.45,1.65,2.21,Oui,Non,Oui,Non,Non,Home,80,"[40, 76, 80]",True
a178bf3f1805adfe,coupe-du-monde,165040,4,2026-09-10T12:36:18Z,Croatia,Canada,2,3,1.97,3.78,3.46,1.27,1.77,1.23,1.57,2.37,1.54,2.43,Oui,Oui,Non,Non,Oui,Away,70,"[39, 42, 43, 69, 70]",True
01f7de36597ce721,coupe-du-monde,165040,4,2026-09-10T12:36:18Z,USA,IR Iran,1,1,2.37,3.72,2.7,1.42,1.54,1.24,1.53,2.45,1.49,2.58,Non,Oui,Non,Oui,Non,Home,3,"[1, 3]",True
233d8e510b40248c,coupe-du-monde,165040,4,2026-09-10T12:36:18Z,Japan,Australia,1,1,2.06,3.82,3.2,1.31,1.71,1.23,1.52,2.5,1.49,2.56,Non,Oui,Non,Oui,Non,Home,60,"[54, 60]",True
bd4e2f2dee8f3638,coupe-du-monde,165040,4,2026-09-10T12:36:18Z,Germany,Portugal,1,4,2.72,4.22,2.19,1.62,1.42,1.19,1.3,3.46,1.33,3.22,Oui,Oui,Non,Non,Oui,Home,81,"[5, 26, 31, 51, 81]",True
9f158ecdb03401a6,coupe-du-monde,165040,4,2026-09-10T12:36:18Z,Colombia,Curacao,1,0,1.37,5.05,7.47,1.06,2.96,1.14,1.45,2.71,1.75,2.05,Non,Non,Oui,Non,Non,Home,37,[37],True
cfd14a9003ac3366,coupe-du-monde,165040,4,2026-09-10T12:36:18Z,England,Switzerland,2,2,2.1,3.69,3.2,1.31,1.68,1.24,1.6,2.3,1.55,2.42,Oui,Oui,Non,Oui,Non,Home,52,"[30, 34, 48, 52]",True
a0cd186c97a06058,coupe-du-monde,165040,4,2026-09-10T12:36:18Z,Panama,Korea Republic,1,2,3.81,3.74,1.89,1.85,1.23,1.24,1.64,2.23,1.61,2.28,Oui,Oui,Non,Non,Oui,Home,76,"[37, 74, 76]",True
3f4d626177415e58,coupe-du-monde,165040,4,2026-09-10T12:36:18Z,Mexico,Ghana,1,2,1.81,4.01,3.86,1.23,1.93,1.21,1.49,2.58,1.51,2.5,Oui,Oui,Non,Non,Oui,Home,65,"[34, 44, 65]",True
a843870b9d5c4010,coupe-du-monde,165040,4,2026-09-10T12:36:18Z,Algeria,Scotland,1,1,2.46,3.7,2.61,1.45,1.5,1.24,1.55,2.42,1.49,2.57,Non,Oui,Non,Oui,Non,Away,60,"[23, 60]",True
1e71c06c7b445ea5,coupe-du-monde,165040,4,2026-09-10T12:36:18Z,France,Haiti,6,0,1.18,7.11,13.38,1.0,4.56,1.07,1.33,3.25,2.05,1.75,Oui,Non,Oui,Non,Non,Home,73,"[25, 30, 42, 54, 62, 73]",True
8303e329e01c8aed,coupe-du-monde,165040,4,2026-09-10T12:36:18Z,Spain,Paraguay,3,0,1.37,5.11,7.53,1.06,2.99,1.14,1.43,2.76,1.75,2.05,Oui,Non,Oui,Non,Non,Home,75,"[5, 61, 75]",True
838df4e401e1db45,coupe-du-monde,165040,4,2026-09-10T12:36:18Z,Iraq,Argentina,4,1,6.65,5.07,1.4,2.82,1.08,1.14,1.38,2.97,1.64,2.22,Oui,Oui,Oui,Non,Non,Home,89,"[35, 42, 60, 71, 89]",True
fe3a9ba108d03b1f,coupe-du-monde,165040,4,2026-09-10T12:36:18Z,Jordan,Brazil,2,2,5.79,4.76,1.48,2.56,1.11,1.15,1.4,2.9,1.59,2.32,Oui,Oui,Non,Oui,Non,Away,67,"[31, 48, 51, 67]",True
bc12fd614e423e9d,coupe-du-monde,165040,4,2026-09-10T12:36:18Z,Qatar,Senegal,2,2,3.52,3.81,1.95,1.79,1.27,1.23,1.55,2.4,1.54,2.45,Oui,Oui,Non,Oui,Non,Away,81,"[17, 43, 81, 81]",True
40c0933a5bfd5d66,coupe-du-monde,165040,4,2026-09-10T12:36:18Z,Austria,Tunisia,2,1,2.22,3.52,3.07,1.34,1.61,1.26,1.7,2.12,1.6,2.29,Oui,Oui,Oui,Non,Non,Away,42,"[27, 30, 42]",True
8ba7ad72aada98ea,coupe-du-monde,165040,4,2026-09-10T12:36:18Z,Netherlands,Bosnia-Herzegovina,1,1,1.65,4.31,4.5,1.17,2.16,1.19,1.43,2.78,1.52,2.49,Non,Oui,Non,Oui,Non,Home,84,"[84, 84]",True
7dd1582a56748f51,coupe-du-monde,165040,4,2026-09-10T12:36:18Z,Cabo Verde,Czechia,2,3,2.9,3.57,2.3,1.57,1.37,1.26,1.65,2.2,1.57,2.37,Oui,Oui,Non,Non,Oui,Home,64,"[27, 31, 39, 51, 64]",True
0a26e2f64986f238,coupe-du-monde,165040,4,2026-09-10T12:36:18Z,Sweden,Egypt,2,2,2.45,3.48,2.74,1.41,1.51,1.27,1.71,2.1,1.6,2.31,Oui,Oui,Non,Oui,Non,Away,85,"[4, 25, 53, 85]",True
0a2bdd5a1a6b3f02,coupe-du-monde,165040,6,2026-09-10T12:40:18Z,Sweden,Tunisia,1,2,2.32,3.43,2.97,1.36,1.56,1.28,1.77,2.02,1.64,2.22,Oui,Oui,Non,Non,Oui,Away,89,"[28, 35, 89]",True
296d73b2d3e0ed9b,coupe-du-monde,165040,6,2026-09-10T12:40:18Z,Mexico,Korea Republic,2,1,2.16,3.83,2.98,1.35,1.65,1.23,1.49,2.56,1.47,2.63,Oui,Oui,Oui,Non,Non,Away,70,"[26, 52, 70]",True
cf7d7b537ff61ebb,coupe-du-monde,165040,6,2026-09-10T12:40:18Z,Algeria,Argentina,3,1,4.97,4.53,1.57,2.33,1.14,1.17,1.4,2.91,1.53,2.46,Oui,Oui,Oui,Non,Non,Away,80,"[24, 34, 54, 80]",True
4cb4b1d8dff5ab41,coupe-du-monde,165040,6,2026-09-10T12:40:18Z,USA,Senegal,1,0,2.75,3.7,2.34,1.55,1.41,1.24,1.55,2.41,1.5,2.55,Non,Non,Oui,Non,Non,Home,75,[75],True
0987a83baaebc2bc,coupe-du-monde,165040,6,2026-09-10T12:40:18Z,Germany,Saudi Arabia,3,0,1.58,4.61,4.81,1.15,2.31,1.16,1.36,3.08,1.49,2.56,Oui,Non,Oui,Non,Non,Home,75,"[70, 73, 75]",True
134c12ae9a9925c2,coupe-du-monde,165040,6,2026-09-10T12:40:18Z,Cote d'Ivoire,Ghana,0,2,1.97,3.86,3.41,1.28,1.78,1.23,1.52,2.49,1.51,2.52,Non,Non,Non,Non,Oui,Away,77,"[66, 77]",True
24a629c41bd83f75,coupe-du-monde,165040,6,2026-09-10T12:40:18Z,England,Paraguay,4,0,1.54,4.5,5.32,1.13,2.39,1.17,1.44,2.72,1.59,2.32,Oui,Non,Oui,Non,Non,Home,73,"[41, 56, 62, 73]",True
41dc227da4b2dfe7,coupe-du-monde,165040,6,2026-09-10T12:40:18Z,Colombia,Egypt,0,2,2.16,3.73,3.04,1.34,1.65,1.24,1.55,2.41,1.51,2.52,Non,Non,Non,Non,Oui,Away,74,"[9, 74]",True
cd442947dd38b147,coupe-du-monde,165040,6,2026-09-10T12:40:18Z,Jordan,Haiti,1,1,2.05,3.46,3.52,1.27,1.71,1.27,1.8,1.98,1.69,2.13,Non,Oui,Non,Oui,Non,Away,27,"[22, 27]",True
953792c8b9fd7643,coupe-du-monde,165040,6,2026-09-10T12:40:18Z,IR Iran,Brazil,1,3,4.14,4.22,1.72,2.05,1.2,1.19,1.43,2.77,1.5,2.55,Oui,Oui,Non,Non,Oui,Away,72,"[22, 24, 71, 72]",True
be562006efba9d55,coupe-du-monde,165040,6,2026-09-10T12:40:18Z,France,Portugal,2,1,1.95,4.18,3.26,1.3,1.8,1.2,1.35,3.11,1.39,2.92,Oui,Oui,Oui,Non,Non,Away,60,"[23, 26, 60]",True
07e9542900fcbf97,coupe-du-monde,165040,6,2026-09-10T12:40:18Z,Spain,Scotland,4,0,1.39,4.95,7.29,1.06,2.89,1.14,1.46,2.65,1.76,2.04,Oui,Non,Oui,Non,Non,Home,77,"[27, 33, 64, 77]",True
86d42d3608c691b4,coupe-du-monde,165040,6,2026-09-10T12:40:18Z,Congo DR,Morocco,3,1,7.87,4.23,1.44,2.7,1.05,1.19,1.82,1.96,2.11,1.71,Oui,Oui,Oui,Non,Non,Away,51,"[2, 10, 42, 51]",True
7342f7a64fdcd2b0,coupe-du-monde,165040,6,2026-09-10T12:40:18Z,South Africa,Uzbekistan,1,3,2.64,3.59,2.49,1.49,1.44,1.26,1.62,2.25,1.54,2.44,Oui,Oui,Non,Non,Oui,Home,70,"[31, 42, 61, 70]",True
dd5466e35a1cc2aa,coupe-du-monde,165040,6,2026-09-10T12:40:18Z,New Zealand,Belgium,1,1,6.0,4.56,1.48,2.54,1.1,1.17,1.49,2.58,1.68,2.16,Non,Oui,Non,Oui,Non,Home,64,"[48, 64]",True
406278a88315cc32,coupe-du-monde,165040,6,2026-09-10T12:40:18Z,Uruguay,Bosnia-Herzegovina,3,2,1.52,4.43,5.65,1.11,2.44,1.18,1.5,2.54,1.66,2.19,Oui,Oui,Oui,Non,Non,Home,86,"[6, 16, 60, 63, 86]",True
0b73e7ea90717340,coupe-du-monde,165040,6,2026-09-10T12:40:18Z,Austria,Iraq,2,0,1.97,3.75,3.51,1.27,1.78,1.24,1.59,2.31,1.56,2.39,Non,Non,Oui,Non,Non,Home,81,"[49, 81]",True
154d504d6ef11afa,coupe-du-monde,165040,6,2026-09-10T12:40:18Z,Norway,Australia,0,0,2.13,3.82,3.05,1.34,1.67,1.23,1.5,2.54,1.48,2.61,Non,Non,Non,Oui,Non,,,[],True
b9c0466550beb41f,coupe-du-monde,165040,6,2026-09-10T12:40:18Z,Qatar,Canada,2,1,2.55,3.79,2.47,1.5,1.47,1.23,1.49,2.57,1.46,2.68,Oui,Oui,Oui,Non,Non,Home,86,"[42, 45, 86]",True
b90b9383bbd6278d,coupe-du-monde,165040,6,2026-09-10T12:40:18Z,Panama,Ecuador,4,1,4.12,3.83,1.8,1.95,1.2,1.23,1.62,2.27,1.62,2.26,Oui,Oui,Oui,Non,Non,Away,90,"[11, 38, 51, 53, 90]",True
c2fc324ed7ec43fa,coupe-du-monde,165040,6,2026-09-10T12:40:18Z,Croatia,Switzerland,0,2,2.77,3.45,2.44,1.51,1.4,1.27,1.74,2.06,1.61,2.27,Non,Non,Non,Non,Oui,Away,45,"[44, 45]",True
5af8561992ec1bea,coupe-du-monde,165040,6,2026-09-10T12:40:18Z,Japan,Cabo Verde,3,1,1.79,3.9,4.09,1.2,1.96,1.22,1.58,2.35,1.59,2.32,Oui,Oui,Oui,Non,Non,Home,72,"[9, 47, 69, 72]",True
0e7ebdbadf3a230a,coupe-du-monde,165040,6,2026-09-10T12:40:18Z,Netherlands,Czechia,0,2,1.86,4.08,3.62,1.25,1.88,1.2,1.43,2.78,1.46,2.66,Non,Non,Non,Non,Oui,Away,64,"[50, 64]",True
0fd1f535ce0d132e,coupe-du-monde,165040,6,2026-09-10T12:40:18Z,Turkiye,Curacao,3,0,1.54,4.35,5.52,1.12,2.39,1.18,1.52,2.48,1.66,2.18,Oui,Non,Oui,Non,Non,Home,75,"[9, 71, 75]",True
3ddad1e012ebfb75,coupe-du-monde,165040,9,2026-09-10T12:46:18Z,Japan,Norway,2,1,2.4,3.71,2.68,1.43,1.53,1.24,1.54,2.44,1.49,2.58,Oui,Oui,Oui,Non,Non,Away,43,"[34, 35, 43]",True
b2e1eb10a4c609c6,coupe-du-monde,165040,9,2026-09-10T12:46:18Z,Egypt,Qatar,2,2,2.35,3.64,2.78,1.4,1.55,1.25,1.59,2.32,1.52,2.48,Oui,Oui,Non,Oui,Non,Away,90,"[28, 67, 72, 90]",True
0ac005f30dd870d6,coupe-du-monde,165040,9,2026-09-10T12:46:18Z,Switzerland,Congo DR,2,2,1.66,3.91,4.95,1.14,2.14,1.22,1.68,2.16,1.72,2.08,Oui,Oui,Non,Oui,Non,Away,73,"[29, 33, 63, 73]",True
2b8071c713e43fea,coupe-du-monde,165040,9,2026-09-10T12:46:18Z,Curacao,USA,0,4,6.52,4.73,1.44,2.69,1.08,1.16,1.47,2.63,1.7,2.12,Oui,Non,Non,Non,Oui,Away,85,"[2, 62, 84, 85]",True
3ada2c2166044aa6,coupe-du-monde,165040,9,2026-09-10T12:46:18Z,Austria,Spain,0,1,5.35,4.31,1.56,2.34,1.12,1.19,1.52,2.48,1.65,2.2,Non,Non,Non,Non,Oui,Away,69,[69],True
2911f00bdb0a2822,coupe-du-monde,165040,9,2026-09-10T12:46:18Z,Scotland,Colombia,1,1,3.44,3.97,1.93,1.81,1.28,1.21,1.46,2.67,1.47,2.64,Non,Oui,Non,Oui,Non,Away,70,"[66, 70]",True
1e17c5e51110aba2,coupe-du-monde,165040,9,2026-09-10T12:46:18Z,Cabo Verde,Uruguay,1,5,5.19,4.23,1.58,2.29,1.13,1.19,1.54,2.43,1.65,2.2,Oui,Oui,Non,Non,Oui,Home,83,"[21, 33, 38, 50, 55, 83]",True
c6974899fb21e6b5,coupe-du-monde,165040,9,2026-09-10T12:46:18Z,Algeria,Sweden,3,1,2.79,3.63,2.34,1.55,1.4,1.25,1.6,2.29,1.53,2.46,Oui,Oui,Oui,Non,Non,Home,90,"[36, 44, 87, 90]",True
c5d588c2232ccb87,coupe-du-monde,165040,9,2026-09-10T12:46:18Z,Morocco,Brazil,1,3,2.31,3.45,2.96,1.36,1.57,1.27,1.75,2.05,1.62,2.25,Oui,Oui,Non,Non,Oui,Away,70,"[28, 61, 68, 70]",True
7f692fcc4f86f10c,coupe-du-monde,165040,9,2026-09-10T12:46:18Z,Saudi Arabia,Mexico,0,5,4.13,4.01,1.76,2.0,1.2,1.21,1.52,2.49,1.55,2.4,Oui,Non,Non,Non,Oui,Away,88,"[31, 33, 35, 76, 88]",True
e03f04b72156c92a,coupe-du-monde,165040,9,2026-09-10T12:46:18Z,Korea Republic,IR Iran,4,1,2.58,3.62,2.53,1.48,1.46,1.25,1.6,2.3,1.53,2.47,Oui,Oui,Oui,Non,Non,Home,86,"[40, 44, 49, 83, 86]",True
b1efb34287ca65c3,coupe-du-monde,165040,9,2026-09-10T12:46:18Z,Haiti,Belgium,1,2,7.22,4.8,1.4,2.83,1.07,1.15,1.51,2.52,1.79,2.0,Oui,Oui,Non,Non,Oui,Home,75,"[26, 27, 75]",True
a40c1f11b9e097a8,coupe-du-monde,165040,9,2026-09-10T12:46:18Z,Tunisia,Croatia,0,2,3.51,3.49,2.05,1.72,1.27,1.27,1.78,2.0,1.68,2.16,Non,Non,Non,Non,Oui,Away,29,"[26, 29]",True
1ce6a0e74224c843,coupe-du-monde,165040,9,2026-09-10T12:46:18Z,Canada,New Zealand,0,0,1.93,3.79,3.6,1.25,1.81,1.23,1.57,2.36,1.55,2.4,Non,Non,Non,Oui,Non,,,[],True
c42a2995d034f230,coupe-du-monde,165040,9,2026-09-10T12:46:18Z,Czechia,South Africa,2,0,1.94,3.72,3.63,1.25,1.8,1.24,1.63,2.25,1.59,2.32,Non,Non,Oui,Non,Non,Home,60,"[55, 60]",True
b8932bdaf75db056,coupe-du-monde,165040,9,2026-09-10T12:46:18Z,Paraguay,Turkiye,3,0,2.71,3.73,2.37,1.54,1.42,1.24,1.53,2.45,1.49,2.58,Oui,Non,Oui,Non,Non,Home,56,"[6, 22, 56]",True
b1329dbda6707a8c,coupe-du-monde,165040,9,2026-09-10T12:46:18Z,Portugal,Cote d'Ivoire,2,0,1.72,4.34,4.0,1.21,2.04,1.18,1.37,3.05,1.44,2.72,Non,Non,Oui,Non,Non,Home,88,"[53, 88]",True
fa65710bafc25a6b,coupe-du-monde,165040,9,2026-09-10T12:46:18Z,Ecuador,Jordan,4,0,1.96,3.73,3.54,1.26,1.78,1.24,1.61,2.28,1.57,2.36,Oui,Non,Oui,Non,Non,Home,73,"[33, 37, 51, 73]",True
8bb64a9b837be1c6,coupe-du-monde,165040,9,2026-09-10T12:46:18Z,Australia,Germany,2,1,3.44,4.12,1.9,1.84,1.28,1.2,1.39,2.93,1.43,2.79,Oui,Oui,Oui,Non,Non,Away,32,"[30, 31, 32]",True
0af57bf1e2616156,coupe-du-monde,165040,9,2026-09-10T12:46:18Z,Argentina,Netherlands,4,0,1.84,4.33,3.52,1.27,1.9,1.18,1.32,3.31,1.38,2.96,Oui,Non,Oui,Non,Non,Home,79,"[31, 39, 45, 79]",True
2ca9c2944a8de89e,coupe-du-monde,165040,9,2026-09-10T12:46:18Z,Iraq,England,1,2,5.86,4.61,1.49,2.53,1.1,1.16,1.46,2.67,1.65,2.21,Oui,Oui,Non,Non,Oui,Away,56,"[11, 26, 56]",True
83dfe9ad72ae618a,coupe-du-monde,165040,9,2026-09-10T12:46:18Z,Uzbekistan,France,1,4,8.35,5.76,1.3,3.34,1.04,1.11,1.34,3.2,1.72,2.09,Oui,Oui,Non,Non,Oui,Away,82,"[3, 14, 23, 56, 82]",True
44dd656a0828c0dd,coupe-du-monde,165040,9,2026-09-10T12:46:18Z,Senegal,Ghana,2,2,1.73,3.98,4.35,1.18,2.04,1.21,1.56,2.39,1.6,2.3,Oui,Oui,Non,Oui,Non,Home,85,"[38, 39, 57, 85]",True
0a2b7e1b4e749f7e,coupe-du-monde,165040,9,2026-09-10T12:46:18Z,Bosnia-Herzegovina,Panama,0,2,2.33,3.5,2.91,1.37,1.56,1.27,1.71,2.11,1.6,2.3,Non,Non,Non,Non,Oui,Away,74,"[23, 74]",True
578db8dbc4faa62a,coupe-du-monde,165040,11,2026-09-10T12:50:18Z,Japan,South Africa,1,2,1.67,4.05,4.71,1.16,2.14,1.21,1.57,2.36,1.64,2.23,Oui,Oui,Non,Non,Oui,Home,90,"[77, 88, 90]",True
b0fbdc71030496c9,coupe-du-monde,165040,11,2026-09-10T12:50:18Z,Portugal,Belgium,0,1,2.1,3.98,3.0,1.35,1.68,1.21,1.41,2.84,1.42,2.81,Non,Non,Non,Non,Oui,Away,44,[44],True
5abe7378ad043e83,coupe-du-monde,165040,11,2026-09-10T12:50:18Z,Australia,France,0,1,5.93,4.85,1.46,2.62,1.1,1.15,1.39,2.95,1.59,2.31,Non,Non,Non,Non,Oui,Away,59,[59],True
49abad0b277ad4e4,coupe-du-monde,165040,11,2026-09-10T12:50:18Z,Saudi Arabia,Cote d'Ivoire,4,1,3.51,3.85,1.94,1.8,1.27,1.23,1.53,2.47,1.52,2.49,Oui,Oui,Oui,Non,Non,Away,90,"[44, 45, 45, 82, 90]",True
5d2e7cfeb0777378,coupe-du-monde,165040,11,2026-09-10T12:50:18Z,Tunisia,Qatar,1,1,2.57,3.42,2.64,1.44,1.46,1.28,1.76,2.03,1.62,2.25,Non,Oui,Non,Oui,Non,Away,40,"[34, 40]",True
9f4b9a592fe95d64,coupe-du-monde,165040,11,2026-09-10T12:50:18Z,Bosnia-Herzegovina,Mexico,1,0,4.13,4.11,1.74,2.02,1.2,1.2,1.47,2.63,1.52,2.48,Non,Non,Oui,Non,Non,Home,9,[9],True
c10e7f32cd6ce6c2,coupe-du-monde,165040,11,2026-09-10T12:50:18Z,Iraq,Croatia,0,2,4.13,3.76,1.81,1.93,1.2,1.24,1.66,2.18,1.65,2.2,Non,Non,Non,Non,Oui,Away,90,"[87, 90]",True
f5edb46088598724,coupe-du-monde,165040,11,2026-09-10T12:50:18Z,Ecuador,IR Iran,0,4,2.59,3.58,2.53,1.48,1.45,1.26,1.63,2.24,1.54,2.42,Oui,Non,Non,Non,Oui,Away,84,"[38, 74, 77, 84]",True
be62aa3f12a627bf,coupe-du-monde,165040,11,2026-09-10T12:50:18Z,Paraguay,Congo DR,0,1,2.21,3.67,2.99,1.35,1.62,1.25,1.59,2.33,1.53,2.47,Non,Non,Non,Non,Oui,Away,6,[6],True
cb6e17885cac98f3,coupe-du-monde,165040,11,2026-09-10T12:50:18Z,Argentina,Norway,0,1,1.75,4.37,3.87,1.22,2.01,1.18,1.34,3.16,1.42,2.8,Non,Non,Non,Non,Oui,Away,27,[27],True
05dac9484384700f,coupe-du-monde,165040,11,2026-09-10T12:50:18Z,Austria,England,1,1,3.87,4.04,1.81,1.94,1.22,1.21,1.48,2.61,1.51,2.52,Non,Oui,Non,Oui,Non,Home,87,"[87, 87]",True
1bcbb782c2c0bb9f,coupe-du-monde,165040,11,2026-09-10T12:50:18Z,Switzerland,New Zealand,3,0,1.55,4.15,5.78,1.11,2.37,1.2,1.65,2.21,1.78,2.01,Oui,Non,Oui,Non,Non,Home,73,"[17, 33, 73]",True
95e2e3a65cf00e1f,coupe-du-monde,165040,11,2026-09-10T12:50:18Z,Scotland,Turkiye,4,2,2.63,3.83,2.38,1.53,1.44,1.23,1.46,2.66,1.44,2.74,Oui,Oui,Oui,Non,Non,Home,86,"[32, 38, 38, 85, 86, 86]",True
0a4769aea1501ba5,coupe-du-monde,165040,11,2026-09-10T12:50:18Z,Netherlands,Uruguay,1,2,2.78,3.82,2.28,1.58,1.4,1.23,1.48,2.6,1.45,2.69,Oui,Oui,Non,Non,Oui,Away,53,"[25, 43, 53]",True
8cade372622dd8e2,coupe-du-monde,165040,11,2026-09-10T12:50:18Z,Egypt,USA,2,2,2.83,3.74,2.28,1.58,1.39,1.24,1.53,2.46,1.49,2.58,Oui,Oui,Non,Oui,Non,Away,71,"[22, 43, 59, 71]",True
cd604f6a3c46288f,coupe-du-monde,165040,11,2026-09-10T12:50:18Z,Morocco,Haiti,0,0,1.29,5.02,11.41,1.01,3.42,1.14,1.72,2.1,2.33,1.58,Non,Non,Non,Oui,Non,,,[],True
e90e186a9f0d8411,coupe-du-monde,165040,11,2026-09-10T12:50:18Z,Algeria,Colombia,1,2,3.43,3.86,1.96,1.78,1.28,1.23,1.52,2.5,1.51,2.53,Oui,Oui,Non,Non,Oui,Away,49,"[2, 36, 49]",True
f0584626e436d7c7,coupe-du-monde,165040,11,2026-09-10T12:50:18Z,Spain,Sweden,3,1,1.52,4.37,5.75,1.11,2.44,1.18,1.54,2.44,1.69,2.13,Oui,Oui,Oui,Non,Non,Home,78,"[7, 9, 68, 78]",True
667a0a9b17ce48d2,coupe-du-monde,165040,11,2026-09-10T12:50:18Z,Curacao,Brazil,2,4,10.66,6.37,1.24,3.92,1.02,1.09,1.34,3.18,1.89,1.89,Oui,Oui,Non,Non,Oui,Away,69,"[25, 30, 33, 47, 51, 69]",True
a1cdcf6d629027ac,coupe-du-monde,165040,11,2026-09-10T12:50:18Z,Korea Republic,Senegal,3,1,3.01,3.65,2.2,1.62,1.35,1.25,1.6,2.3,1.54,2.44,Oui,Oui,Oui,Non,Non,Home,69,"[19, 33, 59, 69]",True
514275f2e21aa644,coupe-du-monde,165040,11,2026-09-10T12:50:18Z,Cabo Verde,Germany,1,1,4.49,4.3,1.65,2.16,1.17,1.19,1.43,2.77,1.52,2.49,Non,Oui,Non,Oui,Non,Away,79,"[43, 79]",True
0d9d837e3c869ec0,coupe-du-monde,165040,11,2026-09-10T12:50:18Z,Czechia,Panama,1,4,1.93,3.66,3.72,1.24,1.81,1.25,1.68,2.15,1.63,2.24,Oui,Oui,Non,Non,Oui,Away,77,"[16, 23, 36, 60, 77]",True
9b800913ebf26590,coupe-du-monde,165040,11,2026-09-10T12:50:18Z,Canada,Ghana,2,1,2.18,3.79,2.96,1.36,1.63,1.23,1.51,2.52,1.48,2.61,Oui,Oui,Oui,Non,Non,Away,85,"[82, 84, 85]",True
d3e3f764cfd8649e,coupe-du-monde,165040,11,2026-09-10T12:50:18Z,Uzbekistan,Jordan,2,1,2.49,3.48,2.7,1.42,1.49,1.27,1.72,2.09,1.6,2.3,Oui,Oui,Oui,Non,Non,Home,75,"[1, 64, 75]",True
1c27ba93c73cc13b,coupe-du-monde,165040,14,2026-09-10T12:56:18Z,New Zealand,Tunisia,2,2,3.77,3.46,1.98,1.77,1.24,1.27,1.85,1.93,1.74,2.07,Oui,Oui,Non,Oui,Non,Away,88,"[30, 31, 69, 88]",True
9d4a3f43f69dfaed,coupe-du-monde,165040,14,2026-09-10T12:56:18Z,France,Japan,1,1,1.7,4.19,4.28,1.19,2.08,1.19,1.45,2.69,1.52,2.48,Non,Oui,Non,Oui,Non,Away,50,"[2, 50]",True
8970fbcaf01fda18,coupe-du-monde,165040,14,2026-09-10T12:56:18Z,England,Argentina,3,2,2.79,4.04,2.2,1.62,1.4,1.21,1.37,3.03,1.38,2.97,Oui,Oui,Oui,Non,Non,Home,86,"[11, 26, 51, 70, 86]",True
2f5a0e4a90b1cd02,coupe-du-monde,165040,14,2026-09-10T12:56:18Z,Croatia,Spain,1,2,4.86,4.09,1.64,2.18,1.15,1.2,1.57,2.36,1.65,2.21,Oui,Oui,Non,Non,Oui,Away,88,"[70, 74, 88]",True
0f5ff7e389613e3b,coupe-du-monde,165040,14,2026-09-10T12:56:18Z,Qatar,Algeria,2,3,2.66,3.7,2.42,1.52,1.43,1.24,1.55,2.41,1.5,2.55,Oui,Oui,Non,Non,Oui,Away,75,"[5, 34, 49, 51, 75]",True
4070be445bce1918,coupe-du-monde,165040,14,2026-09-10T12:56:18Z,South Africa,Uruguay,0,2,6.09,4.47,1.49,2.53,1.1,1.17,1.53,2.46,1.72,2.1,Non,Non,Non,Non,Oui,Away,71,"[58, 71]",True
2524add1b7f0545f,coupe-du-monde,165040,14,2026-09-10T12:56:18Z,Belgium,Uzbekistan,2,1,1.64,4.16,4.77,1.15,2.18,1.2,1.52,2.48,1.61,2.28,Oui,Oui,Oui,Non,Non,Away,51,"[18, 37, 51]",True
80db308952ed6aa7,coupe-du-monde,165040,14,2026-09-10T12:56:18Z,Senegal,Saudi Arabia,2,0,1.76,3.89,4.24,1.19,1.99,1.22,1.6,2.3,1.62,2.27,Non,Non,Oui,Non,Non,Home,45,"[44, 45]",True
05af339598bb3a8c,coupe-du-monde,165040,14,2026-09-10T12:56:18Z,Congo DR,Iraq,1,1,2.89,3.48,2.34,1.55,1.37,1.27,1.72,2.08,1.61,2.28,Non,Oui,Non,Oui,Non,Away,62,"[51, 62]",True
dffb02658569366d,coupe-du-monde,165040,14,2026-09-10T12:56:18Z,Haiti,Switzerland,0,3,7.31,4.56,1.42,2.76,1.06,1.17,1.61,2.29,1.88,1.9,Oui,Non,Non,Non,Oui,Away,75,"[20, 65, 75]",True
7b007f8fd89ab34d,coupe-du-monde,165040,14,2026-09-10T12:56:18Z,Korea Republic,Curacao,3,2,1.53,4.37,5.66,1.11,2.42,1.18,1.53,2.45,1.69,2.14,Oui,Oui,Oui,Non,Non,Home,90,"[29, 39, 50, 84, 90]",True
1bb599fad86544e4,coupe-du-monde,165040,14,2026-09-10T12:56:18Z,Brazil,Paraguay,3,1,1.54,4.61,5.13,1.13,2.38,1.16,1.39,2.96,1.53,2.45,Oui,Oui,Oui,Non,Non,Home,86,"[25, 37, 66, 86]",True
7780600360950ee2,coupe-du-monde,165040,14,2026-09-10T12:56:18Z,Panama,Netherlands,1,3,5.47,4.51,1.53,2.42,1.12,1.17,1.46,2.68,1.61,2.27,Oui,Oui,Non,Non,Oui,Away,47,"[8, 32, 35, 47]",True
48fc1a666d73c288,coupe-du-monde,165040,14,2026-09-10T12:56:18Z,USA,Scotland,3,1,2.08,3.91,3.08,1.33,1.69,1.22,1.45,2.69,1.45,2.71,Oui,Oui,Oui,Non,Non,Away,82,"[34, 37, 41, 82]",True
b25c385fee4ac08b,coupe-du-monde,165040,14,2026-09-10T12:56:18Z,Morocco,Ecuador,3,1,1.65,3.77,5.28,1.13,2.16,1.23,1.82,1.96,1.86,1.92,Oui,Oui,Oui,Non,Non,Home,86,"[3, 33, 44, 86]",True
b339d45082628322,coupe-du-monde,165040,14,2026-09-10T12:56:18Z,Ghana,Egypt,1,1,3.55,3.67,1.98,1.77,1.26,1.25,1.65,2.2,1.6,2.3,Non,Oui,Non,Oui,Non,Home,41,"[5, 41]",True
7ab4efc8b61616ca,coupe-du-monde,165040,14,2026-09-10T12:56:18Z,Germany,Norway,1,4,2.14,4.11,2.86,1.38,1.66,1.2,1.34,3.17,1.37,3.04,Oui,Oui,Non,Non,Oui,Home,73,"[21, 32, 57, 67, 73]",True
d84a8d12ad97334e,coupe-du-monde,165040,14,2026-09-10T12:56:18Z,Colombia,Sweden,1,0,2.21,3.79,2.91,1.37,1.61,1.23,1.5,2.54,1.47,2.63,Non,Non,Oui,Non,Non,Home,39,[39],True
3eeca6b4cff16b91,coupe-du-monde,165040,14,2026-09-10T12:56:18Z,Cote d'Ivoire,Australia,3,2,2.5,3.75,2.54,1.47,1.49,1.24,1.51,2.51,1.47,2.64,Oui,Oui,Oui,Non,Non,Home,89,"[36, 42, 42, 69, 89]",True
1996e72ceb7beed1,coupe-du-monde,165040,14,2026-09-10T12:56:18Z,Canada,Portugal,0,0,4.56,4.61,1.6,2.25,1.17,1.16,1.33,3.24,1.45,2.68,Non,Non,Non,Oui,Non,,,[],True
5bed5416419479de,coupe-du-monde,165040,14,2026-09-10T12:56:18Z,Jordan,Czechia,2,2,3.23,3.56,2.13,1.66,1.31,1.26,1.69,2.13,1.61,2.29,Oui,Oui,Non,Oui,Non,Home,59,"[38, 43, 45, 59]",True
f3b4ca755b8e5c20,coupe-du-monde,165040,14,2026-09-10T12:56:18Z,IR Iran,Bosnia-Herzegovina,0,1,1.99,3.7,3.48,1.27,1.76,1.24,1.62,2.27,1.57,2.36,Non,Non,Non,Non,Oui,Away,62,[62],True
c8f204df0475d913,coupe-du-monde,165040,14,2026-09-10T12:56:18Z,Turkiye,Austria,2,3,3.15,3.9,2.06,1.71,1.32,1.22,1.47,2.64,1.46,2.66,Oui,Oui,Non,Non,Oui,Home,72,"[16, 22, 42, 71, 72]",True
6b7a35e121bfc1a6,coupe-du-monde,165040,14,2026-09-10T12:56:18Z,Mexico,Cabo Verde,5,0,1.86,3.86,3.79,1.23,1.88,1.23,1.56,2.39,1.56,2.39,Oui,Non,Oui,Non,Non,Home,77,"[21, 37, 54, 57, 77]",True
a1f29a7eec240343,coupe-du-monde,165040,17,2026-09-10T13:02:18Z,Czechia,Belgium,2,0,3.65,3.91,1.89,1.85,1.25,1.22,1.52,2.49,1.52,2.48,Non,Non,Oui,Non,Non,Home,85,"[85, 85]",True
92a0e60f60ea0498,coupe-du-monde,165040,17,2026-09-10T13:02:18Z,Switzerland,Ecuador,1,1,2.02,3.71,3.4,1.28,1.74,1.24,1.6,2.3,1.56,2.39,Non,Oui,Non,Oui,Non,Home,54,"[30, 54]",True
e9c901aa4cc3b157,coupe-du-monde,165040,17,2026-09-10T13:02:18Z,Uzbekistan,Canada,0,3,3.05,3.78,2.14,1.66,1.34,1.23,1.52,2.48,1.49,2.57,Oui,Non,Non,Non,Oui,Away,89,"[21, 24, 89]",True
a2a5a4e7c0965377,coupe-du-monde,165040,17,2026-09-10T13:02:18Z,Algeria,New Zealand,1,1,1.82,3.84,3.99,1.21,1.92,1.23,1.6,2.31,1.59,2.31,Non,Oui,Non,Oui,Non,Home,28,"[26, 28]",True
e5dba3c3a6433fc6,coupe-du-monde,165040,17,2026-09-10T13:02:18Z,Argentina,Germany,1,3,1.97,4.28,3.15,1.32,1.78,1.19,1.31,3.4,1.36,3.11,Oui,Oui,Non,Non,Oui,Away,83,"[43, 56, 80, 83]",True
0191c810124a57d9,coupe-du-monde,165040,17,2026-09-10T13:02:18Z,Austria,USA,2,1,2.4,3.79,2.63,1.44,1.53,1.23,1.49,2.58,1.46,2.68,Oui,Oui,Oui,Non,Non,Away,83,"[9, 63, 83]",True
5f31db3b9560ce1a,coupe-du-monde,165040,17,2026-09-10T13:02:18Z,Tunisia,Haiti,1,0,1.8,3.65,4.36,1.18,1.95,1.25,1.77,2.02,1.74,2.06,Non,Non,Oui,Non,Non,Home,68,[68],True
b2c036dac5b1ee36,coupe-du-monde,165040,17,2026-09-10T13:02:18Z,England,Turkiye,2,0,1.56,4.55,5.03,1.14,2.35,1.17,1.39,2.91,1.53,2.45,Non,Non,Oui,Non,Non,Home,63,"[4, 63]",True
7f40db61703948ec,coupe-du-monde,165040,17,2026-09-10T13:02:18Z,Colombia,Croatia,0,0,2.56,3.7,2.5,1.49,1.47,1.24,1.55,2.42,1.49,2.56,Non,Non,Non,Oui,Non,,,[],True
95ea32e561a16320,coupe-du-monde,165040,17,2026-09-10T13:02:18Z,Japan,Cote d'Ivoire,0,1,2.02,3.83,3.28,1.3,1.73,1.23,1.51,2.5,1.5,2.55,Non,Non,Non,Non,Oui,Away,56,[56],True
8828c2629a41bde0,coupe-du-monde,165040,17,2026-09-10T13:02:18Z,Egypt,Portugal,2,2,4.02,4.21,1.74,2.02,1.21,1.19,1.42,2.82,1.48,2.6,Oui,Oui,Non,Oui,Non,Away,84,"[15, 37, 59, 84]",True
981a8563727f0151,coupe-du-monde,165040,17,2026-09-10T13:02:18Z,South Africa,Panama,2,2,2.57,3.42,2.64,1.44,1.46,1.28,1.76,2.03,1.63,2.25,Oui,Oui,Non,Oui,Non,Away,89,"[18, 42, 71, 89]",True
afd7ac91c7a4793d,coupe-du-monde,165040,17,2026-09-10T13:02:18Z,Netherlands,Jordan,2,1,1.63,4.28,4.66,1.16,2.19,1.19,1.46,2.68,1.55,2.41,Oui,Oui,Oui,Non,Non,Home,80,"[29, 34, 80]",True
aaf70ef80ef4172f,coupe-du-monde,165040,17,2026-09-10T13:02:18Z,Paraguay,Korea Republic,3,1,2.99,3.69,2.2,1.62,1.35,1.24,1.57,2.36,1.52,2.49,Oui,Oui,Oui,Non,Non,Home,84,"[2, 13, 75, 84]",True
8f19044a402f6070,coupe-du-monde,165040,17,2026-09-10T13:02:18Z,Norway,Mexico,2,1,2.5,3.83,2.5,1.49,1.49,1.23,1.47,2.64,1.44,2.72,Oui,Oui,Oui,Non,Non,Home,82,"[58, 58, 82]",True
8fec75ae50ae1984,coupe-du-monde,165040,17,2026-09-10T13:02:18Z,Bosnia-Herzegovina,Morocco,1,2,6.78,4.1,1.5,2.51,1.08,1.2,1.79,2.0,1.97,1.81,Oui,Oui,Non,Non,Oui,Away,83,"[37, 42, 83]",True
711794f8ae37122a,coupe-du-monde,165040,17,2026-09-10T13:02:18Z,Cabo Verde,IR Iran,1,1,3.39,3.57,2.06,1.71,1.28,1.26,1.7,2.12,1.62,2.26,Non,Oui,Non,Oui,Non,Home,73,"[68, 73]",True
930febfff78c6073,coupe-du-monde,165040,17,2026-09-10T13:02:18Z,Saudi Arabia,Curacao,2,2,1.74,3.85,4.42,1.18,2.02,1.23,1.65,2.21,1.66,2.18,Oui,Oui,Non,Oui,Non,Home,70,"[11, 37, 68, 70]",True
5c84f499fad9ae14,coupe-du-monde,165040,17,2026-09-10T13:02:18Z,Uruguay,France,1,3,3.42,4.0,1.93,1.81,1.28,1.21,1.44,2.72,1.46,2.67,Oui,Oui,Non,Non,Oui,Away,65,"[27, 35, 61, 65]",True
7667bd02e69b1ec7,coupe-du-monde,165040,17,2026-09-10T13:02:18Z,Spain,Congo DR,3,0,1.3,5.47,9.41,1.03,3.39,1.12,1.46,2.66,1.91,1.86,Oui,Non,Oui,Non,Non,Home,50,"[11, 32, 50]",True
7a76406458a76204,coupe-du-monde,165040,17,2026-09-10T13:02:18Z,Iraq,Brazil,1,1,5.24,4.57,1.54,2.4,1.13,1.17,1.41,2.86,1.56,2.39,Non,Oui,Non,Oui,Non,Home,90,"[20, 90]",True
8c2bdbdb71698fcc,coupe-du-monde,165040,17,2026-09-10T13:02:18Z,Scotland,Ghana,2,1,2.2,3.73,2.97,1.36,1.62,1.24,1.55,2.41,1.5,2.53,Oui,Oui,Oui,Non,Non,Away,65,"[18, 54, 65]",True
ee49b2991c50168e,coupe-du-monde,165040,17,2026-09-10T13:02:18Z,Sweden,Qatar,1,3,2.18,3.74,2.99,1.35,1.63,1.24,1.54,2.43,1.5,2.54,Oui,Oui,Non,Non,Oui,Away,69,"[42, 44, 55, 69]",True
d35d94c059ee769e,coupe-du-monde,165040,17,2026-09-10T13:02:18Z,Australia,Senegal,1,0,3.01,3.7,2.18,1.63,1.35,1.24,1.57,2.37,1.52,2.5,Non,Non,Oui,Non,Non,Home,73,[73],True
18fd1531657c3ca0,coupe-du-monde,165040,19,2026-09-10T13:06:18Z,Austria,Brazil,2,1,3.53,4.11,1.88,1.86,1.26,1.2,1.4,2.88,1.44,2.74,Oui,Oui,Oui,Non,Non,Away,88,"[72, 75, 88]",True
f4e475119475a7f4,coupe-du-monde,165040,19,2026-09-10T13:06:18Z,Sweden,USA,0,3,2.56,3.8,2.46,1.5,1.46,1.23,1.48,2.6,1.45,2.7,Oui,Non,Non,Non,Oui,Away,78,"[43, 60, 78]",True
691421063468c6e6,coupe-du-monde,165040,19,2026-09-10T13:06:18Z,Croatia,Turkiye,1,1,2.02,3.78,3.32,1.29,1.73,1.23,1.55,2.4,1.53,2.47,Non,Oui,Non,Oui,Non,Away,38,"[30, 38]",True
d30e80b6b0f9c92f,coupe-du-monde,165040,19,2026-09-10T13:06:18Z,Spain,New Zealand,4,0,1.21,6.46,12.56,1.0,4.19,1.08,1.4,2.91,2.06,1.74,Oui,Non,Oui,Non,Non,Home,85,"[42, 44, 67, 85]",True
6aaeddc595fb508e,coupe-du-monde,165040,19,2026-09-10T13:06:18Z,Iraq,Haiti,0,2,1.95,3.59,3.73,1.24,1.8,1.26,1.73,2.08,1.66,2.19,Non,Non,Non,Non,Oui,Away,86,"[63, 86]",True
4a85ff2dfea593fc,coupe-du-monde,165040,19,2026-09-10T13:06:18Z,Norway,Cote d'Ivoire,1,1,2.14,3.9,2.98,1.36,1.66,1.22,1.45,2.69,1.44,2.72,Non,Oui,Non,Oui,Non,Away,63,"[51, 63]",True
ea4d81972da5dbf4,coupe-du-monde,165040,19,2026-09-10T13:06:18Z,Australia,Canada,0,3,2.4,3.74,2.66,1.43,1.53,1.24,1.52,2.48,1.48,2.61,Oui,Non,Non,Non,Oui,Away,64,"[16, 40, 64]",True
feb07c810bbd2b89,coupe-du-monde,165040,19,2026-09-10T13:06:18Z,Argentina,Panama,3,0,1.29,5.76,8.85,1.04,3.43,1.11,1.36,3.07,1.78,2.01,Oui,Non,Oui,Non,Non,Home,39,"[19, 23, 39]",True
b95cc0717516ab0c,coupe-du-monde,165040,19,2026-09-10T13:06:18Z,Bosnia-Herzegovina,Curacao,2,2,1.86,3.69,4.0,1.21,1.88,1.24,1.7,2.13,1.66,2.18,Oui,Oui,Non,Oui,Non,Home,80,"[10, 19, 44, 80]",True
e32be689520b589b,coupe-du-monde,165040,19,2026-09-10T13:06:18Z,Egypt,Saudi Arabia,1,1,2.03,3.69,3.36,1.29,1.73,1.24,1.61,2.28,1.56,2.38,Non,Oui,Non,Oui,Non,Home,78,"[60, 78]",True
6d383c0ac7d0d5a3,coupe-du-monde,165040,19,2026-09-10T13:06:18Z,Netherlands,IR Iran,3,0,2.02,3.9,3.23,1.31,1.73,1.22,1.47,2.63,1.47,2.64,Oui,Non,Oui,Non,Non,Home,75,"[13, 46, 75]",True
3fe21812cb9c775e,coupe-du-monde,165040,19,2026-09-10T13:06:18Z,Algeria,Ghana,3,2,2.04,3.75,3.29,1.3,1.72,1.24,1.56,2.38,1.53,2.46,Oui,Oui,Oui,Non,Non,Home,79,"[30, 34, 37, 53, 79]",True
9bec90b7284192e7,coupe-du-monde,165040,19,2026-09-10T13:06:18Z,Scotland,Korea Republic,1,1,2.82,3.81,2.26,1.59,1.39,1.23,1.49,2.58,1.46,2.67,Non,Oui,Non,Oui,Non,Home,83,"[54, 83]",True
c4d68478b8410440,coupe-du-monde,165040,19,2026-09-10T13:06:18Z,Uzbekistan,Switzerland,1,3,4.46,3.87,1.73,2.03,1.17,1.22,1.64,2.22,1.66,2.18,Oui,Oui,Non,Non,Oui,Away,87,"[15, 17, 84, 87]",True
114b91aee59339a4,coupe-du-monde,165040,19,2026-09-10T13:06:18Z,Uruguay,Jordan,5,0,1.56,4.16,5.6,1.11,2.34,1.2,1.62,2.26,1.74,2.06,Oui,Non,Oui,Non,Non,Home,85,"[36, 44, 63, 69, 85]",True
6167c6f3fd9030b5,coupe-du-monde,165040,19,2026-09-10T13:06:18Z,Tunisia,Portugal,0,3,4.68,4.2,1.64,2.17,1.16,1.19,1.5,2.56,1.58,2.34,Oui,Non,Non,Non,Oui,Away,82,"[41, 74, 82]",True
cdc0e71df9482602,coupe-du-monde,165040,19,2026-09-10T13:06:18Z,Paraguay,Ecuador,0,1,3.0,3.76,2.17,1.64,1.35,1.24,1.53,2.46,1.49,2.56,Non,Non,Non,Non,Oui,Away,50,[50],True
9d05e0aa712f96a2,coupe-du-monde,165040,19,2026-09-10T13:06:18Z,Germany,France,0,1,3.71,4.36,1.78,1.97,1.24,1.18,1.33,3.26,1.4,2.9,Non,Non,Non,Non,Oui,Away,63,[63],True
7edabe4ba58c3a84,coupe-du-monde,165040,19,2026-09-10T13:06:18Z,Japan,Belgium,1,2,2.71,3.65,2.4,1.53,1.42,1.25,1.58,2.33,1.52,2.49,Oui,Oui,Non,Non,Oui,Away,83,"[70, 80, 83]",True
6eb454cba4454a42,coupe-du-monde,165040,19,2026-09-10T13:06:18Z,South Africa,Mexico,0,1,4.23,3.98,1.75,2.01,1.19,1.21,1.55,2.42,1.58,2.34,Non,Non,Non,Non,Oui,Away,57,[57],True
0695935f2dc22af1,coupe-du-monde,165040,19,2026-09-10T13:06:18Z,Czechia,Morocco,0,0,5.7,3.84,1.6,2.25,1.11,1.23,1.83,1.95,1.9,1.88,Non,Non,Non,Oui,Non,,,[],True
aaab00fa6ef88f1c,coupe-du-monde,165040,19,2026-09-10T13:06:18Z,England,Congo DR,2,3,1.43,4.86,6.49,1.08,2.73,1.15,1.43,2.77,1.67,2.17,Oui,Oui,Non,Non,Oui,Home,70,"[30, 44, 44, 62, 70]",True
8898dde31b4e1f3a,coupe-du-monde,165040,19,2026-09-10T13:06:18Z,Colombia,Qatar,1,2,1.98,3.92,3.34,1.29,1.77,1.22,1.48,2.62,1.47,2.62,Oui,Oui,Non,Non,Oui,Away,85,"[52, 80, 85]",True
85064a8e957ba9e2,coupe-du-monde,165040,19,2026-09-10T13:06:18Z,Cabo Verde,Senegal,2,0,4.05,3.8,1.82,1.92,1.21,1.23,1.63,2.24,1.62,2.26,Non,Non,Oui,Non,Non,Home,56,"[33, 56]",True
cedb781563a59b24,coupe-du-monde,165040,21,2026-09-10T13:10:18Z,Australia,Switzerland,0,3,3.27,3.62,2.09,1.69,1.3,1.25,1.65,2.2,1.58,2.34,Oui,Non,Non,Non,Oui,Away,70,"[19, 40, 70]",True
aa2fc368b671ecdc,coupe-du-monde,165040,21,2026-09-10T13:10:18Z,Norway,Belgium,2,3,2.64,3.79,2.4,1.53,1.44,1.23,1.49,2.56,1.46,2.66,Oui,Oui,Non,Non,Oui,Home,76,"[23, 40, 48, 62, 76]",True
f0377c45112d3dbd,coupe-du-monde,165040,21,2026-09-10T13:10:18Z,Turkiye,Qatar,4,1,2.39,3.82,2.63,1.45,1.53,1.23,1.47,2.64,1.44,2.73,Oui,Oui,Oui,Non,Non,Home,77,"[31, 44, 59, 74, 77]",True
b2d8bc3a52b04064,coupe-du-monde,165040,21,2026-09-10T13:10:18Z,Colombia,USA,2,2,2.27,4.0,2.71,1.42,1.59,1.21,1.38,2.96,1.39,2.93,Oui,Oui,Non,Oui,Non,Away,74,"[19, 66, 69, 74]",True
1c4f294ba14c0b42,coupe-du-monde,165040,21,2026-09-10T13:10:18Z,Uruguay,IR Iran,2,1,1.87,3.77,3.86,1.23,1.87,1.24,1.63,2.25,1.6,2.29,Oui,Oui,Oui,Non,Non,Home,89,"[89, 89, 89]",True
17632d137f06903e,coupe-du-monde,165040,21,2026-09-10T13:10:18Z,Iraq,Portugal,1,0,5.63,4.75,1.49,2.53,1.11,1.16,1.39,2.96,1.57,2.37,Non,Non,Oui,Non,Non,Home,4,[4],True
ad6a8bc2e6a37bee,coupe-du-monde,165040,21,2026-09-10T13:10:18Z,Netherlands,Senegal,1,2,2.28,3.79,2.79,1.4,1.58,1.23,1.49,2.56,1.46,2.66,Oui,Oui,Non,Non,Oui,Away,87,"[27, 74, 87]",True
877b0ceb23d50f99,coupe-du-monde,165040,21,2026-09-10T13:10:18Z,England,New Zealand,1,2,1.33,5.33,8.16,1.05,3.16,1.13,1.42,2.82,1.78,2.01,Oui,Oui,Non,Non,Oui,Away,80,"[34, 68, 80]",True
a9dc62cb4d612aea,coupe-du-monde,165040,21,2026-09-10T13:10:18Z,Bosnia-Herzegovina,Egypt,2,3,3.68,3.71,1.93,1.81,1.25,1.24,1.63,2.23,1.6,2.31,Oui,Oui,Non,Non,Oui,Home,76,"[23, 35, 39, 59, 76]",True
69d48547981d3168,coupe-du-monde,165040,21,2026-09-10T13:10:18Z,Croatia,Congo DR,2,1,1.69,3.99,4.59,1.17,2.1,1.21,1.59,2.32,1.64,2.22,Oui,Oui,Oui,Non,Non,Home,77,"[12, 57, 77]",True
82be26b1424d7d18,coupe-du-monde,165040,21,2026-09-10T13:10:18Z,Japan,Morocco,3,2,4.0,3.43,1.93,1.81,1.21,1.28,1.9,1.87,1.79,2.0,Oui,Oui,Oui,Non,Non,Home,88,"[42, 45, 65, 76, 88]",True
157bb1ef319650a0,coupe-du-monde,165040,21,2026-09-10T13:10:18Z,Paraguay,Uzbekistan,1,1,2.2,3.7,2.98,1.36,1.62,1.24,1.57,2.37,1.51,2.5,Non,Oui,Non,Oui,Non,Home,77,"[56, 77]",True
9a68a221b45047c6,coupe-du-monde,165040,21,2026-09-10T13:10:18Z,Czechia,Curacao,2,0,1.58,4.18,5.36,1.12,2.3,1.2,1.58,2.33,1.7,2.12,Non,Non,Oui,Non,Non,Home,52,"[26, 52]",True
361539f5ca9724d3,coupe-du-monde,165040,21,2026-09-10T13:10:18Z,Spain,Ghana,5,1,1.29,5.6,9.23,1.03,3.42,1.11,1.42,2.82,1.85,1.92,Oui,Oui,Oui,Non,Non,Home,75,"[36, 37, 40, 50, 53, 75]",True
085fd0abea861481,coupe-du-monde,165040,21,2026-09-10T13:10:18Z,Panama,Mexico,1,2,4.7,4.05,1.67,2.14,1.16,1.21,1.57,2.37,1.63,2.24,Oui,Oui,Non,Non,Oui,Away,74,"[2, 4, 74]",True
73b08868edfd4278,coupe-du-monde,165040,21,2026-09-10T13:10:18Z,Tunisia,Saudi Arabia,2,0,2.26,3.42,3.08,1.34,1.59,1.28,1.79,2.0,1.65,2.2,Non,Non,Oui,Non,Non,Home,86,"[85, 86]",True
0e258f19fa754408,coupe-du-monde,165040,21,2026-09-10T13:10:18Z,Cabo Verde,Canada,1,2,2.69,3.63,2.42,1.52,1.43,1.25,1.59,2.32,1.52,2.48,Oui,Oui,Non,Non,Oui,Away,57,"[21, 34, 57]",True
fb33a50e338fd364,coupe-du-monde,165040,21,2026-09-10T13:10:18Z,Argentina,France,0,1,2.78,4.12,2.19,1.63,1.4,1.2,1.34,3.21,1.36,3.08,Non,Non,Non,Non,Oui,Away,38,[38],True
239c3a8c0ae627de,coupe-du-monde,165040,21,2026-09-10T13:10:18Z,Scotland,Ecuador,2,1,2.78,3.78,2.29,1.57,1.4,1.23,1.5,2.53,1.47,2.64,Oui,Oui,Oui,Non,Non,Away,70,"[51, 60, 70]",True
c55fba83d6bccecc,coupe-du-monde,165040,21,2026-09-10T13:10:18Z,Algeria,Korea Republic,1,0,2.75,3.7,2.35,1.55,1.41,1.24,1.55,2.41,1.5,2.55,Non,Non,Oui,Non,Non,Home,60,[60],True
48d6bca4dd8ca1c5,coupe-du-monde,165040,21,2026-09-10T13:10:18Z,Germany,Jordan,3,1,1.54,4.53,5.31,1.13,2.4,1.17,1.43,2.77,1.58,2.34,Oui,Oui,Oui,Non,Non,Home,87,"[31, 43, 82, 87]",True
a6c83148712f5205,coupe-du-monde,165040,21,2026-09-10T13:10:18Z,Austria,Haiti,2,0,1.53,4.36,5.71,1.11,2.43,1.18,1.54,2.43,1.69,2.13,Non,Non,Oui,Non,Non,Home,81,"[81, 81]",True
3280b8604482087f,coupe-du-monde,165040,21,2026-09-10T13:10:18Z,Sweden,Brazil,2,3,3.76,4.14,1.81,1.93,1.24,1.2,1.42,2.8,1.47,2.64,Oui,Oui,Non,Non,Oui,Away,67,"[8, 14, 49, 64, 67]",True
13bf20f0bab976e5,coupe-du-monde,165040,21,2026-09-10T13:10:18Z,South Africa,Cote d'Ivoire,0,0,3.66,3.83,1.9,1.84,1.25,1.23,1.57,2.38,1.55,2.4,Non,Non,Non,Oui,Non,,,[],True
1051c78b62a5d560,coupe-du-monde,165040,24,2026-09-10T13:16:18Z,Haiti,England,1,5,10.41,5.94,1.26,3.71,1.02,1.1,1.4,2.89,1.92,1.86,Oui,Oui,Non,Non,Oui,Away,85,"[22, 26, 32, 59, 69, 85]",True
03b8246b49a501e6,coupe-du-monde,165040,24,2026-09-10T13:16:18Z,Brazil,Croatia,1,0,1.95,3.99,3.36,1.29,1.79,1.21,1.44,2.73,1.45,2.69,Non,Non,Oui,Non,Non,Home,37,[37],True
814ac08a9fcd1441,coupe-du-monde,165040,24,2026-09-10T13:16:18Z,Congo DR,Argentina,0,3,8.0,5.57,1.32,3.22,1.05,1.11,1.36,3.1,1.71,2.1,Oui,Non,Non,Non,Oui,Away,69,"[36, 43, 69]",True
bb8a3eeb652ff340,coupe-du-monde,165040,24,2026-09-10T13:16:18Z,Ghana,Colombia,0,3,4.45,4.19,1.68,2.12,1.18,1.19,1.48,2.62,1.55,2.41,Oui,Non,Non,Non,Oui,Away,64,"[13, 37, 64]",True
6afca62318017aec,coupe-du-monde,165040,24,2026-09-10T13:16:18Z,Bosnia-Herzegovina,Scotland,0,2,2.96,3.73,2.2,1.62,1.36,1.24,1.54,2.42,1.5,2.55,Non,Non,Non,Non,Oui,Away,78,"[58, 78]",True
1d423ee5f2d556d0,coupe-du-monde,165040,24,2026-09-10T13:16:18Z,USA,Qatar,0,4,2.07,3.95,3.08,1.33,1.7,1.22,1.44,2.75,1.44,2.74,Oui,Non,Non,Non,Oui,Away,47,"[22, 35, 38, 47]",True
31fe1fbfda68f23f,coupe-du-monde,165040,24,2026-09-10T13:16:18Z,New Zealand,Turkiye,1,3,4.06,3.93,1.79,1.96,1.21,1.22,1.55,2.41,1.57,2.36,Oui,Oui,Non,Non,Oui,Away,80,"[18, 32, 79, 80]",True
fdcd54cccd746421,coupe-du-monde,165040,24,2026-09-10T13:16:18Z,Egypt,Cabo Verde,0,1,2.11,3.54,3.29,1.3,1.67,1.26,1.71,2.1,1.62,2.25,Non,Non,Non,Non,Oui,Away,79,[79],True
38e5309962e81d02,coupe-du-monde,165040,24,2026-09-10T13:16:18Z,Senegal,South Africa,1,0,1.65,4.0,4.93,1.14,2.17,1.21,1.62,2.25,1.69,2.14,Non,Non,Oui,Non,Non,Home,18,[18],True
a4aa38defa4f95e8,coupe-du-monde,165040,24,2026-09-10T13:16:18Z,Curacao,Netherlands,1,3,8.35,5.55,1.32,3.27,1.04,1.12,1.38,2.99,1.76,2.04,Oui,Oui,Non,Non,Oui,Home,84,"[33, 51, 60, 84]",True
21fb8c0c5b0af4ea,coupe-du-monde,165040,24,2026-09-10T13:16:18Z,Saudi Arabia,Algeria,0,1,3.36,3.71,2.03,1.73,1.29,1.24,1.6,2.3,1.56,2.39,Non,Non,Non,Non,Oui,Away,59,[59],True
914061258b3b0797,coupe-du-monde,165040,24,2026-09-10T13:16:18Z,Portugal,Spain,1,0,3.41,4.03,1.93,1.81,1.28,1.21,1.43,2.78,1.45,2.71,Non,Non,Oui,Non,Non,Home,84,[84],True
706fdace6a994150,coupe-du-monde,165040,24,2026-09-10T13:16:18Z,Canada,Norway,2,1,3.54,4.04,1.89,1.85,1.26,1.21,1.44,2.74,1.46,2.65,Oui,Oui,Oui,Non,Non,Away,80,"[31, 33, 80]",True
9cf68fe594888ad8,coupe-du-monde,165040,24,2026-09-10T13:16:18Z,Ecuador,Austria,0,3,2.78,3.69,2.33,1.56,1.4,1.24,1.56,2.39,1.5,2.54,Oui,Non,Non,Non,Oui,Away,47,"[25, 30, 47]",True
fac52e41b6432cfa,coupe-du-monde,165040,24,2026-09-10T13:16:18Z,Paraguay,Czechia,2,1,2.89,3.65,2.27,1.58,1.37,1.25,1.59,2.32,1.53,2.47,Oui,Oui,Oui,Non,Non,Away,51,"[12, 37, 51]",True
c7439c579f1e80f3,coupe-du-monde,165040,24,2026-09-10T13:16:18Z,Tunisia,Australia,3,0,2.9,3.48,2.33,1.55,1.37,1.27,1.72,2.09,1.61,2.29,Oui,Non,Oui,Non,Non,Home,87,"[4, 78, 87]",True
623fe6bb6fffba42,coupe-du-monde,165040,24,2026-09-10T13:16:18Z,Jordan,Mexico,1,4,4.31,3.89,1.75,2.01,1.19,1.22,1.6,2.29,1.62,2.25,Oui,Oui,Non,Non,Oui,Away,82,"[23, 39, 54, 76, 82]",True
81cdbc00b688d7d4,coupe-du-monde,165040,24,2026-09-10T13:16:18Z,Uzbekistan,Iraq,1,0,2.64,3.59,2.48,1.49,1.44,1.26,1.62,2.26,1.54,2.44,Non,Non,Oui,Non,Non,Home,31,[31],True
b1aeffe1b67d6120,coupe-du-monde,165040,24,2026-09-10T13:16:18Z,Cote d'Ivoire,France,1,1,5.85,4.84,1.46,2.6,1.1,1.15,1.38,2.98,1.58,2.34,Non,Oui,Non,Oui,Non,Away,38,"[28, 38]",True
5e16396ae32b001e,coupe-du-monde,165040,24,2026-09-10T13:16:18Z,Morocco,Uruguay,2,2,2.21,3.26,3.32,1.29,1.61,1.3,1.99,1.79,1.79,2.0,Oui,Oui,Non,Oui,Non,Away,75,"[38, 51, 74, 75]",True
a965cfb64b8180f1,coupe-du-monde,165040,24,2026-09-10T13:16:18Z,Switzerland,Japan,3,1,2.51,3.46,2.68,1.43,1.48,1.27,1.73,2.08,1.6,2.29,Oui,Oui,Oui,Non,Non,Home,85,"[20, 43, 52, 85]",True
d2157def5ff4339c,coupe-du-monde,165040,24,2026-09-10T13:16:18Z,Belgium,Germany,0,2,2.54,3.92,2.43,1.51,1.47,1.22,1.42,2.82,1.41,2.85,Non,Non,Non,Non,Oui,Away,89,"[48, 89]",True
176ccd9e3b7aac51,coupe-du-monde,165040,24,2026-09-10T13:16:18Z,Korea Republic,Sweden,3,1,2.64,3.62,2.47,1.5,1.44,1.25,1.6,2.3,1.53,2.47,Oui,Oui,Oui,Non,Non,Home,74,"[44, 45, 71, 74]",True
f79b92f06b0d96c3,coupe-du-monde,165040,24,2026-09-10T13:16:18Z,IR Iran,Panama,1,0,1.79,3.73,4.29,1.19,1.96,1.24,1.71,2.11,1.69,2.13,Non,Non,Oui,Non,Non,Home,66,[66],True
d7b841c3b1989358,coupe-du-monde,165040,26,2026-09-10T13:20:18Z,Egypt,Netherlands,1,5,3.26,3.89,2.01,1.74,1.3,1.22,1.48,2.6,1.47,2.62,Oui,Oui,Non,Non,Oui,Away,90,"[5, 11, 24, 64, 87, 90]",True
aec7494032583186,coupe-du-monde,165040,26,2026-09-10T13:20:18Z,Senegal,Panama,2,1,1.62,4.0,5.22,1.13,2.22,1.21,1.66,2.19,1.74,2.06,Oui,Oui,Oui,Non,Non,Away,86,"[25, 39, 86]",True
1d0b86e75e32e9de,coupe-du-monde,165040,26,2026-09-10T13:20:18Z,Uzbekistan,Austria,1,1,3.76,3.93,1.85,1.89,1.24,1.22,1.52,2.49,1.53,2.46,Non,Oui,Non,Oui,Non,Away,84,"[18, 84]",True
5ae91ee1804813a3,coupe-du-monde,165040,26,2026-09-10T13:20:18Z,Australia,Iraq,0,0,2.06,3.69,3.3,1.3,1.71,1.24,1.61,2.29,1.55,2.4,Non,Non,Non,Oui,Non,,,[],True
dc644278e7c8095f,coupe-du-monde,165040,26,2026-09-10T13:20:18Z,Saudi Arabia,Spain,1,0,9.32,5.65,1.29,3.45,1.03,1.11,1.41,2.84,1.86,1.92,Non,Non,Oui,Non,Non,Home,62,[62],True
fe02a4d95de4dbe6,coupe-du-monde,165040,26,2026-09-10T13:20:18Z,Tunisia,Cabo Verde,3,1,2.32,3.36,3.03,1.35,1.56,1.29,1.85,1.93,1.69,2.14,Oui,Oui,Oui,Non,Non,Home,72,"[23, 25, 71, 72]",True
4a8785fed6f98c76,coupe-du-monde,165040,26,2026-09-10T13:20:18Z,Portugal,England,1,2,2.63,4.02,2.32,1.56,1.44,1.21,1.38,3.01,1.38,2.96,Oui,Oui,Non,Non,Oui,Home,58,"[47, 50, 58]",True
8cac7d29dc36cf0a,coupe-du-monde,165040,26,2026-09-10T13:20:18Z,Ghana,Turkiye,1,3,3.17,3.92,2.04,1.72,1.32,1.22,1.46,2.66,1.46,2.67,Oui,Oui,Non,Non,Oui,Away,67,"[32, 33, 41, 67]",True
3a63654fcfe34a6a,coupe-du-monde,165040,26,2026-09-10T13:20:18Z,Curacao,Uruguay,0,3,10.14,5.62,1.28,3.55,1.02,1.11,1.46,2.66,1.97,1.81,Oui,Non,Non,Non,Oui,Away,66,"[7, 47, 66]",True
2489dd33a07ff883,coupe-du-monde,165040,26,2026-09-10T13:20:18Z,Brazil,Qatar,2,2,1.61,4.54,4.58,1.17,2.24,1.17,1.36,3.08,1.48,2.6,Oui,Oui,Non,Oui,Non,Home,72,"[7, 39, 67, 72]",True
e7e18c3e68a529d6,coupe-du-monde,165040,26,2026-09-10T13:20:18Z,Korea Republic,Colombia,1,0,3.17,3.91,2.05,1.72,1.32,1.22,1.46,2.66,1.46,2.67,Non,Non,Oui,Non,Non,Home,12,[12],True
ec86879bf335d1df,coupe-du-monde,165040,26,2026-09-10T13:20:18Z,New Zealand,Congo DR,1,1,2.9,3.48,2.34,1.55,1.37,1.27,1.72,2.08,1.61,2.28,Non,Oui,Non,Oui,Non,Home,43,"[10, 43]",True
590e76748a3a544a,coupe-du-monde,165040,26,2026-09-10T13:20:18Z,Belgium,France,0,4,4.0,4.16,1.75,2.0,1.21,1.2,1.43,2.77,1.49,2.58,Oui,Non,Non,Non,Oui,Away,74,"[43, 48, 63, 74]",True
623af27663162fbf,coupe-du-monde,165040,26,2026-09-10T13:20:18Z,Scotland,Czechia,5,0,2.68,3.7,2.4,1.53,1.43,1.24,1.55,2.41,1.5,2.55,Oui,Non,Oui,Non,Non,Home,65,"[44, 45, 45, 55, 65]",True
d0381a833616f714,coupe-du-monde,165040,26,2026-09-10T13:20:18Z,Paraguay,Japan,3,1,3.87,3.9,1.84,1.9,1.22,1.22,1.55,2.41,1.56,2.39,Oui,Oui,Oui,Non,Non,Away,54,"[18, 32, 45, 54]",True
d3ab92d6e60a4210,coupe-du-monde,165040,26,2026-09-10T13:20:18Z,Ecuador,Sweden,2,1,2.72,3.64,2.4,1.53,1.42,1.25,1.59,2.32,1.52,2.48,Oui,Oui,Oui,Non,Non,Away,46,"[18, 37, 46]",True
d52138db0a87f35c,coupe-du-monde,165040,26,2026-09-10T13:20:18Z,USA,Argentina,1,0,4.52,4.57,1.61,2.23,1.17,1.17,1.34,3.17,1.46,2.66,Non,Non,Oui,Non,Non,Home,46,[46],True
61c0fd0c2d6ca733,coupe-du-monde,165040,26,2026-09-10T13:20:18Z,Morocco,Germany,3,0,2.08,3.55,3.37,1.29,1.7,1.26,1.71,2.1,1.63,2.25,Oui,Non,Oui,Non,Non,Home,37,"[31, 36, 37]",True
aac84491b73cad1e,coupe-du-monde,165040,26,2026-09-10T13:20:18Z,Canada,South Africa,2,0,2.09,3.65,3.26,1.3,1.69,1.25,1.62,2.25,1.57,2.37,Non,Non,Oui,Non,Non,Home,53,"[43, 53]",True
e2b29689f4f88e5e,coupe-du-monde,165040,26,2026-09-10T13:20:18Z,Cote d'Ivoire,Jordan,1,2,2.05,3.67,3.34,1.29,1.72,1.25,1.62,2.26,1.56,2.38,Oui,Oui,Non,Non,Oui,Away,57,"[27, 29, 57]",True
17486930f021e7a7,coupe-du-monde,165040,26,2026-09-10T13:20:18Z,IR Iran,Mexico,1,0,2.96,3.65,2.23,1.6,1.36,1.25,1.6,2.3,1.53,2.45,Non,Non,Oui,Non,Non,Home,58,[58],True
fb99daa0dcee388c,coupe-du-monde,165040,26,2026-09-10T13:20:18Z,Switzerland,Norway,2,1,2.42,3.65,2.69,1.43,1.52,1.25,1.58,2.34,1.51,2.5,Oui,Oui,Oui,Non,Non,Away,41,"[8, 37, 41]",True
d5de9dec5c188930,coupe-du-monde,165040,26,2026-09-10T13:20:18Z,Bosnia-Herzegovina,Algeria,0,1,3.11,3.72,2.13,1.66,1.33,1.24,1.57,2.37,1.52,2.48,Non,Non,Non,Non,Oui,Away,52,[52],True
623a43ec6209e12f,coupe-du-monde,165040,26,2026-09-10T13:20:18Z,Haiti,Croatia,2,3,6.15,4.33,1.5,2.49,1.09,1.18,1.6,2.3,1.77,2.02,Oui,Oui,Non,Non,Oui,Home,79,"[25, 35, 46, 54, 79]",True
5f1ed0c7802996c4,coupe-du-monde,165040,29,2026-09-10T13:26:18Z,South Africa,Egypt,1,5,3.7,3.69,1.93,1.81,1.24,1.24,1.65,2.2,1.61,2.28,Oui,Oui,Non,Non,Oui,Away,89,"[43, 44, 45, 50, 88, 89]",True
a433d27b734ada4e,coupe-du-monde,165040,29,2026-09-10T13:26:18Z,Jordan,Senegal,1,3,4.48,3.77,1.75,2.01,1.17,1.23,1.7,2.11,1.7,2.11,Oui,Oui,Non,Non,Oui,Home,61,"[44, 45, 45, 61]",True
f9535de5e15a3b8c,coupe-du-monde,165040,29,2026-09-10T13:26:18Z,Turkiye,Portugal,1,4,4.34,4.56,1.64,2.18,1.18,1.17,1.33,3.25,1.44,2.73,Oui,Oui,Non,Non,Oui,Away,57,"[9, 11, 16, 47, 57]",True
50378606ca8db9a9,coupe-du-monde,165040,29,2026-09-10T13:26:18Z,Algeria,Cabo Verde,2,2,2.19,3.59,3.09,1.33,1.63,1.26,1.65,2.2,1.57,2.36,Oui,Oui,Non,Oui,Non,Home,90,"[2, 10, 47, 90]",True
8ddc5732aa2a7167,coupe-du-monde,165040,29,2026-09-10T13:26:18Z,Germany,Switzerland,3,1,2.34,3.74,2.73,1.41,1.55,1.24,1.52,2.48,1.48,2.61,Oui,Oui,Oui,Non,Non,Away,85,"[38, 50, 81, 85]",True
bc2cc85d2aa0220a,coupe-du-monde,165040,29,2026-09-10T13:26:18Z,Mexico,Morocco,0,0,4.2,3.52,1.86,1.88,1.19,1.27,1.86,1.92,1.78,2.01,Non,Non,Non,Oui,Non,,,[],True
6b0d8da63c8f7960,coupe-du-monde,165040,29,2026-09-10T13:26:18Z,Croatia,Ecuador,2,3,2.13,3.74,3.1,1.33,1.66,1.24,1.55,2.41,1.51,2.51,Oui,Oui,Non,Non,Oui,Away,88,"[10, 17, 19, 81, 88]",True
2d0b205015667d0a,coupe-du-monde,165040,29,2026-09-10T13:26:18Z,Uruguay,Paraguay,0,3,1.65,4.14,4.75,1.16,2.17,1.2,1.53,2.46,1.61,2.29,Oui,Non,Non,Non,Oui,Away,73,"[17, 69, 73]",True
5ed0db1c18981cff,coupe-du-monde,165040,29,2026-09-10T13:26:18Z,Norway,Tunisia,1,0,2.01,3.69,3.42,1.28,1.74,1.24,1.62,2.26,1.57,2.36,Non,Non,Oui,Non,Non,Home,7,[7],True
8e5e52bdfe7b415d,coupe-du-monde,165040,29,2026-09-10T13:26:18Z,USA,Ghana,1,2,1.87,4.02,3.64,1.25,1.87,1.21,1.46,2.67,1.48,2.59,Oui,Oui,Non,Non,Oui,Away,57,"[36, 37, 57]",True
6ce2d23431803dc6,coupe-du-monde,165040,29,2026-09-10T13:26:18Z,Colombia,Saudi Arabia,3,1,1.75,4.07,4.11,1.2,2.01,1.21,1.49,2.58,1.53,2.45,Oui,Oui,Oui,Non,Non,Away,85,"[25, 54, 58, 85]",True
b68f907f10413e3a,coupe-du-monde,165040,29,2026-09-10T13:26:18Z,Spain,Australia,2,0,1.44,4.82,6.35,1.09,2.69,1.15,1.43,2.77,1.66,2.19,Non,Non,Oui,Non,Non,Home,42,"[38, 42]",True
09a6d96583731e10,coupe-du-monde,165040,29,2026-09-10T13:26:18Z,Sweden,Bosnia-Herzegovina,1,2,1.93,3.8,3.59,1.26,1.81,1.23,1.57,2.37,1.55,2.42,Oui,Oui,Non,Non,Oui,Away,87,"[19, 81, 87]",True
9cbf323d23b05103,coupe-du-monde,165040,29,2026-09-10T13:26:18Z,Austria,Czechia,1,1,2.14,3.74,3.07,1.34,1.66,1.24,1.55,2.41,1.51,2.52,Non,Oui,Non,Oui,Non,Away,41,"[29, 41]",True
94494ed6824f8594,coupe-du-monde,165040,29,2026-09-10T13:26:18Z,Qatar,Korea Republic,0,2,2.82,3.75,2.28,1.58,1.39,1.24,1.52,2.49,1.48,2.6,Non,Non,Non,Non,Oui,Away,26,"[2, 26]",True
43926a548465d84a,coupe-du-monde,165040,29,2026-09-10T13:26:18Z,Cote d'Ivoire,Belgium,1,0,3.22,3.83,2.05,1.72,1.31,1.23,1.51,2.52,1.49,2.57,Non,Non,Oui,Non,Non,Home,58,[58],True
9b044ecdcbf1c73d,coupe-du-monde,165040,29,2026-09-10T13:26:18Z,Argentina,IR Iran,3,0,1.65,4.3,4.49,1.17,2.16,1.19,1.43,2.77,1.52,2.49,Oui,Non,Oui,Non,Non,Home,43,"[35, 36, 43]",True
e945a864be194804,coupe-du-monde,165040,29,2026-09-10T13:26:18Z,New Zealand,Brazil,1,1,8.17,5.58,1.32,3.25,1.05,1.11,1.36,3.07,1.73,2.08,Non,Oui,Non,Oui,Non,Away,68,"[53, 68]",True
3417b436b39ad1f4,coupe-du-monde,165040,29,2026-09-10T13:26:18Z,England,Uzbekistan,4,1,1.4,5.05,6.71,1.08,2.83,1.14,1.39,2.92,1.65,2.2,Oui,Oui,Oui,Non,Non,Home,84,"[41, 43, 45, 60, 84]",True
30cca2c368d10328,coupe-du-monde,165040,29,2026-09-10T13:26:18Z,Congo DR,Haiti,2,0,2.09,3.61,3.27,1.3,1.69,1.25,1.66,2.19,1.58,2.33,Non,Non,Oui,Non,Non,Home,75,"[59, 75]",True
73000d382bd889c3,coupe-du-monde,165040,29,2026-09-10T13:26:18Z,Netherlands,Scotland,1,0,1.77,4.23,3.85,1.23,1.98,1.19,1.39,2.94,1.45,2.7,Non,Non,Oui,Non,Non,Home,17,[17],True
1fa85989a9e69ac8,coupe-du-monde,165040,29,2026-09-10T13:26:18Z,France,Canada,0,3,1.42,5.02,6.44,1.08,2.77,1.14,1.38,2.98,1.62,2.25,Oui,Non,Non,Non,Oui,Away,76,"[20, 26, 76]",True
39962d455f180ea9,coupe-du-monde,165040,29,2026-09-10T13:26:18Z,Japan,Iraq,0,0,1.8,3.81,4.14,1.2,1.95,1.23,1.64,2.23,1.63,2.23,Non,Non,Non,Oui,Non,,,[],True
d29a5bc2d08a7810,coupe-du-monde,165040,29,2026-09-10T13:26:18Z,Panama,Curacao,3,3,2.09,3.4,3.49,1.27,1.69,1.28,1.86,1.92,1.72,2.09,Oui,Oui,Non,Oui,Non,Home,85,"[22, 25, 35, 76, 81, 85]",True
1d654e741b23b868,coupe-du-monde,165040,32,2026-09-10T13:32:18Z,Paraguay,Panama,2,1,2.11,3.58,3.25,1.3,1.67,1.26,1.68,2.15,1.6,2.3,Oui,Oui,Oui,Non,Non,Home,29,"[15, 25, 29]",True
159c4acc47a401d0,coupe-du-monde,165040,32,2026-09-10T13:32:18Z,Egypt,France,2,2,5.56,4.52,1.52,2.45,1.12,1.17,1.46,2.67,1.62,2.26,Oui,Oui,Non,Oui,Non,Away,61,"[4, 28, 51, 61]",True
11543aae18999d1b,coupe-du-monde,165040,32,2026-09-10T13:32:18Z,Ecuador,Congo DR,1,0,1.88,3.81,3.77,1.23,1.86,1.23,1.58,2.33,1.57,2.36,Non,Non,Oui,Non,Non,Home,59,[59],True
4bb176df0e7a36d3,coupe-du-monde,165040,32,2026-09-10T13:32:18Z,Senegal,Belgium,0,1,2.68,3.67,2.41,1.52,1.43,1.25,1.57,2.36,1.51,2.52,Non,Non,Non,Non,Oui,Away,61,[61],True
34adc7d5c0783d29,coupe-du-monde,165040,32,2026-09-10T13:32:18Z,Saudi Arabia,Qatar,0,2,3.01,3.74,2.17,1.64,1.35,1.24,1.54,2.43,1.5,2.54,Non,Non,Non,Non,Oui,Away,77,"[49, 77]",True
7f00fbeb74a84e83,coupe-du-monde,165040,32,2026-09-10T13:32:18Z,Canada,Cote d'Ivoire,0,2,2.8,3.76,2.29,1.58,1.4,1.24,1.51,2.5,1.48,2.62,Non,Non,Non,Non,Oui,Away,68,"[54, 68]",True
a2b3066fe96988a1,coupe-du-monde,165040,32,2026-09-10T13:32:18Z,Switzerland,Mexico,1,1,2.41,3.6,2.72,1.42,1.52,1.25,1.62,2.26,1.54,2.44,Non,Oui,Non,Oui,Non,Away,43,"[28, 43]",True
f99f55f397d93279,coupe-du-monde,165040,32,2026-09-10T13:32:18Z,Cabo Verde,Sweden,1,1,3.58,3.72,1.95,1.79,1.26,1.24,1.61,2.27,1.58,2.35,Non,Oui,Non,Oui,Non,Home,40,"[29, 40]",True
c84bebf27ea60a60,coupe-du-monde,165040,32,2026-09-10T13:32:18Z,Morocco,IR Iran,1,4,1.73,3.49,5.09,1.14,2.03,1.27,2.02,1.77,1.97,1.81,Oui,Oui,Non,Non,Oui,Home,67,"[18, 32, 58, 60, 67]",True
a2c4280818ce340f,coupe-du-monde,165040,32,2026-09-10T13:32:18Z,Portugal,USA,1,2,1.81,4.33,3.6,1.26,1.93,1.18,1.33,3.23,1.4,2.9,Oui,Oui,Non,Non,Oui,Away,88,"[16, 77, 88]",True
c39b8cc2e2db57da,coupe-du-monde,165040,32,2026-09-10T13:32:18Z,Algeria,Norway,0,4,3.18,3.86,2.06,1.71,1.32,1.23,1.49,2.56,1.48,2.6,Oui,Non,Non,Non,Oui,Away,79,"[41, 52, 63, 79]",True
64467114e244e3a7,coupe-du-monde,165040,32,2026-09-10T13:32:18Z,Uzbekistan,Turkiye,4,1,3.14,3.86,2.07,1.7,1.32,1.23,1.49,2.58,1.47,2.62,Oui,Oui,Oui,Non,Non,Home,87,"[16, 20, 55, 61, 87]",True
43a6fbf6e03797a7,coupe-du-monde,165040,32,2026-09-10T13:32:18Z,Bosnia-Herzegovina,Croatia,0,1,4.38,3.88,1.74,2.02,1.18,1.22,1.62,2.25,1.64,2.21,Non,Non,Non,Non,Oui,Away,81,[81],True
1207159d5244566d,coupe-du-monde,165040,32,2026-09-10T13:32:18Z,Scotland,South Africa,1,1,2.1,3.73,3.18,1.32,1.68,1.24,1.57,2.37,1.52,2.47,Non,Oui,Non,Oui,Non,Away,85,"[43, 85]",True
d8185970d14c6bf6,coupe-du-monde,165040,32,2026-09-10T13:32:18Z,Czechia,England,2,1,4.72,4.35,1.62,2.22,1.16,1.18,1.44,2.75,1.54,2.43,Oui,Oui,Oui,Non,Non,Home,78,"[20, 60, 78]",True
ac111ec50211c691,coupe-du-monde,165040,32,2026-09-10T13:32:18Z,Tunisia,Germany,2,3,3.94,3.96,1.81,1.94,1.22,1.22,1.52,2.47,1.54,2.42,Oui,Oui,Non,Non,Oui,Home,67,"[39, 41, 45, 65, 67]",True
a2033777d7e460f7,coupe-du-monde,165040,32,2026-09-10T13:32:18Z,Curacao,Jordan,1,3,4.07,3.6,1.87,1.87,1.21,1.26,1.78,2.01,1.72,2.09,Oui,Oui,Non,Non,Oui,Away,62,"[12, 34, 42, 62]",True
b9e8756da7e6a178,coupe-du-monde,165040,32,2026-09-10T13:32:18Z,Iraq,Uruguay,3,2,4.97,4.12,1.62,2.21,1.14,1.2,1.56,2.38,1.65,2.21,Oui,Oui,Oui,Non,Non,Home,81,"[16, 28, 52, 74, 81]",True
69ad4c92aa89056f,coupe-du-monde,165040,32,2026-09-10T13:32:18Z,Haiti,Brazil,1,2,9.4,6.07,1.27,3.62,1.03,1.1,1.33,3.22,1.79,2.0,Oui,Oui,Non,Non,Oui,Away,73,"[35, 57, 73]",True
b16767ba75b1cc9d,coupe-du-monde,165040,32,2026-09-10T13:32:18Z,Australia,Colombia,0,1,3.18,3.91,2.04,1.72,1.32,1.22,1.46,2.65,1.46,2.67,Non,Non,Non,Non,Oui,Away,25,[25],True
084f65af85cc245a,coupe-du-monde,165040,32,2026-09-10T13:32:18Z,Austria,Netherlands,3,1,3.0,3.98,2.11,1.68,1.35,1.21,1.41,2.84,1.42,2.82,Oui,Oui,Oui,Non,Non,Away,82,"[13, 24, 61, 82]",True
1f642aa07200e886,coupe-du-monde,165040,32,2026-09-10T13:32:18Z,Japan,Spain,0,3,4.73,4.08,1.66,2.15,1.16,1.2,1.56,2.4,1.62,2.25,Oui,Non,Non,Non,Oui,Away,53,"[28, 38, 53]",True
50cdeac3597ddef3,coupe-du-monde,165040,32,2026-09-10T13:32:18Z,Ghana,Argentina,1,0,7.82,5.61,1.33,3.21,1.05,1.11,1.33,3.22,1.68,2.15,Non,Non,Oui,Non,Non,Home,55,[55],True
c050bb3ceb128783,coupe-du-monde,165040,32,2026-09-10T13:32:18Z,Korea Republic,New Zealand,4,0,1.74,3.94,4.3,1.19,2.02,1.22,1.58,2.35,1.61,2.28,Oui,Non,Oui,Non,Non,Home,80,"[41, 46, 67, 80]",True
782b7aadfe164d9f,coupe-du-monde,165040,34,2026-09-10T13:36:18Z,Algeria,South Africa,2,1,2.01,3.7,3.41,1.28,1.74,1.24,1.61,2.28,1.56,2.38,Oui,Oui,Oui,Non,Non,Away,89,"[39, 41, 89]",True
3716fa995671058e,coupe-du-monde,165040,34,2026-09-10T13:36:18Z,Iraq,Germany,0,1,4.63,4.41,1.62,2.22,1.16,1.18,1.4,2.88,1.51,2.51,Non,Non,Non,Non,Oui,Away,56,[56],True
bf3c0dfaf53f44c6,coupe-du-monde,165040,34,2026-09-10T13:36:18Z,Portugal,Brazil,1,2,2.45,4.21,2.42,1.52,1.51,1.19,1.3,3.47,1.33,3.24,Oui,Oui,Non,Non,Oui,Away,77,"[4, 66, 77]",True
90cf57dadff2dcf0,coupe-du-monde,165040,34,2026-09-10T13:36:18Z,Bosnia-Herzegovina,Qatar,0,0,2.97,3.71,2.2,1.62,1.36,1.24,1.56,2.39,1.51,2.52,Non,Non,Non,Oui,Non,,,[],True
8dbf582dcff9e7ea,coupe-du-monde,165040,34,2026-09-10T13:36:18Z,Haiti,Argentina,2,1,11.32,6.52,1.22,4.06,1.01,1.08,1.34,3.2,1.91,1.86,Oui,Oui,Oui,Non,Non,Home,77,"[21, 56, 77]",True
d841c5195029e70b,coupe-du-monde,165040,34,2026-09-10T13:36:18Z,Saudi Arabia,USA,1,1,3.52,3.98,1.91,1.83,1.26,1.21,1.46,2.65,1.48,2.61,Non,Oui,Non,Oui,Non,Away,45,"[44, 45]",True
87ee5a7f618001b4,coupe-du-monde,165040,34,2026-09-10T13:36:18Z,Paraguay,Mexico,0,2,3.4,3.82,1.98,1.77,1.28,1.23,1.54,2.44,1.52,2.49,Non,Non,Non,Non,Oui,Away,83,"[83, 83]",True
e58e62bb06881470,coupe-du-monde,165040,34,2026-09-10T13:36:18Z,Canada,Belgium,1,1,3.73,3.94,1.86,1.88,1.24,1.22,1.51,2.52,1.52,2.49,Non,Oui,Non,Oui,Non,Home,47,"[21, 47]",True
0a50128f064bc177,coupe-du-monde,165040,34,2026-09-10T13:36:18Z,Austria,Uruguay,1,0,3.44,3.84,1.96,1.78,1.28,1.23,1.52,2.48,1.51,2.51,Non,Non,Oui,Non,Non,Home,70,[70],True
d90a6119847620f4,coupe-du-monde,165040,34,2026-09-10T13:36:18Z,Netherlands,Sweden,1,2,2.08,3.9,3.11,1.33,1.7,1.22,1.46,2.67,1.45,2.69,Oui,Oui,Non,Non,Oui,Home,80,"[43, 44, 80]",True
8c23d694c4ac8e17,coupe-du-monde,165040,34,2026-09-10T13:36:18Z,Morocco,Senegal,1,1,1.95,3.35,4.03,1.21,1.79,1.29,2.0,1.79,1.85,1.93,Non,Oui,Non,Oui,Non,Away,70,"[67, 70]",True
1556210503e673c9,coupe-du-monde,165040,34,2026-09-10T13:36:18Z,Switzerland,Cote d'Ivoire,2,1,2.01,3.64,3.47,1.27,1.74,1.25,1.66,2.19,1.6,2.3,Oui,Oui,Oui,Non,Non,Home,80,"[57, 78, 80]",True
0319b5501ede1b82,coupe-du-monde,165040,34,2026-09-10T13:36:18Z,Japan,England,0,3,3.42,3.87,1.96,1.78,1.28,1.22,1.51,2.52,1.5,2.54,Oui,Non,Non,Non,Oui,Away,73,"[27, 58, 73]",True
eaeb2d505f323570,coupe-du-monde,165040,34,2026-09-10T13:36:18Z,Czechia,Croatia,0,2,3.13,3.62,2.15,1.65,1.32,1.25,1.64,2.23,1.57,2.37,Non,Non,Non,Non,Oui,Away,52,"[21, 52]",True
4af706c505383cc1,coupe-du-monde,165040,34,2026-09-10T13:36:18Z,Cabo Verde,Colombia,2,1,4.26,4.07,1.73,2.04,1.19,1.21,1.51,2.53,1.56,2.39,Oui,Oui,Oui,Non,Non,Home,66,"[40, 56, 66]",True
1b9ee8adcf1f0b9f,coupe-du-monde,165040,34,2026-09-10T13:36:18Z,Ecuador,New Zealand,1,1,1.76,3.95,4.18,1.2,1.99,1.22,1.56,2.38,1.59,2.32,Non,Oui,Non,Oui,Non,Home,29,"[25, 29]",True
6d5f91d2d15b86e3,coupe-du-monde,165040,34,2026-09-10T13:36:18Z,Scotland,Panama,0,0,2.03,3.66,3.39,1.28,1.73,1.25,1.64,2.22,1.58,2.34,Non,Non,Non,Oui,Non,,,[],True
4a7c71bf8c98e988,coupe-du-monde,165040,34,2026-09-10T13:36:18Z,Spain,Norway,5,0,1.59,4.4,4.86,1.15,2.27,1.18,1.43,2.77,1.55,2.42,Oui,Non,Oui,Non,Non,Home,77,"[37, 42, 47, 60, 77]",True
46040e195c6b93e2,coupe-du-monde,165040,34,2026-09-10T13:36:18Z,Curacao,IR Iran,1,3,6.03,4.1,1.54,2.4,1.1,1.2,1.7,2.12,1.84,1.94,Oui,Oui,Non,Non,Oui,Away,62,"[14, 27, 36, 62]",True
15f8b29e718ac71a,coupe-du-monde,165040,34,2026-09-10T13:36:18Z,Uzbekistan,Congo DR,1,3,2.37,3.62,2.76,1.41,1.54,1.25,1.61,2.29,1.53,2.45,Oui,Oui,Non,Non,Oui,Home,88,"[23, 61, 81, 88]",True
b5e752b2022190ad,coupe-du-monde,165040,34,2026-09-10T13:36:18Z,Egypt,Jordan,0,1,2.02,3.57,3.52,1.27,1.74,1.26,1.72,2.09,1.64,2.22,Non,Non,Non,Non,Oui,Away,58,[58],True
8f4817528f04098e,coupe-du-monde,165040,34,2026-09-10T13:36:18Z,Australia,Turkiye,3,0,2.29,3.87,2.74,1.41,1.57,1.22,1.45,2.7,1.43,2.76,Oui,Non,Oui,Non,Non,Home,42,"[36, 41, 42]",True
ca06714205cd719e,coupe-du-monde,165040,34,2026-09-10T13:36:18Z,Tunisia,France,1,1,6.35,4.65,1.45,2.63,1.09,1.16,1.49,2.58,1.7,2.12,Non,Oui,Non,Oui,Non,Away,54,"[3, 54]",True
23c13ffc3f5c6f6f,coupe-du-monde,165040,34,2026-09-10T13:36:18Z,Korea Republic,Ghana,2,2,1.98,3.83,3.4,1.28,1.77,1.23,1.53,2.47,1.51,2.51,Oui,Oui,Non,Oui,Non,Home,75,"[8, 57, 70, 75]",True
425be37d961f7823,coupe-du-monde,165040,36,2026-09-10T13:40:18Z,Egypt,IR Iran,0,0,2.57,3.42,2.64,1.44,1.46,1.28,1.77,2.03,1.63,2.24,Non,Non,Non,Oui,Non,,,[],True
eb94e574fd40bc6e,coupe-du-monde,165040,36,2026-09-10T13:40:18Z,Switzerland,Belgium,2,1,2.48,3.54,2.67,1.43,1.49,1.26,1.66,2.18,1.57,2.37,Oui,Oui,Oui,Non,Non,Home,76,"[37, 68, 76]",True
085e5972214953bb,coupe-du-monde,165040,36,2026-09-10T13:40:18Z,Spain,South Africa,3,0,1.3,5.45,9.3,1.03,3.37,1.12,1.46,2.67,1.9,1.87,Oui,Non,Oui,Non,Non,Home,62,"[47, 50, 62]",True
3174b9534aa58893,coupe-du-monde,165040,36,2026-09-10T13:40:18Z,Ecuador,Ghana,2,1,1.98,3.77,3.45,1.27,1.77,1.23,1.57,2.37,1.54,2.43,Oui,Oui,Oui,Non,Non,Away,88,"[83, 87, 88]",True
55bad479035cbbb8,coupe-du-monde,165040,36,2026-09-10T13:40:18Z,Paraguay,Cote d'Ivoire,1,4,3.02,3.74,2.17,1.64,1.35,1.24,1.54,2.42,1.5,2.53,Oui,Oui,Non,Non,Oui,Away,79,"[30, 35, 46, 65, 79]",True
2370595640a93e0a,coupe-du-monde,165040,36,2026-09-10T13:40:18Z,Curacao,Senegal,2,2,7.51,4.78,1.39,2.87,1.06,1.15,1.54,2.43,1.84,1.94,Oui,Oui,Non,Oui,Non,Home,68,"[16, 44, 51, 68]",True
1010008c42670751,coupe-du-monde,165040,36,2026-09-10T13:40:18Z,Netherlands,Colombia,2,2,2.31,4.04,2.63,1.44,1.56,1.21,1.36,3.06,1.38,3.0,Oui,Oui,Non,Oui,Non,Away,57,"[12, 14, 15, 57]",True
c0a27d5d071cbba9,coupe-du-monde,165040,36,2026-09-10T13:40:18Z,Iraq,France,0,6,8.29,5.5,1.32,3.25,1.04,1.12,1.39,2.96,1.76,2.03,Oui,Non,Non,Non,Oui,Away,88,"[27, 31, 40, 64, 70, 88]",True
9701f023ebb89ad5,coupe-du-monde,165040,36,2026-09-10T13:40:18Z,Algeria,Panama,2,1,1.88,3.72,3.85,1.23,1.86,1.24,1.65,2.2,1.62,2.26,Oui,Oui,Oui,Non,Non,Home,62,"[5, 46, 62]",True
820884dacbc3bdd6,coupe-du-monde,165040,36,2026-09-10T13:40:18Z,Scotland,Mexico,2,2,3.27,3.87,2.02,1.74,1.3,1.22,1.49,2.56,1.48,2.6,Oui,Oui,Non,Oui,Non,Away,64,"[7, 58, 62, 64]",True
31dc7b773dba2c3e,coupe-du-monde,165040,36,2026-09-10T13:40:18Z,Portugal,Haiti,3,1,1.26,6.1,9.47,1.03,3.64,1.1,1.33,3.25,1.79,2.0,Oui,Oui,Oui,Non,Non,Home,76,"[35, 38, 56, 76]",True
53f1d8d47261cab4,coupe-du-monde,165040,36,2026-09-10T13:40:18Z,Japan,Croatia,1,1,2.4,3.54,2.77,1.4,1.53,1.26,1.67,2.17,1.57,2.36,Non,Oui,Non,Oui,Non,Home,75,"[73, 75]",True
5d1401f7bb7e124d,coupe-du-monde,165040,36,2026-09-10T13:40:18Z,Tunisia,Jordan,0,1,2.26,3.29,3.19,1.31,1.59,1.3,1.93,1.84,1.75,2.05,Non,Non,Non,Non,Oui,Away,74,[74],True
a44a6647cb50135a,coupe-du-monde,165040,36,2026-09-10T13:40:18Z,Sweden,Uruguay,2,2,3.83,3.84,1.86,1.88,1.23,1.23,1.57,2.35,1.57,2.36,Oui,Oui,Non,Oui,Non,Home,89,"[22, 62, 66, 89]",True
d3a2da26312c24fd,coupe-du-monde,165040,36,2026-09-10T13:40:18Z,Cabo Verde,Turkiye,1,3,2.94,3.75,2.21,1.62,1.36,1.24,1.53,2.46,1.49,2.57,Oui,Oui,Non,Non,Oui,Away,81,"[43, 44, 45, 81]",True
42eea5fc5bb54d6b,coupe-du-monde,165040,36,2026-09-10T13:40:18Z,Norway,England,1,5,3.22,4.05,1.99,1.76,1.31,1.21,1.4,2.88,1.42,2.8,Oui,Oui,Non,Non,Oui,Away,90,"[14, 16, 20, 53, 78, 90]",True
8fe3be5de0104a60,coupe-du-monde,165040,36,2026-09-10T13:40:18Z,Bosnia-Herzegovina,USA,0,0,3.67,4.05,1.85,1.89,1.25,1.21,1.45,2.71,1.48,2.61,Non,Non,Non,Oui,Non,,,[],True
484a5ccf04180958,coupe-du-monde,165040,36,2026-09-10T13:40:18Z,Uzbekistan,New Zealand,0,0,2.15,3.62,3.13,1.32,1.65,1.25,1.63,2.23,1.56,2.38,Non,Non,Non,Oui,Non,,,[],True
b59136c6d337d0d8,coupe-du-monde,165040,36,2026-09-10T13:40:18Z,Australia,Congo DR,2,1,1.92,3.77,3.63,1.25,1.82,1.23,1.59,2.31,1.57,2.37,Oui,Oui,Oui,Non,Non,Home,58,"[16, 43, 58]",True
fb4e3ab1708d1055,coupe-du-monde,165040,36,2026-09-10T13:40:18Z,Korea Republic,Argentina,2,3,4.94,4.6,1.56,2.34,1.14,1.16,1.37,3.03,1.51,2.52,Oui,Oui,Non,Non,Oui,Away,76,"[18, 34, 48, 64, 76]",True
80ad9653fe69ffb3,coupe-du-monde,165040,36,2026-09-10T13:40:18Z,Saudi Arabia,Brazil,1,1,5.93,4.93,1.45,2.64,1.1,1.15,1.36,3.06,1.57,2.35,Non,Oui,Non,Oui,Non,Home,26,"[7, 26]",True
a08489f3d8c0c467,coupe-du-monde,165040,36,2026-09-10T13:40:18Z,Austria,Germany,1,3,3.17,3.99,2.03,1.73,1.32,1.21,1.42,2.8,1.43,2.76,Oui,Oui,Non,Non,Oui,Away,89,"[18, 60, 62, 89]",True
818fb24a955ecc9f,coupe-du-monde,165040,36,2026-09-10T13:40:18Z,Canada,Morocco,0,3,5.68,3.91,1.59,2.27,1.11,1.22,1.77,2.02,1.86,1.92,Oui,Non,Non,Non,Oui,Away,61,"[33, 40, 61]",True
570119fb310e9470,coupe-du-monde,165040,36,2026-09-10T13:40:18Z,Czechia,Qatar,1,2,2.45,3.69,2.62,1.45,1.5,1.24,1.55,2.41,1.5,2.56,Oui,Oui,Non,Non,Oui,Home,86,"[72, 78, 86]",True
0bfdf2a7bb02fff0,coupe-du-monde,165040,39,2026-09-10T13:46:18Z,Haiti,Uzbekistan,0,1,3.41,3.65,2.03,1.73,1.28,1.25,1.65,2.21,1.59,2.32,Non,Non,Non,Non,Oui,Away,28,[28],True
09cc8903524da62e,coupe-du-monde,165040,39,2026-09-10T13:46:18Z,Panama,Sweden,1,3,4.36,3.8,1.76,1.99,1.18,1.23,1.67,2.17,1.67,2.17,Oui,Oui,Non,Non,Oui,Away,52,"[4, 45, 51, 52]",True
ab603f01f77539bb,coupe-du-monde,165040,39,2026-09-10T13:46:18Z,Jordan,Algeria,1,1,3.29,3.49,2.13,1.66,1.3,1.27,1.75,2.04,1.65,2.21,Non,Oui,Non,Oui,Non,Away,89,"[88, 89]",True
8362a34033b7438b,coupe-du-monde,165040,39,2026-09-10T13:46:18Z,France,Spain,1,2,2.63,3.83,2.39,1.53,1.44,1.23,1.47,2.64,1.44,2.72,Oui,Oui,Non,Non,Oui,Away,87,"[18, 19, 87]",True
658384c4ee1d10ae,coupe-du-monde,165040,39,2026-09-10T13:46:18Z,Portugal,Ecuador,3,2,1.7,4.46,4.07,1.21,2.09,1.17,1.33,3.23,1.43,2.79,Oui,Oui,Oui,Non,Non,Home,65,"[7, 28, 37, 58, 65]",True
e7e649408c0bb386,coupe-du-monde,165040,39,2026-09-10T13:46:18Z,Korea Republic,Saudi Arabia,1,4,2.04,3.73,3.31,1.29,1.72,1.24,1.58,2.33,1.54,2.43,Oui,Oui,Non,Non,Oui,Away,87,"[20, 21, 55, 79, 87]",True
ffb0721ae54bbedf,coupe-du-monde,165040,39,2026-09-10T13:46:18Z,IR Iran,Scotland,1,2,2.26,3.61,2.94,1.36,1.59,1.25,1.62,2.26,1.55,2.42,Oui,Oui,Non,Non,Oui,Away,74,"[24, 65, 74]",True
56d4dcd9c95d8e56,coupe-du-monde,165040,39,2026-09-10T13:46:18Z,Argentina,Curacao,4,2,1.19,7.07,13.38,1.0,4.54,1.07,1.33,3.23,2.04,1.75,Oui,Oui,Oui,Non,Non,Away,89,"[28, 33, 40, 54, 56, 89]",True
8bb86d8723fd1bff,coupe-du-monde,165040,39,2026-09-10T13:46:18Z,USA,Cabo Verde,4,2,2.0,3.85,3.33,1.29,1.75,1.23,1.51,2.51,1.5,2.55,Oui,Oui,Oui,Non,Non,Away,66,"[13, 16, 31, 50, 51, 66]",True
eacea15db2dffe06,coupe-du-monde,165040,39,2026-09-10T13:46:18Z,Germany,England,3,2,2.98,4.02,2.1,1.68,1.35,1.21,1.4,2.91,1.41,2.87,Oui,Oui,Oui,Non,Non,Away,83,"[9, 29, 39, 50, 83]",True
530f5b690a2ddca6,coupe-du-monde,165040,39,2026-09-10T13:46:18Z,Ghana,Bosnia-Herzegovina,0,1,2.65,3.6,2.47,1.5,1.44,1.25,1.62,2.27,1.54,2.44,Non,Non,Non,Non,Oui,Away,49,[49],True
1ea9769ea238a5e9,coupe-du-monde,165040,39,2026-09-10T13:46:18Z,Turkiye,Norway,0,2,3.38,4.04,1.94,1.8,1.29,1.21,1.42,2.8,1.44,2.72,Non,Non,Non,Non,Oui,Away,38,"[28, 38]",True
b8daccd631b2b3e2,coupe-du-monde,165040,39,2026-09-10T13:46:18Z,Canada,Switzerland,1,3,3.95,3.83,1.83,1.91,1.22,1.23,1.6,2.3,1.59,2.31,Oui,Oui,Non,Non,Oui,Away,57,"[37, 40, 54, 57]",True
5ebb65a8fea29073,coupe-du-monde,165040,39,2026-09-10T13:46:18Z,Brazil,Australia,1,2,1.74,4.29,3.98,1.21,2.03,1.19,1.38,2.97,1.45,2.69,Oui,Oui,Non,Non,Oui,Home,83,"[20, 71, 83]",True
0929d2e27117d762,coupe-du-monde,165040,39,2026-09-10T13:46:18Z,Morocco,Egypt,3,1,1.73,3.53,5.05,1.14,2.04,1.26,1.98,1.8,1.94,1.84,Oui,Oui,Oui,Non,Non,Home,89,"[12, 37, 72, 89]",True
00b88658ecf3c6c8,coupe-du-monde,165040,39,2026-09-10T13:46:18Z,Croatia,Uruguay,1,1,3.23,3.68,2.09,1.69,1.31,1.24,1.6,2.3,1.55,2.41,Non,Oui,Non,Oui,Non,Away,75,"[21, 75]",True
aaa979aee8a1d236,coupe-du-monde,165040,39,2026-09-10T13:46:18Z,New Zealand,Czechia,0,0,3.89,3.75,1.86,1.87,1.22,1.24,1.64,2.23,1.62,2.27,Non,Non,Non,Oui,Non,,,[],True
cb57ef5ce80969a3,coupe-du-monde,165040,39,2026-09-10T13:46:18Z,Mexico,Austria,1,2,2.47,3.7,2.6,1.45,1.5,1.24,1.55,2.42,1.49,2.56,Oui,Oui,Non,Non,Oui,Away,79,"[4, 10, 79]",True
4474d596b7902884,coupe-du-monde,165040,39,2026-09-10T13:46:18Z,Belgium,Tunisia,1,0,1.9,3.68,3.83,1.23,1.84,1.25,1.68,2.15,1.64,2.22,Non,Non,Oui,Non,Non,Home,52,[52],True
1d5308d271c9ab2e,coupe-du-monde,165040,39,2026-09-10T13:46:18Z,Senegal,Paraguay,1,1,1.87,3.8,3.81,1.23,1.87,1.23,1.59,2.31,1.58,2.34,Non,Oui,Non,Oui,Non,Home,90,"[29, 90]",True
baff5943d2d41208,coupe-du-monde,165040,39,2026-09-10T13:46:18Z,Cote d'Ivoire,Iraq,4,1,2.06,3.73,3.26,1.3,1.71,1.24,1.57,2.36,1.53,2.45,Oui,Oui,Oui,Non,Non,Home,87,"[19, 34, 52, 53, 87]",True
dbc615daa90f5afa,coupe-du-monde,165040,39,2026-09-10T13:46:18Z,Qatar,Netherlands,3,2,3.89,4.3,1.75,2.0,1.22,1.19,1.37,3.02,1.44,2.73,Oui,Oui,Oui,Non,Non,Away,54,"[6, 40, 49, 54, 54]",True
8d4f00ca59d4dd46,coupe-du-monde,165040,39,2026-09-10T13:46:18Z,Colombia,South Africa,0,1,1.6,4.33,4.95,1.14,2.27,1.18,1.47,2.63,1.58,2.34,Non,Non,Non,Non,Oui,Away,31,[31],True
f81733bfd6bfd596,coupe-du-monde,165040,39,2026-09-10T13:46:18Z,Congo DR,Japan,3,2,4.65,4.07,1.67,2.13,1.16,1.21,1.56,2.4,1.62,2.26,Oui,Oui,Oui,Non,Non,Away,81,"[38, 44, 49, 55, 81]",True
50350bf0292e5190,coupe-du-monde,165040,41,2026-09-10T13:50:18Z,Ghana,Czechia,2,1,3.3,3.77,2.03,1.73,1.3,1.23,1.55,2.41,1.52,2.48,Oui,Oui,Oui,Non,Non,Away,76,"[22, 46, 76]",True
f2c3225b5a8a2693,coupe-du-monde,165040,41,2026-09-10T13:50:18Z,Argentina,Switzerland,1,0,1.93,3.89,3.52,1.27,1.81,1.22,1.51,2.51,1.51,2.52,Non,Non,Oui,Non,Non,Home,71,[71],True
2b19e46f64072bed,coupe-du-monde,165040,41,2026-09-10T13:50:18Z,Qatar,Uruguay,1,3,4.41,4.11,1.69,2.09,1.18,1.2,1.5,2.54,1.56,2.38,Oui,Oui,Non,Non,Oui,Away,87,"[27, 66, 76, 87]",True
9764259d2ba2c658,coupe-du-monde,165040,41,2026-09-10T13:50:18Z,New Zealand,Japan,1,1,5.47,4.24,1.56,2.34,1.12,1.19,1.57,2.37,1.69,2.13,Non,Oui,Non,Oui,Non,Home,79,"[30, 79]",True
6d4a61d4b3e26dad,coupe-du-monde,165040,41,2026-09-10T13:50:18Z,Panama,Colombia,2,0,5.01,4.24,1.6,2.25,1.14,1.19,1.52,2.5,1.62,2.26,Non,Non,Oui,Non,Non,Home,90,"[86, 90]",True
5c2c8a7fb162b42e,coupe-du-monde,165040,41,2026-09-10T13:50:18Z,Mexico,Sweden,0,4,2.36,3.71,2.73,1.42,1.54,1.24,1.54,2.43,1.49,2.57,Oui,Non,Non,Non,Oui,Away,87,"[43, 44, 49, 87]",True
2d3e05d28ae91308,coupe-du-monde,165040,41,2026-09-10T13:50:18Z,Ecuador,Saudi Arabia,2,1,2.06,3.76,3.25,1.31,1.71,1.24,1.56,2.4,1.52,2.49,Oui,Oui,Oui,Non,Non,Away,64,"[59, 63, 64]",True
7669a020b0838ff1,coupe-du-monde,165040,41,2026-09-10T13:50:18Z,Korea Republic,Bosnia-Herzegovina,0,1,1.98,3.81,3.43,1.28,1.77,1.23,1.55,2.42,1.53,2.47,Non,Non,Non,Non,Oui,Away,60,[60],True
ff1cd9961fee29bf,coupe-du-monde,165040,41,2026-09-10T13:50:18Z,France,England,3,3,2.02,4.04,3.14,1.32,1.74,1.21,1.39,2.92,1.41,2.84,Oui,Oui,Non,Oui,Non,Home,83,"[11, 15, 43, 66, 74, 83]",True
0e91e2b855e2abef,coupe-du-monde,165040,41,2026-09-10T13:50:18Z,Curacao,Egypt,2,2,5.72,4.11,1.56,2.35,1.11,1.2,1.66,2.18,1.78,2.0,Oui,Oui,Non,Oui,Non,Home,79,"[43, 52, 78, 79]",True
d3f0752c566fbb81,coupe-du-monde,165040,41,2026-09-10T13:50:18Z,Turkiye,South Africa,2,0,1.92,3.87,3.56,1.26,1.82,1.22,1.52,2.48,1.52,2.49,Non,Non,Oui,Non,Non,Home,88,"[83, 88]",True
43b96a896e9a2e57,coupe-du-monde,165040,41,2026-09-10T13:50:18Z,Croatia,Germany,2,1,2.73,3.87,2.3,1.57,1.42,1.22,1.45,2.71,1.43,2.76,Oui,Oui,Oui,Non,Non,Home,83,"[9, 48, 83]",True
f17825e8748030d5,coupe-du-monde,165040,41,2026-09-10T13:50:18Z,Morocco,Tunisia,1,1,1.67,3.55,5.62,1.11,2.13,1.26,2.05,1.75,2.05,1.75,Non,Oui,Non,Oui,Non,Home,62,"[15, 62]",True
bc0f054a9ac8962c,coupe-du-monde,165040,41,2026-09-10T13:50:18Z,Canada,Paraguay,1,4,2.48,3.68,2.6,1.45,1.5,1.25,1.56,2.4,1.5,2.55,Oui,Oui,Non,Non,Oui,Away,88,"[43, 44, 44, 58, 88]",True
4e7bb6e1868bf8a2,coupe-du-monde,165040,41,2026-09-10T13:50:18Z,Portugal,Uzbekistan,0,2,1.46,4.92,5.82,1.11,2.62,1.15,1.36,3.1,1.56,2.39,Non,Non,Non,Non,Oui,Away,85,"[58, 85]",True
7eb16d1165bfdbe4,coupe-du-monde,165040,41,2026-09-10T13:50:18Z,Cote d'Ivoire,Austria,1,1,2.93,3.73,2.22,1.61,1.37,1.24,1.54,2.43,1.5,2.55,Non,Oui,Non,Oui,Non,Home,37,"[36, 37]",True
4ab7690acfaf0336,coupe-du-monde,165040,41,2026-09-10T13:50:18Z,Senegal,Scotland,3,1,1.98,3.78,3.46,1.27,1.77,1.23,1.57,2.37,1.54,2.43,Oui,Oui,Oui,Non,Non,Away,87,"[39, 45, 82, 87]",True
b1fa9b2f0e2aad09,coupe-du-monde,165040,41,2026-09-10T13:50:18Z,Belgium,Iraq,1,0,1.7,4.0,4.48,1.17,2.08,1.21,1.56,2.38,1.61,2.28,Non,Non,Oui,Non,Non,Home,31,[31],True
ff8ad1b4dd53b42a,coupe-du-monde,165040,41,2026-09-10T13:50:18Z,Haiti,Australia,1,3,5.02,4.13,1.62,2.22,1.14,1.2,1.57,2.36,1.66,2.18,Oui,Oui,Non,Non,Oui,Away,63,"[37, 41, 61, 63]",True
0c200fabd0daf326,coupe-du-monde,165040,41,2026-09-10T13:50:18Z,Jordan,Spain,0,1,9.18,5.27,1.31,3.29,1.03,1.13,1.5,2.54,1.93,1.84,Non,Non,Non,Non,Oui,Away,41,[41],True
05b62ef254a6a563,coupe-du-monde,165040,41,2026-09-10T13:50:18Z,Brazil,Cabo Verde,4,2,1.54,4.62,5.18,1.13,2.4,1.16,1.39,2.95,1.54,2.44,Oui,Oui,Oui,Non,Non,Home,90,"[6, 27, 41, 81, 85, 90]",True
846a40985f1054aa,coupe-du-monde,165040,41,2026-09-10T13:50:18Z,USA,Netherlands,1,1,2.94,4.02,2.12,1.67,1.36,1.21,1.39,2.94,1.4,2.89,Non,Oui,Non,Oui,Non,Away,86,"[39, 86]",True
284a8ee2c58eab49,coupe-du-monde,165040,41,2026-09-10T13:50:18Z,IR Iran,Algeria,3,1,2.36,3.57,2.81,1.39,1.54,1.26,1.65,2.21,1.56,2.39,Oui,Oui,Oui,Non,Non,Home,90,"[33, 36, 57, 90]",True
73defc6db2b6ac18,coupe-du-monde,165040,41,2026-09-10T13:50:18Z,Congo DR,Norway,1,1,4.59,4.15,1.66,2.14,1.17,1.2,1.51,2.52,1.58,2.33,Non,Oui,Non,Oui,Non,Away,62,"[48, 62]",True
dad431e41c72d398,coupe-du-monde,165040,44,2026-09-10T13:56:18Z,Paraguay,Egypt,1,1,3.03,3.57,2.22,1.61,1.34,1.26,1.66,2.19,1.57,2.36,Non,Oui,Non,Oui,Non,Away,81,"[72, 81]",True
189d8eea2d3783e7,coupe-du-monde,165040,44,2026-09-10T13:56:18Z,Norway,Brazil,2,1,3.22,4.18,1.96,1.79,1.31,1.2,1.35,3.15,1.39,2.95,Oui,Oui,Oui,Non,Non,Away,83,"[46, 52, 83]",True
51f5fb65c000d13c,coupe-du-monde,165040,44,2026-09-10T13:56:18Z,Sweden,IR Iran,1,3,2.42,3.52,2.76,1.41,1.52,1.27,1.69,2.14,1.58,2.34,Oui,Oui,Non,Non,Oui,Home,78,"[37, 45, 65, 78]",True
d90af95cda99c37b,coupe-du-monde,165040,44,2026-09-10T13:56:18Z,Scotland,Curacao,1,1,1.64,4.1,4.87,1.15,2.19,1.2,1.57,2.37,1.65,2.21,Non,Oui,Non,Oui,Non,Away,90,"[89, 90]",True
a79b9f2a72d2fc24,coupe-du-monde,165040,44,2026-09-10T13:56:18Z,Colombia,Jordan,2,0,1.74,3.99,4.27,1.19,2.02,1.21,1.55,2.41,1.59,2.33,Non,Non,Oui,Non,Non,Home,41,"[29, 41]",True
8b6952a4b018082a,coupe-du-monde,165040,44,2026-09-10T13:56:18Z,Germany,Congo DR,3,1,1.54,4.59,5.15,1.13,2.38,1.17,1.39,2.93,1.54,2.44,Oui,Oui,Oui,Non,Non,Home,82,"[9, 72, 81, 82]",True
07a21572802dca7d,coupe-du-monde,165040,44,2026-09-10T13:56:18Z,Turkiye,France,0,3,6.17,5.14,1.42,2.75,1.09,1.13,1.33,3.27,1.56,2.39,Oui,Non,Non,Non,Oui,Away,84,"[30, 75, 84]",True
619f2385c9a019af,coupe-du-monde,165040,44,2026-09-10T13:56:18Z,Czechia,Portugal,0,4,4.22,4.33,1.69,2.1,1.19,1.18,1.39,2.92,1.48,2.61,Oui,Non,Non,Non,Oui,Away,89,"[36, 53, 61, 89]",True
28df580c3da5d7ee,coupe-du-monde,165040,44,2026-09-10T13:56:18Z,Uzbekistan,Argentina,1,4,6.93,5.22,1.38,2.92,1.07,1.13,1.36,3.06,1.64,2.21,Oui,Oui,Non,Non,Oui,Away,80,"[26, 32, 35, 70, 80]",True
5582008cfda01db3,coupe-du-monde,165040,44,2026-09-10T13:56:18Z,Cabo Verde,Korea Republic,0,5,3.27,3.66,2.08,1.69,1.3,1.25,1.62,2.25,1.57,2.37,Oui,Non,Non,Non,Oui,Away,88,"[41, 45, 64, 78, 88]",True
b75d9e971bcea15e,coupe-du-monde,165040,44,2026-09-10T13:56:18Z,Algeria,Morocco,0,2,5.25,3.66,1.68,2.12,1.13,1.25,1.9,1.88,1.9,1.87,Non,Non,Non,Non,Oui,Away,72,"[25, 72]",True
1623fa073772f9a8,coupe-du-monde,165040,44,2026-09-10T13:56:18Z,Iraq,Canada,2,1,2.79,3.64,2.35,1.55,1.4,1.25,1.59,2.32,1.52,2.48,Oui,Oui,Oui,Non,Non,Home,85,"[1, 52, 85]",True
d9f6f5d61f6a9cb4,coupe-du-monde,165040,44,2026-09-10T13:56:18Z,Japan,Haiti,1,1,1.44,4.61,6.65,1.08,2.67,1.16,1.53,2.46,1.77,2.03,Non,Oui,Non,Oui,Non,Home,81,"[15, 81]",True
a8583e82f6e4bfc2,coupe-du-monde,165040,44,2026-09-10T13:56:18Z,Australia,Ecuador,2,2,2.61,3.73,2.45,1.51,1.45,1.24,1.52,2.47,1.48,2.61,Oui,Oui,Non,Oui,Non,Away,79,"[44, 48, 65, 79]",True
c6c4c167be7c0c65,coupe-du-monde,165040,44,2026-09-10T13:56:18Z,Bosnia-Herzegovina,Saudi Arabia,4,2,2.54,3.64,2.55,1.47,1.47,1.25,1.58,2.33,1.52,2.5,Oui,Oui,Oui,Non,Non,Home,79,"[14, 25, 30, 55, 70, 79]",True
28ef88e2e13ae9a4,coupe-du-monde,165040,44,2026-09-10T13:56:18Z,Netherlands,Ghana,1,2,1.6,4.51,4.71,1.16,2.26,1.17,1.38,2.99,1.5,2.55,Oui,Oui,Non,Non,Oui,Away,80,"[29, 79, 80]",True
69acb1d6f00782e5,coupe-du-monde,165040,44,2026-09-10T13:56:18Z,Croatia,Mexico,2,0,2.44,3.7,2.63,1.44,1.51,1.24,1.55,2.42,1.49,2.57,Non,Non,Oui,Non,Non,Home,85,"[65, 85]",True
fad986c095aa7259,coupe-du-monde,165040,44,2026-09-10T13:56:18Z,Tunisia,Switzerland,1,2,4.06,3.46,1.91,1.83,1.21,1.27,1.89,1.88,1.79,2.0,Oui,Oui,Non,Non,Oui,Away,64,"[13, 55, 64]",True
38386639b7505f10,coupe-du-monde,165040,44,2026-09-10T13:56:18Z,Spain,Belgium,2,2,1.72,4.08,4.32,1.18,2.06,1.2,1.51,2.51,1.56,2.38,Oui,Oui,Non,Oui,Non,Home,60,"[42, 43, 50, 60]",True
110748ace17a77d8,coupe-du-monde,165040,44,2026-09-10T13:56:18Z,Panama,Qatar,0,2,3.44,3.68,2.01,1.74,1.28,1.25,1.63,2.24,1.58,2.34,Non,Non,Non,Non,Oui,Away,76,"[47, 76]",True
57cf453561d971e3,coupe-du-monde,165040,44,2026-09-10T13:56:18Z,Uruguay,New Zealand,1,1,1.42,4.68,6.97,1.07,2.75,1.16,1.53,2.46,1.78,2.0,Non,Oui,Non,Oui,Non,Home,60,"[52, 60]",True
24f030167f45c1e2,coupe-du-monde,165040,44,2026-09-10T13:56:18Z,South Africa,USA,3,0,3.84,3.96,1.83,1.91,1.23,1.22,1.51,2.51,1.53,2.46,Oui,Non,Oui,Non,Non,Home,87,"[56, 61, 87]",True
677119526d5b070a,coupe-du-monde,165040,44,2026-09-10T13:56:18Z,England,Cote d'Ivoire,1,1,1.73,4.2,4.08,1.2,2.03,1.19,1.43,2.77,1.49,2.56,Non,Oui,Non,Oui,Non,Away,57,"[16, 57]",True
e304f693c585fb16,coupe-du-monde,165040,44,2026-09-10T13:56:18Z,Austria,Senegal,2,2,2.64,3.61,2.47,1.5,1.44,1.25,1.6,2.29,1.53,2.47,Oui,Oui,Non,Oui,Non,Home,79,"[40, 44, 48, 79]",True
836872cbb48ff2bc,coupe-du-monde,165040,47,2026-09-10T14:02:18Z,Senegal,England,0,1,3.39,3.88,1.97,1.78,1.28,1.22,1.5,2.53,1.5,2.55,Non,Non,Non,Non,Oui,Away,3,[3],True
061c5de31b99eafb,coupe-du-monde,165040,47,2026-09-10T14:02:18Z,Argentina,Tunisia,1,1,1.52,4.48,5.64,1.11,2.45,1.17,1.48,2.59,1.65,2.21,Non,Oui,Non,Oui,Non,Home,80,"[26, 80]",True
ec3dd52380dd2db6,coupe-du-monde,165040,47,2026-09-10T14:02:18Z,Morocco,Sweden,1,0,1.82,3.48,4.49,1.17,1.92,1.27,1.94,1.84,1.85,1.92,Non,Non,Oui,Non,Non,Home,6,[6],True
ad552814d3935b23,coupe-du-monde,165040,47,2026-09-10T14:02:18Z,Portugal,Netherlands,4,0,2.1,4.13,2.93,1.37,1.68,1.2,1.34,3.17,1.37,3.02,Oui,Non,Oui,Non,Non,Home,62,"[29, 31, 51, 62]",True
96644a3f2558a2b0,coupe-du-monde,165040,47,2026-09-10T14:02:18Z,IR Iran,Croatia,2,4,3.09,3.58,2.19,1.63,1.33,1.26,1.66,2.19,1.58,2.35,Oui,Oui,Non,Non,Oui,Away,84,"[26, 31, 42, 66, 74, 84]",True
532773a754dc6124,coupe-du-monde,165040,47,2026-09-10T14:02:18Z,Ghana,South Africa,1,2,2.49,3.53,2.66,1.43,1.49,1.26,1.67,2.17,1.57,2.36,Oui,Oui,Non,Non,Oui,Home,53,"[16, 43, 53]",True
6d6906fd0ad46699,coupe-du-monde,165040,47,2026-09-10T14:02:18Z,Bosnia-Herzegovina,Australia,4,1,3.31,3.75,2.04,1.73,1.3,1.24,1.56,2.38,1.53,2.46,Oui,Oui,Oui,Non,Non,Home,84,"[40, 42, 59, 61, 84]",True
9d2540b3fbe494e5,coupe-du-monde,165040,47,2026-09-10T14:02:18Z,Congo DR,Mexico,3,1,4.52,4.03,1.69,2.09,1.17,1.21,1.55,2.4,1.61,2.29,Oui,Oui,Oui,Non,Non,Home,87,"[42, 45, 66, 87]",True
7672d1e3e2e1879f,coupe-du-monde,165040,47,2026-09-10T14:02:18Z,Uzbekistan,Czechia,2,2,3.07,3.67,2.16,1.64,1.34,1.25,1.59,2.31,1.54,2.44,Oui,Oui,Non,Oui,Non,Away,90,"[35, 54, 75, 90]",True
22a9277e288c879c,coupe-du-monde,165040,47,2026-09-10T14:02:18Z,Paraguay,Scotland,0,2,2.72,3.71,2.36,1.54,1.42,1.24,1.54,2.43,1.49,2.56,Non,Non,Non,Non,Oui,Away,43,"[40, 43]",True
3d68ec5114386edb,coupe-du-monde,165040,47,2026-09-10T14:02:18Z,Egypt,Iraq,2,1,2.08,3.59,3.32,1.29,1.69,1.26,1.68,2.16,1.6,2.3,Oui,Oui,Oui,Non,Non,Away,42,"[22, 41, 42]",True
c848726dc8cb91d0,coupe-du-monde,165040,47,2026-09-10T14:02:18Z,Cote d'Ivoire,Turkiye,2,1,2.44,3.83,2.57,1.46,1.51,1.23,1.47,2.64,1.44,2.72,Oui,Oui,Oui,Non,Non,Home,82,"[17, 67, 82]",True
bbfd189dfa13d003,coupe-du-monde,165040,47,2026-09-10T14:02:18Z,Korea Republic,Norway,0,2,3.16,3.94,2.04,1.72,1.32,1.22,1.45,2.71,1.45,2.71,Non,Non,Non,Non,Oui,Away,54,"[9, 54]",True
2fdb8c8f6d4fe1f6,coupe-du-monde,165040,47,2026-09-10T14:02:18Z,Canada,Spain,0,5,7.66,5.17,1.36,3.03,1.06,1.13,1.43,2.77,1.76,2.04,Oui,Non,Non,Non,Oui,Away,86,"[13, 35, 68, 76, 86]",True
2d7d0e6b55d04ae9,coupe-du-monde,165040,47,2026-09-10T14:02:18Z,Jordan,Qatar,4,1,3.16,3.58,2.15,1.65,1.32,1.26,1.67,2.17,1.59,2.33,Oui,Oui,Oui,Non,Non,Home,76,"[3, 17, 48, 65, 76]",True
29fa102f079ac4d1,coupe-du-monde,165040,47,2026-09-10T14:02:18Z,Brazil,Germany,3,1,2.24,4.21,2.65,1.44,1.6,1.19,1.3,3.45,1.33,3.23,Oui,Oui,Oui,Non,Non,Home,62,"[18, 53, 54, 62]",True
f15de35dc15640f2,coupe-du-monde,165040,47,2026-09-10T14:02:18Z,Saudi Arabia,Cabo Verde,2,1,2.78,3.53,2.4,1.53,1.4,1.26,1.67,2.16,1.57,2.35,Oui,Oui,Oui,Non,Non,Away,77,"[16, 37, 77]",True
37744e08c734a862,coupe-du-monde,165040,47,2026-09-10T14:02:18Z,Belgium,Colombia,3,1,2.27,3.85,2.77,1.4,1.58,1.23,1.46,2.66,1.44,2.73,Oui,Oui,Oui,Non,Non,Home,60,"[16, 25, 51, 60]",True
f796528c75420479,coupe-du-monde,165040,47,2026-09-10T14:02:18Z,USA,France,1,2,4.76,4.65,1.58,2.31,1.15,1.16,1.34,3.19,1.47,2.62,Oui,Oui,Non,Non,Oui,Away,79,"[57, 79, 79]",True
ad1894b3ad22e61a,coupe-du-monde,165040,47,2026-09-10T14:02:18Z,Haiti,Uruguay,0,1,8.27,5.14,1.34,3.11,1.05,1.13,1.48,2.6,1.85,1.93,Non,Non,Non,Non,Oui,Away,11,[11],True
23bdc63d10e621d7,coupe-du-monde,165040,47,2026-09-10T14:02:18Z,Curacao,Austria,1,1,6.44,4.45,1.47,2.58,1.08,1.18,1.57,2.35,1.78,2.01,Non,Oui,Non,Oui,Non,Away,60,"[43, 60]",True
1b9d81de7528ea6b,coupe-du-monde,165040,47,2026-09-10T14:02:18Z,Ecuador,Japan,0,2,3.21,3.72,2.08,1.69,1.31,1.24,1.57,2.36,1.53,2.46,Non,Non,Non,Non,Oui,Away,57,"[54, 57]",True
dd0159b0f26d146a,coupe-du-monde,165040,47,2026-09-10T14:02:18Z,Switzerland,Algeria,2,1,1.97,3.63,3.62,1.25,1.78,1.25,1.69,2.14,1.63,2.24,Oui,Oui,Oui,Non,Non,Away,80,"[24, 62, 80]",True
0988a4255da96fa0,coupe-du-monde,165040,47,2026-09-10T14:02:18Z,New Zealand,Panama,2,2,2.79,3.36,2.48,1.5,1.4,1.29,1.82,1.96,1.67,2.18,Oui,Oui,Non,Oui,Non,Home,63,"[42, 45, 63, 63]",True
87a9d9856aaa6a79,coupe-du-monde,165040,49,2026-09-10T14:06:18Z,Saudi Arabia,Netherlands,1,3,4.65,4.38,1.62,2.21,1.16,1.18,1.42,2.82,1.52,2.48,Oui,Oui,Non,Non,Oui,Home,75,"[26, 35, 56, 75]",True
a6d4ff59e853c8b7,coupe-du-monde,165040,49,2026-09-10T14:06:18Z,Canada,England,0,3,5.05,4.46,1.57,2.33,1.14,1.17,1.43,2.78,1.56,2.39,Oui,Non,Non,Non,Oui,Away,85,"[66, 84, 85]",True
803784c1a83c4480,coupe-du-monde,165040,49,2026-09-10T14:06:18Z,Belgium,Turkiye,0,1,1.92,3.92,3.52,1.26,1.82,1.22,1.49,2.56,1.5,2.55,Non,Non,Non,Non,Oui,Away,53,[53],True
3c62ae240110201e,coupe-du-monde,165040,49,2026-09-10T14:06:18Z,Argentina,Scotland,3,2,1.42,5.12,6.24,1.09,2.76,1.13,1.34,3.2,1.58,2.35,Oui,Oui,Oui,Non,Non,Home,87,"[25, 30, 53, 69, 87]",True
86f222701b8dbbb8,coupe-du-monde,165040,49,2026-09-10T14:06:18Z,Senegal,Croatia,1,4,2.55,3.51,2.61,1.45,1.47,1.27,1.69,2.14,1.58,2.34,Oui,Oui,Non,Non,Oui,Away,73,"[14, 44, 70, 70, 73]",True
55f9ccf502362e00,coupe-du-monde,165040,49,2026-09-10T14:06:18Z,Uzbekistan,Japan,1,1,4.45,4.01,1.71,2.07,1.17,1.21,1.56,2.39,1.61,2.29,Non,Oui,Non,Oui,Non,Home,48,"[47, 48]",True
713029bc2080e8a2,coupe-du-monde,165040,49,2026-09-10T14:06:18Z,Australia,Czechia,2,2,2.42,3.7,2.66,1.44,1.52,1.24,1.55,2.41,1.5,2.56,Oui,Oui,Non,Oui,Non,Home,84,"[19, 51, 66, 84]",True
02ba3983c175e553,coupe-du-monde,165040,49,2026-09-10T14:06:18Z,Switzerland,Spain,3,2,4.45,3.89,1.73,2.04,1.18,1.22,1.62,2.25,1.65,2.2,Oui,Oui,Oui,Non,Non,Away,75,"[6, 10, 53, 56, 75]",True
c33d1db0ff7602f3,coupe-du-monde,165040,49,2026-09-10T14:06:18Z,Ecuador,Norway,2,3,2.97,3.92,2.14,1.66,1.36,1.22,1.44,2.73,1.44,2.75,Oui,Oui,Non,Non,Oui,Home,87,"[10, 11, 35, 50, 87]",True
1ff60e29a28651d2,coupe-du-monde,165040,49,2026-09-10T14:06:18Z,Ghana,Panama,2,3,2.28,3.49,2.99,1.35,1.58,1.27,1.72,2.09,1.61,2.28,Oui,Oui,Non,Non,Oui,Away,83,"[17, 24, 35, 70, 83]",True
1d5af6a9d1e3d70e,coupe-du-monde,165040,49,2026-09-10T14:06:18Z,Cote d'Ivoire,Congo DR,5,1,1.87,3.83,3.78,1.23,1.87,1.23,1.57,2.35,1.57,2.37,Oui,Oui,Oui,Non,Non,Away,70,"[15, 27, 29, 57, 66, 70]",True
b410ab3eda0cc802,coupe-du-monde,165040,49,2026-09-10T14:06:18Z,Brazil,France,2,1,3.28,4.26,1.92,1.82,1.3,1.19,1.33,3.27,1.38,3.0,Oui,Oui,Oui,Non,Non,Home,84,"[29, 77, 84]",True
96fbad3847b65d94,coupe-du-monde,165040,49,2026-09-10T14:06:18Z,Morocco,Colombia,2,0,1.95,3.45,3.86,1.23,1.79,1.27,1.86,1.91,1.75,2.04,Non,Non,Oui,Non,Non,Home,60,"[49, 60]",True
771d1b8882f5ca29,coupe-du-monde,165040,49,2026-09-10T14:06:18Z,Paraguay,Algeria,1,1,2.82,3.65,2.32,1.56,1.39,1.25,1.59,2.32,1.52,2.48,Non,Oui,Non,Oui,Non,Away,23,"[18, 23]",True
9c24814810c8dd6f,coupe-du-monde,165040,49,2026-09-10T14:06:18Z,New Zealand,Mexico,2,1,5.55,4.39,1.53,2.41,1.12,1.18,1.51,2.52,1.66,2.19,Oui,Oui,Oui,Non,Non,Home,85,"[21, 46, 85]",True
0d1713c2b793f1b4,coupe-du-monde,165040,49,2026-09-10T14:06:18Z,IR Iran,Qatar,4,2,2.24,3.64,2.95,1.36,1.6,1.25,1.6,2.3,1.53,2.45,Oui,Oui,Oui,Non,Non,Away,73,"[19, 29, 41, 47, 72, 73]",True
7c920839be9171ce,coupe-du-monde,165040,49,2026-09-10T14:06:18Z,USA,Jordan,3,1,1.87,3.89,3.73,1.24,1.87,1.22,1.54,2.45,1.54,2.44,Oui,Oui,Oui,Non,Non,Away,89,"[20, 23, 79, 89]",True
44a131b6c465bd8d,coupe-du-monde,165040,49,2026-09-10T14:06:18Z,Haiti,Germany,1,2,7.55,5.35,1.35,3.07,1.06,1.12,1.37,3.02,1.69,2.13,Oui,Oui,Non,Non,Oui,Away,90,"[38, 42, 90]",True
df85dfce5955523b,coupe-du-monde,165040,49,2026-09-10T14:06:18Z,Portugal,Uruguay,0,1,2.25,3.96,2.76,1.41,1.6,1.22,1.4,2.87,1.4,2.87,Non,Non,Non,Non,Oui,Away,29,[29],True
a6dad1bc3ae29642,coupe-du-monde,165040,49,2026-09-10T14:06:18Z,Bosnia-Herzegovina,Cabo Verde,1,3,2.81,3.6,2.35,1.55,1.39,1.25,1.62,2.25,1.54,2.43,Oui,Oui,Non,Non,Oui,Away,85,"[23, 38, 49, 85]",True
4250b746ac061800,coupe-du-monde,165040,49,2026-09-10T14:06:18Z,Korea Republic,South Africa,4,0,1.92,3.76,3.68,1.25,1.82,1.24,1.61,2.29,1.58,2.35,Oui,Non,Oui,Non,Non,Home,88,"[17, 52, 87, 88]",True
de3a96efc844ce98,coupe-du-monde,165040,49,2026-09-10T14:06:18Z,Tunisia,Iraq,1,1,2.38,3.42,2.88,1.38,1.53,1.28,1.78,2.01,1.64,2.22,Non,Oui,Non,Oui,Non,Home,90,"[59, 90]",True
ee558bc04ece330d,coupe-du-monde,165040,49,2026-09-10T14:06:18Z,Egypt,Austria,1,0,2.82,3.56,2.35,1.55,1.39,1.26,1.66,2.19,1.56,2.38,Non,Non,Oui,Non,Non,Home,28,[28],True
6e95fec06dc716da,coupe-du-monde,165040,49,2026-09-10T14:06:18Z,Curacao,Sweden,1,1,6.24,4.41,1.49,2.53,1.09,1.18,1.57,2.36,1.76,2.03,Non,Oui,Non,Oui,Non,Home,86,"[86, 86]",True
3b5921d60f528c37,coupe-du-monde,165040,50,2026-09-10T14:08:18Z,USA,Cote d'Ivoire,2,1,2.28,3.87,2.75,1.41,1.58,1.22,1.45,2.69,1.44,2.75,Oui,Oui,Oui,Non,Non,Home,77,"[24, 77, 77]",True
be836d668662af95,coupe-du-monde,165040,50,2026-09-10T14:08:18Z,Jordan,New Zealand,2,2,2.32,3.46,2.94,1.36,1.56,1.27,1.74,2.05,1.62,2.25,Oui,Oui,Non,Oui,Non,Away,87,"[19, 21, 77, 87]",True
2c065d36e4bf7fa1,coupe-du-monde,165040,50,2026-09-10T14:08:18Z,France,Ghana,0,0,1.3,5.81,8.51,1.04,3.39,1.11,1.34,3.21,1.73,2.08,Non,Non,Non,Oui,Non,,,[],True
14f39ad7b9c4a07c,coupe-du-monde,165040,50,2026-09-10T14:08:18Z,Austria,Paraguay,2,1,2.05,3.77,3.25,1.31,1.71,1.23,1.55,2.42,1.52,2.5,Oui,Oui,Oui,Non,Non,Home,74,"[3, 58, 74]",True
009336c4e84e4578,coupe-du-monde,165040,50,2026-09-10T14:08:18Z,Germany,Korea Republic,3,2,1.88,4.17,3.47,1.27,1.86,1.2,1.38,3.0,1.42,2.81,Oui,Oui,Oui,Non,Non,Away,86,"[30, 33, 46, 85, 86]",True
9d98a1ccbf216d0f,coupe-du-monde,165040,50,2026-09-10T14:08:18Z,Iraq,Scotland,1,5,2.75,3.6,2.39,1.53,1.41,1.25,1.61,2.27,1.54,2.44,Oui,Oui,Non,Non,Oui,Home,87,"[22, 26, 44, 64, 71, 87]",True
1e2910dfde111507,coupe-du-monde,165040,50,2026-09-10T14:08:18Z,South Africa,Portugal,1,3,6.56,5.07,1.41,2.81,1.08,1.14,1.38,3.0,1.63,2.23,Oui,Oui,Non,Non,Oui,Away,86,"[19, 67, 82, 86]",True
4110746a8c323ed8,coupe-du-monde,165040,50,2026-09-10T14:08:18Z,Congo DR,IR Iran,2,2,3.89,3.64,1.89,1.85,1.22,1.25,1.71,2.1,1.66,2.19,Oui,Oui,Non,Oui,Non,Away,50,"[30, 38, 39, 50]",True
088910dcc31e2135,coupe-du-monde,165040,50,2026-09-10T14:08:18Z,Turkiye,Senegal,3,1,3.16,3.8,2.08,1.69,1.32,1.23,1.52,2.48,1.5,2.55,Oui,Oui,Oui,Non,Non,Away,70,"[25, 42, 56, 70]",True
03ed5b2fe6577d4a,coupe-du-monde,165040,50,2026-09-10T14:08:18Z,Czechia,Argentina,0,1,5.11,4.66,1.54,2.39,1.14,1.16,1.37,3.05,1.52,2.49,Non,Non,Non,Non,Oui,Away,39,[39],True
8199365fcd3056d0,coupe-du-monde,165040,50,2026-09-10T14:08:18Z,Croatia,Morocco,0,0,4.28,3.36,1.89,1.85,1.19,1.29,2.02,1.77,1.88,1.89,Non,Non,Non,Oui,Non,,,[],True
bfe3547e5b0f2b6f,coupe-du-monde,165040,50,2026-09-10T14:08:18Z,Spain,Egypt,3,0,1.52,4.38,5.76,1.11,2.44,1.18,1.54,2.44,1.7,2.13,Oui,Non,Oui,Non,Non,Home,87,"[44, 67, 87]",True
4c3410e145376a41,coupe-du-monde,165040,50,2026-09-10T14:08:18Z,Norway,Saudi Arabia,1,0,1.69,4.19,4.36,1.18,2.1,1.19,1.47,2.65,1.54,2.44,Non,Non,Oui,Non,Non,Home,55,[55],True
e3151ec08899fc7b,coupe-du-monde,165040,50,2026-09-10T14:08:18Z,Japan,Bosnia-Herzegovina,2,1,1.7,4.06,4.47,1.17,2.09,1.21,1.54,2.45,1.59,2.32,Oui,Oui,Oui,Non,Non,Away,45,"[1, 16, 45]",True
7c9e552b52f3ba8f,coupe-du-monde,165040,50,2026-09-10T14:08:18Z,Netherlands,Uzbekistan,1,1,1.59,4.53,4.74,1.16,2.27,1.17,1.38,3.0,1.5,2.54,Non,Oui,Non,Oui,Non,Home,81,"[53, 81]",True
3ac00dfcd11ed5ae,coupe-du-monde,165040,50,2026-09-10T14:08:18Z,England,Curacao,2,0,1.2,6.7,12.52,1.0,4.28,1.08,1.36,3.1,2.01,1.78,Non,Non,Oui,Non,Non,Home,86,"[84, 86]",True
59b64cf31c1c49ec,coupe-du-monde,165040,50,2026-09-10T14:08:18Z,Cabo Verde,Australia,1,2,3.32,3.68,2.05,1.71,1.29,1.25,1.61,2.27,1.56,2.38,Oui,Oui,Non,Non,Oui,Away,83,"[28, 37, 83]",True
81860e41d9741c1f,coupe-du-monde,165040,50,2026-09-10T14:08:18Z,Colombia,Canada,2,1,1.93,4.0,3.41,1.28,1.81,1.21,1.44,2.74,1.45,2.69,Oui,Oui,Oui,Non,Non,Home,82,"[27, 81, 82]",True
5bf8c85ad943e612,coupe-du-monde,165040,50,2026-09-10T14:08:18Z,Panama,Haiti,3,2,2.26,3.41,3.08,1.34,1.59,1.28,1.8,1.99,1.66,2.19,Oui,Oui,Oui,Non,Non,Home,75,"[20, 26, 41, 70, 75]",True
45657d4148d34183,coupe-du-monde,165040,50,2026-09-10T14:08:18Z,Qatar,Belgium,1,2,3.62,3.94,1.89,1.85,1.25,1.22,1.49,2.56,1.5,2.53,Oui,Oui,Non,Non,Oui,Home,60,"[30, 42, 60]",True
5ee6869a191d6e19,coupe-du-monde,165040,50,2026-09-10T14:08:18Z,Mexico,Brazil,2,1,3.47,4.17,1.88,1.86,1.27,1.2,1.38,3.0,1.42,2.82,Oui,Oui,Oui,Non,Non,Home,78,"[51, 73, 78]",True
d4b3920a3b3c5e47,coupe-du-monde,165040,50,2026-09-10T14:08:18Z,Algeria,Tunisia,3,1,2.52,3.37,2.73,1.41,1.48,1.29,1.81,1.97,1.66,2.19,Oui,Oui,Oui,Non,Non,Away,69,"[20, 49, 67, 69]",True
826ae36f26ef26f5,coupe-du-monde,165040,50,2026-09-10T14:08:18Z,Sweden,Switzerland,0,3,3.11,3.44,2.23,1.6,1.33,1.28,1.77,2.02,1.65,2.21,Oui,Non,Non,Non,Oui,Away,85,"[26, 45, 85]",True
653de6cedd5cab3a,coupe-du-monde,165040,50,2026-09-10T14:08:18Z,Uruguay,Ecuador,2,0,1.83,3.92,3.88,1.22,1.91,1.22,1.54,2.45,1.55,2.41,Non,Non,Oui,Non,Non,Home,25,"[11, 25]",True
65bd3a7e09e4a303,coupe-du-monde,165040,52,2026-09-10T14:12:18Z,Qatar,Morocco,0,1,6.13,4.05,1.54,2.39,1.09,1.21,1.75,2.05,1.88,1.89,Non,Non,Non,Non,Oui,Away,28,[28],True
804f857e9aa405f2,coupe-du-monde,165040,52,2026-09-10T14:12:18Z,Jordan,Ghana,3,0,2.56,3.56,2.57,1.46,1.46,1.26,1.65,2.21,1.55,2.4,Oui,Non,Oui,Non,Non,Home,69,"[17, 53, 69]",True
64dd5d79df574d38,coupe-du-monde,165040,52,2026-09-10T14:12:18Z,Austria,Scotland,1,1,2.09,3.79,3.15,1.32,1.69,1.23,1.53,2.47,1.5,2.55,Non,Oui,Non,Oui,Non,Home,59,"[49, 59]",True
6ab66ff8e5bf75df,coupe-du-monde,165040,52,2026-09-10T14:12:18Z,Cabo Verde,Argentina,1,3,6.55,5.11,1.41,2.82,1.08,1.14,1.36,3.07,1.61,2.27,Oui,Oui,Non,Non,Oui,Home,81,"[23, 51, 52, 81]",True
93f61dbd75916b38,coupe-du-monde,165040,52,2026-09-10T14:12:18Z,Algeria,Iraq,0,0,2.24,3.58,2.98,1.35,1.6,1.26,1.65,2.21,1.56,2.38,Non,Non,Non,Oui,Non,,,[],True
3ec1e572d19e71d6,coupe-du-monde,165040,52,2026-09-10T14:12:18Z,Turkiye,Canada,3,0,2.4,3.79,2.64,1.44,1.53,1.23,1.49,2.57,1.46,2.67,Oui,Non,Oui,Non,Non,Home,88,"[24, 43, 88]",True
c4606005823185f0,coupe-du-monde,165040,52,2026-09-10T14:12:18Z,Panama,Portugal,0,3,6.99,5.06,1.39,2.88,1.07,1.14,1.41,2.86,1.69,2.14,Oui,Non,Non,Non,Oui,Away,74,"[18, 26, 74]",True
7074658a9c410c0e,coupe-du-monde,165040,52,2026-09-10T14:12:18Z,Spain,Tunisia,1,0,1.42,4.66,7.16,1.07,2.77,1.16,1.56,2.4,1.82,1.95,Non,Non,Oui,Non,Non,Home,66,[66],True
da360ce580c03911,coupe-du-monde,165040,52,2026-09-10T14:12:18Z,Uruguay,Uzbekistan,2,3,1.52,4.47,5.62,1.11,2.45,1.17,1.48,2.6,1.64,2.22,Oui,Oui,Non,Non,Oui,Home,83,"[18, 45, 57, 70, 83]",True
97afe35f8936cc97,coupe-du-monde,165040,52,2026-09-10T14:12:18Z,Cote d'Ivoire,Brazil,1,1,4.2,4.31,1.7,2.09,1.19,1.19,1.4,2.9,1.48,2.61,Non,Oui,Non,Oui,Non,Away,44,"[27, 44]",True
9a65a65e42d10a71,coupe-du-monde,165040,52,2026-09-10T14:12:18Z,Germany,Ecuador,3,0,1.86,4.11,3.58,1.26,1.88,1.2,1.41,2.86,1.44,2.72,Oui,Non,Oui,Non,Non,Home,86,"[56, 60, 86]",True
08e26948b77983bf,coupe-du-monde,165040,52,2026-09-10T14:12:18Z,Netherlands,Australia,2,0,1.96,4.04,3.32,1.29,1.79,1.21,1.41,2.84,1.43,2.76,Non,Non,Oui,Non,Non,Home,63,"[29, 63]",True
331290ea26550b39,coupe-du-monde,165040,52,2026-09-10T14:12:18Z,New Zealand,IR Iran,2,1,4.22,3.77,1.79,1.95,1.19,1.24,1.67,2.17,1.66,2.18,Oui,Oui,Oui,Non,Non,Home,69,"[4, 58, 69]",True
8a557b027c9de08e,coupe-du-monde,165040,52,2026-09-10T14:12:18Z,Colombia,Switzerland,1,2,2.69,3.63,2.42,1.52,1.43,1.25,1.6,2.31,1.52,2.47,Oui,Oui,Non,Non,Oui,Home,90,"[59, 74, 90]",True
4c9beb5ac5e1bed6,coupe-du-monde,165040,52,2026-09-10T14:12:18Z,South Africa,Saudi Arabia,1,1,2.64,3.57,2.5,1.49,1.44,1.26,1.64,2.23,1.55,2.41,Non,Oui,Non,Oui,Non,Home,51,"[10, 51]",True
a5051b21f8c5d9ce,coupe-du-monde,165040,52,2026-09-10T14:12:18Z,Japan,Czechia,0,3,2.02,3.69,3.41,1.28,1.74,1.24,1.62,2.26,1.57,2.36,Oui,Non,Non,Non,Oui,Away,56,"[39, 53, 56]",True
aebf3916a11f9576,coupe-du-monde,165040,52,2026-09-10T14:12:18Z,France,Korea Republic,2,1,1.45,4.93,5.91,1.1,2.64,1.14,1.36,3.06,1.58,2.35,Oui,Oui,Oui,Non,Non,Home,88,"[33, 60, 88]",True
ed07107ec71357c6,coupe-du-monde,165040,52,2026-09-10T14:12:18Z,Sweden,Paraguay,0,0,2.08,3.74,3.21,1.31,1.7,1.24,1.56,2.38,1.52,2.47,Non,Non,Non,Oui,Non,,,[],True
ab00077c980bb605,coupe-du-monde,165040,52,2026-09-10T14:12:18Z,Congo DR,Senegal,3,2,4.57,3.93,1.7,2.07,1.17,1.22,1.61,2.27,1.65,2.2,Oui,Oui,Oui,Non,Non,Home,77,"[26, 43, 52, 72, 77]",True
7a8eb376d93f7202,coupe-du-monde,165040,52,2026-09-10T14:12:18Z,England,Egypt,0,0,1.69,4.11,4.41,1.18,2.09,1.2,1.51,2.53,1.57,2.37,Non,Non,Non,Oui,Non,,,[],True
061df4b6b83b299a,coupe-du-monde,165040,52,2026-09-10T14:12:18Z,Norway,Bosnia-Herzegovina,0,0,1.71,4.14,4.26,1.19,2.06,1.2,1.47,2.63,1.53,2.45,Non,Non,Non,Oui,Non,,,[],True
94f0035987b37ece,coupe-du-monde,165040,52,2026-09-10T14:12:18Z,Croatia,Curacao,0,0,1.39,4.81,7.6,1.06,2.89,1.15,1.54,2.45,1.84,1.93,Non,Non,Non,Oui,Non,,,[],True
969d5adc7d2abef7,coupe-du-monde,165040,52,2026-09-10T14:12:18Z,Mexico,Haiti,4,1,1.53,4.37,5.58,1.11,2.41,1.18,1.52,2.49,1.67,2.17,Oui,Oui,Oui,Non,Non,Home,57,"[23, 38, 49, 55, 57]",True
f61601593499e110,coupe-du-monde,165040,52,2026-09-10T14:12:18Z,USA,Belgium,0,1,2.82,3.87,2.23,1.6,1.39,1.22,1.45,2.69,1.44,2.75,Non,Non,Non,Non,Oui,Away,75,[75],True
8f500e031d3a1744,coupe-du-monde,165040,54,2026-09-10T14:16:18Z,Spain,Iraq,1,0,1.35,5.11,7.96,1.05,3.05,1.14,1.47,2.64,1.81,1.96,Non,Non,Oui,Non,Non,Home,73,[73],True
48a58c05d3595fea,coupe-du-monde,165040,54,2026-09-10T14:16:18Z,Qatar,Curacao,3,1,1.61,4.19,5.02,1.14,2.24,1.19,1.54,2.44,1.64,2.23,Oui,Oui,Oui,Non,Non,Home,56,"[12, 20, 55, 56]",True
283fe62afb86a876,coupe-du-monde,165040,54,2026-09-10T14:16:18Z,New Zealand,Senegal,1,4,5.4,4.17,1.57,2.31,1.12,1.2,1.59,2.32,1.71,2.11,Oui,Oui,Non,Non,Oui,Home,82,"[11, 36, 74, 78, 82]",True
44b8bd471910af64,coupe-du-monde,165040,54,2026-09-10T14:16:18Z,Norway,Czechia,3,2,1.99,3.86,3.35,1.29,1.76,1.23,1.51,2.52,1.5,2.55,Oui,Oui,Oui,Non,Non,Home,70,"[7, 37, 42, 48, 70]",True
b3028ffc4da3357c,coupe-du-monde,165040,54,2026-09-10T14:16:18Z,South Africa,Bosnia-Herzegovina,1,1,2.69,3.56,2.46,1.5,1.43,1.26,1.64,2.22,1.55,2.4,Non,Oui,Non,Oui,Non,Away,81,"[16, 81]",True
727d851f96a8ad7c,coupe-du-monde,165040,54,2026-09-10T14:16:18Z,Colombia,Paraguay,1,1,1.83,4.01,3.78,1.23,1.91,1.21,1.48,2.61,1.5,2.54,Non,Oui,Non,Oui,Non,Away,62,"[12, 62]",True
38548775ed487655,coupe-du-monde,165040,54,2026-09-10T14:16:18Z,Germany,Uzbekistan,2,0,1.59,4.47,4.85,1.15,2.28,1.17,1.4,2.88,1.53,2.47,Non,Non,Oui,Non,Non,Home,24,"[4, 24]",True
cf60d7e1660c416f,coupe-du-monde,165040,54,2026-09-10T14:16:18Z,Congo DR,Canada,2,3,3.24,3.71,2.07,1.7,1.31,1.24,1.58,2.34,1.54,2.44,Oui,Oui,Non,Non,Oui,Away,85,"[12, 18, 47, 66, 85]",True
005cb9edfc43990c,coupe-du-monde,165040,54,2026-09-10T14:16:18Z,Mexico,Portugal,3,2,3.29,4.13,1.95,1.8,1.3,1.2,1.38,3.0,1.41,2.85,Oui,Oui,Oui,Non,Non,Home,85,"[18, 23, 25, 54, 85]",True
2f6a7abdd3372030,coupe-du-monde,165040,54,2026-09-10T14:16:18Z,Brazil,Belgium,1,0,2.15,4.02,2.89,1.38,1.65,1.21,1.39,2.95,1.4,2.91,Non,Non,Oui,Non,Non,Home,47,[47],True
897fd702c7ee7dbc,coupe-du-monde,165040,54,2026-09-10T14:16:18Z,USA,Morocco,0,1,4.77,3.73,1.72,2.05,1.15,1.24,1.78,2.01,1.78,2.01,Non,Non,Non,Non,Oui,Away,60,[60],True
7d40becf6dfd23ba,coupe-du-monde,165040,54,2026-09-10T14:16:18Z,France,Ecuador,3,2,1.43,4.97,6.18,1.09,2.7,1.14,1.37,3.02,1.6,2.31,Oui,Oui,Oui,Non,Non,Away,86,"[39, 43, 49, 84, 86]",True
1d61f07edbfc7888,coupe-du-monde,165040,54,2026-09-10T14:16:18Z,Jordan,Korea Republic,0,3,3.38,3.65,2.04,1.72,1.28,1.25,1.64,2.22,1.58,2.34,Oui,Non,Non,Non,Oui,Away,86,"[20, 68, 86]",True
b244d4ed303f23ef,coupe-du-monde,165040,54,2026-09-10T14:16:18Z,Japan,Argentina,0,2,3.77,4.14,1.81,1.94,1.24,1.2,1.42,2.83,1.46,2.66,Non,Non,Non,Non,Oui,Away,69,"[28, 69]",True
73d0135a6a00f44e,coupe-du-monde,165040,54,2026-09-10T14:16:18Z,Netherlands,Cabo Verde,2,1,1.64,4.31,4.58,1.17,2.18,1.19,1.44,2.75,1.53,2.46,Oui,Oui,Oui,Non,Non,Home,81,"[26, 32, 81]",True
cbb45b51437f3e0b,coupe-du-monde,165040,54,2026-09-10T14:16:18Z,Croatia,Egypt,0,1,2.2,3.53,3.1,1.33,1.62,1.26,1.7,2.12,1.6,2.29,Non,Non,Non,Non,Oui,Away,73,[73],True
7905c9b07aaf7ee5,coupe-du-monde,165040,54,2026-09-10T14:16:18Z,England,Tunisia,0,0,1.63,4.08,4.99,1.14,2.2,1.2,1.59,2.32,1.67,2.16,Non,Non,Non,Oui,Non,,,[],True
8b6d15dc120379fa,coupe-du-monde,165040,54,2026-09-10T14:16:18Z,Turkiye,Switzerland,3,3,3.57,3.79,1.94,1.81,1.26,1.23,1.57,2.37,1.55,2.42,Oui,Oui,Non,Oui,Non,Home,74,"[20, 22, 25, 57, 59, 74]",True
0d896ae2d48693da,coupe-du-monde,165040,54,2026-09-10T14:16:18Z,IR Iran,Ghana,4,0,2.02,3.63,3.45,1.27,1.74,1.25,1.66,2.18,1.6,2.3,Oui,Non,Oui,Non,Non,Home,87,"[11, 28, 65, 87]",True
e5f6ef80b405dba2,coupe-du-monde,165040,54,2026-09-10T14:16:18Z,Uruguay,Australia,2,3,1.79,4.0,3.96,1.22,1.95,1.21,1.5,2.53,1.53,2.45,Oui,Oui,Non,Non,Oui,Away,80,"[5, 20, 40, 74, 80]",True
829723cb94a0fd1a,coupe-du-monde,165040,54,2026-09-10T14:16:18Z,Cote d'Ivoire,Haiti,1,1,1.61,4.2,4.99,1.14,2.24,1.19,1.53,2.46,1.63,2.25,Non,Oui,Non,Oui,Non,Away,45,"[36, 45]",True
1eb5c2a246b59621,coupe-du-monde,165040,54,2026-09-10T14:16:18Z,Austria,Algeria,0,0,2.21,3.63,3.01,1.35,1.61,1.25,1.61,2.27,1.54,2.42,Non,Non,Non,Oui,Non,,,[],True
4404ae1202c759a7,coupe-du-monde,165040,54,2026-09-10T14:16:18Z,Sweden,Scotland,0,1,2.14,3.72,3.09,1.33,1.66,1.24,1.56,2.39,1.51,2.5,Non,Non,Non,Non,Oui,Away,70,[70],True
e0a601978e0a049f,coupe-du-monde,165040,54,2026-09-10T14:16:18Z,Panama,Saudi Arabia,1,1,3.03,3.55,2.23,1.6,1.35,1.26,1.68,2.16,1.58,2.33,Non,Oui,Non,Oui,Non,Away,45,"[44, 45]",True
50c90bcecb991c0e,coupe-du-monde,165040,56,2026-09-10T14:20:18Z,Norway,Japan,4,1,2.6,3.75,2.44,1.51,1.45,1.24,1.51,2.51,1.47,2.63,Oui,Oui,Oui,Non,Non,Away,86,"[40, 41, 49, 62, 86]",True
db815cc6d352bff2,coupe-du-monde,165040,56,2026-09-10T14:20:18Z,Qatar,Egypt,0,5,2.95,3.63,2.24,1.6,1.36,1.25,1.62,2.26,1.55,2.42,Oui,Non,Non,Non,Oui,Away,82,"[27, 32, 61, 62, 82]",True
43d5253ecfbdf0ab,coupe-du-monde,165040,56,2026-09-10T14:20:18Z,Congo DR,Switzerland,1,3,5.03,3.93,1.65,2.16,1.14,1.22,1.68,2.16,1.73,2.07,Oui,Oui,Non,Non,Oui,Away,77,"[22, 38, 65, 77]",True
0897a9de1bce1b62,coupe-du-monde,165040,56,2026-09-10T14:20:18Z,USA,Curacao,2,0,1.48,4.61,6.03,1.1,2.56,1.16,1.47,2.63,1.67,2.18,Non,Non,Oui,Non,Non,Home,77,"[9, 77]",True
6e4ede20e01528c7,coupe-du-monde,165040,56,2026-09-10T14:20:18Z,Spain,Austria,2,1,1.52,4.48,5.62,1.11,2.45,1.17,1.48,2.61,1.64,2.22,Oui,Oui,Oui,Non,Non,Home,42,"[1, 19, 42]",True
6acf0fd7a5191ff1,coupe-du-monde,165040,56,2026-09-10T14:20:18Z,Colombia,Scotland,2,0,1.94,3.94,3.43,1.28,1.8,1.22,1.48,2.62,1.48,2.6,Non,Non,Oui,Non,Non,Home,76,"[59, 76]",True
1e27ee7bd9ddd3f2,coupe-du-monde,165040,56,2026-09-10T14:20:18Z,Uruguay,Cabo Verde,3,0,1.61,4.12,5.09,1.14,2.24,1.2,1.58,2.35,1.67,2.17,Oui,Non,Oui,Non,Non,Home,43,"[33, 34, 43]",True
4683c290397b529a,coupe-du-monde,165040,56,2026-09-10T14:20:18Z,Sweden,Algeria,1,3,2.29,3.63,2.87,1.38,1.57,1.25,1.61,2.29,1.54,2.45,Oui,Oui,Non,Non,Oui,Away,84,"[23, 42, 77, 84]",True
4d3f35216f5d637a,coupe-du-monde,165040,56,2026-09-10T14:20:18Z,Brazil,Morocco,3,0,2.91,3.48,2.33,1.56,1.37,1.27,1.72,2.08,1.61,2.28,Oui,Non,Oui,Non,Non,Home,88,"[85, 86, 88]",True
356adb6af2282c5f,coupe-du-monde,165040,56,2026-09-10T14:20:18Z,Mexico,Saudi Arabia,4,0,1.74,4.06,4.16,1.2,2.02,1.21,1.5,2.55,1.54,2.43,Oui,Non,Oui,Non,Non,Home,71,"[16, 34, 65, 71]",True
792f7d4efc9efea6,coupe-du-monde,165040,56,2026-09-10T14:20:18Z,IR Iran,Korea Republic,0,5,2.53,3.62,2.58,1.46,1.48,1.25,1.6,2.3,1.53,2.47,Oui,Non,Non,Non,Oui,Away,82,"[4, 13, 56, 82, 82]",True
dad6c26eaeb9dc2a,coupe-du-monde,165040,56,2026-09-10T14:20:18Z,Belgium,Haiti,0,1,1.42,4.76,6.86,1.07,2.76,1.15,1.49,2.57,1.74,2.06,Non,Non,Non,Non,Oui,Away,59,[59],True
ec6442e279a2f587,coupe-du-monde,165040,56,2026-09-10T14:20:18Z,Croatia,Tunisia,4,0,2.01,3.5,3.6,1.25,1.74,1.27,1.78,2.0,1.68,2.14,Oui,Non,Oui,Non,Non,Home,84,"[1, 69, 69, 84]",True
35d588ad7bd4ecff,coupe-du-monde,165040,56,2026-09-10T14:20:18Z,New Zealand,Canada,3,2,3.65,3.83,1.9,1.84,1.25,1.23,1.56,2.39,1.55,2.42,Oui,Oui,Oui,Non,Non,Away,90,"[17, 43, 47, 63, 90]",True
e56bdafbce964500,coupe-du-monde,165040,56,2026-09-10T14:20:18Z,South Africa,Czechia,4,2,3.57,3.74,1.95,1.79,1.26,1.24,1.6,2.3,1.57,2.36,Oui,Oui,Oui,Non,Non,Home,76,"[30, 34, 42, 64, 68, 76]",True
7b24e67ae4631d11,coupe-du-monde,165040,56,2026-09-10T14:20:18Z,Turkiye,Paraguay,3,1,2.32,3.76,2.76,1.41,1.56,1.24,1.52,2.5,1.48,2.61,Oui,Oui,Oui,Non,Non,Away,68,"[33, 35, 40, 68]",True
8b300ab52b4a4896,coupe-du-monde,165040,56,2026-09-10T14:20:18Z,Cote d'Ivoire,Portugal,1,1,4.0,4.36,1.72,2.05,1.21,1.18,1.36,3.08,1.44,2.74,Non,Oui,Non,Oui,Non,Away,89,"[8, 89]",True
ff2b0123618ab9af,coupe-du-monde,165040,56,2026-09-10T14:20:18Z,Jordan,Ecuador,0,2,3.59,3.71,1.95,1.79,1.26,1.24,1.62,2.25,1.59,2.33,Non,Non,Non,Non,Oui,Away,45,"[39, 45]",True
748ce318912ea9be,coupe-du-monde,165040,56,2026-09-10T14:20:18Z,Germany,Australia,1,2,1.89,4.15,3.44,1.28,1.85,1.2,1.38,2.99,1.42,2.82,Oui,Oui,Non,Non,Oui,Away,59,"[33, 49, 59]",True
b45b6c4acc8dd9df,coupe-du-monde,165040,56,2026-09-10T14:20:18Z,Netherlands,Argentina,4,0,3.41,4.28,1.88,1.86,1.28,1.19,1.33,3.27,1.38,2.97,Oui,Non,Oui,Non,Non,Home,80,"[1, 21, 38, 80]",True
467e5818555c99ed,coupe-du-monde,165040,56,2026-09-10T14:20:18Z,England,Iraq,0,1,1.53,4.5,5.47,1.12,2.42,1.17,1.46,2.67,1.61,2.27,Non,Non,Non,Non,Oui,Away,16,[16],True
29e9c76a920b4a52,coupe-du-monde,165040,56,2026-09-10T14:20:18Z,France,Uzbekistan,3,2,1.32,5.61,8.08,1.05,3.25,1.11,1.35,3.13,1.71,2.1,Oui,Oui,Oui,Non,Non,Away,83,"[36, 38, 75, 75, 83]",True
3ac3198dc3191922,coupe-du-monde,165040,56,2026-09-10T14:20:18Z,Ghana,Senegal,0,0,4.6,4.02,1.68,2.11,1.16,1.21,1.57,2.36,1.62,2.25,Non,Non,Non,Oui,Non,,,[],True
889c775693044f88,coupe-du-monde,165040,56,2026-09-10T14:20:18Z,Panama,Bosnia-Herzegovina,2,3,3.04,3.55,2.23,1.61,1.34,1.26,1.68,2.15,1.59,2.32,Oui,Oui,Non,Non,Oui,Away,61,"[35, 38, 47, 55, 61]",True
4e21677a10658110,coupe-du-monde,165040,59,2026-09-10T14:26:18Z,Iraq,Turkiye,1,3,2.84,3.7,2.29,1.58,1.39,1.24,1.56,2.39,1.5,2.53,Oui,Oui,Non,Non,Oui,Away,62,"[23, 46, 59, 62]",True
b5c94c19513cab50,coupe-du-monde,165040,59,2026-09-10T14:26:18Z,Czechia,France,0,0,6.14,4.93,1.44,2.68,1.09,1.15,1.38,2.96,1.61,2.28,Non,Non,Non,Oui,Non,,,[],True
c94fe0374fdfa8b5,coupe-du-monde,165040,59,2026-09-10T14:26:18Z,Portugal,Senegal,0,1,1.94,3.99,3.41,1.28,1.81,1.21,1.45,2.71,1.46,2.66,Non,Non,Non,Non,Oui,Away,52,[52],True
3995c43a119be897,coupe-du-monde,165040,59,2026-09-10T14:26:18Z,Egypt,New Zealand,2,1,1.78,3.79,4.27,1.19,1.97,1.23,1.67,2.17,1.66,2.18,Oui,Oui,Oui,Non,Non,Away,70,"[16, 17, 70]",True
fdaadf8dab9faa6d,coupe-du-monde,165040,59,2026-09-10T14:26:18Z,Argentina,Sweden,2,1,1.68,4.31,4.26,1.19,2.1,1.19,1.4,2.87,1.49,2.58,Oui,Oui,Oui,Non,Non,Home,62,"[41, 57, 62]",True
a9886a7dd9b77c16,coupe-du-monde,165040,59,2026-09-10T14:26:18Z,Uzbekistan,Cote d'Ivoire,2,3,3.28,3.79,2.04,1.72,1.3,1.23,1.54,2.43,1.51,2.5,Oui,Oui,Non,Non,Oui,Away,68,"[33, 44, 53, 68, 68]",True
5ef418c307b5f2a2,coupe-du-monde,165040,59,2026-09-10T14:26:18Z,Saudi Arabia,IR Iran,2,1,3.42,3.62,2.04,1.73,1.28,1.25,1.66,2.18,1.6,2.3,Oui,Oui,Oui,Non,Non,Home,64,"[21, 63, 64]",True
70c4b4aeb2540854,coupe-du-monde,165040,59,2026-09-10T14:26:18Z,Canada,Haiti,3,1,1.75,3.98,4.22,1.19,2.01,1.21,1.54,2.42,1.58,2.35,Oui,Oui,Oui,Non,Non,Home,74,"[14, 39, 58, 74]",True
b3d5e82282fded14,coupe-du-monde,165040,59,2026-09-10T14:26:18Z,Scotland,Qatar,1,4,2.56,3.78,2.47,1.5,1.47,1.23,1.49,2.56,1.46,2.67,Oui,Oui,Non,Non,Oui,Away,89,"[37, 41, 42, 61, 89]",True
40404fe1d00cdc70,coupe-du-monde,165040,59,2026-09-10T14:26:18Z,Bosnia-Herzegovina,Jordan,3,0,2.59,3.49,2.58,1.46,1.45,1.27,1.7,2.12,1.59,2.32,Oui,Non,Oui,Non,Non,Home,43,"[1, 25, 43]",True
09753083ad076c9f,coupe-du-monde,165040,59,2026-09-10T14:26:18Z,Korea Republic,Morocco,2,2,4.84,3.66,1.72,2.05,1.15,1.25,1.83,1.94,1.82,1.96,Oui,Oui,Non,Oui,Non,Away,63,"[39, 41, 50, 63]",True
352ff38504374a47,coupe-du-monde,165040,59,2026-09-10T14:26:18Z,Switzerland,Brazil,3,1,3.16,3.83,2.07,1.7,1.32,1.23,1.5,2.53,1.48,2.59,Oui,Oui,Oui,Non,Non,Home,80,"[21, 33, 57, 80]",True
3c5c9068b5656a06,coupe-du-monde,165040,59,2026-09-10T14:26:18Z,Netherlands,South Africa,1,1,1.53,4.51,5.36,1.12,2.4,1.17,1.44,2.74,1.59,2.33,Non,Oui,Non,Oui,Non,Away,64,"[56, 64]",True
a6263d104279bb62,coupe-du-monde,165040,59,2026-09-10T14:26:18Z,Cabo Verde,Panama,3,3,2.17,3.54,3.16,1.32,1.64,1.26,1.7,2.12,1.61,2.29,Oui,Oui,Non,Oui,Non,Home,79,"[6, 39, 44, 49, 49, 79]",True
5b27047bd1b71f1a,coupe-du-monde,165040,59,2026-09-10T14:26:18Z,Australia,Mexico,2,3,2.92,3.8,2.2,1.62,1.37,1.23,1.5,2.54,1.47,2.62,Oui,Oui,Non,Non,Oui,Away,78,"[36, 40, 42, 78, 78]",True
20fc1c04099a1b64,coupe-du-monde,165040,59,2026-09-10T14:26:18Z,Japan,Germany,1,1,2.73,3.95,2.27,1.58,1.41,1.22,1.41,2.86,1.4,2.87,Non,Oui,Non,Oui,Non,Away,43,"[30, 43]",True
8619a4a34e8acb74,coupe-du-monde,165040,59,2026-09-10T14:26:18Z,Curacao,Ghana,0,1,3.87,3.71,1.88,1.86,1.22,1.24,1.67,2.18,1.63,2.24,Non,Non,Non,Non,Oui,Away,87,[87],True
e822b7fe63e1a790,coupe-du-monde,165040,59,2026-09-10T14:26:18Z,Tunisia,Congo DR,0,0,2.1,3.47,3.39,1.28,1.68,1.27,1.78,2.01,1.67,2.17,Non,Non,Non,Oui,Non,,,[],True
fd300117eb1ffd78,coupe-du-monde,165040,59,2026-09-10T14:26:18Z,Norway,Uruguay,1,1,2.9,3.81,2.21,1.62,1.37,1.23,1.49,2.56,1.47,2.65,Non,Oui,Non,Oui,Non,Away,25,"[19, 25]",True
162322fb5be3078d,coupe-du-monde,165040,59,2026-09-10T14:26:18Z,Paraguay,USA,2,4,3.27,3.93,2.0,1.75,1.3,1.22,1.46,2.65,1.47,2.65,Oui,Oui,Non,Non,Oui,Home,82,"[17, 20, 35, 59, 82, 82]",True
bd5cd6eb8755e9d2,coupe-du-monde,165040,59,2026-09-10T14:26:18Z,Spain,England,1,1,2.06,3.82,3.21,1.31,1.71,1.23,1.51,2.51,1.49,2.57,Non,Oui,Non,Oui,Non,Home,25,"[17, 25]",True
e39abce6f4719200,coupe-du-monde,165040,59,2026-09-10T14:26:18Z,Ecuador,Belgium,0,2,3.36,3.87,1.98,1.76,1.29,1.22,1.5,2.53,1.49,2.56,Non,Non,Non,Non,Oui,Away,47,"[25, 47]",True
034fe3d37037e7ed,coupe-du-monde,165040,59,2026-09-10T14:26:18Z,Algeria,Croatia,2,3,3.17,3.59,2.15,1.65,1.32,1.26,1.66,2.18,1.58,2.34,Oui,Oui,Non,Non,Oui,Away,84,"[42, 43, 62, 69, 84]",True
98f6f7e88ef12c3f,coupe-du-monde,165040,59,2026-09-10T14:26:18Z,Austria,Colombia,3,3,2.78,3.82,2.28,1.58,1.4,1.23,1.48,2.61,1.45,2.69,Oui,Oui,Non,Oui,Non,Home,65,"[20, 28, 36, 48, 58, 65]",True
1618d1f2d6b7fbe0,coupe-du-monde,165040,62,2026-09-10T14:32:18Z,Croatia,Sweden,2,2,2.19,3.62,3.07,1.34,1.63,1.25,1.63,2.24,1.56,2.39,Oui,Oui,Non,Oui,Non,Away,78,"[2, 12, 13, 78]",True
ad5531abb49c1da0,coupe-du-monde,165040,62,2026-09-10T14:32:18Z,France,Netherlands,4,0,1.69,4.49,4.09,1.2,2.1,1.17,1.33,3.25,1.43,2.79,Oui,Non,Oui,Non,Non,Home,87,"[15, 38, 62, 87]",True
881a1cbdeb72d34f,coupe-du-monde,165040,62,2026-09-10T14:32:18Z,Turkiye,Spain,0,2,6.26,4.8,1.44,2.67,1.09,1.15,1.43,2.78,1.65,2.2,Non,Non,Non,Non,Oui,Away,85,"[83, 85]",True
f9580b5c82c4387b,coupe-du-monde,165040,62,2026-09-10T14:32:18Z,USA,Iraq,2,0,1.94,3.89,3.47,1.27,1.8,1.22,1.51,2.52,1.51,2.53,Non,Non,Oui,Non,Non,Home,48,"[22, 48]",True
c0efa45ddb7602d7,coupe-du-monde,165040,62,2026-09-10T14:32:18Z,Mexico,Japan,1,2,2.59,3.7,2.48,1.49,1.46,1.24,1.54,2.43,1.49,2.57,Oui,Oui,Non,Non,Oui,Away,61,"[26, 32, 61]",True
1ef289412885f556,coupe-du-monde,165040,62,2026-09-10T14:32:18Z,South Africa,Argentina,1,3,8.21,5.72,1.31,3.31,1.05,1.11,1.34,3.21,1.71,2.1,Oui,Oui,Non,Non,Oui,Away,79,"[36, 61, 78, 79]",True
0d3d2c98565c1ebc,coupe-du-monde,165040,62,2026-09-10T14:32:18Z,Germany,Uruguay,1,3,2.69,3.93,2.31,1.57,1.43,1.22,1.42,2.83,1.41,2.85,Oui,Oui,Non,Non,Oui,Away,87,"[25, 35, 45, 87]",True
76d76dacc79d3245,coupe-du-monde,165040,62,2026-09-10T14:32:18Z,IR Iran,Australia,1,2,2.43,3.57,2.71,1.42,1.51,1.26,1.64,2.22,1.55,2.41,Oui,Oui,Non,Non,Oui,Home,52,"[5, 46, 52]",True
8640d5d1070878b2,coupe-du-monde,165040,62,2026-09-10T14:32:18Z,Korea Republic,Switzerland,3,1,3.38,3.62,2.05,1.72,1.28,1.25,1.67,2.17,1.6,2.3,Oui,Oui,Oui,Non,Non,Home,90,"[11, 59, 62, 90]",True
4735a2f181f5a658,coupe-du-monde,165040,62,2026-09-10T14:32:18Z,Colombia,England,3,3,3.46,4.09,1.9,1.84,1.27,1.2,1.41,2.86,1.44,2.74,Oui,Oui,Non,Oui,Non,Away,79,"[9, 20, 33, 72, 78, 79]",True
f3c3e20a63b9834c,coupe-du-monde,165040,62,2026-09-10T14:32:18Z,Haiti,Egypt,0,2,5.08,3.98,1.63,2.19,1.14,1.21,1.66,2.19,1.73,2.08,Non,Non,Non,Non,Oui,Away,82,"[64, 82]",True
64be9d46ec0c75cd,coupe-du-monde,165040,62,2026-09-10T14:32:18Z,Ghana,Paraguay,0,2,2.93,3.68,2.23,1.6,1.36,1.24,1.57,2.36,1.52,2.5,Non,Non,Non,Non,Oui,Away,83,"[73, 83]",True
eeb3be15d80c9afa,coupe-du-monde,165040,62,2026-09-10T14:32:18Z,Morocco,Saudi Arabia,2,0,1.44,4.29,7.56,1.06,2.69,1.19,1.76,2.04,2.02,1.77,Non,Non,Oui,Non,Non,Home,70,"[65, 70]",True
c212e5b3813defa6,coupe-du-monde,165040,62,2026-09-10T14:32:18Z,Jordan,Cabo Verde,1,2,2.93,3.45,2.33,1.56,1.37,1.27,1.75,2.05,1.63,2.25,Oui,Oui,Non,Non,Oui,Away,80,"[28, 46, 80]",True
711a5503d58c08d4,coupe-du-monde,165040,62,2026-09-10T14:32:18Z,Brazil,Tunisia,2,2,1.63,4.22,4.78,1.15,2.2,1.19,1.5,2.55,1.59,2.32,Oui,Oui,Non,Oui,Non,Home,62,"[2, 52, 61, 62]",True
27d3d926dadfec93,coupe-du-monde,165040,62,2026-09-10T14:32:18Z,Portugal,Curacao,2,2,1.23,6.36,10.76,1.01,3.92,1.09,1.34,3.18,1.88,1.9,Oui,Oui,Non,Oui,Non,Away,83,"[21, 27, 72, 83]",True
bdbbc9093d5dbaa4,coupe-du-monde,165040,62,2026-09-10T14:32:18Z,Congo DR,Algeria,0,3,3.63,3.75,1.93,1.81,1.25,1.24,1.6,2.29,1.57,2.35,Oui,Non,Non,Non,Oui,Away,84,"[59, 74, 84]",True
b281f0410a46f620,coupe-du-monde,165040,62,2026-09-10T14:32:18Z,Canada,Ecuador,4,1,2.76,3.83,2.29,1.57,1.41,1.23,1.47,2.62,1.45,2.71,Oui,Oui,Oui,Non,Non,Home,90,"[17, 39, 45, 66, 90]",True
d5e0dc1813d87f4a,coupe-du-monde,165040,62,2026-09-10T14:32:18Z,Senegal,Uzbekistan,2,2,1.76,3.93,4.23,1.19,2.0,1.22,1.58,2.35,1.6,2.29,Oui,Oui,Non,Oui,Non,Away,69,"[23, 29, 38, 69]",True
0675f0cb096defcd,coupe-du-monde,165040,62,2026-09-10T14:32:18Z,Cote d'Ivoire,Czechia,1,3,2.41,3.7,2.67,1.43,1.52,1.24,1.55,2.4,1.5,2.55,Oui,Oui,Non,Non,Oui,Away,81,"[44, 45, 56, 81]",True
bc350f928fb0f9e9,coupe-du-monde,165040,62,2026-09-10T14:32:18Z,Qatar,Austria,1,2,3.29,3.85,2.02,1.74,1.3,1.23,1.5,2.53,1.49,2.57,Oui,Oui,Non,Non,Oui,Away,65,"[21, 63, 65]",True
2fe3a16faed49c21,coupe-du-monde,165040,62,2026-09-10T14:32:18Z,New Zealand,Scotland,1,1,3.65,3.83,1.91,1.83,1.25,1.23,1.56,2.39,1.55,2.42,Non,Oui,Non,Oui,Non,Away,56,"[46, 56]",True
297c5a9887372879,coupe-du-monde,165040,62,2026-09-10T14:32:18Z,Panama,Norway,1,3,4.75,4.07,1.66,2.15,1.16,1.21,1.56,2.38,1.63,2.24,Oui,Oui,Non,Non,Oui,Home,79,"[37, 39, 74, 79]",True
409786a8395faec9,coupe-du-monde,165040,62,2026-09-10T14:32:18Z,Belgium,Bosnia-Herzegovina,3,3,1.61,4.24,4.94,1.14,2.24,1.19,1.51,2.52,1.61,2.28,Oui,Oui,Non,Oui,Non,Home,74,"[22, 35, 43, 68, 71, 74]",True
b137a5caa918a1de,coupe-du-monde,165040,64,2026-09-10T14:36:18Z,Belgium,Czechia,1,0,1.93,3.81,3.59,1.26,1.82,1.23,1.56,2.39,1.54,2.43,Non,Non,Oui,Non,Non,Home,60,[60],True
04c6a19403123e69,coupe-du-monde,165040,64,2026-09-10T14:36:18Z,Ecuador,Switzerland,3,1,3.34,3.64,2.06,1.71,1.29,1.25,1.64,2.22,1.58,2.34,Oui,Oui,Oui,Non,Non,Home,77,"[29, 69, 74, 77]",True
ae5ec08e36cf4c8d,coupe-du-monde,165040,64,2026-09-10T14:36:18Z,Canada,Uzbekistan,1,2,2.21,3.75,2.94,1.36,1.62,1.24,1.53,2.46,1.49,2.57,Oui,Oui,Non,Non,Oui,Away,85,"[24, 75, 85]",True
e056cbd2b04ac2db,coupe-du-monde,165040,64,2026-09-10T14:36:18Z,New Zealand,Algeria,2,2,4.06,3.85,1.81,1.94,1.21,1.23,1.6,2.3,1.6,2.3,Oui,Oui,Non,Oui,Non,Home,87,"[11, 34, 37, 87]",True
9da9f6f733c13304,coupe-du-monde,165040,64,2026-09-10T14:36:18Z,Germany,Argentina,1,1,3.22,4.32,1.93,1.81,1.31,1.18,1.3,3.47,1.35,3.13,Non,Oui,Non,Oui,Non,Home,35,"[4, 35]",True
ce1bbfb4414c6025,coupe-du-monde,165040,64,2026-09-10T14:36:18Z,USA,Austria,3,2,2.58,3.8,2.44,1.51,1.46,1.23,1.48,2.59,1.45,2.69,Oui,Oui,Oui,Non,Non,Home,77,"[13, 15, 35, 63, 77]",True
65c2d9c41a33bce3,coupe-du-monde,165040,64,2026-09-10T14:36:18Z,Haiti,Tunisia,0,1,4.26,3.62,1.82,1.92,1.19,1.25,1.78,2.0,1.74,2.06,Non,Non,Non,Non,Oui,Away,78,[78],True
7fcb667326480b69,coupe-du-monde,165040,64,2026-09-10T14:36:18Z,Turkiye,England,0,1,4.78,4.57,1.58,2.29,1.15,1.17,1.36,3.06,1.49,2.56,Non,Non,Non,Non,Oui,Away,56,[56],True
722f2da45f747514,coupe-du-monde,165040,64,2026-09-10T14:36:18Z,Croatia,Colombia,1,0,2.52,3.73,2.53,1.48,1.48,1.24,1.52,2.48,1.48,2.61,Non,Non,Oui,Non,Non,Home,75,[75],True
4001bd5dfbff7775,coupe-du-monde,165040,64,2026-09-10T14:36:18Z,Cote d'Ivoire,Japan,3,0,3.34,3.79,2.01,1.74,1.29,1.23,1.55,2.42,1.52,2.49,Oui,Non,Oui,Non,Non,Home,56,"[39, 49, 56]",True
739888196e4a1cbb,coupe-du-monde,165040,64,2026-09-10T14:36:18Z,Portugal,Egypt,4,1,1.72,4.2,4.13,1.2,2.05,1.19,1.43,2.76,1.5,2.55,Oui,Oui,Oui,Non,Non,Home,51,"[12, 29, 30, 51, 51]",True
cfd77b798605a62e,coupe-du-monde,165040,64,2026-09-10T14:36:18Z,Panama,South Africa,1,4,2.8,3.45,2.43,1.52,1.4,1.28,1.75,2.05,1.62,2.26,Oui,Oui,Non,Non,Oui,Away,87,"[41, 42, 42, 57, 87]",True
f23a6a6f673e16c4,coupe-du-monde,165040,64,2026-09-10T14:36:18Z,Jordan,Netherlands,0,1,4.81,4.19,1.63,2.2,1.15,1.2,1.51,2.5,1.6,2.29,Non,Non,Non,Non,Oui,Away,60,[60],True
3f16a482f89b8365,coupe-du-monde,165040,64,2026-09-10T14:36:18Z,Korea Republic,Paraguay,2,1,2.2,3.72,2.97,1.36,1.62,1.24,1.55,2.41,1.5,2.53,Oui,Oui,Oui,Non,Non,Away,86,"[71, 78, 86]",True
f30a52cda427a1ad,coupe-du-monde,165040,64,2026-09-10T14:36:18Z,Mexico,Norway,2,3,2.55,3.88,2.44,1.51,1.47,1.22,1.44,2.75,1.42,2.81,Oui,Oui,Non,Non,Oui,Home,82,"[25, 26, 60, 60, 82]",True
468b273f294cedc0,coupe-du-monde,165040,64,2026-09-10T14:36:18Z,Morocco,Bosnia-Herzegovina,2,1,1.43,4.39,7.51,1.06,2.72,1.18,1.7,2.12,1.97,1.81,Oui,Oui,Oui,Non,Non,Home,88,"[57, 79, 88]",True
1454959b0fdea1c8,coupe-du-monde,165040,64,2026-09-10T14:36:18Z,IR Iran,Cabo Verde,3,1,2.15,3.56,3.2,1.31,1.65,1.26,1.69,2.14,1.6,2.3,Oui,Oui,Oui,Non,Non,Home,79,"[25, 47, 56, 79]",True
1cdf7056d0b40628,coupe-du-monde,165040,64,2026-09-10T14:36:18Z,Curacao,Saudi Arabia,1,3,3.96,3.76,1.85,1.89,1.22,1.24,1.64,2.22,1.62,2.26,Oui,Oui,Non,Non,Oui,Home,89,"[20, 30, 78, 89]",True
e0e1fb05d519ad9e,coupe-du-monde,165040,64,2026-09-10T14:36:18Z,France,Uruguay,1,3,1.88,4.03,3.58,1.26,1.86,1.21,1.45,2.72,1.47,2.63,Oui,Oui,Non,Non,Oui,Home,74,"[27, 49, 59, 74]",True
45ecd204efd2a54e,coupe-du-monde,165040,64,2026-09-10T14:36:18Z,Congo DR,Spain,1,3,9.66,5.61,1.29,3.48,1.03,1.11,1.44,2.74,1.91,1.87,Oui,Oui,Non,Non,Oui,Home,83,"[22, 40, 56, 83]",True
98771802ffd6ba0b,coupe-du-monde,165040,64,2026-09-10T14:36:18Z,Brazil,Iraq,4,1,1.49,4.69,5.68,1.11,2.52,1.16,1.41,2.83,1.6,2.3,Oui,Oui,Oui,Non,Non,Home,85,"[43, 44, 53, 65, 85]",True
18367474b6884f77,coupe-du-monde,165040,64,2026-09-10T14:36:18Z,Ghana,Scotland,3,1,2.87,3.77,2.24,1.6,1.38,1.23,1.51,2.51,1.48,2.62,Oui,Oui,Oui,Non,Non,Home,70,"[19, 21, 32, 70]",True
5d97a13e52a4f70c,coupe-du-monde,165040,64,2026-09-10T14:36:18Z,Qatar,Sweden,1,2,3.08,3.75,2.13,1.66,1.33,1.24,1.55,2.42,1.51,2.52,Oui,Oui,Non,Non,Oui,Home,63,"[53, 53, 63]",True
2f266babcfb032d1,coupe-du-monde,165040,64,2026-09-10T14:36:18Z,Senegal,Australia,0,3,2.23,3.65,2.97,1.36,1.61,1.25,1.6,2.31,1.53,2.45,Oui,Non,Non,Non,Oui,Away,79,"[24, 79, 79]",True
c7ce147dab5d4cd7,coupe-du-monde,165040,66,2026-09-10T14:40:18Z,Brazil,Austria,2,2,1.88,4.17,3.46,1.27,1.86,1.2,1.37,3.01,1.42,2.82,Oui,Oui,Non,Oui,Non,Home,70,"[19, 39, 50, 70]",True
a00c72cd74826388,coupe-du-monde,165040,66,2026-09-10T14:40:18Z,USA,Sweden,0,0,2.41,3.82,2.61,1.45,1.52,1.23,1.47,2.63,1.44,2.72,Non,Non,Non,Oui,Non,,,[],True
7626959fd9370d5e,coupe-du-monde,165040,66,2026-09-10T14:40:18Z,Turkiye,Croatia,1,2,3.46,3.84,1.96,1.79,1.27,1.23,1.53,2.46,1.52,2.49,Oui,Oui,Non,Non,Oui,Away,47,"[16, 46, 47]",True
4d8fcd504ae586dc,coupe-du-monde,165040,66,2026-09-10T14:40:18Z,New Zealand,Spain,1,4,11.14,5.98,1.25,3.82,1.01,1.1,1.43,2.77,2.01,1.78,Oui,Oui,Non,Non,Oui,Away,75,"[40, 45, 52, 74, 75]",True
61eb88190c8913a5,coupe-du-monde,165040,66,2026-09-10T14:40:18Z,Haiti,Iraq,3,1,3.72,3.65,1.93,1.81,1.24,1.25,1.69,2.14,1.64,2.23,Oui,Oui,Oui,Non,Non,Home,75,"[20, 21, 52, 75]",True
d0bfe5a73909e054,coupe-du-monde,165040,66,2026-09-10T14:40:18Z,Cote d'Ivoire,Norway,0,0,3.13,3.86,2.08,1.7,1.33,1.23,1.49,2.59,1.47,2.63,Non,Non,Non,Oui,Non,,,[],True
bd8ebe4e4d47fb40,coupe-du-monde,165040,66,2026-09-10T14:40:18Z,Canada,Australia,1,5,2.86,3.78,2.25,1.6,1.38,1.23,1.51,2.51,1.48,2.62,Oui,Oui,Non,Non,Oui,Home,86,"[23, 38, 40, 46, 74, 86]",True
4741438c68c4baa0,coupe-du-monde,165040,66,2026-09-10T14:40:18Z,Panama,Argentina,0,3,8.95,5.76,1.29,3.44,1.03,1.11,1.37,3.05,1.78,2.0,Oui,Non,Non,Non,Oui,Away,89,"[74, 88, 89]",True
f58f44e7a3ccfc6c,coupe-du-monde,165040,66,2026-09-10T14:40:18Z,Curacao,Bosnia-Herzegovina,2,2,4.05,3.77,1.83,1.92,1.21,1.23,1.65,2.21,1.63,2.23,Oui,Oui,Non,Oui,Non,Away,79,"[36, 46, 49, 79]",True
07c281f8f93e5ddf,coupe-du-monde,165040,66,2026-09-10T14:40:18Z,Saudi Arabia,Egypt,1,0,3.39,3.67,2.03,1.73,1.28,1.25,1.63,2.24,1.58,2.35,Non,Non,Oui,Non,Non,Home,12,[12],True
8716789131f9bfc9,coupe-du-monde,165040,66,2026-09-10T14:40:18Z,IR Iran,Netherlands,4,2,3.31,3.94,1.98,1.77,1.29,1.22,1.47,2.65,1.47,2.64,Oui,Oui,Oui,Non,Non,Home,88,"[39, 42, 44, 61, 84, 88]",True
85e23ebdcb07b398,coupe-du-monde,165040,66,2026-09-10T14:40:18Z,Ghana,Algeria,0,3,3.26,3.77,2.05,1.72,1.3,1.23,1.55,2.41,1.52,2.49,Oui,Non,Non,Non,Oui,Away,90,"[14, 87, 90]",True
f081663b168976d5,coupe-du-monde,165040,66,2026-09-10T14:40:18Z,Korea Republic,Scotland,0,4,2.26,3.73,2.87,1.38,1.59,1.24,1.54,2.44,1.49,2.57,Oui,Non,Non,Non,Oui,Away,76,"[41, 42, 45, 76]",True
d1e42e6c63488549,coupe-du-monde,165040,66,2026-09-10T14:40:18Z,Switzerland,Uzbekistan,1,0,1.65,4.0,4.94,1.14,2.17,1.21,1.62,2.25,1.69,2.14,Non,Non,Oui,Non,Non,Home,22,[22],True
6575acfeab86ce30,coupe-du-monde,165040,66,2026-09-10T14:40:18Z,Jordan,Uruguay,1,1,5.67,4.21,1.55,2.37,1.11,1.19,1.6,2.3,1.73,2.07,Non,Oui,Non,Oui,Non,Home,77,"[59, 77]",True
2fa3da3977622a59,coupe-du-monde,165040,66,2026-09-10T14:40:18Z,Portugal,Tunisia,2,1,1.62,4.25,4.82,1.15,2.22,1.19,1.49,2.58,1.58,2.33,Oui,Oui,Oui,Non,Non,Home,45,"[44, 45, 45]",True
7489f127063060b1,coupe-du-monde,165040,66,2026-09-10T14:40:18Z,Ecuador,Paraguay,3,3,2.18,3.69,3.03,1.34,1.64,1.24,1.58,2.35,1.52,2.48,Oui,Oui,Non,Oui,Non,Home,84,"[1, 5, 13, 62, 77, 84]",True
d6011b711ec4a700,coupe-du-monde,165040,66,2026-09-10T14:40:18Z,France,Germany,3,1,1.74,4.46,3.86,1.23,2.03,1.17,1.31,3.34,1.4,2.88,Oui,Oui,Oui,Non,Non,Home,77,"[38, 44, 75, 77]",True
222daa3b74983e78,coupe-du-monde,165040,66,2026-09-10T14:40:18Z,Belgium,Japan,2,0,2.39,3.68,2.7,1.42,1.53,1.24,1.56,2.39,1.5,2.54,Non,Non,Oui,Non,Non,Home,83,"[10, 83]",True
5626920b25f2627c,coupe-du-monde,165040,66,2026-09-10T14:40:18Z,Mexico,South Africa,4,0,1.69,4.09,4.44,1.18,2.09,1.2,1.52,2.5,1.57,2.36,Oui,Non,Oui,Non,Non,Home,86,"[24, 53, 81, 86]",True
dae1f90aa29a42e3,coupe-du-monde,165040,66,2026-09-10T14:40:18Z,Morocco,Czechia,2,0,1.68,3.7,5.17,1.13,2.12,1.24,1.86,1.92,1.87,1.9,Non,Non,Oui,Non,Non,Home,17,"[1, 17]",True
235d5723995a700d,coupe-du-monde,165040,66,2026-09-10T14:40:18Z,Congo DR,England,2,1,6.75,4.95,1.41,2.8,1.08,1.14,1.42,2.79,1.68,2.15,Oui,Oui,Oui,Non,Non,Home,61,"[22, 59, 61]",True
489b195e1971b992,coupe-du-monde,165040,66,2026-09-10T14:40:18Z,Qatar,Colombia,1,1,3.41,4.05,1.93,1.82,1.28,1.21,1.42,2.8,1.45,2.72,Non,Oui,Non,Oui,Non,Home,39,"[35, 39]",True
f999043565ce2fd8,coupe-du-monde,165040,66,2026-09-10T14:40:18Z,Senegal,Cabo Verde,2,0,1.86,3.73,3.94,1.22,1.88,1.24,1.66,2.19,1.63,2.24,Non,Non,Oui,Non,Non,Home,89,"[77, 89]",True
cd3c82eee4be3eee,coupe-du-monde,165040,69,2026-09-10T14:46:18Z,Czechia,Switzerland,1,3,3.37,3.59,2.06,1.71,1.29,1.26,1.68,2.15,1.61,2.28,Oui,Oui,Non,Non,Oui,Away,87,"[37, 51, 86, 87]",True
fa13f5f437763d92,coupe-du-monde,165040,69,2026-09-10T14:46:18Z,Japan,Canada,1,0,1.94,3.86,3.5,1.27,1.8,1.23,1.53,2.47,1.52,2.49,Non,Non,Oui,Non,Non,Home,18,[18],True
7aed4630b5cb4638,coupe-du-monde,165040,69,2026-09-10T14:46:18Z,France,Mexico,3,3,1.58,4.59,4.82,1.15,2.31,1.17,1.37,3.05,1.5,2.54,Oui,Oui,Non,Oui,Non,Away,77,"[6, 12, 38, 60, 76, 77]",True
ff7133d0e68a6286,coupe-du-monde,165040,69,2026-09-10T14:46:18Z,Croatia,USA,2,2,2.33,3.78,2.73,1.42,1.56,1.23,1.5,2.54,1.47,2.65,Oui,Oui,Non,Oui,Non,Home,80,"[1, 30, 65, 80]",True
15ea59b1e8277bae,coupe-du-monde,165040,69,2026-09-10T14:46:18Z,Uruguay,Belgium,1,0,2.32,3.67,2.8,1.4,1.56,1.25,1.57,2.37,1.51,2.51,Non,Non,Oui,Non,Non,Home,50,[50],True
4b4860b2bd2b1a51,coupe-du-monde,165040,69,2026-09-10T14:46:18Z,Australia,Egypt,1,2,2.66,3.61,2.46,1.5,1.44,1.25,1.61,2.28,1.53,2.45,Oui,Oui,Non,Non,Oui,Away,60,"[27, 43, 60]",True
74205144d68c829f,coupe-du-monde,165040,69,2026-09-10T14:46:18Z,Argentina,Qatar,2,0,1.44,5.05,5.99,1.1,2.69,1.14,1.34,3.21,1.56,2.39,Non,Non,Oui,Non,Non,Home,28,"[21, 28]",True
a9feb52da30721d3,coupe-du-monde,165040,69,2026-09-10T14:46:18Z,Scotland,Saudi Arabia,2,2,2.24,3.71,2.91,1.37,1.6,1.24,1.55,2.4,1.5,2.53,Oui,Oui,Non,Oui,Non,Away,84,"[30, 35, 36, 84]",True
f37e23aa25d0a01f,coupe-du-monde,165040,69,2026-09-10T14:46:18Z,Cabo Verde,Curacao,3,1,1.8,3.68,4.32,1.18,1.95,1.25,1.75,2.05,1.72,2.09,Oui,Oui,Oui,Non,Non,Home,70,"[40, 43, 44, 70]",True
b8b9830113fcdb08,coupe-du-monde,165040,69,2026-09-10T14:46:18Z,Tunisia,Uzbekistan,1,2,2.17,3.47,3.22,1.31,1.64,1.27,1.76,2.03,1.65,2.2,Oui,Oui,Non,Non,Oui,Home,66,"[17, 45, 66]",True
c988dbabae9b095f,coupe-du-monde,165040,69,2026-09-10T14:46:18Z,Turkiye,Congo DR,1,2,2.03,3.79,3.3,1.3,1.73,1.23,1.54,2.43,1.52,2.5,Oui,Oui,Non,Non,Oui,Home,66,"[48, 52, 66]",True
11cb4fda7e4b5012,coupe-du-monde,165040,69,2026-09-10T14:46:18Z,South Africa,IR Iran,1,0,3.6,3.58,1.99,1.76,1.26,1.26,1.72,2.09,1.64,2.21,Non,Non,Oui,Non,Non,Home,29,[29],True
2aed1844a3389c22,coupe-du-monde,165040,69,2026-09-10T14:46:18Z,Colombia,New Zealand,5,0,1.54,4.47,5.38,1.12,2.4,1.17,1.46,2.66,1.61,2.28,Oui,Non,Oui,Non,Non,Home,89,"[4, 34, 62, 68, 89]",True
1f84e5ee4af1c327,coupe-du-monde,165040,69,2026-09-10T14:46:18Z,Panama,Jordan,3,2,2.89,3.33,2.42,1.52,1.37,1.29,1.86,1.91,1.69,2.13,Oui,Oui,Oui,Non,Non,Home,66,"[21, 23, 47, 49, 66]",True
8a08d87e4d3792d3,coupe-du-monde,165040,69,2026-09-10T14:46:18Z,Bosnia-Herzegovina,Paraguay,1,0,2.91,3.65,2.26,1.59,1.37,1.25,1.59,2.32,1.53,2.47,Non,Non,Oui,Non,Non,Home,47,[47],True
918fcaf80fc986ad,coupe-du-monde,165040,69,2026-09-10T14:46:18Z,Netherlands,Morocco,1,3,3.73,3.62,1.94,1.8,1.24,1.25,1.71,2.11,1.65,2.21,Oui,Oui,Non,Non,Oui,Away,89,"[22, 27, 31, 89]",True
899ef2442f0c05bd,coupe-du-monde,165040,69,2026-09-10T14:46:18Z,Spain,Haiti,3,1,1.18,6.99,14.86,0.99,4.67,1.07,1.38,2.97,2.19,1.66,Oui,Oui,Oui,Non,Non,Home,89,"[25, 78, 78, 89]",True
306bde4528a2d53b,coupe-du-monde,165040,69,2026-09-10T14:46:18Z,Austria,Korea Republic,1,1,2.29,3.75,2.8,1.4,1.57,1.24,1.52,2.49,1.48,2.61,Non,Oui,Non,Oui,Non,Home,68,"[20, 68]",True
3c05b930e85374e0,coupe-du-monde,165040,69,2026-09-10T14:46:18Z,Germany,Cote d'Ivoire,1,4,1.89,4.21,3.39,1.28,1.84,1.19,1.35,3.12,1.4,2.9,Oui,Oui,Non,Non,Oui,Away,90,"[16, 24, 42, 75, 90]",True
70d787ad93ca1173,coupe-du-monde,165040,69,2026-09-10T14:46:18Z,England,Brazil,0,5,2.38,4.09,2.52,1.48,1.53,1.2,1.34,3.18,1.36,3.08,Oui,Non,Non,Non,Oui,Away,83,"[3, 16, 68, 83, 83]",True
b2d05f833f5475e7,coupe-du-monde,165040,69,2026-09-10T14:46:18Z,Norway,Senegal,1,1,2.51,3.72,2.55,1.47,1.48,1.24,1.54,2.44,1.49,2.58,Non,Oui,Non,Oui,Non,Home,38,"[37, 38]",True
3d451e6148362180,coupe-du-monde,165040,69,2026-09-10T14:46:18Z,Sweden,Ghana,3,1,1.91,3.76,3.69,1.24,1.83,1.24,1.6,2.29,1.58,2.35,Oui,Oui,Oui,Non,Non,Home,80,"[15, 34, 47, 80]",True
15369f1e3ff037a6,coupe-du-monde,165040,69,2026-09-10T14:46:18Z,Algeria,Portugal,1,1,4.43,4.33,1.66,2.15,1.18,1.18,1.41,2.85,1.5,2.54,Non,Oui,Non,Oui,Non,Away,81,"[58, 81]",True
5d56577c3c78f9e8,coupe-du-monde,165040,69,2026-09-10T14:46:18Z,Iraq,Ecuador,3,0,3.35,3.7,2.03,1.73,1.29,1.24,1.6,2.3,1.56,2.4,Oui,Non,Oui,Non,Non,Home,61,"[19, 35, 61]",True
4c5393a8f4226183,coupe-du-monde,165040,71,2026-09-10T14:50:18Z,England,Haiti,1,1,1.27,5.91,9.94,1.02,3.64,1.1,1.38,2.96,1.87,1.91,Non,Oui,Non,Oui,Non,Home,81,"[22, 81]",True
53b151fec8216d3c,coupe-du-monde,165040,71,2026-09-10T14:50:18Z,Croatia,Brazil,1,2,3.3,3.89,2.0,1.75,1.3,1.22,1.49,2.58,1.48,2.6,Oui,Oui,Non,Non,Oui,Home,72,"[62, 70, 72]",True
1d7c50ff38c60fed,coupe-du-monde,165040,71,2026-09-10T14:50:18Z,Argentina,Congo DR,2,1,1.33,5.51,7.82,1.05,3.17,1.12,1.36,3.08,1.71,2.11,Oui,Oui,Oui,Non,Non,Away,72,"[49, 70, 72]",True
82af4db3a0bfa92f,coupe-du-monde,165040,71,2026-09-10T14:50:18Z,Colombia,Ghana,4,1,1.74,4.13,4.09,1.2,2.02,1.2,1.46,2.68,1.51,2.51,Oui,Oui,Oui,Non,Non,Home,86,"[14, 25, 58, 60, 86]",True
045a642b7d4c2a7a,coupe-du-monde,165040,71,2026-09-10T14:50:18Z,Scotland,Bosnia-Herzegovina,0,1,2.19,3.72,2.99,1.35,1.63,1.24,1.55,2.4,1.51,2.52,Non,Non,Non,Non,Oui,Away,60,[60],True
241e94cdfb562dd8,coupe-du-monde,165040,71,2026-09-10T14:50:18Z,Qatar,USA,1,1,3.14,4.01,2.03,1.73,1.32,1.21,1.41,2.85,1.42,2.8,Non,Oui,Non,Oui,Non,Away,45,"[44, 45]",True
ce2a3a492cac2089,coupe-du-monde,165040,71,2026-09-10T14:50:18Z,Turkiye,New Zealand,4,1,1.81,3.96,3.94,1.22,1.94,1.22,1.52,2.48,1.54,2.43,Oui,Oui,Oui,Non,Non,Home,79,"[21, 45, 47, 57, 79]",True
61511c43e0480780,coupe-du-monde,165040,71,2026-09-10T14:50:18Z,Cabo Verde,Egypt,0,3,3.33,3.59,2.08,1.69,1.29,1.26,1.68,2.16,1.6,2.3,Oui,Non,Non,Non,Oui,Away,77,"[24, 51, 77]",True
dcec395532ee3e3b,coupe-du-monde,165040,71,2026-09-10T14:50:18Z,South Africa,Senegal,2,1,4.3,3.86,1.76,2.0,1.19,1.23,1.62,2.25,1.64,2.23,Oui,Oui,Oui,Non,Non,Home,90,"[5, 71, 90]",True
51e2ac29a5dc6dcc,coupe-du-monde,165040,71,2026-09-10T14:50:18Z,Netherlands,Curacao,1,2,1.31,5.58,8.63,1.04,3.33,1.11,1.39,2.94,1.79,2.0,Oui,Oui,Non,Non,Oui,Home,46,"[43, 45, 46]",True
c2ae82ff720ec992,coupe-du-monde,165040,71,2026-09-10T14:50:18Z,Algeria,Saudi Arabia,3,1,2.16,3.68,3.08,1.34,1.64,1.25,1.59,2.32,1.53,2.45,Oui,Oui,Oui,Non,Non,Home,79,"[39, 57, 73, 79]",True
ee5120ce229173f5,coupe-du-monde,165040,71,2026-09-10T14:50:18Z,Spain,Portugal,4,1,1.84,4.13,3.62,1.25,1.89,1.2,1.41,2.87,1.45,2.71,Oui,Oui,Oui,Non,Non,Home,78,"[17, 31, 32, 68, 78]",True
8fa897876856fb79,coupe-du-monde,165040,71,2026-09-10T14:50:18Z,Norway,Canada,2,3,1.94,3.98,3.4,1.28,1.8,1.21,1.45,2.71,1.46,2.67,Oui,Oui,Non,Non,Oui,Away,89,"[34, 39, 39, 72, 89]",True
ee3a89a8fbbc01f4,coupe-du-monde,165040,71,2026-09-10T14:50:18Z,Austria,Ecuador,0,5,2.27,3.74,2.83,1.39,1.58,1.24,1.53,2.47,1.48,2.59,Oui,Non,Non,Non,Oui,Away,56,"[6, 22, 49, 54, 56]",True
55343436c6180309,coupe-du-monde,165040,71,2026-09-10T14:50:18Z,Czechia,Paraguay,3,2,2.24,3.71,2.91,1.37,1.6,1.24,1.55,2.41,1.5,2.54,Oui,Oui,Oui,Non,Non,Away,84,"[14, 25, 30, 62, 84]",True
9f056118c81f7fdb,coupe-du-monde,165040,71,2026-09-10T14:50:18Z,Australia,Tunisia,0,2,2.41,3.47,2.8,1.4,1.52,1.27,1.72,2.09,1.6,2.29,Non,Non,Non,Non,Oui,Away,65,"[52, 65]",True
f24e859fbc7d9de8,coupe-du-monde,165040,71,2026-09-10T14:50:18Z,Mexico,Jordan,0,0,1.76,3.91,4.21,1.19,1.99,1.22,1.59,2.33,1.61,2.28,Non,Non,Non,Oui,Non,,,[],True
bd0262e4af2f8271,coupe-du-monde,165040,71,2026-09-10T14:50:18Z,Iraq,Uzbekistan,0,1,2.5,3.53,2.65,1.44,1.49,1.26,1.66,2.18,1.57,2.37,Non,Non,Non,Non,Oui,Away,46,[46],True
e828d3a0c0efbf77,coupe-du-monde,165040,71,2026-09-10T14:50:18Z,France,Cote d'Ivoire,3,1,1.47,4.88,5.74,1.11,2.59,1.15,1.36,3.08,1.56,2.39,Oui,Oui,Oui,Non,Non,Home,86,"[23, 24, 77, 86]",True
4a1eda6ec5b7630f,coupe-du-monde,165040,71,2026-09-10T14:50:18Z,Uruguay,Morocco,3,2,3.25,3.24,2.25,1.59,1.3,1.31,2.0,1.79,1.79,2.0,Oui,Oui,Oui,Non,Non,Home,77,"[2, 28, 32, 63, 77]",True
043d9a7eacdf5fd0,coupe-du-monde,165040,71,2026-09-10T14:50:18Z,Japan,Switzerland,1,1,2.78,3.47,2.43,1.52,1.4,1.27,1.72,2.09,1.6,2.29,Non,Oui,Non,Oui,Non,Home,60,"[47, 60]",True
5be29364dbe67029,coupe-du-monde,165040,71,2026-09-10T14:50:18Z,Germany,Belgium,1,1,2.37,3.96,2.59,1.46,1.54,1.22,1.4,2.89,1.4,2.9,Non,Oui,Non,Oui,Non,Home,63,"[59, 63]",True
fa2d1a6f12e9397a,coupe-du-monde,165040,71,2026-09-10T14:50:18Z,Sweden,Korea Republic,1,0,2.39,3.66,2.72,1.42,1.53,1.25,1.57,2.36,1.51,2.51,Non,Non,Oui,Non,Non,Home,49,[49],True
fe7842d9dba89b64,coupe-du-monde,165040,71,2026-09-10T14:50:18Z,Panama,IR Iran,1,2,4.13,3.66,1.84,1.9,1.2,1.25,1.74,2.06,1.7,2.12,Oui,Oui,Non,Non,Oui,Away,88,"[20, 72, 88]",True
7c57cc429f9de8eb,coupe-du-monde,165040,74,2026-09-10T14:56:18Z,Ecuador,England,1,3,4.28,4.2,1.7,2.08,1.19,1.19,1.45,2.7,1.52,2.49,Oui,Oui,Non,Non,Oui,Away,81,"[21, 41, 60, 81]",True
0ecbc00daeaf9533,coupe-du-monde,165040,74,2026-09-10T14:56:18Z,IR Iran,Jordan,0,2,2.02,3.53,3.55,1.26,1.74,1.26,1.75,2.04,1.66,2.18,Non,Non,Non,Non,Oui,Away,68,"[16, 68]",True
c9a2ed2e7379770c,coupe-du-monde,165040,74,2026-09-10T14:56:18Z,Switzerland,Uruguay,1,3,3.02,3.52,2.25,1.6,1.35,1.26,1.7,2.12,1.6,2.3,Oui,Oui,Non,Non,Oui,Away,76,"[22, 52, 62, 76]",True
ad822924a976fb28,coupe-du-monde,165040,74,2026-09-10T14:56:18Z,Portugal,Colombia,4,1,2.02,4.1,3.11,1.33,1.74,1.2,1.37,3.03,1.4,2.91,Oui,Oui,Oui,Non,Non,Home,62,"[18, 21, 41, 49, 62]",True
59981aa85ad46e1b,coupe-du-monde,165040,74,2026-09-10T14:56:18Z,Korea Republic,Croatia,1,1,3.19,3.71,2.1,1.68,1.31,1.24,1.58,2.34,1.53,2.45,Non,Oui,Non,Oui,Non,Away,78,"[70, 78]",True
3fbedba1d7464f0d,coupe-du-monde,165040,74,2026-09-10T14:56:18Z,Egypt,Norway,3,1,3.04,3.78,2.15,1.65,1.34,1.23,1.53,2.47,1.49,2.56,Oui,Oui,Oui,Non,Non,Away,86,"[9, 63, 65, 86]",True
f8c3750541df444a,coupe-du-monde,165040,74,2026-09-10T14:56:18Z,Bosnia-Herzegovina,Austria,1,1,3.69,3.87,1.88,1.85,1.24,1.22,1.54,2.42,1.54,2.43,Non,Oui,Non,Oui,Non,Home,60,"[54, 60]",True
750320f107a0ba32,coupe-du-monde,165040,74,2026-09-10T14:56:18Z,Saudi Arabia,Sweden,0,3,3.57,3.8,1.93,1.81,1.26,1.23,1.56,2.38,1.54,2.43,Oui,Non,Non,Non,Oui,Away,82,"[43, 63, 82]",True
87acf745863729da,coupe-du-monde,165040,74,2026-09-10T14:56:18Z,Morocco,Panama,2,0,1.36,4.52,9.49,1.03,3.0,1.17,1.81,1.97,2.25,1.62,Non,Non,Oui,Non,Non,Home,83,"[75, 83]",True
56ef784ef4be0943,coupe-du-monde,165040,74,2026-09-10T14:56:18Z,Australia,Algeria,1,0,2.39,3.73,2.67,1.43,1.53,1.24,1.53,2.46,1.48,2.59,Non,Non,Oui,Non,Non,Home,4,[4],True
ab3cf999bbe5108b,coupe-du-monde,165040,74,2026-09-10T14:56:18Z,Haiti,Turkiye,0,2,4.48,4.0,1.7,2.08,1.17,1.21,1.57,2.37,1.61,2.27,Non,Non,Non,Non,Oui,Away,47,"[17, 47]",True
540611c29fbdb08c,coupe-du-monde,165040,74,2026-09-10T14:56:18Z,Cote d'Ivoire,Argentina,2,2,5.08,4.67,1.54,2.39,1.14,1.16,1.36,3.06,1.51,2.5,Oui,Oui,Non,Oui,Non,Home,71,"[19, 42, 69, 71]",True
a2e7b5f0c14252b8,coupe-du-monde,165040,74,2026-09-10T14:56:18Z,Czechia,Iraq,3,0,2.25,3.63,2.94,1.36,1.59,1.25,1.61,2.28,1.54,2.43,Oui,Non,Oui,Non,Non,Home,45,"[44, 45, 45]",True
9cd1bd7bcd1bb9a4,coupe-du-monde,165040,74,2026-09-10T14:56:18Z,Paraguay,Netherlands,2,0,4.3,4.26,1.69,2.1,1.19,1.19,1.42,2.79,1.5,2.54,Non,Non,Oui,Non,Non,Home,87,"[81, 87]",True
b4e881ed079837de,coupe-du-monde,165040,74,2026-09-10T14:56:18Z,Senegal,France,2,2,4.92,4.38,1.59,2.27,1.15,1.18,1.45,2.71,1.56,2.38,Oui,Oui,Non,Oui,Non,Away,90,"[16, 21, 86, 90]",True
991c5bbb09d26be0,coupe-du-monde,165040,74,2026-09-10T14:56:18Z,New Zealand,USA,2,0,4.72,4.18,1.64,2.18,1.16,1.2,1.51,2.52,1.59,2.31,Non,Non,Oui,Non,Non,Home,89,"[60, 89]",True
17e469e42c932246,coupe-du-monde,165040,74,2026-09-10T14:56:18Z,Canada,Germany,3,0,4.09,4.4,1.7,2.08,1.2,1.18,1.35,3.12,1.44,2.74,Oui,Non,Oui,Non,Non,Home,89,"[36, 42, 89]",True
3109be21dc3b3bfe,coupe-du-monde,165040,74,2026-09-10T14:56:18Z,Ghana,Qatar,1,3,2.96,3.74,2.2,1.62,1.36,1.24,1.54,2.43,1.5,2.55,Oui,Oui,Non,Non,Oui,Home,87,"[24, 57, 81, 87]",True
bf87eb02e6b39caa,coupe-du-monde,165040,74,2026-09-10T14:56:18Z,Uzbekistan,Spain,1,4,9.23,5.64,1.29,3.44,1.03,1.11,1.41,2.86,1.84,1.93,Oui,Oui,Non,Non,Oui,Away,79,"[5, 28, 35, 49, 79]",True
f5ea25806f383944,coupe-du-monde,165040,74,2026-09-10T14:56:18Z,Curacao,South Africa,2,2,3.74,3.61,1.94,1.8,1.24,1.25,1.72,2.09,1.66,2.19,Oui,Oui,Non,Oui,Non,Away,66,"[31, 46, 52, 66]",True
8d9c259140b2a6fe,coupe-du-monde,165040,74,2026-09-10T14:56:18Z,Belgium,Mexico,2,0,2.27,3.76,2.83,1.39,1.58,1.24,1.51,2.51,1.48,2.62,Non,Non,Oui,Non,Non,Home,84,"[52, 84]",True
2c442a7b51b565df,coupe-du-monde,165040,74,2026-09-10T14:56:18Z,Scotland,Cabo Verde,0,2,2.33,3.64,2.81,1.39,1.55,1.25,1.6,2.3,1.53,2.46,Non,Non,Non,Non,Oui,Away,67,"[64, 67]",True
2c0959c6cc5f327e,coupe-du-monde,165040,74,2026-09-10T14:56:18Z,Tunisia,Japan,2,1,3.59,3.6,1.98,1.76,1.26,1.25,1.7,2.12,1.63,2.24,Oui,Oui,Oui,Non,Non,Home,81,"[50, 57, 81]",True
edcc29ce3b409500,coupe-du-monde,165040,74,2026-09-10T14:56:18Z,Brazil,Congo DR,3,1,1.44,4.88,6.2,1.09,2.68,1.15,1.4,2.9,1.62,2.26,Oui,Oui,Oui,Non,Non,Away,89,"[29, 49, 81, 89]",True
aa553af7dac45e15,coupe-du-monde,165040,76,2026-09-10T15:00:18Z,Egypt,South Africa,0,3,1.98,3.66,3.56,1.26,1.77,1.25,1.66,2.19,1.61,2.29,Oui,Non,Non,Non,Oui,Away,89,"[74, 80, 89]",True
c913430d3c90704c,coupe-du-monde,165040,76,2026-09-10T15:00:18Z,Senegal,Jordan,2,1,1.81,3.7,4.24,1.19,1.94,1.24,1.72,2.09,1.69,2.13,Oui,Oui,Oui,Non,Non,Home,43,"[20, 30, 43]",True
efeae82d965a6c53,coupe-du-monde,165040,76,2026-09-10T15:00:18Z,Portugal,Turkiye,1,2,1.63,4.53,4.41,1.18,2.19,1.17,1.34,3.17,1.45,2.69,Oui,Oui,Non,Non,Oui,Away,85,"[60, 68, 85]",True
463b9db4ab9161a7,coupe-du-monde,165040,76,2026-09-10T15:00:18Z,Cabo Verde,Algeria,2,1,3.04,3.59,2.21,1.62,1.34,1.26,1.64,2.22,1.56,2.38,Oui,Oui,Oui,Non,Non,Away,74,"[25, 50, 74]",True
ddc58ec2126cdff5,coupe-du-monde,165040,76,2026-09-10T15:00:18Z,Switzerland,Germany,3,3,2.68,3.74,2.38,1.53,1.43,1.24,1.52,2.49,1.47,2.62,Oui,Oui,Non,Oui,Non,Away,76,"[13, 26, 45, 51, 72, 76]",True
303a325c32db8494,coupe-du-monde,165040,76,2026-09-10T15:00:18Z,Morocco,Mexico,3,1,1.82,3.52,4.43,1.18,1.93,1.26,1.89,1.88,1.82,1.96,Oui,Oui,Oui,Non,Non,Home,80,"[7, 12, 72, 80]",True
bfac79f1a0eae0c1,coupe-du-monde,165040,76,2026-09-10T15:00:18Z,Ecuador,Croatia,4,0,3.02,3.62,2.21,1.62,1.35,1.25,1.62,2.25,1.55,2.41,Oui,Non,Oui,Non,Non,Home,79,"[15, 63, 76, 79]",True
16d44f5aef13c738,coupe-du-monde,165040,76,2026-09-10T15:00:18Z,Paraguay,Uruguay,2,2,4.99,4.2,1.61,2.24,1.14,1.19,1.53,2.47,1.62,2.25,Oui,Oui,Non,Oui,Non,Away,60,"[15, 46, 48, 60]",True
3758f80245982c82,coupe-du-monde,165040,76,2026-09-10T15:00:18Z,Tunisia,Norway,0,3,3.32,3.64,2.06,1.71,1.29,1.25,1.64,2.23,1.57,2.35,Oui,Non,Non,Non,Oui,Away,64,"[15, 59, 64]",True
3acf4b4e65658d90,coupe-du-monde,165040,76,2026-09-10T15:00:18Z,Ghana,USA,0,6,3.6,3.99,1.88,1.86,1.26,1.21,1.47,2.63,1.49,2.58,Oui,Non,Non,Non,Oui,Away,86,"[33, 43, 44, 49, 80, 86]",True
281ce7781aafa507,coupe-du-monde,165040,76,2026-09-10T15:00:18Z,Saudi Arabia,Colombia,0,3,4.31,4.18,1.7,2.08,1.19,1.2,1.46,2.65,1.53,2.45,Oui,Non,Non,Non,Oui,Away,76,"[26, 32, 76]",True
15913d242caf10b4,coupe-du-monde,165040,76,2026-09-10T15:00:18Z,Australia,Spain,0,2,6.07,4.68,1.47,2.6,1.1,1.16,1.45,2.69,1.66,2.19,Non,Non,Non,Non,Oui,Away,86,"[17, 86]",True
683f291c583a395f,coupe-du-monde,165040,76,2026-09-10T15:00:18Z,Bosnia-Herzegovina,Sweden,0,4,3.7,3.8,1.9,1.84,1.24,1.23,1.58,2.34,1.56,2.38,Oui,Non,Non,Non,Oui,Away,90,"[25, 32, 51, 90]",True
e6190089a9e8656b,coupe-du-monde,165040,76,2026-09-10T15:00:18Z,Czechia,Austria,2,1,3.03,3.74,2.16,1.64,1.34,1.24,1.55,2.42,1.51,2.53,Oui,Oui,Oui,Non,Non,Home,78,"[4, 31, 78]",True
f7f02a2dc417ccc9,coupe-du-monde,165040,76,2026-09-10T15:00:18Z,Korea Republic,Qatar,0,0,2.34,3.77,2.73,1.42,1.55,1.23,1.5,2.53,1.47,2.64,Non,Non,Non,Oui,Non,,,[],True
9995847e116340dc,coupe-du-monde,165040,76,2026-09-10T15:00:18Z,Belgium,Cote d'Ivoire,2,3,2.03,3.85,3.26,1.3,1.73,1.23,1.51,2.52,1.49,2.57,Oui,Oui,Non,Non,Oui,Away,69,"[7, 35, 54, 69, 69]",True
3b5ba58fae849741,coupe-du-monde,165040,76,2026-09-10T15:00:18Z,IR Iran,Argentina,1,3,5.08,4.48,1.56,2.34,1.14,1.17,1.43,2.79,1.56,2.38,Oui,Oui,Non,Non,Oui,Away,86,"[31, 35, 81, 86]",True
bd8cfb9628018aef,coupe-du-monde,165040,76,2026-09-10T15:00:18Z,Brazil,New Zealand,2,1,1.33,5.46,7.91,1.05,3.17,1.12,1.37,3.02,1.72,2.08,Oui,Oui,Oui,Non,Non,Home,66,"[22, 28, 66]",True
d50efde27b8d76f7,coupe-du-monde,165040,76,2026-09-10T15:00:18Z,Uzbekistan,England,0,2,6.17,4.72,1.46,2.63,1.09,1.16,1.45,2.71,1.66,2.19,Non,Non,Non,Non,Oui,Away,84,"[80, 84]",True
c7f550d09133b62f,coupe-du-monde,165040,76,2026-09-10T15:00:18Z,Haiti,Congo DR,1,2,3.36,3.54,2.08,1.69,1.29,1.26,1.72,2.09,1.63,2.24,Oui,Oui,Non,Non,Oui,Home,88,"[51, 76, 88]",True
517f7171daaa5622,coupe-du-monde,165040,76,2026-09-10T15:00:18Z,Scotland,Netherlands,1,2,3.57,4.16,1.85,1.89,1.26,1.2,1.39,2.95,1.43,2.77,Oui,Oui,Non,Non,Oui,Away,86,"[60, 84, 86]",True
aec7a267bb36c764,coupe-du-monde,165040,76,2026-09-10T15:00:18Z,Canada,France,1,2,7.14,5.39,1.36,3.01,1.07,1.12,1.34,3.2,1.64,2.23,Oui,Oui,Non,Non,Oui,Home,78,"[40, 65, 78]",True
dca26c9af86c919b,coupe-du-monde,165040,76,2026-09-10T15:00:18Z,Iraq,Japan,2,3,4.22,3.86,1.77,1.98,1.19,1.23,1.61,2.27,1.62,2.25,Oui,Oui,Non,Non,Oui,Away,76,"[17, 31, 58, 67, 76]",True
e4616a859e1141f5,coupe-du-monde,165040,76,2026-09-10T15:00:18Z,Curacao,Panama,3,2,3.54,3.44,2.06,1.71,1.26,1.28,1.83,1.94,1.71,2.1,Oui,Oui,Oui,Non,Non,Home,87,"[26, 41, 67, 69, 87]",True
89c6c6b88d5fc5c8,coupe-du-monde,165040,77,2026-09-10T15:02:18Z,Qatar,Portugal,2,2,4.83,4.59,1.57,2.31,1.15,1.17,1.36,3.07,1.49,2.56,Oui,Oui,Non,Oui,Non,Home,85,"[15, 45, 47, 85]",True
60d0b5fc05e64fc0,coupe-du-monde,165040,77,2026-09-10T15:02:18Z,Panama,Switzerland,1,2,5.63,4.08,1.57,2.32,1.11,1.2,1.67,2.17,1.78,2.01,Oui,Oui,Non,Non,Oui,Away,74,"[61, 66, 74]",True
41f8d562a2ea1229,coupe-du-monde,165040,77,2026-09-10T15:02:18Z,Croatia,Saudi Arabia,2,1,1.76,3.91,4.22,1.19,1.99,1.22,1.58,2.34,1.6,2.29,Oui,Oui,Oui,Non,Non,Home,86,"[22, 79, 86]",True
abcd4bcf418565ff,coupe-du-monde,165040,77,2026-09-10T15:02:18Z,Spain,Czechia,2,0,1.43,4.81,6.57,1.08,2.72,1.15,1.45,2.69,1.69,2.13,Non,Non,Oui,Non,Non,Home,54,"[50, 54]",True
1a78311ac4ab41df,coupe-du-monde,165040,77,2026-09-10T15:02:18Z,Colombia,Uzbekistan,2,2,1.68,4.2,4.41,1.18,2.11,1.19,1.47,2.64,1.54,2.43,Oui,Oui,Non,Oui,Non,Home,50,"[31, 38, 46, 50]",True
1141facd55e04198,coupe-du-monde,165040,77,2026-09-10T15:02:18Z,Turkiye,Ecuador,2,0,2.51,3.82,2.5,1.49,1.48,1.23,1.47,2.63,1.44,2.72,Non,Non,Oui,Non,Non,Home,63,"[43, 63]",True
bdacbc20134f7daf,coupe-du-monde,165040,77,2026-09-10T15:02:18Z,Germany,Egypt,2,1,1.96,3.96,3.36,1.29,1.78,1.22,1.46,2.66,1.47,2.64,Oui,Oui,Oui,Non,Non,Home,54,"[40, 41, 54]",True
6042dfb8e518fd69,coupe-du-monde,165040,77,2026-09-10T15:02:18Z,Norway,Scotland,0,1,1.86,4.07,3.63,1.25,1.88,1.21,1.43,2.76,1.47,2.65,Non,Non,Non,Non,Oui,Away,26,[26],True
2a31b112513f18a4,coupe-du-monde,165040,77,2026-09-10T15:02:18Z,Cote d'Ivoire,Senegal,0,2,3.18,3.73,2.1,1.68,1.32,1.24,1.57,2.37,1.52,2.47,Non,Non,Non,Non,Oui,Away,25,"[2, 25]",True
6539f6e4187553bf,coupe-du-monde,165040,77,2026-09-10T15:02:18Z,New Zealand,Ghana,1,3,3.01,3.63,2.21,1.62,1.35,1.25,1.62,2.26,1.55,2.41,Oui,Oui,Non,Non,Oui,Away,68,"[17, 23, 31, 68]",True
493dc7f3f35fc388,coupe-du-monde,165040,77,2026-09-10T15:02:18Z,Netherlands,Iraq,1,4,1.66,4.22,4.52,1.17,2.14,1.19,1.47,2.65,1.55,2.42,Oui,Oui,Non,Non,Oui,Home,81,"[19, 26, 71, 71, 81]",True
7051eccb0e0d3174,coupe-du-monde,165040,77,2026-09-10T15:02:18Z,USA,Haiti,3,0,1.57,4.32,5.22,1.13,2.32,1.18,1.5,2.54,1.63,2.25,Oui,Non,Oui,Non,Non,Home,86,"[15, 74, 86]",True
7108f53ced11ec9e,coupe-du-monde,165040,77,2026-09-10T15:02:18Z,Japan,Algeria,0,0,2.06,3.72,3.27,1.3,1.71,1.24,1.58,2.34,1.54,2.44,Non,Non,Non,Oui,Non,,,[],True
86ab10518cced817,coupe-du-monde,165040,77,2026-09-10T15:02:18Z,Sweden,Australia,1,2,2.38,3.61,2.76,1.41,1.54,1.25,1.61,2.28,1.53,2.45,Oui,Oui,Non,Non,Oui,Away,89,"[59, 66, 89]",True
172400692ef9686a,coupe-du-monde,165040,77,2026-09-10T15:02:18Z,Argentina,Brazil,2,1,2.17,4.17,2.79,1.4,1.64,1.2,1.32,3.31,1.35,3.12,Oui,Oui,Oui,Non,Non,Home,82,"[30, 53, 82]",True
186ad1e8c1344e5c,coupe-du-monde,165040,77,2026-09-10T15:02:18Z,Jordan,Morocco,1,0,7.82,4.15,1.45,2.66,1.05,1.2,1.86,1.91,2.14,1.69,Non,Non,Oui,Non,Non,Home,73,[73],True
65ac18494d86942e,coupe-du-monde,165040,77,2026-09-10T15:02:18Z,England,Bosnia-Herzegovina,2,1,1.42,5.02,6.41,1.09,2.76,1.14,1.38,2.99,1.62,2.26,Oui,Oui,Oui,Non,Non,Home,62,"[13, 32, 62]",True
23e2ee261866c1aa,coupe-du-monde,165040,77,2026-09-10T15:02:18Z,South Africa,Paraguay,0,2,3.07,3.6,2.19,1.63,1.34,1.25,1.64,2.22,1.57,2.37,Non,Non,Non,Non,Oui,Away,81,"[74, 81]",True
f4e6acbfcb674f4f,coupe-du-monde,165040,77,2026-09-10T15:02:18Z,France,Curacao,6,0,1.15,7.81,15.91,0.98,5.14,1.05,1.31,3.38,2.16,1.67,Oui,Non,Oui,Non,Non,Home,87,"[32, 35, 36, 47, 47, 87]",True
4977bbd84e9f7382,coupe-du-monde,165040,77,2026-09-10T15:02:18Z,Uruguay,Tunisia,3,1,1.74,3.83,4.44,1.18,2.02,1.23,1.67,2.18,1.68,2.16,Oui,Oui,Oui,Non,Non,Home,67,"[42, 44, 49, 67]",True
921af5c0e0432bd4,coupe-du-monde,165040,77,2026-09-10T15:02:18Z,Mexico,Canada,0,4,2.0,3.97,3.25,1.31,1.75,1.21,1.44,2.73,1.45,2.7,Oui,Non,Non,Non,Oui,Away,65,"[31, 43, 44, 65]",True
c1cffcba5d1da2c5,coupe-du-monde,165040,77,2026-09-10T15:02:18Z,IR Iran,Belgium,0,5,3.26,3.64,2.09,1.69,1.3,1.25,1.63,2.24,1.57,2.37,Oui,Non,Non,Non,Oui,Away,69,"[12, 25, 41, 56, 69]",True
a60fd3b821a2d507,coupe-du-monde,165040,77,2026-09-10T15:02:18Z,Austria,Cabo Verde,2,0,1.94,3.74,3.59,1.26,1.8,1.24,1.6,2.3,1.57,2.37,Non,Non,Oui,Non,Non,Home,53,"[22, 53]",True
44f5bd2c8f486ffa,coupe-du-monde,165040,77,2026-09-10T15:02:18Z,Congo DR,Korea Republic,1,0,3.62,3.78,1.93,1.82,1.25,1.23,1.58,2.34,1.56,2.39,Non,Non,Oui,Non,Non,Home,46,[46],True
e44aaf21b22e821f,coupe-du-monde,165040,79,2026-09-10T15:06:18Z,Panama,Paraguay,3,0,3.26,3.56,2.12,1.67,1.3,1.26,1.69,2.13,1.61,2.29,Oui,Non,Oui,Non,Non,Home,83,"[33, 62, 83]",True
62b42082019ab432,coupe-du-monde,165040,79,2026-09-10T15:06:18Z,France,Egypt,2,1,1.49,4.67,5.77,1.11,2.53,1.16,1.42,2.79,1.61,2.28,Oui,Oui,Oui,Non,Non,Home,49,"[15, 40, 49]",True
3c796b0db948b8a4,coupe-du-monde,165040,79,2026-09-10T15:06:18Z,Congo DR,Ecuador,2,1,3.79,3.81,1.87,1.86,1.23,1.23,1.59,2.33,1.57,2.36,Oui,Oui,Oui,Non,Non,Away,60,"[32, 39, 60]",True
90d29ff2773afd6a,coupe-du-monde,165040,79,2026-09-10T15:06:18Z,Belgium,Senegal,1,2,2.24,3.64,2.95,1.36,1.6,1.25,1.6,2.3,1.53,2.45,Oui,Oui,Non,Non,Oui,Away,74,"[39, 63, 74]",True
3267ab8e6062ebae,coupe-du-monde,165040,79,2026-09-10T15:06:18Z,Qatar,Saudi Arabia,0,5,2.16,3.78,3.01,1.35,1.65,1.23,1.52,2.5,1.48,2.59,Oui,Non,Non,Non,Oui,Away,76,"[18, 26, 40, 52, 76]",True
23fa70b90109713c,coupe-du-monde,165040,79,2026-09-10T15:06:18Z,Cote d'Ivoire,Canada,3,0,2.29,3.82,2.77,1.4,1.57,1.23,1.48,2.59,1.46,2.68,Oui,Non,Oui,Non,Non,Home,44,"[38, 40, 44]",True
5560c014341baefd,coupe-du-monde,165040,79,2026-09-10T15:06:18Z,Mexico,Switzerland,1,2,2.7,3.56,2.45,1.51,1.42,1.26,1.65,2.2,1.56,2.39,Oui,Oui,Non,Non,Oui,Home,85,"[70, 77, 85]",True
b5a411efd72cc3d1,coupe-du-monde,165040,79,2026-09-10T15:06:18Z,Sweden,Cabo Verde,4,0,2.07,3.6,3.35,1.29,1.7,1.25,1.68,2.16,1.6,2.29,Oui,Non,Oui,Non,Non,Home,46,"[41, 43, 44, 46]",True
c8856fe99eb4f243,coupe-du-monde,165040,79,2026-09-10T15:06:18Z,IR Iran,Morocco,1,3,5.4,3.59,1.68,2.12,1.12,1.26,1.97,1.81,1.97,1.81,Oui,Oui,Non,Non,Oui,Away,63,"[2, 18, 40, 63]",True
056c346d28f7928c,coupe-du-monde,165040,79,2026-09-10T15:06:18Z,USA,Portugal,1,2,3.6,4.37,1.81,1.94,1.25,1.18,1.32,3.33,1.39,2.95,Oui,Oui,Non,Non,Oui,Away,52,"[48, 51, 52]",True
327c1e922eedee13,coupe-du-monde,165040,79,2026-09-10T15:06:18Z,Norway,Algeria,1,2,2.0,3.87,3.33,1.29,1.76,1.22,1.5,2.55,1.49,2.58,Oui,Oui,Non,Non,Oui,Away,76,"[38, 56, 76]",True
c2b8fdf113d0b570,coupe-du-monde,165040,79,2026-09-10T15:06:18Z,Turkiye,Uzbekistan,2,2,2.05,3.8,3.22,1.31,1.71,1.23,1.53,2.47,1.5,2.54,Oui,Oui,Non,Oui,Non,Away,70,"[42, 44, 68, 70]",True
b34a94c9615485e4,coupe-du-monde,165040,79,2026-09-10T15:06:18Z,Croatia,Bosnia-Herzegovina,1,1,1.72,3.96,4.4,1.18,2.04,1.22,1.58,2.34,1.61,2.27,Non,Oui,Non,Oui,Non,Home,77,"[60, 77]",True
ef6c1fb4a00baff3,coupe-du-monde,165040,79,2026-09-10T15:06:18Z,South Africa,Scotland,0,0,3.37,3.77,2.01,1.75,1.29,1.23,1.56,2.39,1.53,2.46,Non,Non,Non,Oui,Non,,,[],True
0081f15a83cc36c3,coupe-du-monde,165040,79,2026-09-10T15:06:18Z,England,Czechia,0,3,1.6,4.36,4.86,1.15,2.25,1.18,1.45,2.69,1.56,2.38,Oui,Non,Non,Non,Oui,Away,73,"[31, 37, 73]",True
7062ec6146384078,coupe-du-monde,165040,79,2026-09-10T15:06:18Z,Germany,Tunisia,2,0,1.82,3.94,3.91,1.22,1.93,1.22,1.53,2.45,1.55,2.41,Non,Non,Oui,Non,Non,Home,77,"[59, 77]",True
f99cf51f509e8a6b,coupe-du-monde,165040,79,2026-09-10T15:06:18Z,Jordan,Curacao,1,0,1.9,3.57,3.95,1.22,1.84,1.26,1.78,2.01,1.71,2.11,Non,Non,Oui,Non,Non,Home,69,[69],True
f5871260dcc8f6b7,coupe-du-monde,165040,79,2026-09-10T15:06:18Z,Uruguay,Iraq,0,2,1.58,4.21,5.33,1.13,2.31,1.19,1.56,2.38,1.68,2.15,Non,Non,Non,Non,Oui,Away,72,"[39, 72]",True
b7a4af01a52dfff9,coupe-du-monde,165040,79,2026-09-10T15:06:18Z,Brazil,Haiti,4,0,1.28,5.99,9.14,1.03,3.55,1.1,1.33,3.24,1.76,2.03,Oui,Non,Oui,Non,Non,Home,75,"[23, 40, 45, 75]",True
305897a38da971ad,coupe-du-monde,165040,79,2026-09-10T15:06:18Z,Colombia,Australia,3,2,2.12,3.82,3.07,1.34,1.67,1.23,1.5,2.53,1.48,2.61,Oui,Oui,Oui,Non,Non,Away,89,"[30, 37, 56, 69, 89]",True
eccfcf27be6c6164,coupe-du-monde,165040,79,2026-09-10T15:06:18Z,Netherlands,Austria,1,1,2.1,4.01,3.0,1.35,1.68,1.21,1.4,2.9,1.41,2.85,Non,Oui,Non,Oui,Non,Away,75,"[55, 75]",True
6ae1c8ebf3c4163f,coupe-du-monde,165040,79,2026-09-10T15:06:18Z,Spain,Japan,4,0,1.64,4.19,4.75,1.16,2.18,1.2,1.51,2.52,1.59,2.31,Oui,Non,Oui,Non,Non,Home,65,"[27, 33, 37, 65]",True
542847db3a86e78b,coupe-du-monde,165040,79,2026-09-10T15:06:18Z,Argentina,Ghana,1,0,1.36,5.31,7.23,1.06,3.0,1.13,1.36,3.07,1.66,2.18,Non,Non,Oui,Non,Non,Home,30,[30],True
f41a9e5ae2874f2e,coupe-du-monde,165040,79,2026-09-10T15:06:18Z,New Zealand,Korea Republic,0,2,4.28,3.91,1.75,2.01,1.19,1.22,1.59,2.32,1.61,2.27,Non,Non,Non,Non,Oui,Away,55,"[22, 55]",True
1226e6d8b7f8cce8,coupe-du-monde,165040,81,2026-09-10T15:10:18Z,South Africa,Algeria,1,1,3.36,3.68,2.04,1.72,1.29,1.25,1.62,2.26,1.57,2.37,Non,Oui,Non,Oui,Non,Away,42,"[41, 42]",True
16bd496b8d311e16,coupe-du-monde,165040,81,2026-09-10T15:10:18Z,Germany,Iraq,3,0,1.64,4.32,4.54,1.17,2.17,1.18,1.43,2.77,1.53,2.47,Oui,Non,Oui,Non,Non,Home,84,"[65, 81, 84]",True
a02b2c803bcfa263,coupe-du-monde,165040,81,2026-09-10T15:10:18Z,Brazil,Portugal,1,1,2.46,4.17,2.42,1.52,1.5,1.2,1.31,3.38,1.34,3.2,Non,Oui,Non,Oui,Non,Home,81,"[76, 81]",True
57a5704113374b68,coupe-du-monde,165040,81,2026-09-10T15:10:18Z,Qatar,Bosnia-Herzegovina,0,4,2.18,3.78,2.96,1.36,1.63,1.23,1.51,2.5,1.48,2.6,Oui,Non,Non,Non,Oui,Away,83,"[26, 36, 64, 83]",True
a64aef7f6c402974,coupe-du-monde,165040,81,2026-09-10T15:10:18Z,Argentina,Haiti,1,0,1.22,6.63,11.3,1.01,4.1,1.08,1.33,3.27,1.91,1.87,Non,Non,Oui,Non,Non,Home,14,[14],True
4cafa4dcff7bcbf8,coupe-du-monde,165040,81,2026-09-10T15:10:18Z,USA,Saudi Arabia,1,4,1.86,3.93,3.72,1.24,1.88,1.22,1.51,2.51,1.52,2.48,Oui,Oui,Non,Non,Oui,Away,77,"[43, 44, 46, 75, 77]",True
b4fee9901f1f3d6e,coupe-du-monde,165040,81,2026-09-10T15:10:18Z,Mexico,Paraguay,1,2,1.98,3.85,3.38,1.28,1.77,1.23,1.52,2.5,1.5,2.53,Oui,Oui,Non,Non,Oui,Away,88,"[35, 62, 88]",True
10f2078e04870c1d,coupe-du-monde,165040,81,2026-09-10T15:10:18Z,Belgium,Canada,3,0,1.85,3.97,3.75,1.24,1.89,1.21,1.49,2.56,1.51,2.51,Oui,Non,Oui,Non,Non,Home,85,"[16, 64, 85]",True
88d8ff00447c29dd,coupe-du-monde,165040,81,2026-09-10T15:10:18Z,Uruguay,Austria,1,1,2.03,3.74,3.34,1.29,1.73,1.24,1.58,2.34,1.54,2.43,Non,Oui,Non,Oui,Non,Away,53,"[20, 53]",True
8911e6b31bc4c79d,coupe-du-monde,165040,81,2026-09-10T15:10:18Z,Sweden,Netherlands,2,3,2.97,3.86,2.16,1.65,1.36,1.23,1.47,2.64,1.45,2.7,Oui,Oui,Non,Non,Oui,Home,89,"[24, 44, 48, 56, 89]",True
fe93ecd480cec9ef,coupe-du-monde,165040,81,2026-09-10T15:10:18Z,Senegal,Morocco,2,1,4.08,3.37,1.93,1.81,1.2,1.29,1.98,1.81,1.84,1.94,Oui,Oui,Oui,Non,Non,Home,82,"[3, 71, 82]",True
26ebfd4edc5b1b3d,coupe-du-monde,165040,81,2026-09-10T15:10:18Z,Cote d'Ivoire,Switzerland,0,2,3.27,3.64,2.09,1.69,1.3,1.25,1.63,2.24,1.57,2.36,Non,Non,Non,Non,Oui,Away,89,"[20, 89]",True
43fd83602de6aade,coupe-du-monde,165040,81,2026-09-10T15:10:18Z,England,Japan,3,1,1.98,3.86,3.39,1.28,1.77,1.22,1.51,2.52,1.5,2.55,Oui,Oui,Oui,Non,Non,Home,86,"[6, 55, 85, 86]",True
0ce5b60fce0c7c01,coupe-du-monde,165040,81,2026-09-10T15:10:18Z,Croatia,Czechia,5,1,2.1,3.66,3.21,1.31,1.68,1.25,1.62,2.27,1.56,2.39,Oui,Oui,Oui,Non,Non,Home,90,"[44, 45, 45, 46, 74, 90]",True
493508808206dca3,coupe-du-monde,165040,81,2026-09-10T15:10:18Z,Colombia,Cabo Verde,1,1,1.76,4.09,4.02,1.21,1.99,1.2,1.47,2.64,1.51,2.51,Non,Oui,Non,Oui,Non,Home,37,"[29, 37]",True
2f2749b5db27ebaf,coupe-du-monde,165040,81,2026-09-10T15:10:18Z,New Zealand,Ecuador,1,1,4.42,3.99,1.71,2.06,1.18,1.21,1.56,2.38,1.61,2.29,Non,Oui,Non,Oui,Non,Away,64,"[61, 64]",True
a037334a8335862e,coupe-du-monde,165040,81,2026-09-10T15:10:18Z,Panama,Scotland,2,2,3.41,3.67,2.02,1.74,1.28,1.25,1.63,2.24,1.58,2.35,Oui,Oui,Non,Oui,Non,Home,81,"[5, 34, 49, 81]",True
21f88fe7ef79f936,coupe-du-monde,165040,81,2026-09-10T15:10:18Z,Norway,Spain,2,4,4.87,4.33,1.6,2.25,1.15,1.18,1.46,2.67,1.57,2.36,Oui,Oui,Non,Non,Oui,Away,63,"[22, 39, 42, 57, 60, 63]",True
35cd144ad7bb048a,coupe-du-monde,165040,81,2026-09-10T15:10:18Z,IR Iran,Curacao,4,0,1.54,4.14,5.89,1.1,2.39,1.2,1.66,2.18,1.8,1.99,Oui,Non,Oui,Non,Non,Home,58,"[36, 37, 39, 58]",True
b3b0c9a814aea41e,coupe-du-monde,165040,81,2026-09-10T15:10:18Z,Congo DR,Uzbekistan,2,0,2.75,3.5,2.43,1.51,1.41,1.27,1.69,2.13,1.59,2.33,Non,Non,Oui,Non,Non,Home,53,"[17, 53]",True
a2f40f15a4b6949d,coupe-du-monde,165040,81,2026-09-10T15:10:18Z,Jordan,Egypt,0,2,3.4,3.45,2.1,1.68,1.28,1.27,1.8,1.98,1.68,2.15,Non,Non,Non,Non,Oui,Away,52,"[23, 52]",True
2d72177b8697de30,coupe-du-monde,165040,81,2026-09-10T15:10:18Z,Turkiye,Australia,1,0,2.6,3.81,2.42,1.52,1.45,1.23,1.48,2.61,1.45,2.71,Non,Non,Oui,Non,Non,Home,10,[10],True
7d6a04e291c8f6f4,coupe-du-monde,165040,81,2026-09-10T15:10:18Z,France,Tunisia,2,2,1.45,4.65,6.48,1.08,2.66,1.16,1.5,2.55,1.72,2.09,Oui,Oui,Non,Oui,Non,Home,83,"[40, 41, 48, 83]",True
45e7063819e7cb9c,coupe-du-monde,165040,81,2026-09-10T15:10:18Z,Ghana,Korea Republic,2,3,3.31,3.82,2.01,1.74,1.29,1.23,1.52,2.48,1.5,2.53,Oui,Oui,Non,Non,Oui,Away,85,"[26, 28, 52, 57, 85]",True
8e4806fc26540a96,coupe-du-monde,165040,84,2026-09-10T15:16:18Z,Sweden,South Africa,2,2,1.87,3.74,3.89,1.22,1.87,1.24,1.65,2.21,1.62,2.25,Oui,Oui,Non,Oui,Non,Away,67,"[25, 43, 51, 67]",True
fb4788d3b44099cf,coupe-du-monde,165040,84,2026-09-10T15:16:18Z,Egypt,Belgium,0,2,3.11,3.65,2.15,1.65,1.33,1.25,1.61,2.27,1.55,2.41,Non,Non,Non,Non,Oui,Away,88,"[88, 88]",True
32812298072043b1,coupe-du-monde,165040,84,2026-09-10T15:16:18Z,Canada,Argentina,2,1,5.6,4.97,1.47,2.58,1.11,1.14,1.32,3.28,1.52,2.49,Oui,Oui,Oui,Non,Non,Home,58,"[8, 29, 58]",True
9dfafb2f2b312f6f,coupe-du-monde,165040,84,2026-09-10T15:16:18Z,Tunisia,Cote d'Ivoire,1,0,2.76,3.44,2.45,1.5,1.41,1.28,1.75,2.05,1.62,2.26,Non,Non,Oui,Non,Non,Home,11,[11],True
916efe1654701e27,coupe-du-monde,165040,84,2026-09-10T15:16:18Z,Switzerland,Senegal,0,0,2.51,3.41,2.71,1.42,1.48,1.28,1.77,2.02,1.63,2.24,Non,Non,Non,Oui,Non,,,[],True
9cac1a4eaa85f9f1,coupe-du-monde,165040,84,2026-09-10T15:16:18Z,Japan,Turkiye,2,0,1.96,3.89,3.41,1.28,1.78,1.22,1.49,2.56,1.49,2.57,Non,Non,Oui,Non,Non,Home,63,"[46, 63]",True
ad5dbffe4aa6a5b3,coupe-du-monde,165040,84,2026-09-10T15:16:18Z,Paraguay,IR Iran,1,3,3.17,3.62,2.13,1.66,1.32,1.25,1.64,2.22,1.57,2.37,Oui,Oui,Non,Non,Oui,Away,79,"[33, 60, 70, 79]",True
5e5d297c8b4c0821,coupe-du-monde,165040,84,2026-09-10T15:16:18Z,Netherlands,Croatia,1,2,2.34,3.84,2.69,1.43,1.55,1.23,1.46,2.66,1.44,2.74,Oui,Oui,Non,Non,Oui,Away,90,"[89, 90, 90]",True
cdeb27836ae33420,coupe-du-monde,165040,84,2026-09-10T15:16:18Z,Curacao,Morocco,1,0,14.54,5.77,1.22,4.05,0.99,1.11,1.63,2.25,2.49,1.52,Non,Non,Oui,Non,Non,Home,63,[63],True
f2d267171f75de15,coupe-du-monde,165040,84,2026-09-10T15:16:18Z,Cabo Verde,Qatar,2,1,2.76,3.65,2.36,1.54,1.41,1.25,1.58,2.34,1.52,2.49,Oui,Oui,Oui,Non,Non,Away,89,"[52, 78, 89]",True
a9ef2e6cb1f5b2ce,coupe-du-monde,165040,84,2026-09-10T15:16:18Z,Spain,Germany,2,1,1.73,4.31,3.99,1.21,2.03,1.19,1.37,3.01,1.45,2.7,Oui,Oui,Oui,Non,Non,Home,83,"[9, 60, 83]",True
25c15a1982b40e58,coupe-du-monde,165040,84,2026-09-10T15:16:18Z,Bosnia-Herzegovina,New Zealand,2,1,2.16,3.63,3.12,1.33,1.65,1.25,1.63,2.24,1.56,2.39,Oui,Oui,Oui,Non,Non,Away,82,"[22, 62, 82]",True
753104f7e873fbd7,coupe-du-monde,165040,84,2026-09-10T15:16:18Z,Algeria,France,1,1,5.81,4.78,1.47,2.58,1.11,1.15,1.4,2.91,1.59,2.32,Non,Oui,Non,Oui,Non,Home,33,"[32, 33]",True
6cb36888a67da16a,coupe-du-monde,165040,84,2026-09-10T15:16:18Z,Australia,USA,2,1,2.81,3.86,2.25,1.6,1.39,1.23,1.46,2.67,1.44,2.74,Oui,Oui,Oui,Non,Non,Home,78,"[65, 78, 78]",True
101dfce9e802cc44,coupe-du-monde,165040,84,2026-09-10T15:16:18Z,Ecuador,Haiti,0,2,1.64,4.12,4.8,1.15,2.18,1.2,1.54,2.42,1.62,2.25,Non,Non,Non,Non,Oui,Away,88,"[10, 88]",True
d565200ca1c9074d,coupe-du-monde,165040,84,2026-09-10T15:16:18Z,Austria,Panama,2,1,1.73,3.89,4.42,1.18,2.03,1.22,1.62,2.26,1.64,2.22,Oui,Oui,Oui,Non,Non,Home,46,"[11, 15, 46]",True
e89b728ea37ea8ef,coupe-du-monde,165040,84,2026-09-10T15:16:18Z,Portugal,Korea Republic,3,0,1.7,4.31,4.16,1.2,2.08,1.19,1.39,2.94,1.47,2.64,Oui,Non,Oui,Non,Non,Home,85,"[26, 75, 85]",True
5ed9d69ab1a72e7c,coupe-du-monde,165040,84,2026-09-10T15:16:18Z,Norway,Colombia,1,0,2.46,3.94,2.5,1.49,1.5,1.22,1.41,2.86,1.4,2.89,Non,Non,Oui,Non,Non,Home,85,[85],True
5c77f0cf851719a7,coupe-du-monde,165040,84,2026-09-10T15:16:18Z,Uruguay,England,1,1,2.82,3.76,2.28,1.58,1.39,1.24,1.52,2.5,1.48,2.61,Non,Oui,Non,Oui,Non,Away,89,"[86, 89]",True
6b30e8a92365f164,coupe-du-monde,165040,84,2026-09-10T15:16:18Z,Iraq,Mexico,0,0,3.77,3.8,1.88,1.86,1.24,1.23,1.6,2.31,1.58,2.34,Non,Non,Non,Oui,Non,,,[],True
3e43c5b6b5d2323e,coupe-du-monde,165040,84,2026-09-10T15:16:18Z,Scotland,Jordan,1,0,2.29,3.56,2.93,1.37,1.58,1.26,1.66,2.19,1.57,2.37,Non,Non,Oui,Non,Non,Home,75,[75],True
398025556f6d66f7,coupe-du-monde,165040,84,2026-09-10T15:16:18Z,Czechia,Congo DR,4,1,1.93,3.71,3.67,1.25,1.81,1.24,1.63,2.23,1.6,2.31,Oui,Oui,Oui,Non,Non,Home,89,"[30, 34, 60, 85, 89]",True
83448c633c8e4f78,coupe-du-monde,165040,84,2026-09-10T15:16:18Z,Uzbekistan,Brazil,1,2,5.85,4.93,1.46,2.63,1.1,1.14,1.35,3.12,1.56,2.4,Oui,Oui,Non,Non,Oui,Home,74,"[43, 45, 74]",True
5411aa70e66cee5d,coupe-du-monde,165040,84,2026-09-10T15:16:18Z,Saudi Arabia,Ghana,2,2,2.58,3.64,2.51,1.48,1.46,1.25,1.58,2.34,1.51,2.51,Oui,Oui,Non,Oui,Non,Away,85,"[30, 38, 76, 85]",True
d016a01459522478,coupe-du-monde,165040,86,2026-09-10T15:20:18Z,Uzbekistan,Haiti,2,1,1.97,3.67,3.58,1.26,1.78,1.25,1.65,2.19,1.6,2.29,Oui,Oui,Oui,Non,Non,Away,71,"[13, 30, 71]",True
8fd4b3dc41c0b6c1,coupe-du-monde,165040,86,2026-09-10T15:20:18Z,Sweden,Panama,1,0,1.74,3.81,4.46,1.17,2.02,1.23,1.68,2.16,1.69,2.14,Non,Non,Oui,Non,Non,Home,33,[33],True
c4ad34d340925a34,coupe-du-monde,165040,86,2026-09-10T15:20:18Z,Algeria,Jordan,1,3,2.13,3.59,3.2,1.31,1.66,1.26,1.66,2.18,1.58,2.33,Oui,Oui,Non,Non,Oui,Away,83,"[1, 56, 76, 83]",True
790257bf2aca83b7,coupe-du-monde,165040,86,2026-09-10T15:20:18Z,Spain,France,2,2,2.53,3.77,2.51,1.49,1.48,1.23,1.5,2.54,1.46,2.65,Oui,Oui,Non,Oui,Non,Home,72,"[43, 45, 48, 72]",True
9c1371fe23830cdc,coupe-du-monde,165040,86,2026-09-10T15:20:18Z,Ecuador,Portugal,1,1,4.22,4.35,1.69,2.1,1.19,1.18,1.39,2.95,1.47,2.62,Non,Oui,Non,Oui,Non,Home,58,"[16, 58]",True
d63236c03e11508d,coupe-du-monde,165040,86,2026-09-10T15:20:18Z,Saudi Arabia,Korea Republic,4,0,3.36,3.84,1.99,1.76,1.29,1.23,1.52,2.48,1.51,2.53,Oui,Non,Oui,Non,Non,Home,76,"[37, 46, 50, 76]",True
36f9c489d6cc9f37,coupe-du-monde,165040,86,2026-09-10T15:20:18Z,Scotland,IR Iran,1,3,2.92,3.64,2.26,1.59,1.37,1.25,1.6,2.29,1.54,2.44,Oui,Oui,Non,Non,Oui,Home,77,"[24, 48, 67, 77]",True
518ddde89a861d80,coupe-du-monde,165040,86,2026-09-10T15:20:18Z,Curacao,Argentina,1,3,13.16,7.14,1.18,4.54,1.0,1.07,1.31,3.35,2.0,1.79,Oui,Oui,Non,Non,Oui,Home,82,"[35, 42, 65, 82]",True
aff0c675b6d64d73,coupe-du-monde,165040,86,2026-09-10T15:20:18Z,Cabo Verde,USA,2,2,3.64,3.9,1.89,1.85,1.25,1.22,1.52,2.49,1.52,2.49,Oui,Oui,Non,Oui,Non,Away,80,"[29, 56, 68, 80]",True
831dab22269dca01,coupe-du-monde,165040,86,2026-09-10T15:20:18Z,England,Germany,0,1,1.99,4.15,3.15,1.32,1.76,1.2,1.36,3.1,1.39,2.94,Non,Non,Non,Non,Oui,Away,65,[65],True
30214babad1193bc,coupe-du-monde,165040,86,2026-09-10T15:20:18Z,Bosnia-Herzegovina,Ghana,0,4,2.55,3.68,2.53,1.48,1.47,1.25,1.56,2.38,1.5,2.53,Oui,Non,Non,Non,Oui,Away,88,"[13, 48, 67, 88]",True
6aecf5fe2acad432,coupe-du-monde,165040,86,2026-09-10T15:20:18Z,Norway,Turkiye,3,2,2.03,3.97,3.17,1.32,1.73,1.21,1.43,2.76,1.44,2.73,Oui,Oui,Oui,Non,Non,Home,80,"[40, 45, 49, 65, 80]",True
ae391cc46adde503,coupe-du-monde,165040,86,2026-09-10T15:20:18Z,Switzerland,Canada,2,0,1.94,3.66,3.68,1.25,1.8,1.25,1.67,2.17,1.62,2.26,Non,Non,Oui,Non,Non,Home,74,"[48, 74]",True
4fc4bd66f8170665,coupe-du-monde,165040,86,2026-09-10T15:20:18Z,Australia,Brazil,2,0,3.96,4.28,1.74,2.02,1.22,1.19,1.38,2.96,1.45,2.69,Non,Non,Oui,Non,Non,Home,82,"[11, 82]",True
54ba2bb337fa0bc6,coupe-du-monde,165040,86,2026-09-10T15:20:18Z,Egypt,Morocco,2,2,5.18,3.56,1.71,2.07,1.13,1.26,1.97,1.81,1.95,1.83,Oui,Oui,Non,Oui,Non,Away,77,"[12, 16, 18, 77]",True
19375c97c9758046,coupe-du-monde,165040,86,2026-09-10T15:20:18Z,Uruguay,Croatia,0,3,2.2,3.64,3.03,1.34,1.62,1.25,1.61,2.27,1.54,2.42,Oui,Non,Non,Non,Oui,Away,62,"[47, 51, 62]",True
d116727fbdbcfdcb,coupe-du-monde,165040,86,2026-09-10T15:20:18Z,Czechia,New Zealand,4,1,1.83,3.75,4.04,1.21,1.91,1.24,1.65,2.2,1.63,2.23,Oui,Oui,Oui,Non,Non,Home,87,"[4, 36, 72, 86, 87]",True
89ee96079255de91,coupe-du-monde,165040,86,2026-09-10T15:20:18Z,Austria,Mexico,1,2,2.67,3.75,2.39,1.53,1.43,1.24,1.52,2.5,1.47,2.62,Oui,Oui,Non,Non,Oui,Away,68,"[39, 40, 68]",True
75c988d12bcf11af,coupe-du-monde,165040,86,2026-09-10T15:20:18Z,Tunisia,Belgium,1,3,3.78,3.68,1.91,1.83,1.23,1.25,1.68,2.16,1.63,2.23,Oui,Oui,Non,Non,Oui,Home,67,"[34, 44, 52, 67]",True
ba0324ae3f77a5cd,coupe-du-monde,165040,86,2026-09-10T15:20:18Z,Paraguay,Senegal,4,1,3.55,3.79,1.94,1.8,1.26,1.23,1.57,2.37,1.55,2.42,Oui,Oui,Oui,Non,Non,Home,55,"[1, 26, 53, 54, 55]",True
b5d322c2ea47ec93,coupe-du-monde,165040,86,2026-09-10T15:20:18Z,Iraq,Cote d'Ivoire,0,4,3.32,3.75,2.03,1.73,1.29,1.24,1.57,2.37,1.53,2.46,Oui,Non,Non,Non,Oui,Away,81,"[42, 44, 45, 81]",True
8f02dc088c750360,coupe-du-monde,165040,86,2026-09-10T15:20:18Z,Netherlands,Qatar,2,1,1.76,4.29,3.84,1.23,1.99,1.19,1.37,3.05,1.43,2.76,Oui,Oui,Oui,Non,Non,Away,86,"[3, 4, 86]",True
b7998a3edd6925ca,coupe-du-monde,165040,86,2026-09-10T15:20:18Z,South Africa,Colombia,1,1,4.42,4.1,1.7,2.09,1.18,1.2,1.51,2.52,1.57,2.37,Non,Oui,Non,Oui,Non,Home,60,"[26, 60]",True
c45a46a677ca7144,coupe-du-monde,165040,86,2026-09-10T15:20:18Z,Japan,Congo DR,3,2,1.65,4.09,4.76,1.15,2.16,1.2,1.56,2.39,1.63,2.24,Oui,Oui,Oui,Non,Non,Home,89,"[7, 37, 57, 63, 89]",True
2cc26cf2b714c07e,coupe-du-monde,165040,89,2026-09-10T15:26:18Z,Cote d'Ivoire,Spain,0,2,5.99,4.57,1.48,2.54,1.1,1.17,1.48,2.6,1.67,2.17,Non,Non,Non,Non,Oui,Away,89,"[89, 89]",True
dac1b6cf2a5e804c,coupe-du-monde,165040,89,2026-09-10T15:26:18Z,Belgium,Algeria,3,0,1.94,3.85,3.52,1.27,1.8,1.23,1.53,2.46,1.52,2.49,Oui,Non,Oui,Non,Non,Home,57,"[42, 52, 57]",True
a0eb91c438cc4dd4,coupe-du-monde,165040,89,2026-09-10T15:26:18Z,New Zealand,Netherlands,0,4,5.79,4.71,1.48,2.55,1.11,1.16,1.42,2.82,1.61,2.29,Oui,Non,Non,Non,Oui,Away,75,"[20, 21, 45, 75]",True
056f9975ef6497a8,coupe-du-monde,165040,89,2026-09-10T15:26:18Z,Curacao,Paraguay,3,2,4.81,3.96,1.67,2.13,1.15,1.22,1.63,2.23,1.69,2.14,Oui,Oui,Oui,Non,Non,Home,81,"[21, 45, 48, 49, 81]",True
21a3424a26202e00,coupe-du-monde,165040,89,2026-09-10T15:26:18Z,Haiti,Czechia,0,3,4.63,3.87,1.71,2.07,1.16,1.22,1.66,2.19,1.69,2.14,Oui,Non,Non,Non,Oui,Away,65,"[14, 51, 65]",True
48217d9bdad12f64,coupe-du-monde,165040,89,2026-09-10T15:26:18Z,Ghana,Cabo Verde,1,1,2.67,3.6,2.46,1.5,1.43,1.26,1.62,2.26,1.54,2.44,Non,Oui,Non,Oui,Non,Home,72,"[17, 72]",True
bcd72294064ee3fe,coupe-du-monde,165040,89,2026-09-10T15:26:18Z,Senegal,Iraq,2,2,1.89,3.75,3.79,1.23,1.85,1.24,1.63,2.25,1.6,2.3,Oui,Oui,Non,Oui,Non,Away,80,"[14, 37, 51, 80]",True
ee04e8c9068efa8c,coupe-du-monde,165040,89,2026-09-10T15:26:18Z,Brazil,Japan,1,1,2.05,4.03,3.09,1.33,1.72,1.21,1.4,2.9,1.41,2.84,Non,Oui,Non,Oui,Non,Home,83,"[74, 83]",True
0740c88199c9a7fd,coupe-du-monde,165040,89,2026-09-10T15:26:18Z,USA,Norway,2,1,2.76,3.93,2.25,1.59,1.41,1.22,1.42,2.81,1.42,2.83,Oui,Oui,Oui,Non,Non,Home,80,"[54, 64, 80]",True
ba72ceac48e7ddbe,coupe-du-monde,165040,89,2026-09-10T15:26:18Z,France,Colombia,3,1,1.7,4.36,4.15,1.2,2.09,1.18,1.37,3.02,1.46,2.68,Oui,Oui,Oui,Non,Non,Away,79,"[42, 45, 45, 79]",True
fc31b37606be568a,coupe-du-monde,165040,89,2026-09-10T15:26:18Z,Morocco,Scotland,3,1,1.61,3.85,5.64,1.11,2.25,1.23,1.81,1.97,1.88,1.89,Oui,Oui,Oui,Non,Non,Home,80,"[34, 45, 47, 80]",True
76786d739cb98528,coupe-du-monde,165040,89,2026-09-10T15:26:18Z,Ecuador,Uzbekistan,3,0,2.0,3.81,3.35,1.29,1.75,1.23,1.53,2.45,1.51,2.51,Oui,Non,Oui,Non,Non,Home,89,"[56, 84, 89]",True
a762c50d652028a6,coupe-du-monde,165040,89,2026-09-10T15:26:18Z,Panama,Croatia,0,3,5.16,3.94,1.63,2.19,1.13,1.22,1.69,2.13,1.76,2.03,Oui,Non,Non,Non,Oui,Away,83,"[57, 71, 83]",True
f4b185d3319187d5,coupe-du-monde,165040,89,2026-09-10T15:26:18Z,Turkiye,Germany,2,2,3.72,4.25,1.8,1.95,1.24,1.19,1.37,3.04,1.43,2.79,Oui,Oui,Non,Oui,Non,Home,87,"[14, 43, 84, 87]",True
b77ca96c00f8d95b,coupe-du-monde,165040,89,2026-09-10T15:26:18Z,Qatar,South Africa,0,0,2.11,3.71,3.16,1.32,1.68,1.24,1.58,2.34,1.53,2.45,Non,Non,Non,Oui,Non,,,[],True
3c07221d0505f445,coupe-du-monde,165040,89,2026-09-10T15:26:18Z,Argentina,Saudi Arabia,1,2,1.34,5.56,7.55,1.06,3.14,1.12,1.33,3.24,1.66,2.19,Oui,Oui,Non,Non,Oui,Away,45,"[42, 44, 45]",True
8d0a439549e54459,coupe-du-monde,165040,89,2026-09-10T15:26:18Z,Portugal,Bosnia-Herzegovina,1,0,1.44,4.93,6.07,1.1,2.67,1.14,1.38,3.0,1.6,2.31,Non,Non,Oui,Non,Non,Home,24,[24],True
aa57cb52a2ae5ca9,coupe-du-monde,165040,89,2026-09-10T15:26:18Z,Switzerland,Egypt,1,2,2.16,3.5,3.21,1.31,1.64,1.27,1.73,2.07,1.63,2.24,Oui,Oui,Non,Non,Oui,Away,64,"[8, 49, 64]",True
6d637f77de55a6d7,coupe-du-monde,165040,89,2026-09-10T15:26:18Z,Canada,Tunisia,1,3,2.61,3.45,2.58,1.46,1.45,1.27,1.74,2.07,1.61,2.28,Oui,Oui,Non,Non,Oui,Away,80,"[29, 51, 74, 80]",True
7a3b62267e4573d7,coupe-du-monde,165040,89,2026-09-10T15:26:18Z,Mexico,England,1,4,3.51,4.06,1.89,1.85,1.27,1.21,1.43,2.78,1.46,2.68,Oui,Oui,Non,Non,Oui,Away,88,"[7, 27, 35, 80, 88]",True
ec8c16a37d724487,coupe-du-monde,165040,89,2026-09-10T15:26:18Z,Korea Republic,Australia,1,1,2.53,3.72,2.52,1.48,1.48,1.24,1.54,2.45,1.49,2.58,Non,Oui,Non,Oui,Non,Home,89,"[60, 89]",True
ab14bfc9fc9c8861,coupe-du-monde,165040,89,2026-09-10T15:26:18Z,Congo DR,Uruguay,0,0,5.82,4.44,1.51,2.47,1.11,1.18,1.51,2.51,1.68,2.15,Non,Non,Non,Oui,Non,,,[],True
0d51a8ee4f917c79,coupe-du-monde,165040,89,2026-09-10T15:26:18Z,IR Iran,Austria,2,0,2.71,3.59,2.43,1.52,1.42,1.26,1.62,2.26,1.54,2.43,Non,Non,Oui,Non,Non,Home,75,"[23, 75]",True
08645a465f61580d,coupe-du-monde,165040,89,2026-09-10T15:26:18Z,Jordan,Sweden,2,1,3.67,3.6,1.96,1.78,1.25,1.25,1.72,2.1,1.65,2.21,Oui,Oui,Oui,Non,Non,Home,89,"[12, 68, 89]",True
99da09ce18c68488,coupe-du-monde,165040,92,2026-09-10T15:32:18Z,Turkiye,Mexico,0,1,3.3,3.93,1.99,1.76,1.3,1.22,1.47,2.64,1.47,2.64,Non,Non,Non,Non,Oui,Away,87,[87],True
d64c8d4deece11b6,coupe-du-monde,165040,92,2026-09-10T15:32:18Z,Netherlands,Haiti,1,0,1.37,5.28,7.18,1.07,2.99,1.13,1.37,3.05,1.66,2.18,Non,Non,Oui,Non,Non,Home,69,[69],True
000b9a7f0424c3a8,coupe-du-monde,165040,92,2026-09-10T15:32:18Z,South Africa,New Zealand,2,1,2.24,3.55,3.01,1.35,1.6,1.26,1.67,2.16,1.58,2.33,Oui,Oui,Oui,Non,Non,Home,85,"[29, 33, 85]",True
8f023d0dd21d8aeb,coupe-du-monde,165040,92,2026-09-10T15:32:18Z,Japan,Korea Republic,4,0,2.07,3.78,3.19,1.31,1.7,1.23,1.53,2.45,1.5,2.53,Oui,Non,Oui,Non,Non,Home,61,"[25, 43, 54, 61]",True
c3fc4df96b9bd9ba,coupe-du-monde,165040,92,2026-09-10T15:32:18Z,England,IR Iran,2,1,1.7,4.12,4.38,1.18,2.08,1.2,1.5,2.54,1.56,2.38,Oui,Oui,Oui,Non,Non,Home,50,"[15, 32, 50]",True
1c23dc2116727a0a,coupe-du-monde,165040,92,2026-09-10T15:32:18Z,Uruguay,Brazil,1,1,2.58,3.94,2.39,1.53,1.46,1.22,1.41,2.84,1.41,2.86,Non,Oui,Non,Oui,Non,Away,80,"[27, 80]",True
78126c4b528931b3,coupe-du-monde,165040,92,2026-09-10T15:32:18Z,Panama,Congo DR,1,0,2.75,3.45,2.46,1.5,1.41,1.27,1.74,2.07,1.61,2.28,Non,Non,Oui,Non,Non,Home,43,[43],True
2865415f623a8222,coupe-du-monde,165040,92,2026-09-10T15:32:18Z,Spain,Senegal,2,1,1.66,4.05,4.78,1.15,2.15,1.21,1.58,2.35,1.64,2.21,Oui,Oui,Oui,Non,Non,Home,79,"[29, 53, 79]",True
eb36e73ea72f6018,coupe-du-monde,165040,92,2026-09-10T15:32:18Z,Bosnia-Herzegovina,Uzbekistan,2,1,2.46,3.62,2.64,1.44,1.5,1.25,1.6,2.3,1.53,2.47,Oui,Oui,Oui,Non,Non,Home,82,"[58, 67, 82]",True
abc6443206b77c7c,coupe-du-monde,165040,92,2026-09-10T15:32:18Z,Paraguay,Argentina,0,1,5.99,4.86,1.46,2.63,1.1,1.15,1.39,2.96,1.59,2.31,Non,Non,Non,Non,Oui,Away,57,[57],True
cd2069d4ac202169,coupe-du-monde,165040,92,2026-09-10T15:32:18Z,Tunisia,Egypt,1,2,2.98,3.32,2.36,1.54,1.36,1.29,1.88,1.9,1.7,2.12,Oui,Oui,Non,Non,Oui,Home,34,"[18, 27, 34]",True
120829885c8524a2,coupe-du-monde,165040,92,2026-09-10T15:32:18Z,France,Qatar,5,1,1.37,5.38,6.86,1.07,2.96,1.12,1.32,3.29,1.61,2.29,Oui,Oui,Oui,Non,Non,Away,90,"[37, 41, 45, 68, 75, 90]",True
a0fba65911993d1f,coupe-du-monde,165040,92,2026-09-10T15:32:18Z,Croatia,Jordan,0,0,1.78,3.71,4.37,1.18,1.97,1.24,1.73,2.07,1.71,2.1,Non,Non,Non,Oui,Non,,,[],True
579ebff435dde819,coupe-du-monde,165040,92,2026-09-10T15:32:18Z,Algeria,Canada,0,3,2.45,3.65,2.64,1.44,1.5,1.25,1.58,2.35,1.51,2.51,Oui,Non,Non,Non,Oui,Away,78,"[61, 68, 78]",True
bdb0cee7b43383e7,coupe-du-monde,165040,92,2026-09-10T15:32:18Z,Colombia,Cote d'Ivoire,3,1,2.16,3.86,2.97,1.36,1.65,1.23,1.47,2.63,1.45,2.69,Oui,Oui,Oui,Non,Non,Home,71,"[28, 57, 70, 71]",True
fdc18e42ccacc0ef,coupe-du-monde,165040,92,2026-09-10T15:32:18Z,Czechia,Ecuador,4,1,2.6,3.63,2.5,1.49,1.45,1.25,1.59,2.32,1.52,2.49,Oui,Oui,Oui,Non,Non,Home,70,"[35, 40, 49, 58, 70]",True
c0eed7249bafc9d4,coupe-du-monde,165040,92,2026-09-10T15:32:18Z,Australia,Saudi Arabia,1,1,2.01,3.77,3.35,1.29,1.74,1.24,1.56,2.38,1.53,2.46,Non,Oui,Non,Oui,Non,Home,60,"[9, 60]",True
732430db26480c49,coupe-du-monde,165040,92,2026-09-10T15:32:18Z,Sweden,Belgium,1,5,3.08,3.74,2.14,1.66,1.33,1.24,1.55,2.41,1.51,2.51,Oui,Oui,Non,Non,Oui,Home,79,"[40, 42, 44, 54, 59, 79]",True
62d6b54e383f58f0,coupe-du-monde,165040,92,2026-09-10T15:32:18Z,Austria,Morocco,0,2,4.55,3.58,1.78,1.97,1.17,1.26,1.86,1.92,1.81,1.97,Non,Non,Non,Non,Oui,Away,58,"[19, 58]",True
d90b0c89d1d827ed,coupe-du-monde,165040,92,2026-09-10T15:32:18Z,Iraq,Curacao,0,2,1.79,3.7,4.31,1.19,1.95,1.24,1.73,2.07,1.71,2.11,Non,Non,Non,Non,Oui,Away,40,"[39, 40]",True
6e462b97536f37e9,coupe-du-monde,165040,92,2026-09-10T15:32:18Z,Norway,Ghana,2,0,1.74,4.11,4.12,1.2,2.02,1.2,1.47,2.63,1.52,2.48,Non,Non,Oui,Non,Non,Home,90,"[88, 90]",True
cca2225e214ac36c,coupe-du-monde,165040,92,2026-09-10T15:32:18Z,Germany,USA,4,1,2.03,4.13,3.08,1.33,1.73,1.2,1.35,3.11,1.38,2.96,Oui,Oui,Oui,Non,Non,Home,72,"[41, 43, 53, 61, 72]",True
f6eae5106d46e2f0,coupe-du-monde,165040,92,2026-09-10T15:32:18Z,Scotland,Switzerland,2,1,3.85,3.72,1.88,1.86,1.23,1.24,1.65,2.2,1.62,2.26,Oui,Oui,Oui,Non,Non,Away,79,"[19, 70, 79]",True
edc39628ffcdc33a,coupe-du-monde,165040,92,2026-09-10T15:32:18Z,Cabo Verde,Portugal,1,4,5.54,4.64,1.51,2.48,1.12,1.16,1.41,2.84,1.58,2.34,Oui,Oui,Non,Non,Oui,Away,85,"[6, 33, 55, 62, 85]",True
