match_key,bet_type_name,bet_type_id,outcome_short_name,odds
02dc0c614e21c98a,1X2,30083,1,4.36
02dc0c614e21c98a,1X2,30083,X,1.88
02dc0c614e21c98a,1X2,30083,2,3.34
02dc0c614e21c98a,Mi-tps 1X2,30084,1,7.74
02dc0c614e21c98a,Mi-tps 1X2,30084,X,1.28
02dc0c614e21c98a,Mi-tps 1X2,30084,2,5.81
02dc0c614e21c98a,Double Chance,30085,1X,1.29
02dc0c614e21c98a,Double Chance,30085,X2,1.18
02dc0c614e21c98a,Double Chance,30085,12,1.86
02dc0c614e21c98a,Mi-tps DC,30086,1X,1.1
02dc0c614e21c98a,Mi-tps DC,30086,X2,1.05
02dc0c614e21c98a,Mi-tps DC,30086,12,3.32
02dc0c614e21c98a,Score exact,30081,0-0,2.31
02dc0c614e21c98a,Score exact,30081,0-1,5.07
02dc0c614e21c98a,Score exact,30081,0-2,16.78
02dc0c614e21c98a,Score exact,30081,0-3,76.35
02dc0c614e21c98a,Score exact,30081,0-4,100.0
02dc0c614e21c98a,Score exact,30081,0-5,100.0
02dc0c614e21c98a,Score exact,30081,0-6,100.0
02dc0c614e21c98a,Score exact,30081,1-0,6.24
02dc0c614e21c98a,Score exact,30081,1-1,8.35
02dc0c614e21c98a,Score exact,30081,1-2,27.87
02dc0c614e21c98a,Score exact,30081,1-3,100.0
02dc0c614e21c98a,Score exact,30081,1-4,100.0
02dc0c614e21c98a,Score exact,30081,1-5,100.0
02dc0c614e21c98a,Score exact,30081,2-0,25.44
02dc0c614e21c98a,Score exact,30081,2-1,34.43
02dc0c614e21c98a,Score exact,30081,2-2,100.0
02dc0c614e21c98a,Score exact,30081,2-3,100.0
02dc0c614e21c98a,Score exact,30081,2-4,100.0
02dc0c614e21c98a,Score exact,30081,3-0,100.0
02dc0c614e21c98a,Score exact,30081,3-1,100.0
02dc0c614e21c98a,Score exact,30081,3-2,100.0
02dc0c614e21c98a,Score exact,30081,3-3,100.0
02dc0c614e21c98a,Score exact,30081,4-0,100.0
02dc0c614e21c98a,Score exact,30081,4-1,100.0
02dc0c614e21c98a,Score exact,30081,4-2,100.0
02dc0c614e21c98a,Score exact,30081,5-0,100.0
02dc0c614e21c98a,Score exact,30081,5-1,100.0
02dc0c614e21c98a,Score exact,30081,6-0,100.0
02dc0c614e21c98a,Mi-tps CS,30082,0-0,1.29
02dc0c614e21c98a,Mi-tps CS,30082,0-1,6.61
02dc0c614e21c98a,Mi-tps CS,30082,0-2,41.71
02dc0c614e21c98a,Mi-tps CS,30082,0-3,100.0
02dc0c614e21c98a,Mi-tps CS,30082,1-0,8.49
02dc0c614e21c98a,Mi-tps CS,30082,1-1,19.42
02dc0c614e21c98a,Mi-tps CS,30082,1-2,100.0
02dc0c614e21c98a,Mi-tps CS,30082,2-0,69.18
02dc0c614e21c98a,Mi-tps CS,30082,2-1,100.0
02dc0c614e21c98a,Mi-tps CS,30082,3-0,100.0
02dc0c614e21c98a,+/-,30087,> 0.5,1.54
02dc0c614e21c98a,+/-,30087,< 0.5,2.44
02dc0c614e21c98a,+/-,30087,> 1.5,3.2
02dc0c614e21c98a,+/-,30087,< 1.5,1.34
02dc0c614e21c98a,+/-,30087,> 2.5,9.51
02dc0c614e21c98a,+/-,30087,< 2.5,1.05
02dc0c614e21c98a,+/-,30087,> 3.5,40.57
02dc0c614e21c98a,+/-,30087,< 3.5,0.97
02dc0c614e21c98a,HT/FT,30089,1/1,9.08
02dc0c614e21c98a,HT/FT,30089,1/X,51.49
02dc0c614e21c98a,HT/FT,30089,1/2,100.0
02dc0c614e21c98a,HT/FT,30089,X/1,7.8
02dc0c614e21c98a,HT/FT,30089,X/X,1.92
02dc0c614e21c98a,HT/FT,30089,X/2,6.31
02dc0c614e21c98a,HT/FT,30089,2/1,100.0
02dc0c614e21c98a,HT/FT,30089,2/X,47.79
02dc0c614e21c98a,HT/FT,30089,2/2,6.51
02dc0c614e21c98a,Total de buts,30090,0,2.31
02dc0c614e21c98a,Total de buts,30090,1,2.8
02dc0c614e21c98a,Total de buts,30090,2,4.57
02dc0c614e21c98a,Total de buts,30090,3,11.76
02dc0c614e21c98a,Total de buts,30090,4,46.06
02dc0c614e21c98a,Total de buts,30090,5,100.0
02dc0c614e21c98a,Total de buts,30090,6,100.0
02dc0c614e21c98a,G/NG,30091,Oui,5.08
02dc0c614e21c98a,G/NG,30091,Non,1.16
02dc0c614e21c98a,Les deux équipes marquent / 1ère mi temps,30092,Oui,17.74
02dc0c614e21c98a,Les deux équipes marquent / 1ère mi temps,30092,Non,1.0
02dc0c614e21c98a,1X2 & Total,30093,1 / > 1.5,12.41
02dc0c614e21c98a,1X2 & Total,30093,X / > 1.5,7.94
02dc0c614e21c98a,1X2 & Total,30093,2 / > 1.5,8.53
02dc0c614e21c98a,1X2 & Total,30093,1 / < 1.5,6.36
02dc0c614e21c98a,1X2 & Total,30093,X / < 1.5,2.35
02dc0c614e21c98a,1X2 & Total,30093,2 / < 1.5,5.16
02dc0c614e21c98a,1X2 & Total,30093,1 / > 2.5,23.83
02dc0c614e21c98a,1X2 & Total,30093,X / > 2.5,100.0
02dc0c614e21c98a,1X2 & Total,30093,2 / > 2.5,17.02
02dc0c614e21c98a,1X2 & Total,30093,1 / < 2.5,5.1
02dc0c614e21c98a,1X2 & Total,30093,X / < 2.5,1.84
02dc0c614e21c98a,1X2 & Total,30093,2 / < 2.5,3.97
02dc0c614e21c98a,1X2 & Total,30093,1 / > 3.5,100.0
02dc0c614e21c98a,1X2 & Total,30093,X / > 3.5,100.0
02dc0c614e21c98a,1X2 & Total,30093,2 / > 3.5,93.98
02dc0c614e21c98a,1X2 & Total,30093,1 / < 3.5,4.32
02dc0c614e21c98a,1X2 & Total,30093,X / < 3.5,1.84
02dc0c614e21c98a,1X2 & Total,30093,2 / < 3.5,3.33
02dc0c614e21c98a,1X2 & G/NG,30094,1 gagne et les deux équipes marquent,28.65
02dc0c614e21c98a,1X2 & G/NG,30094,1 gagne et seulement  1  marque,4.82
02dc0c614e21c98a,1X2 & G/NG,30094,X et les deux équipes marquent,7.8
02dc0c614e21c98a,1X2 & G/NG,30094,X et aucun but,2.31
02dc0c614e21c98a,1X2 & G/NG,30094,2 gagne et les deux équipes marquent,22.36
02dc0c614e21c98a,1X2 & G/NG,30094,2 gagne et seulement 2 marque,3.68
02dc0c614e21c98a,Total equipe domicile,30095,> 0.5,2.54
02dc0c614e21c98a,Total equipe domicile,30095,< 0.5,1.5
02dc0c614e21c98a,Total equipe domicile,30095,> 1.5,11.48
02dc0c614e21c98a,Total equipe domicile,30095,< 1.5,1.03
02dc0c614e21c98a,Total equipe domicile,30095,> 2.5,76.62
02dc0c614e21c98a,Total equipe domicile,30095,< 2.5,0.96
02dc0c614e21c98a,Total equipe domicile,30095,> 3.5,100.0
02dc0c614e21c98a,Total equipe domicile,30095,< 3.5,0.94
02dc0c614e21c98a,Total equipe extérieur,30096,> 0.5,2.2
02dc0c614e21c98a,Total equipe extérieur,30096,< 0.5,1.65
02dc0c614e21c98a,Total equipe extérieur,30096,> 1.5,8.18
02dc0c614e21c98a,Total equipe extérieur,30096,< 1.5,1.07
02dc0c614e21c98a,Total equipe extérieur,30096,> 2.5,43.96
02dc0c614e21c98a,Total equipe extérieur,30096,< 2.5,0.96
02dc0c614e21c98a,Total equipe extérieur,30096,> 3.5,100.0
02dc0c614e21c98a,Total equipe extérieur,30096,< 3.5,0.95
02dc0c614e21c98a,G/NG equipe domicile,30097,Oui,2.54
02dc0c614e21c98a,G/NG equipe domicile,30097,Non,1.5
02dc0c614e21c98a,G/NG equipe extérieur,30098,Oui,2.2
02dc0c614e21c98a,G/NG equipe extérieur,30098,Non,1.65
02dc0c614e21c98a,Pair/Impair,30099,Impair,2.32
02dc0c614e21c98a,Pair/Impair,30099,Pair,1.54
02dc0c614e21c98a,Minute du premier but,30100,1-15,11.02
02dc0c614e21c98a,Minute du premier but,30100,16-30,6.46
02dc0c614e21c98a,Minute du premier but,30100,31-45,8.26
02dc0c614e21c98a,Minute du premier but,30100,46-60,7.67
02dc0c614e21c98a,Minute du premier but,30100,61-75,10.75
02dc0c614e21c98a,Minute du premier but,30100,76-90,10.29
02dc0c614e21c98a,Minute du premier but,30100,Pas de but,2.31
02dc0c614e21c98a,FTTS,30101,1,3.19
02dc0c614e21c98a,FTTS,30101,2,2.68
02dc0c614e21c98a,FTTS,30101,Pas de but,2.31
02dc0c614e21c98a,Multi-Buts,30102,"Le total de buts est de 0, 1 ou 2",1.01
02dc0c614e21c98a,Multi-Buts,30102,"Le total de buts est de 1, 2 ou 3",1.54
02dc0c614e21c98a,Multi-Buts,30102,"Le total de buts est de 2, 3 ou 4",3.13
02dc0c614e21c98a,Multi-Buts,30102,Le total de buts est supérieur à 4,100.0
02dc0c614e21c98a,2ème mi-tps - CS,30105,0-0,1.52
02dc0c614e21c98a,2ème mi-tps - CS,30105,0-1,5.83
02dc0c614e21c98a,2ème mi-tps - CS,30105,0-2,27.12
02dc0c614e21c98a,2ème mi-tps - CS,30105,0-3,100.0
02dc0c614e21c98a,2ème mi-tps - CS,30105,1-0,6.96
02dc0c614e21c98a,2ème mi-tps - CS,30105,1-1,11.85
02dc0c614e21c98a,2ème mi-tps - CS,30105,1-2,82.71
02dc0c614e21c98a,2ème mi-tps - CS,30105,2-0,38.9
02dc0c614e21c98a,2ème mi-tps - CS,30105,2-1,99.37
02dc0c614e21c98a,2ème mi-tps - CS,30105,3-0,100.0
6f975b65c2dd64a1,1X2,30083,1,2.09
6f975b65c2dd64a1,1X2,30083,X,3.25
6f975b65c2dd64a1,1X2,30083,2,3.66
6f975b65c2dd64a1,Mi-tps 1X2,30084,1,3.05
6f975b65c2dd64a1,Mi-tps 1X2,30084,X,1.83
6f975b65c2dd64a1,Mi-tps 1X2,30084,2,4.87
6f975b65c2dd64a1,Double Chance,30085,1X,1.25
6f975b65c2dd64a1,Double Chance,30085,X2,1.69
6f975b65c2dd64a1,Double Chance,30085,12,1.31
6f975b65c2dd64a1,Mi-tps DC,30086,1X,1.14
6f975b65c2dd64a1,Mi-tps DC,30086,X2,1.33
6f975b65c2dd64a1,Mi-tps DC,30086,12,1.87
6f975b65c2dd64a1,Score exact,30081,0-0,9.28
6f975b65c2dd64a1,Score exact,30081,0-1,11.71
6f975b65c2dd64a1,Score exact,30081,0-2,21.78
6f975b65c2dd64a1,Score exact,30081,0-3,55.56
6f975b65c2dd64a1,Score exact,30081,0-4,100.0
6f975b65c2dd64a1,Score exact,30081,0-5,100.0
6f975b65c2dd64a1,Score exact,30081,0-6,100.0
6f975b65c2dd64a1,Score exact,30081,1-0,8.4
6f975b65c2dd64a1,Score exact,30081,1-1,6.47
6f975b65c2dd64a1,Score exact,30081,1-2,12.2
6f975b65c2dd64a1,Score exact,30081,1-3,37.91
6f975b65c2dd64a1,Score exact,30081,1-4,100.0
6f975b65c2dd64a1,Score exact,30081,1-5,100.0
6f975b65c2dd64a1,Score exact,30081,2-0,10.93
6f975b65c2dd64a1,Score exact,30081,2-1,8.57
6f975b65c2dd64a1,Score exact,30081,2-2,16.93
6f975b65c2dd64a1,Score exact,30081,2-3,58.37
6f975b65c2dd64a1,Score exact,30081,2-4,100.0
6f975b65c2dd64a1,Score exact,30081,3-0,19.4
6f975b65c2dd64a1,Score exact,30081,3-1,18.59
6f975b65c2dd64a1,Score exact,30081,3-2,40.58
6f975b65c2dd64a1,Score exact,30081,3-3,100.0
6f975b65c2dd64a1,Score exact,30081,4-0,55.95
6f975b65c2dd64a1,Score exact,30081,4-1,56.6
6f975b65c2dd64a1,Score exact,30081,4-2,100.0
6f975b65c2dd64a1,Score exact,30081,5-0,100.0
6f975b65c2dd64a1,Score exact,30081,5-1,100.0
6f975b65c2dd64a1,Score exact,30081,6-0,100.0
6f975b65c2dd64a1,Mi-tps CS,30082,0-0,2.33
6f975b65c2dd64a1,Mi-tps CS,30082,0-1,6.98
6f975b65c2dd64a1,Mi-tps CS,30082,0-2,25.12
6f975b65c2dd64a1,Mi-tps CS,30082,0-3,100.0
6f975b65c2dd64a1,Mi-tps CS,30082,1-0,4.92
6f975b65c2dd64a1,Mi-tps CS,30082,1-1,6.56
6f975b65c2dd64a1,Mi-tps CS,30082,1-2,35.38
6f975b65c2dd64a1,Mi-tps CS,30082,2-0,12.11
6f975b65c2dd64a1,Mi-tps CS,30082,2-1,24.21
6f975b65c2dd64a1,Mi-tps CS,30082,3-0,44.74
6f975b65c2dd64a1,+/-,30087,> 0.5,1.04
6f975b65c2dd64a1,+/-,30087,< 0.5,9.81
6f975b65c2dd64a1,+/-,30087,> 1.5,1.31
6f975b65c2dd64a1,+/-,30087,< 1.5,3.38
6f975b65c2dd64a1,+/-,30087,> 2.5,2.05
6f975b65c2dd64a1,+/-,30087,< 2.5,1.75
6f975b65c2dd64a1,+/-,30087,> 3.5,4.27
6f975b65c2dd64a1,+/-,30087,< 3.5,1.21
6f975b65c2dd64a1,HT/FT,30089,1/1,3.54
6f975b65c2dd64a1,HT/FT,30089,1/X,23.45
6f975b65c2dd64a1,HT/FT,30089,1/2,66.96
6f975b65c2dd64a1,HT/FT,30089,X/1,4.99
6f975b65c2dd64a1,HT/FT,30089,X/X,4.15
6f975b65c2dd64a1,HT/FT,30089,X/2,7.99
6f975b65c2dd64a1,HT/FT,30089,2/1,44.26
6f975b65c2dd64a1,HT/FT,30089,2/X,24.04
6f975b65c2dd64a1,HT/FT,30089,2/2,6.72
6f975b65c2dd64a1,Total de buts,30090,0,9.28
6f975b65c2dd64a1,Total de buts,30090,1,4.89
6f975b65c2dd64a1,Total de buts,30090,2,3.42
6f975b65c2dd64a1,Total de buts,30090,3,3.73
6f975b65c2dd64a1,Total de buts,30090,4,6.19
6f975b65c2dd64a1,Total de buts,30090,5,14.07
6f975b65c2dd64a1,Total de buts,30090,6,66.88
6f975b65c2dd64a1,G/NG,30091,Oui,1.85
6f975b65c2dd64a1,G/NG,30091,Non,1.93
6f975b65c2dd64a1,Les deux équipes marquent / 1ère mi temps,30092,Oui,4.88
6f975b65c2dd64a1,Les deux équipes marquent / 1ère mi temps,30092,Non,1.17
6f975b65c2dd64a1,1X2 & Total,30093,1 / > 1.5,2.63
6f975b65c2dd64a1,1X2 & Total,30093,X / > 1.5,4.68
6f975b65c2dd64a1,1X2 & Total,30093,2 / > 1.5,5.0
6f975b65c2dd64a1,1X2 & Total,30093,1 / < 1.5,8.55
6f975b65c2dd64a1,1X2 & Total,30093,X / < 1.5,9.45
6f975b65c2dd64a1,1X2 & Total,30093,2 / < 1.5,11.92
6f975b65c2dd64a1,1X2 & Total,30093,1 / > 2.5,3.45
6f975b65c2dd64a1,1X2 & Total,30093,X / > 2.5,16.13
6f975b65c2dd64a1,1X2 & Total,30093,2 / > 2.5,6.46
6f975b65c2dd64a1,1X2 & Total,30093,1 / < 2.5,4.84
6f975b65c2dd64a1,1X2 & Total,30093,X / < 2.5,3.88
6f975b65c2dd64a1,1X2 & Total,30093,2 / < 2.5,7.75
6f975b65c2dd64a1,1X2 & Total,30093,1 / > 3.5,8.03
6f975b65c2dd64a1,1X2 & Total,30093,X / > 3.5,16.13
6f975b65c2dd64a1,1X2 & Total,30093,2 / > 3.5,17.69
6f975b65c2dd64a1,1X2 & Total,30093,1 / < 3.5,2.69
6f975b65c2dd64a1,1X2 & Total,30093,X / < 3.5,3.88
6f975b65c2dd64a1,1X2 & Total,30093,2 / < 3.5,4.4
6f975b65c2dd64a1,1X2 & G/NG,30094,1 gagne et les deux équipes marquent,4.54
6f975b65c2dd64a1,1X2 & G/NG,30094,1 gagne et seulement  1  marque,3.5
6f975b65c2dd64a1,1X2 & G/NG,30094,X et les deux équipes marquent,4.59
6f975b65c2dd64a1,1X2 & G/NG,30094,X et aucun but,9.28
6f975b65c2dd64a1,1X2 & G/NG,30094,2 gagne et les deux équipes marquent,7.45
6f975b65c2dd64a1,1X2 & G/NG,30094,2 gagne et seulement 2 marque,6.47
6f975b65c2dd64a1,Total equipe domicile,30095,> 0.5,1.23
6f975b65c2dd64a1,Total equipe domicile,30095,< 0.5,4.03
6f975b65c2dd64a1,Total equipe domicile,30095,> 1.5,2.25
6f975b65c2dd64a1,Total equipe domicile,30095,< 1.5,1.62
6f975b65c2dd64a1,Total equipe domicile,30095,> 2.5,5.79
6f975b65c2dd64a1,Total equipe domicile,30095,< 2.5,1.13
6f975b65c2dd64a1,Total equipe domicile,30095,> 3.5,21.84
6f975b65c2dd64a1,Total equipe domicile,30095,< 3.5,0.99
6f975b65c2dd64a1,Total equipe extérieur,30096,> 0.5,1.45
6f975b65c2dd64a1,Total equipe extérieur,30096,< 0.5,2.69
6f975b65c2dd64a1,Total equipe extérieur,30096,> 1.5,3.57
6f975b65c2dd64a1,Total equipe extérieur,30096,< 1.5,1.28
6f975b65c2dd64a1,Total equipe extérieur,30096,> 2.5,13.28
6f975b65c2dd64a1,Total equipe extérieur,30096,< 2.5,1.02
6f975b65c2dd64a1,Total equipe extérieur,30096,> 3.5,75.25
6f975b65c2dd64a1,Total equipe extérieur,30096,< 3.5,0.96
6f975b65c2dd64a1,G/NG equipe domicile,30097,Oui,1.23
6f975b65c2dd64a1,G/NG equipe domicile,30097,Non,4.03
6f975b65c2dd64a1,G/NG equipe extérieur,30098,Oui,1.45
6f975b65c2dd64a1,G/NG equipe extérieur,30098,Non,2.69
6f975b65c2dd64a1,Pair/Impair,30099,Impair,1.91
6f975b65c2dd64a1,Pair/Impair,30099,Pair,1.8
6f975b65c2dd64a1,Minute du premier but,30100,1-15,4.91
6f975b65c2dd64a1,Minute du premier but,30100,16-30,3.22
6f975b65c2dd64a1,Minute du premier but,30100,31-45,5.23
6f975b65c2dd64a1,Minute du premier but,30100,46-60,6.7
6f975b65c2dd64a1,Minute du premier but,30100,61-75,11.82
6f975b65c2dd64a1,Minute du premier but,30100,76-90,13.69
6f975b65c2dd64a1,Minute du premier but,30100,Pas de but,9.28
6f975b65c2dd64a1,FTTS,30101,1,1.76
6f975b65c2dd64a1,FTTS,30101,2,2.25
6f975b65c2dd64a1,FTTS,30101,Pas de but,9.28
6f975b65c2dd64a1,Multi-Buts,30102,"Le total de buts est de 0, 1 ou 2",1.69
6f975b65c2dd64a1,Multi-Buts,30102,"Le total de buts est de 1, 2 ou 3",1.33
6f975b65c2dd64a1,Multi-Buts,30102,"Le total de buts est de 2, 3 ou 4",1.41
6f975b65c2dd64a1,Multi-Buts,30102,Le total de buts est supérieur à 4,11.84
6f975b65c2dd64a1,2ème mi-tps - CS,30105,0-0,3.37
6f975b65c2dd64a1,2ème mi-tps - CS,30105,0-1,7.35
6f975b65c2dd64a1,2ème mi-tps - CS,30105,0-2,18.72
6f975b65c2dd64a1,2ème mi-tps - CS,30105,0-3,71.54
6f975b65c2dd64a1,2ème mi-tps - CS,30105,1-0,5.35
6f975b65c2dd64a1,2ème mi-tps - CS,30105,1-1,5.17
6f975b65c2dd64a1,2ème mi-tps - CS,30105,1-2,19.77
6f975b65c2dd64a1,2ème mi-tps - CS,30105,2-0,9.42
6f975b65c2dd64a1,2ème mi-tps - CS,30105,2-1,13.68
6f975b65c2dd64a1,2ème mi-tps - CS,30105,3-0,24.91
c2ae00485268ce44,1X2,30083,1,7.08
c2ae00485268ce44,1X2,30083,X,2.73
c2ae00485268ce44,1X2,30083,2,1.81
c2ae00485268ce44,Mi-tps 1X2,30084,1,9.57
c2ae00485268ce44,Mi-tps 1X2,30084,X,1.55
c2ae00485268ce44,Mi-tps 1X2,30084,2,3.03
c2ae00485268ce44,Double Chance,30085,1X,1.93
c2ae00485268ce44,Double Chance,30085,X2,1.07
c2ae00485268ce44,Double Chance,30085,12,1.42
c2ae00485268ce44,Mi-tps DC,30086,1X,1.33
c2ae00485268ce44,Mi-tps DC,30086,X2,1.03
c2ae00485268ce44,Mi-tps DC,30086,12,2.3
c2ae00485268ce44,Score exact,30081,0-0,4.22
c2ae00485268ce44,Score exact,30081,0-1,4.53
c2ae00485268ce44,Score exact,30081,0-2,7.07
c2ae00485268ce44,Score exact,30081,0-3,15.13
c2ae00485268ce44,Score exact,30081,0-4,52.76
c2ae00485268ce44,Score exact,30081,0-5,100.0
c2ae00485268ce44,Score exact,30081,0-6,100.0
c2ae00485268ce44,Score exact,30081,1-0,11.65
c2ae00485268ce44,Score exact,30081,1-1,7.61
c2ae00485268ce44,Score exact,30081,1-2,12.09
c2ae00485268ce44,Score exact,30081,1-3,31.69
c2ae00485268ce44,Score exact,30081,1-4,100.0
c2ae00485268ce44,Score exact,30081,1-5,100.0
c2ae00485268ce44,Score exact,30081,2-0,48.58
c2ae00485268ce44,Score exact,30081,2-1,32.02
c2ae00485268ce44,Score exact,30081,2-2,52.92
c2ae00485268ce44,Score exact,30081,2-3,100.0
c2ae00485268ce44,Score exact,30081,2-4,100.0
c2ae00485268ce44,Score exact,30081,3-0,100.0
c2ae00485268ce44,Score exact,30081,3-1,100.0
c2ae00485268ce44,Score exact,30081,3-2,100.0
c2ae00485268ce44,Score exact,30081,3-3,100.0
c2ae00485268ce44,Score exact,30081,4-0,100.0
c2ae00485268ce44,Score exact,30081,4-1,100.0
c2ae00485268ce44,Score exact,30081,4-2,100.0
c2ae00485268ce44,Score exact,30081,5-0,100.0
c2ae00485268ce44,Score exact,30081,5-1,100.0
c2ae00485268ce44,Score exact,30081,6-0,100.0
c2ae00485268ce44,Mi-tps CS,30082,0-0,1.65
c2ae00485268ce44,Mi-tps CS,30082,0-1,4.21
c2ae00485268ce44,Mi-tps CS,30082,0-2,12.74
c2ae00485268ce44,Mi-tps CS,30082,0-3,57.88
c2ae00485268ce44,Mi-tps CS,30082,1-0,10.84
c2ae00485268ce44,Mi-tps CS,30082,1-1,12.29
c2ae00485268ce44,Mi-tps CS,30082,1-2,55.83
c2ae00485268ce44,Mi-tps CS,30082,2-0,87.81
c2ae00485268ce44,Mi-tps CS,30082,2-1,100.0
c2ae00485268ce44,Mi-tps CS,30082,3-0,100.0
c2ae00485268ce44,+/-,30087,> 0.5,1.2
c2ae00485268ce44,+/-,30087,< 0.5,4.46
c2ae00485268ce44,+/-,30087,> 1.5,1.83
c2ae00485268ce44,+/-,30087,< 1.5,1.94
c2ae00485268ce44,+/-,30087,> 2.5,3.73
c2ae00485268ce44,+/-,30087,< 2.5,1.26
c2ae00485268ce44,+/-,30087,> 3.5,10.6
c2ae00485268ce44,+/-,30087,< 3.5,1.04
c2ae00485268ce44,HT/FT,30089,1/1,14.32
c2ae00485268ce44,HT/FT,30089,1/X,39.7
c2ae00485268ce44,HT/FT,30089,1/2,74.93
c2ae00485268ce44,HT/FT,30089,X/1,13.3
c2ae00485268ce44,HT/FT,30089,X/X,2.97
c2ae00485268ce44,HT/FT,30089,X/2,3.89
c2ae00485268ce44,HT/FT,30089,2/1,100.0
c2ae00485268ce44,HT/FT,30089,2/X,39.92
c2ae00485268ce44,HT/FT,30089,2/2,3.2
c2ae00485268ce44,Total de buts,30090,0,4.22
c2ae00485268ce44,Total de buts,30090,1,3.26
c2ae00485268ce44,Total de buts,30090,2,3.41
c2ae00485268ce44,Total de buts,30090,3,5.45
c2ae00485268ce44,Total de buts,30090,4,13.46
c2ae00485268ce44,Total de buts,30090,5,45.09
c2ae00485268ce44,Total de buts,30090,6,100.0
c2ae00485268ce44,G/NG,30091,Oui,3.29
c2ae00485268ce44,G/NG,30091,Non,1.32
c2ae00485268ce44,Les deux équipes marquent / 1ère mi temps,30092,Oui,10.24
c2ae00485268ce44,Les deux équipes marquent / 1ère mi temps,30092,Non,1.04
c2ae00485268ce44,1X2 & Total,30093,1 / > 1.5,16.07
c2ae00485268ce44,1X2 & Total,30093,X / > 1.5,6.75
c2ae00485268ce44,1X2 & Total,30093,2 / > 1.5,2.81
c2ae00485268ce44,1X2 & Total,30093,1 / < 1.5,11.87
c2ae00485268ce44,1X2 & Total,30093,X / < 1.5,4.3
c2ae00485268ce44,1X2 & Total,30093,2 / < 1.5,4.61
c2ae00485268ce44,1X2 & Total,30093,1 / > 2.5,23.81
c2ae00485268ce44,1X2 & Total,30093,X / > 2.5,52.57
c2ae00485268ce44,1X2 & Total,30093,2 / > 2.5,4.6
c2ae00485268ce44,1X2 & Total,30093,1 / < 2.5,9.57
c2ae00485268ce44,1X2 & Total,30093,X / < 2.5,2.77
c2ae00485268ce44,1X2 & Total,30093,2 / < 2.5,2.81
c2ae00485268ce44,1X2 & Total,30093,1 / > 3.5,100.0
c2ae00485268ce44,1X2 & Total,30093,X / > 3.5,52.57
c2ae00485268ce44,1X2 & Total,30093,2 / > 3.5,14.06
c2ae00485268ce44,1X2 & Total,30093,1 / < 3.5,7.21
c2ae00485268ce44,1X2 & Total,30093,X / < 3.5,2.77
c2ae00485268ce44,1X2 & Total,30093,2 / < 3.5,1.99
c2ae00485268ce44,1X2 & G/NG,30094,1 gagne et les deux équipes marquent,25.81
c2ae00485268ce44,1X2 & G/NG,30094,1 gagne et seulement  1  marque,9.06
c2ae00485268ce44,1X2 & G/NG,30094,X et les deux équipes marquent,6.63
c2ae00485268ce44,1X2 & G/NG,30094,X et aucun but,4.22
c2ae00485268ce44,1X2 & G/NG,30094,2 gagne et les deux équipes marquent,7.61
c2ae00485268ce44,1X2 & G/NG,30094,2 gagne et seulement 2 marque,2.21
c2ae00485268ce44,Total equipe domicile,30095,> 0.5,2.45
c2ae00485268ce44,Total equipe domicile,30095,< 0.5,1.53
c2ae00485268ce44,Total equipe domicile,30095,> 1.5,11.71
c2ae00485268ce44,Total equipe domicile,30095,< 1.5,1.03
c2ae00485268ce44,Total equipe domicile,30095,> 2.5,88.05
c2ae00485268ce44,Total equipe domicile,30095,< 2.5,0.95
c2ae00485268ce44,Total equipe domicile,30095,> 3.5,100.0
c2ae00485268ce44,Total equipe domicile,30095,< 3.5,0.94
c2ae00485268ce44,Total equipe extérieur,30096,> 0.5,1.37
c2ae00485268ce44,Total equipe extérieur,30096,< 0.5,3.04
c2ae00485268ce44,Total equipe extérieur,30096,> 1.5,2.75
c2ae00485268ce44,Total equipe extérieur,30096,< 1.5,1.44
c2ae00485268ce44,Total equipe extérieur,30096,> 2.5,7.6
c2ae00485268ce44,Total equipe extérieur,30096,< 2.5,1.08
c2ae00485268ce44,Total equipe extérieur,30096,> 3.5,30.79
c2ae00485268ce44,Total equipe extérieur,30096,< 3.5,0.97
c2ae00485268ce44,G/NG equipe domicile,30097,Oui,2.45
c2ae00485268ce44,G/NG equipe domicile,30097,Non,1.53
c2ae00485268ce44,G/NG equipe extérieur,30098,Oui,1.37
c2ae00485268ce44,G/NG equipe extérieur,30098,Non,3.04
c2ae00485268ce44,Pair/Impair,30099,Impair,2.02
c2ae00485268ce44,Pair/Impair,30099,Pair,1.71
c2ae00485268ce44,Minute du premier but,30100,1-15,7.1
c2ae00485268ce44,Minute du premier but,30100,16-30,4.36
c2ae00485268ce44,Minute du premier but,30100,31-45,6.12
c2ae00485268ce44,Minute du premier but,30100,46-60,6.49
c2ae00485268ce44,Minute du premier but,30100,61-75,10.02
c2ae00485268ce44,Minute du premier but,30100,76-90,10.42
c2ae00485268ce44,Minute du premier but,30100,Pas de but,4.22
c2ae00485268ce44,FTTS,30101,1,3.46
c2ae00485268ce44,FTTS,30101,2,1.68
c2ae00485268ce44,FTTS,30101,Pas de but,4.22
c2ae00485268ce44,Multi-Buts,30102,"Le total de buts est de 0, 1 ou 2",1.22
c2ae00485268ce44,Multi-Buts,30102,"Le total de buts est de 1, 2 ou 3",1.3
c2ae00485268ce44,Multi-Buts,30102,"Le total de buts est de 2, 3 ou 4",1.85
c2ae00485268ce44,Multi-Buts,30102,Le total de buts est supérieur à 4,40.03
c2ae00485268ce44,2ème mi-tps - CS,30105,0-0,2.17
c2ae00485268ce44,2ème mi-tps - CS,30105,0-1,4.01
c2ae00485268ce44,2ème mi-tps - CS,30105,0-2,8.48
c2ae00485268ce44,2ème mi-tps - CS,30105,0-3,26.93
c2ae00485268ce44,2ème mi-tps - CS,30105,1-0,10.31
c2ae00485268ce44,2ème mi-tps - CS,30105,1-1,8.47
c2ae00485268ce44,2ème mi-tps - CS,30105,1-2,26.89
c2ae00485268ce44,2ème mi-tps - CS,30105,2-0,59.96
c2ae00485268ce44,2ème mi-tps - CS,30105,2-1,73.87
c2ae00485268ce44,2ème mi-tps - CS,30105,3-0,100.0
7d671e8d2277a5b6,1X2,30083,1,3.34
7d671e8d2277a5b6,1X2,30083,X,3.32
7d671e8d2277a5b6,1X2,30083,2,2.18
7d671e8d2277a5b6,Mi-tps 1X2,30084,1,4.17
7d671e8d2277a5b6,Mi-tps 1X2,30084,X,1.89
7d671e8d2277a5b6,Mi-tps 1X2,30084,2,3.2
7d671e8d2277a5b6,Double Chance,30085,1X,1.63
7d671e8d2277a5b6,Double Chance,30085,X2,1.29
7d671e8d2277a5b6,Double Chance,30085,12,1.29
7d671e8d2277a5b6,Mi-tps DC,30086,1X,1.3
7d671e8d2277a5b6,Mi-tps DC,30086,X2,1.19
7d671e8d2277a5b6,Mi-tps DC,30086,12,1.81
7d671e8d2277a5b6,Score exact,30081,0-0,10.5
7d671e8d2277a5b6,Score exact,30081,0-1,9.38
7d671e8d2277a5b6,Score exact,30081,0-2,12.02
7d671e8d2277a5b6,Score exact,30081,0-3,21.0
7d671e8d2277a5b6,Score exact,30081,0-4,59.81
7d671e8d2277a5b6,Score exact,30081,0-5,100.0
7d671e8d2277a5b6,Score exact,30081,0-6,100.0
7d671e8d2277a5b6,Score exact,30081,1-0,12.02
7d671e8d2277a5b6,Score exact,30081,1-1,6.57
7d671e8d2277a5b6,Score exact,30081,1-2,8.57
7d671e8d2277a5b6,Score exact,30081,1-3,18.21
7d671e8d2277a5b6,Score exact,30081,1-4,54.42
7d671e8d2277a5b6,Score exact,30081,1-5,100.0
7d671e8d2277a5b6,Score exact,30081,2-0,20.3
7d671e8d2277a5b6,Score exact,30081,2-1,11.2
7d671e8d2277a5b6,Score exact,30081,2-2,15.18
7d671e8d2277a5b6,Score exact,30081,2-3,35.68
7d671e8d2277a5b6,Score exact,30081,2-4,100.0
7d671e8d2277a5b6,Score exact,30081,3-0,46.94
7d671e8d2277a5b6,Score exact,30081,3-1,31.05
7d671e8d2277a5b6,Score exact,30081,3-2,46.82
7d671e8d2277a5b6,Score exact,30081,3-3,100.0
7d671e8d2277a5b6,Score exact,30081,4-0,100.0
7d671e8d2277a5b6,Score exact,30081,4-1,100.0
7d671e8d2277a5b6,Score exact,30081,4-2,100.0
7d671e8d2277a5b6,Score exact,30081,5-0,100.0
7d671e8d2277a5b6,Score exact,30081,5-1,100.0
7d671e8d2277a5b6,Score exact,30081,6-0,100.0
7d671e8d2277a5b6,Mi-tps CS,30082,0-0,2.53
7d671e8d2277a5b6,Mi-tps CS,30082,0-1,5.3
7d671e8d2277a5b6,Mi-tps CS,30082,0-2,12.93
7d671e8d2277a5b6,Mi-tps CS,30082,0-3,47.29
7d671e8d2277a5b6,Mi-tps CS,30082,1-0,6.44
7d671e8d2277a5b6,Mi-tps CS,30082,1-1,5.99
7d671e8d2277a5b6,Mi-tps CS,30082,1-2,21.92
7d671e8d2277a5b6,Mi-tps CS,30082,2-0,19.43
7d671e8d2277a5b6,Mi-tps CS,30082,2-1,27.12
7d671e8d2277a5b6,Mi-tps CS,30082,3-0,87.93
7d671e8d2277a5b6,+/-,30087,> 0.5,1.03
7d671e8d2277a5b6,+/-,30087,< 0.5,11.09
7d671e8d2277a5b6,+/-,30087,> 1.5,1.27
7d671e8d2277a5b6,+/-,30087,< 1.5,3.71
7d671e8d2277a5b6,+/-,30087,> 2.5,1.92
7d671e8d2277a5b6,+/-,30087,< 2.5,1.85
7d671e8d2277a5b6,+/-,30087,> 3.5,3.84
7d671e8d2277a5b6,+/-,30087,< 3.5,1.25
7d671e8d2277a5b6,HT/FT,30089,1/1,5.69
7d671e8d2277a5b6,HT/FT,30089,1/X,21.22
7d671e8d2277a5b6,HT/FT,30089,1/2,39.01
7d671e8d2277a5b6,HT/FT,30089,X/1,7.99
7d671e8d2277a5b6,HT/FT,30089,X/X,4.36
7d671e8d2277a5b6,HT/FT,30089,X/2,5.18
7d671e8d2277a5b6,HT/FT,30089,2/1,65.45
7d671e8d2277a5b6,HT/FT,30089,2/X,23.89
7d671e8d2277a5b6,HT/FT,30089,2/2,3.75
7d671e8d2277a5b6,Total de buts,30090,0,10.5
7d671e8d2277a5b6,Total de buts,30090,1,5.27
7d671e8d2277a5b6,Total de buts,30090,2,3.51
7d671e8d2277a5b6,Total de buts,30090,3,3.64
7d671e8d2277a5b6,Total de buts,30090,4,5.7
7d671e8d2277a5b6,Total de buts,30090,5,12.23
7d671e8d2277a5b6,Total de buts,30090,6,54.99
7d671e8d2277a5b6,G/NG,30091,Oui,1.75
7d671e8d2277a5b6,G/NG,30091,Non,2.05
7d671e8d2277a5b6,Les deux équipes marquent / 1ère mi temps,30092,Oui,4.35
7d671e8d2277a5b6,Les deux équipes marquent / 1ère mi temps,30092,Non,1.2
7d671e8d2277a5b6,1X2 & Total,30093,1 / > 1.5,4.37
7d671e8d2277a5b6,1X2 & Total,30093,X / > 1.5,4.56
7d671e8d2277a5b6,1X2 & Total,30093,2 / > 1.5,2.69
7d671e8d2277a5b6,1X2 & Total,30093,1 / < 1.5,12.24
7d671e8d2277a5b6,1X2 & Total,30093,X / < 1.5,10.69
7d671e8d2277a5b6,1X2 & Total,30093,2 / < 1.5,9.55
7d671e8d2277a5b6,1X2 & Total,30093,1 / > 2.5,5.55
7d671e8d2277a5b6,1X2 & Total,30093,X / > 2.5,14.34
7d671e8d2277a5b6,1X2 & Total,30093,2 / > 2.5,3.44
7d671e8d2277a5b6,1X2 & Total,30093,1 / < 2.5,7.69
7d671e8d2277a5b6,1X2 & Total,30093,X / < 2.5,4.12
7d671e8d2277a5b6,1X2 & Total,30093,2 / < 2.5,5.36
7d671e8d2277a5b6,1X2 & Total,30093,1 / > 3.5,13.95
7d671e8d2277a5b6,1X2 & Total,30093,X / > 3.5,14.34
7d671e8d2277a5b6,1X2 & Total,30093,2 / > 3.5,7.74
7d671e8d2277a5b6,1X2 & Total,30093,1 / < 3.5,4.19
7d671e8d2277a5b6,1X2 & Total,30093,X / < 3.5,4.12
7d671e8d2277a5b6,1X2 & Total,30093,2 / < 3.5,2.88
7d671e8d2277a5b6,1X2 & G/NG,30094,1 gagne et les deux équipes marquent,6.45
7d671e8d2277a5b6,1X2 & G/NG,30094,1 gagne et seulement  1  marque,6.21
7d671e8d2277a5b6,1X2 & G/NG,30094,X et les deux équipes marquent,4.48
7d671e8d2277a5b6,1X2 & G/NG,30094,X et aucun but,10.5
7d671e8d2277a5b6,1X2 & G/NG,30094,2 gagne et les deux équipes marquent,4.42
7d671e8d2277a5b6,1X2 & G/NG,30094,2 gagne et seulement 2 marque,3.85
7d671e8d2277a5b6,Total equipe domicile,30095,> 0.5,1.38
7d671e8d2277a5b6,Total equipe domicile,30095,< 0.5,2.98
7d671e8d2277a5b6,Total equipe domicile,30095,> 1.5,3.13
7d671e8d2277a5b6,Total equipe domicile,30095,< 1.5,1.35
7d671e8d2277a5b6,Total equipe domicile,30095,> 2.5,10.62
7d671e8d2277a5b6,Total equipe domicile,30095,< 2.5,1.04
7d671e8d2277a5b6,Total equipe domicile,30095,> 3.5,54.37
7d671e8d2277a5b6,Total equipe domicile,30095,< 3.5,0.96
7d671e8d2277a5b6,Total equipe extérieur,30096,> 0.5,1.22
7d671e8d2277a5b6,Total equipe extérieur,30096,< 0.5,4.12
7d671e8d2277a5b6,Total equipe extérieur,30096,> 1.5,2.23
7d671e8d2277a5b6,Total equipe extérieur,30096,< 1.5,1.64
7d671e8d2277a5b6,Total equipe extérieur,30096,> 2.5,5.74
7d671e8d2277a5b6,Total equipe extérieur,30096,< 2.5,1.13
7d671e8d2277a5b6,Total equipe extérieur,30096,> 3.5,21.78
7d671e8d2277a5b6,Total equipe extérieur,30096,< 3.5,0.99
7d671e8d2277a5b6,G/NG equipe domicile,30097,Oui,1.38
7d671e8d2277a5b6,G/NG equipe domicile,30097,Non,2.98
7d671e8d2277a5b6,G/NG equipe extérieur,30098,Oui,1.22
7d671e8d2277a5b6,G/NG equipe extérieur,30098,Non,4.12
7d671e8d2277a5b6,Pair/Impair,30099,Impair,1.9
7d671e8d2277a5b6,Pair/Impair,30099,Pair,1.81
7d671e8d2277a5b6,Minute du premier but,30100,1-15,4.61
7d671e8d2277a5b6,Minute du premier but,30100,16-30,3.07
7d671e8d2277a5b6,Minute du premier but,30100,31-45,5.14
7d671e8d2277a5b6,Minute du premier but,30100,46-60,7.1
7d671e8d2277a5b6,Minute du premier but,30100,61-75,12.65
7d671e8d2277a5b6,Minute du premier but,30100,76-90,14.78
7d671e8d2277a5b6,Minute du premier but,30100,Pas de but,10.5
7d671e8d2277a5b6,FTTS,30101,1,2.12
7d671e8d2277a5b6,FTTS,30101,2,1.81
7d671e8d2277a5b6,FTTS,30101,Pas de but,10.5
7d671e8d2277a5b6,Multi-Buts,30102,"Le total de buts est de 0, 1 ou 2",1.79
7d671e8d2277a5b6,Multi-Buts,30102,"Le total de buts est de 1, 2 ou 3",1.36
7d671e8d2277a5b6,Multi-Buts,30102,"Le total de buts est de 2, 3 ou 4",1.39
7d671e8d2277a5b6,Multi-Buts,30102,Le total de buts est supérieur à 4,10.19
7d671e8d2277a5b6,2ème mi-tps - CS,30105,0-0,3.51
7d671e8d2277a5b6,2ème mi-tps - CS,30105,0-1,5.48
7d671e8d2277a5b6,2ème mi-tps - CS,30105,0-2,9.46
7d671e8d2277a5b6,2ème mi-tps - CS,30105,0-3,24.5
7d671e8d2277a5b6,2ème mi-tps - CS,30105,1-0,7.32
7d671e8d2277a5b6,2ème mi-tps - CS,30105,1-1,5.07
7d671e8d2277a5b6,2ème mi-tps - CS,30105,1-2,13.13
7d671e8d2277a5b6,2ème mi-tps - CS,30105,2-0,17.74
7d671e8d2277a5b6,2ème mi-tps - CS,30105,2-1,18.43
7d671e8d2277a5b6,2ème mi-tps - CS,30105,3-0,64.5
ae2559716335a1ed,1X2,30083,1,22.76
ae2559716335a1ed,1X2,30083,X,7.63
ae2559716335a1ed,1X2,30083,2,1.13
ae2559716335a1ed,Mi-tps 1X2,30084,1,16.59
ae2559716335a1ed,Mi-tps 1X2,30084,X,2.66
ae2559716335a1ed,Mi-tps 1X2,30084,2,1.55
ae2559716335a1ed,Double Chance,30085,1X,5.61
ae2559716335a1ed,Double Chance,30085,X2,0.97
ae2559716335a1ed,Double Chance,30085,12,1.06
ae2559716335a1ed,Mi-tps DC,30086,1X,2.29
ae2559716335a1ed,Mi-tps DC,30086,X2,0.98
ae2559716335a1ed,Mi-tps DC,30086,12,1.42
ae2559716335a1ed,Score exact,30081,0-0,17.58
ae2559716335a1ed,Score exact,30081,0-1,9.81
ae2559716335a1ed,Score exact,30081,0-2,6.39
ae2559716335a1ed,Score exact,30081,0-3,5.5
ae2559716335a1ed,Score exact,30081,0-4,8.01
ae2559716335a1ed,Score exact,30081,0-5,13.5
ae2559716335a1ed,Score exact,30081,0-6,38.78
ae2559716335a1ed,Score exact,30081,1-0,48.16
ae2559716335a1ed,Score exact,30081,1-1,16.51
ae2559716335a1ed,Score exact,30081,1-2,11.32
ae2559716335a1ed,Score exact,30081,1-3,12.26
ae2559716335a1ed,Score exact,30081,1-4,17.55
ae2559716335a1ed,Score exact,30081,1-5,50.42
ae2559716335a1ed,Score exact,30081,2-0,100.0
ae2559716335a1ed,Score exact,30081,2-1,68.67
ae2559716335a1ed,Score exact,30081,2-2,50.77
ae2559716335a1ed,Score exact,30081,2-3,59.26
ae2559716335a1ed,Score exact,30081,2-4,100.0
ae2559716335a1ed,Score exact,30081,3-0,100.0
ae2559716335a1ed,Score exact,30081,3-1,100.0
ae2559716335a1ed,Score exact,30081,3-2,100.0
ae2559716335a1ed,Score exact,30081,3-3,100.0
ae2559716335a1ed,Score exact,30081,4-0,100.0
ae2559716335a1ed,Score exact,30081,4-1,100.0
ae2559716335a1ed,Score exact,30081,4-2,100.0
ae2559716335a1ed,Score exact,30081,5-0,100.0
ae2559716335a1ed,Score exact,30081,5-1,100.0
ae2559716335a1ed,Score exact,30081,6-0,100.0
ae2559716335a1ed,Mi-tps CS,30082,0-0,3.27
ae2559716335a1ed,Mi-tps CS,30082,0-1,3.81
ae2559716335a1ed,Mi-tps CS,30082,0-2,4.32
ae2559716335a1ed,Mi-tps CS,30082,0-3,7.35
ae2559716335a1ed,Mi-tps CS,30082,1-0,20.39
ae2559716335a1ed,Mi-tps CS,30082,1-1,10.57
ae2559716335a1ed,Mi-tps CS,30082,1-2,17.98
ae2559716335a1ed,Mi-tps CS,30082,2-0,100.0
ae2559716335a1ed,Mi-tps CS,30082,2-1,100.0
ae2559716335a1ed,Mi-tps CS,30082,3-0,100.0
ae2559716335a1ed,+/-,30087,> 0.5,0.99
ae2559716335a1ed,+/-,30087,< 0.5,18.58
ae2559716335a1ed,+/-,30087,> 1.5,1.12
ae2559716335a1ed,+/-,30087,< 1.5,5.88
ae2559716335a1ed,+/-,30087,> 2.5,1.47
ae2559716335a1ed,+/-,30087,< 2.5,2.63
ae2559716335a1ed,+/-,30087,> 3.5,2.44
ae2559716335a1ed,+/-,30087,< 3.5,1.54
ae2559716335a1ed,HT/FT,30089,1/1,44.75
ae2559716335a1ed,HT/FT,30089,1/X,65.0
ae2559716335a1ed,HT/FT,30089,1/2,40.33
ae2559716335a1ed,HT/FT,30089,X/1,46.17
ae2559716335a1ed,HT/FT,30089,X/X,9.39
ae2559716335a1ed,HT/FT,30089,X/2,3.82
ae2559716335a1ed,HT/FT,30089,2/1,100.0
ae2559716335a1ed,HT/FT,30089,2/X,60.59
ae2559716335a1ed,HT/FT,30089,2/2,1.54
ae2559716335a1ed,Total de buts,30090,0,17.58
ae2559716335a1ed,Total de buts,30090,1,8.15
ae2559716335a1ed,Total de buts,30090,2,4.5
ae2559716335a1ed,Total de buts,30090,3,3.5
ae2559716335a1ed,Total de buts,30090,4,4.38
ae2559716335a1ed,Total de buts,30090,5,6.63
ae2559716335a1ed,Total de buts,30090,6,18.65
ae2559716335a1ed,G/NG,30091,Oui,2.84
ae2559716335a1ed,G/NG,30091,Non,1.41
ae2559716335a1ed,Les deux équipes marquent / 1ère mi temps,30092,Oui,6.85
ae2559716335a1ed,Les deux équipes marquent / 1ère mi temps,30092,Non,1.09
ae2559716335a1ed,1X2 & Total,30093,1 / > 1.5,39.69
ae2559716335a1ed,1X2 & Total,30093,X / > 1.5,12.49
ae2559716335a1ed,1X2 & Total,30093,2 / > 1.5,1.22
ae2559716335a1ed,1X2 & Total,30093,1 / < 1.5,49.03
ae2559716335a1ed,1X2 & Total,30093,X / < 1.5,17.9
ae2559716335a1ed,1X2 & Total,30093,2 / < 1.5,9.99
ae2559716335a1ed,1X2 & Total,30093,1 / > 2.5,49.31
ae2559716335a1ed,1X2 & Total,30093,X / > 2.5,48.59
ae2559716335a1ed,1X2 & Total,30093,2 / > 2.5,1.5
ae2559716335a1ed,1X2 & Total,30093,1 / < 2.5,39.52
ae2559716335a1ed,1X2 & Total,30093,X / < 2.5,8.67
ae2559716335a1ed,1X2 & Total,30093,2 / < 2.5,3.94
ae2559716335a1ed,1X2 & Total,30093,1 / > 3.5,100.0
ae2559716335a1ed,1X2 & Total,30093,X / > 3.5,48.59
ae2559716335a1ed,1X2 & Total,30093,2 / > 3.5,2.5
ae2559716335a1ed,1X2 & Total,30093,1 / < 3.5,24.71
ae2559716335a1ed,1X2 & Total,30093,X / < 3.5,8.67
ae2559716335a1ed,1X2 & Total,30093,2 / < 3.5,1.93
ae2559716335a1ed,1X2 & G/NG,30094,1 gagne et les deux équipes marquent,50.84
ae2559716335a1ed,1X2 & G/NG,30094,1 gagne et seulement  1  marque,37.39
ae2559716335a1ed,1X2 & G/NG,30094,X et les deux équipes marquent,12.26
ae2559716335a1ed,1X2 & G/NG,30094,X et aucun but,17.58
ae2559716335a1ed,1X2 & G/NG,30094,2 gagne et les deux équipes marquent,3.7
ae2559716335a1ed,1X2 & G/NG,30094,2 gagne et seulement 2 marque,1.5
ae2559716335a1ed,Total equipe domicile,30095,> 0.5,2.65
ae2559716335a1ed,Total equipe domicile,30095,< 0.5,1.46
ae2559716335a1ed,Total equipe domicile,30095,> 1.5,15.08
ae2559716335a1ed,Total equipe domicile,30095,< 1.5,1.01
ae2559716335a1ed,Total equipe domicile,30095,> 2.5,100.0
ae2559716335a1ed,Total equipe domicile,30095,< 2.5,0.95
ae2559716335a1ed,Total equipe domicile,30095,> 3.5,100.0
ae2559716335a1ed,Total equipe domicile,30095,< 3.5,0.94
ae2559716335a1ed,Total equipe extérieur,30096,> 0.5,1.02
ae2559716335a1ed,Total equipe extérieur,30096,< 0.5,12.63
ae2559716335a1ed,Total equipe extérieur,30096,> 1.5,1.23
ae2559716335a1ed,Total equipe extérieur,30096,< 1.5,4.02
ae2559716335a1ed,Total equipe extérieur,30096,> 2.5,1.79
ae2559716335a1ed,Total equipe extérieur,30096,< 2.5,1.99
ae2559716335a1ed,Total equipe extérieur,30096,> 3.5,3.43
ae2559716335a1ed,Total equipe extérieur,30096,< 3.5,1.3
ae2559716335a1ed,G/NG equipe domicile,30097,Oui,2.65
ae2559716335a1ed,G/NG equipe domicile,30097,Non,1.46
ae2559716335a1ed,G/NG equipe extérieur,30098,Oui,1.02
ae2559716335a1ed,G/NG equipe extérieur,30098,Non,12.63
ae2559716335a1ed,Pair/Impair,30099,Impair,1.86
ae2559716335a1ed,Pair/Impair,30099,Pair,1.85
ae2559716335a1ed,Minute du premier but,30100,1-15,4.4
ae2559716335a1ed,Minute du premier but,30100,16-30,2.93
ae2559716335a1ed,Minute du premier but,30100,31-45,4.9
ae2559716335a1ed,Minute du premier but,30100,46-60,7.22
ae2559716335a1ed,Minute du premier but,30100,61-75,12.41
ae2559716335a1ed,Minute du premier but,30100,76-90,14.1
ae2559716335a1ed,Minute du premier but,30100,Pas de but,17.58
ae2559716335a1ed,FTTS,30101,1,4.4
ae2559716335a1ed,FTTS,30101,2,1.2
ae2559716335a1ed,FTTS,30101,Pas de but,17.58
ae2559716335a1ed,Multi-Buts,30102,"Le total de buts est de 0, 1 ou 2",2.53
ae2559716335a1ed,Multi-Buts,30102,"Le total de buts est de 1, 2 ou 3",1.61
ae2559716335a1ed,Multi-Buts,30102,"Le total de buts est de 2, 3 ou 4",1.38
ae2559716335a1ed,Multi-Buts,30102,Le total de buts est supérieur à 4,4.98
ae2559716335a1ed,2ème mi-tps - CS,30105,0-0,4.56
ae2559716335a1ed,2ème mi-tps - CS,30105,0-1,4.87
ae2559716335a1ed,2ème mi-tps - CS,30105,0-2,3.81
ae2559716335a1ed,2ème mi-tps - CS,30105,0-3,4.47
ae2559716335a1ed,2ème mi-tps - CS,30105,1-0,22.25
ae2559716335a1ed,2ème mi-tps - CS,30105,1-1,10.58
ae2559716335a1ed,2ème mi-tps - CS,30105,1-2,12.4
ae2559716335a1ed,2ème mi-tps - CS,30105,2-0,100.0
ae2559716335a1ed,2ème mi-tps - CS,30105,2-1,94.86
ae2559716335a1ed,2ème mi-tps - CS,30105,3-0,100.0
d0de1a5218613ac4,1X2,30083,1,2.28
d0de1a5218613ac4,1X2,30083,X,3.41
d0de1a5218613ac4,1X2,30083,2,3.05
d0de1a5218613ac4,Mi-tps 1X2,30084,1,3.17
d0de1a5218613ac4,Mi-tps 1X2,30084,X,1.93
d0de1a5218613ac4,Mi-tps 1X2,30084,2,4.06
d0de1a5218613ac4,Double Chance,30085,1X,1.34
d0de1a5218613ac4,Double Chance,30085,X2,1.58
d0de1a5218613ac4,Double Chance,30085,12,1.28
d0de1a5218613ac4,Mi-tps DC,30086,1X,1.2
d0de1a5218613ac4,Mi-tps DC,30086,X2,1.31
d0de1a5218613ac4,Mi-tps DC,30086,12,1.78
d0de1a5218613ac4,Score exact,30081,0-0,12.08
d0de1a5218613ac4,Score exact,30081,0-1,12.51
d0de1a5218613ac4,Score exact,30081,0-2,18.86
d0de1a5218613ac4,Score exact,30081,0-3,38.89
d0de1a5218613ac4,Score exact,30081,0-4,100.0
d0de1a5218613ac4,Score exact,30081,0-5,100.0
d0de1a5218613ac4,Score exact,30081,0-6,100.0
d0de1a5218613ac4,Score exact,30081,1-0,10.62
d0de1a5218613ac4,Score exact,30081,1-1,6.72
d0de1a5218613ac4,Score exact,30081,1-2,10.29
d0de1a5218613ac4,Score exact,30081,1-3,25.84
d0de1a5218613ac4,Score exact,30081,1-4,91.51
d0de1a5218613ac4,Score exact,30081,1-5,100.0
d0de1a5218613ac4,Score exact,30081,2-0,13.39
d0de1a5218613ac4,Score exact,30081,2-1,8.62
d0de1a5218613ac4,Score exact,30081,2-2,13.85
d0de1a5218613ac4,Score exact,30081,2-3,38.56
d0de1a5218613ac4,Score exact,30081,2-4,100.0
d0de1a5218613ac4,Score exact,30081,3-0,23.01
d0de1a5218613ac4,Score exact,30081,3-1,18.08
d0de1a5218613ac4,Score exact,30081,3-2,32.11
d0de1a5218613ac4,Score exact,30081,3-3,100.0
d0de1a5218613ac4,Score exact,30081,4-0,64.17
d0de1a5218613ac4,Score exact,30081,4-1,53.16
d0de1a5218613ac4,Score exact,30081,4-2,100.0
d0de1a5218613ac4,Score exact,30081,5-0,100.0
d0de1a5218613ac4,Score exact,30081,5-1,100.0
d0de1a5218613ac4,Score exact,30081,6-0,100.0
d0de1a5218613ac4,Mi-tps CS,30082,0-0,2.63
d0de1a5218613ac4,Mi-tps CS,30082,0-1,6.41
d0de1a5218613ac4,Mi-tps CS,30082,0-2,18.46
d0de1a5218613ac4,Mi-tps CS,30082,0-3,79.69
d0de1a5218613ac4,Mi-tps CS,30082,1-0,5.37
d0de1a5218613ac4,Mi-tps CS,30082,1-1,5.81
d0de1a5218613ac4,Mi-tps CS,30082,1-2,25.09
d0de1a5218613ac4,Mi-tps CS,30082,2-0,12.71
d0de1a5218613ac4,Mi-tps CS,30082,2-1,20.63
d0de1a5218613ac4,Mi-tps CS,30082,3-0,45.12
d0de1a5218613ac4,+/-,30087,> 0.5,1.02
d0de1a5218613ac4,+/-,30087,< 0.5,12.76
d0de1a5218613ac4,+/-,30087,> 1.5,1.22
d0de1a5218613ac4,+/-,30087,< 1.5,4.11
d0de1a5218613ac4,+/-,30087,> 2.5,1.8
d0de1a5218613ac4,+/-,30087,< 2.5,1.98
d0de1a5218613ac4,+/-,30087,> 3.5,3.47
d0de1a5218613ac4,+/-,30087,< 3.5,1.3
d0de1a5218613ac4,HT/FT,30089,1/1,3.84
d0de1a5218613ac4,HT/FT,30089,1/X,21.35
d0de1a5218613ac4,HT/FT,30089,1/2,50.53
d0de1a5218613ac4,HT/FT,30089,X/1,5.59
d0de1a5218613ac4,HT/FT,30089,X/X,4.6
d0de1a5218613ac4,HT/FT,30089,X/2,7.08
d0de1a5218613ac4,HT/FT,30089,2/1,41.4
d0de1a5218613ac4,HT/FT,30089,2/X,21.79
d0de1a5218613ac4,HT/FT,30089,2/2,5.39
d0de1a5218613ac4,Total de buts,30090,0,12.08
d0de1a5218613ac4,Total de buts,30090,1,5.74
d0de1a5218613ac4,Total de buts,30090,2,3.62
d0de1a5218613ac4,Total de buts,30090,3,3.54
d0de1a5218613ac4,Total de buts,30090,4,5.28
d0de1a5218613ac4,Total de buts,30090,5,10.76
d0de1a5218613ac4,Total de buts,30090,6,45.97
d0de1a5218613ac4,G/NG,30091,Oui,1.66
d0de1a5218613ac4,G/NG,30091,Non,2.18
d0de1a5218613ac4,Les deux équipes marquent / 1ère mi temps,30092,Oui,4.17
d0de1a5218613ac4,Les deux équipes marquent / 1ère mi temps,30092,Non,1.22
d0de1a5218613ac4,1X2 & Total,30093,1 / > 1.5,2.76
d0de1a5218613ac4,1X2 & Total,30093,X / > 1.5,4.48
d0de1a5218613ac4,1X2 & Total,30093,2 / > 1.5,3.82
d0de1a5218613ac4,1X2 & Total,30093,1 / < 1.5,10.82
d0de1a5218613ac4,1X2 & Total,30093,X / < 1.5,12.3
d0de1a5218613ac4,1X2 & Total,30093,2 / < 1.5,12.74
d0de1a5218613ac4,1X2 & Total,30093,1 / > 2.5,3.46
d0de1a5218613ac4,1X2 & Total,30093,X / > 2.5,12.97
d0de1a5218613ac4,1X2 & Total,30093,2 / > 2.5,4.76
d0de1a5218613ac4,1X2 & Total,30093,1 / < 2.5,6.03
d0de1a5218613ac4,1X2 & Total,30093,X / < 2.5,4.4
d0de1a5218613ac4,1X2 & Total,30093,2 / < 2.5,7.66
d0de1a5218613ac4,1X2 & Total,30093,1 / > 3.5,7.55
d0de1a5218613ac4,1X2 & Total,30093,X / > 3.5,12.97
d0de1a5218613ac4,1X2 & Total,30093,2 / > 3.5,11.21
d0de1a5218613ac4,1X2 & Total,30093,1 / < 3.5,3.1
d0de1a5218613ac4,1X2 & Total,30093,X / < 3.5,4.4
d0de1a5218613ac4,1X2 & Total,30093,2 / < 3.5,3.98
d0de1a5218613ac4,1X2 & G/NG,30094,1 gagne et les deux équipes marquent,4.34
d0de1a5218613ac4,1X2 & G/NG,30094,1 gagne et seulement  1  marque,4.29
d0de1a5218613ac4,1X2 & G/NG,30094,X et les deux équipes marquent,4.4
d0de1a5218613ac4,1X2 & G/NG,30094,X et aucun but,12.08
d0de1a5218613ac4,1X2 & G/NG,30094,2 gagne et les deux équipes marquent,5.61
d0de1a5218613ac4,1X2 & G/NG,30094,2 gagne et seulement 2 marque,5.94
d0de1a5218613ac4,Total equipe domicile,30095,> 0.5,1.22
d0de1a5218613ac4,Total equipe domicile,30095,< 0.5,4.21
d0de1a5218613ac4,Total equipe domicile,30095,> 1.5,2.21
d0de1a5218613ac4,Total equipe domicile,30095,< 1.5,1.64
d0de1a5218613ac4,Total equipe domicile,30095,> 2.5,5.72
d0de1a5218613ac4,Total equipe domicile,30095,< 2.5,1.13
d0de1a5218613ac4,Total equipe domicile,30095,> 3.5,21.83
d0de1a5218613ac4,Total equipe domicile,30095,< 3.5,0.99
d0de1a5218613ac4,Total equipe extérieur,30096,> 0.5,1.31
d0de1a5218613ac4,Total equipe extérieur,30096,< 0.5,3.35
d0de1a5218613ac4,Total equipe extérieur,30096,> 1.5,2.76
d0de1a5218613ac4,Total equipe extérieur,30096,< 1.5,1.43
d0de1a5218613ac4,Total equipe extérieur,30096,> 2.5,8.6
d0de1a5218613ac4,Total equipe extérieur,30096,< 2.5,1.06
d0de1a5218613ac4,Total equipe extérieur,30096,> 3.5,40.4
d0de1a5218613ac4,Total equipe extérieur,30096,< 3.5,0.97
d0de1a5218613ac4,G/NG equipe domicile,30097,Oui,1.22
d0de1a5218613ac4,G/NG equipe domicile,30097,Non,4.21
d0de1a5218613ac4,G/NG equipe extérieur,30098,Oui,1.31
d0de1a5218613ac4,G/NG equipe extérieur,30098,Non,3.35
d0de1a5218613ac4,Pair/Impair,30099,Impair,1.89
d0de1a5218613ac4,Pair/Impair,30099,Pair,1.82
d0de1a5218613ac4,Minute du premier but,30100,1-15,4.49
d0de1a5218613ac4,Minute du premier but,30100,16-30,3.0
d0de1a5218613ac4,Minute du premier but,30100,31-45,5.11
d0de1a5218613ac4,Minute du premier but,30100,46-60,7.01
d0de1a5218613ac4,Minute du premier but,30100,61-75,12.81
d0de1a5218613ac4,Minute du premier but,30100,76-90,15.29
d0de1a5218613ac4,Minute du premier but,30100,Pas de but,12.08
d0de1a5218613ac4,FTTS,30101,1,1.82
d0de1a5218613ac4,FTTS,30101,2,2.05
d0de1a5218613ac4,FTTS,30101,Pas de but,12.08
d0de1a5218613ac4,Multi-Buts,30102,"Le total de buts est de 0, 1 ou 2",1.91
d0de1a5218613ac4,Multi-Buts,30102,"Le total de buts est de 1, 2 ou 3",1.39
d0de1a5218613ac4,Multi-Buts,30102,"Le total de buts est de 2, 3 ou 4",1.36
d0de1a5218613ac4,Multi-Buts,30102,Le total de buts est supérieur à 4,8.88
d0de1a5218613ac4,2ème mi-tps - CS,30105,0-0,3.88
d0de1a5218613ac4,2ème mi-tps - CS,30105,0-1,7.0
d0de1a5218613ac4,2ème mi-tps - CS,30105,0-2,14.39
d0de1a5218613ac4,2ème mi-tps - CS,30105,0-3,44.39
d0de1a5218613ac4,2ème mi-tps - CS,30105,1-0,6.01
d0de1a5218613ac4,2ème mi-tps - CS,30105,1-1,4.81
d0de1a5218613ac4,2ème mi-tps - CS,30105,1-2,14.84
d0de1a5218613ac4,2ème mi-tps - CS,30105,2-0,10.28
d0de1a5218613ac4,2ème mi-tps - CS,30105,2-1,12.35
d0de1a5218613ac4,2ème mi-tps - CS,30105,3-0,26.38
f4822cb506ed5c35,1X2,30083,1,1.53
f4822cb506ed5c35,1X2,30083,X,5.43
f4822cb506ed5c35,1X2,30083,2,4.53
f4822cb506ed5c35,Mi-tps 1X2,30084,1,1.88
f4822cb506ed5c35,Mi-tps 1X2,30084,X,2.93
f4822cb506ed5c35,Mi-tps 1X2,30084,2,4.82
f4822cb506ed5c35,Double Chance,30085,1X,1.17
f4822cb506ed5c35,Double Chance,30085,X2,2.42
f4822cb506ed5c35,Double Chance,30085,12,1.12
f4822cb506ed5c35,Mi-tps DC,30086,1X,1.15
f4822cb506ed5c35,Mi-tps DC,30086,X2,1.82
f4822cb506ed5c35,Mi-tps DC,30086,12,1.35
f4822cb506ed5c35,Score exact,30081,0-0,58.05
f4822cb506ed5c35,Score exact,30081,0-1,44.51
f4822cb506ed5c35,Score exact,30081,0-2,47.77
f4822cb506ed5c35,Score exact,30081,0-3,69.67
f4822cb506ed5c35,Score exact,30081,0-4,100.0
f4822cb506ed5c35,Score exact,30081,0-5,100.0
f4822cb506ed5c35,Score exact,30081,0-6,100.0
f4822cb506ed5c35,Score exact,30081,1-0,31.68
f4822cb506ed5c35,Score exact,30081,1-1,14.95
f4822cb506ed5c35,Score exact,30081,1-2,16.36
f4822cb506ed5c35,Score exact,30081,1-3,28.74
f4822cb506ed5c35,Score exact,30081,1-4,70.91
f4822cb506ed5c35,Score exact,30081,1-5,100.0
f4822cb506ed5c35,Score exact,30081,2-0,18.91
f4822cb506ed5c35,Score exact,30081,2-1,9.5
f4822cb506ed5c35,Score exact,30081,2-2,11.56
f4822cb506ed5c35,Score exact,30081,2-3,22.55
f4822cb506ed5c35,Score exact,30081,2-4,97.0
f4822cb506ed5c35,Score exact,30081,3-0,14.93
f4822cb506ed5c35,Score exact,30081,3-1,9.46
f4822cb506ed5c35,Score exact,30081,3-2,12.3
f4822cb506ed5c35,Score exact,30081,3-3,41.85
f4822cb506ed5c35,Score exact,30081,4-0,19.95
f4822cb506ed5c35,Score exact,30081,4-1,12.17
f4822cb506ed5c35,Score exact,30081,4-2,28.05
f4822cb506ed5c35,Score exact,30081,5-0,29.35
f4822cb506ed5c35,Score exact,30081,5-1,30.61
f4822cb506ed5c35,Score exact,30081,6-0,73.84
f4822cb506ed5c35,Mi-tps CS,30082,0-0,5.94
f4822cb506ed5c35,Mi-tps CS,30082,0-1,10.57
f4822cb506ed5c35,Mi-tps CS,30082,0-2,21.44
f4822cb506ed5c35,Mi-tps CS,30082,0-3,65.23
f4822cb506ed5c35,Mi-tps CS,30082,1-0,6.46
f4822cb506ed5c35,Mi-tps CS,30082,1-1,5.11
f4822cb506ed5c35,Mi-tps CS,30082,1-2,15.56
f4822cb506ed5c35,Mi-tps CS,30082,2-0,6.18
f4822cb506ed5c35,Mi-tps CS,30082,2-1,7.34
f4822cb506ed5c35,Mi-tps CS,30082,3-0,8.88
f4822cb506ed5c35,+/-,30087,> 0.5,0.96
f4822cb506ed5c35,+/-,30087,< 0.5,61.33
f4822cb506ed5c35,+/-,30087,> 1.5,1.01
f4822cb506ed5c35,+/-,30087,< 1.5,14.83
f4822cb506ed5c35,+/-,30087,> 2.5,1.16
f4822cb506ed5c35,+/-,30087,< 2.5,4.98
f4822cb506ed5c35,+/-,30087,> 3.5,1.6
f4822cb506ed5c35,+/-,30087,< 3.5,2.3
f4822cb506ed5c35,HT/FT,30089,1/1,2.13
f4822cb506ed5c35,HT/FT,30089,1/X,18.25
f4822cb506ed5c35,HT/FT,30089,1/2,37.32
f4822cb506ed5c35,HT/FT,30089,X/1,5.63
f4822cb506ed5c35,HT/FT,30089,X/X,10.63
f4822cb506ed5c35,HT/FT,30089,X/2,12.09
f4822cb506ed5c35,HT/FT,30089,2/1,22.05
f4822cb506ed5c35,HT/FT,30089,2/X,21.87
f4822cb506ed5c35,HT/FT,30089,2/2,8.07
f4822cb506ed5c35,Total de buts,30090,0,58.05
f4822cb506ed5c35,Total de buts,30090,1,18.51
f4822cb506ed5c35,Total de buts,30090,2,7.11
f4822cb506ed5c35,Total de buts,30090,3,4.04
f4822cb506ed5c35,Total de buts,30090,4,3.53
f4822cb506ed5c35,Total de buts,30090,5,3.88
f4822cb506ed5c35,Total de buts,30090,6,8.39
f4822cb506ed5c35,G/NG,30091,Oui,1.34
f4822cb506ed5c35,G/NG,30091,Non,3.18
f4822cb506ed5c35,Les deux équipes marquent / 1ère mi temps,30092,Oui,2.74
f4822cb506ed5c35,Les deux équipes marquent / 1ère mi temps,30092,Non,1.44
f4822cb506ed5c35,1X2 & Total,30093,1 / > 1.5,1.54
f4822cb506ed5c35,1X2 & Total,30093,X / > 1.5,5.74
f4822cb506ed5c35,1X2 & Total,30093,2 / > 1.5,4.82
f4822cb506ed5c35,1X2 & Total,30093,1 / < 1.5,32.25
f4822cb506ed5c35,1X2 & Total,30093,X / < 1.5,59.1
f4822cb506ed5c35,1X2 & Total,30093,2 / < 1.5,45.32
f4822cb506ed5c35,1X2 & Total,30093,1 / > 2.5,1.68
f4822cb506ed5c35,1X2 & Total,30093,X / > 2.5,9.22
f4822cb506ed5c35,1X2 & Total,30093,2 / > 2.5,5.36
f4822cb506ed5c35,1X2 & Total,30093,1 / < 2.5,12.06
f4822cb506ed5c35,1X2 & Total,30093,X / < 2.5,12.1
f4822cb506ed5c35,1X2 & Total,30093,2 / < 2.5,23.46
f4822cb506ed5c35,1X2 & Total,30093,1 / > 3.5,2.34
f4822cb506ed5c35,1X2 & Total,30093,X / > 3.5,9.22
f4822cb506ed5c35,1X2 & Total,30093,2 / > 3.5,8.88
f4822cb506ed5c35,1X2 & Total,30093,1 / < 3.5,3.97
f4822cb506ed5c35,1X2 & Total,30093,X / < 3.5,12.1
f4822cb506ed5c35,1X2 & Total,30093,2 / < 3.5,8.57
f4822cb506ed5c35,1X2 & G/NG,30094,1 gagne et les deux équipes marquent,2.26
f4822cb506ed5c35,1X2 & G/NG,30094,1 gagne et seulement  1  marque,4.01
f4822cb506ed5c35,1X2 & G/NG,30094,X et les deux équipes marquent,5.64
f4822cb506ed5c35,1X2 & G/NG,30094,X et aucun but,58.05
f4822cb506ed5c35,1X2 & G/NG,30094,2 gagne et les deux équipes marquent,5.97
f4822cb506ed5c35,1X2 & G/NG,30094,2 gagne et seulement 2 marque,15.12
f4822cb506ed5c35,Total equipe domicile,30095,> 0.5,1.02
f4822cb506ed5c35,Total equipe domicile,30095,< 0.5,12.68
f4822cb506ed5c35,Total equipe domicile,30095,> 1.5,1.28
f4822cb506ed5c35,Total equipe domicile,30095,< 1.5,3.59
f4822cb506ed5c35,Total equipe domicile,30095,> 2.5,2.01
f4822cb506ed5c35,Total equipe domicile,30095,< 2.5,1.78
f4822cb506ed5c35,Total equipe domicile,30095,> 3.5,4.26
f4822cb506ed5c35,Total equipe domicile,30095,< 3.5,1.21
f4822cb506ed5c35,Total equipe extérieur,30096,> 0.5,1.24
f4822cb506ed5c35,Total equipe extérieur,30096,< 0.5,3.97
f4822cb506ed5c35,Total equipe extérieur,30096,> 1.5,2.41
f4822cb506ed5c35,Total equipe extérieur,30096,< 1.5,1.55
f4822cb506ed5c35,Total equipe extérieur,30096,> 2.5,6.91
f4822cb506ed5c35,Total equipe extérieur,30096,< 2.5,1.09
f4822cb506ed5c35,Total equipe extérieur,30096,> 3.5,29.76
f4822cb506ed5c35,Total equipe extérieur,30096,< 3.5,0.97
f4822cb506ed5c35,G/NG equipe domicile,30097,Oui,1.02
f4822cb506ed5c35,G/NG equipe domicile,30097,Non,12.68
f4822cb506ed5c35,G/NG equipe extérieur,30098,Oui,1.24
f4822cb506ed5c35,G/NG equipe extérieur,30098,Non,3.97
f4822cb506ed5c35,Pair/Impair,30099,Impair,1.85
f4822cb506ed5c35,Pair/Impair,30099,Pair,1.85
f4822cb506ed5c35,Minute du premier but,30100,1-15,3.33
f4822cb506ed5c35,Minute du premier but,30100,16-30,2.43
f4822cb506ed5c35,Minute du premier but,30100,31-45,5.11
f4822cb506ed5c35,Minute du premier but,30100,46-60,9.6
f4822cb506ed5c35,Minute du premier but,30100,61-75,19.57
f4822cb506ed5c35,Minute du premier but,30100,76-90,25.49
f4822cb506ed5c35,Minute du premier but,30100,Pas de but,58.05
f4822cb506ed5c35,FTTS,30101,1,1.52
f4822cb506ed5c35,FTTS,30101,2,2.24
f4822cb506ed5c35,FTTS,30101,Pas de but,58.05
f4822cb506ed5c35,Multi-Buts,30102,"Le total de buts est de 0, 1 ou 2",4.8
f4822cb506ed5c35,Multi-Buts,30102,"Le total de buts est de 1, 2 ou 3",2.3
f4822cb506ed5c35,Multi-Buts,30102,"Le total de buts est de 2, 3 ou 4",1.52
f4822cb506ed5c35,Multi-Buts,30102,Le total de buts est supérieur à 4,2.7
f4822cb506ed5c35,2ème mi-tps - CS,30105,0-0,8.28
f4822cb506ed5c35,2ème mi-tps - CS,30105,0-1,11.15
f4822cb506ed5c35,2ème mi-tps - CS,30105,0-2,15.89
f4822cb506ed5c35,2ème mi-tps - CS,30105,0-3,33.96
f4822cb506ed5c35,2ème mi-tps - CS,30105,1-0,9.06
f4822cb506ed5c35,2ème mi-tps - CS,30105,1-1,5.42
f4822cb506ed5c35,2ème mi-tps - CS,30105,1-2,11.59
f4822cb506ed5c35,2ème mi-tps - CS,30105,2-0,6.52
f4822cb506ed5c35,2ème mi-tps - CS,30105,2-1,5.85
f4822cb506ed5c35,2ème mi-tps - CS,30105,3-0,7.04
59edb2f1dc427e89,1X2,30083,1,3.85
59edb2f1dc427e89,1X2,30083,X,4.1
59edb2f1dc427e89,1X2,30083,2,1.8
59edb2f1dc427e89,Mi-tps 1X2,30084,1,4.38
59edb2f1dc427e89,Mi-tps 1X2,30084,X,2.25
59edb2f1dc427e89,Mi-tps 1X2,30084,2,2.45
59edb2f1dc427e89,Double Chance,30085,1X,1.95
59edb2f1dc427e89,Double Chance,30085,X2,1.23
59edb2f1dc427e89,Double Chance,30085,12,1.2
59edb2f1dc427e89,Mi-tps DC,30086,1X,1.49
59edb2f1dc427e89,Mi-tps DC,30086,X2,1.17
59edb2f1dc427e89,Mi-tps DC,30086,12,1.57
59edb2f1dc427e89,Score exact,30081,0-0,21.97
59edb2f1dc427e89,Score exact,30081,0-1,14.53
59edb2f1dc427e89,Score exact,30081,0-2,13.03
59edb2f1dc427e89,Score exact,30081,0-3,15.78
59edb2f1dc427e89,Score exact,30081,0-4,31.13
59edb2f1dc427e89,Score exact,30081,0-5,76.58
59edb2f1dc427e89,Score exact,30081,0-6,100.0
59edb2f1dc427e89,Score exact,30081,1-0,21.2
59edb2f1dc427e89,Score exact,30081,1-1,8.59
59edb2f1dc427e89,Score exact,30081,1-2,7.91
59edb2f1dc427e89,Score exact,30081,1-3,11.69
59edb2f1dc427e89,Score exact,30081,1-4,23.84
59edb2f1dc427e89,Score exact,30081,1-5,100.0
59edb2f1dc427e89,Score exact,30081,2-0,29.75
59edb2f1dc427e89,Score exact,30081,2-1,12.2
59edb2f1dc427e89,Score exact,30081,2-2,11.84
59edb2f1dc427e89,Score exact,30081,2-3,19.21
59edb2f1dc427e89,Score exact,30081,2-4,70.47
59edb2f1dc427e89,Score exact,30081,3-0,57.0
59edb2f1dc427e89,Score exact,30081,3-1,28.08
59edb2f1dc427e89,Score exact,30081,3-2,30.27
59edb2f1dc427e89,Score exact,30081,3-3,86.58
59edb2f1dc427e89,Score exact,30081,4-0,100.0
59edb2f1dc427e89,Score exact,30081,4-1,91.1
59edb2f1dc427e89,Score exact,30081,4-2,100.0
59edb2f1dc427e89,Score exact,30081,5-0,100.0
59edb2f1dc427e89,Score exact,30081,5-1,100.0
59edb2f1dc427e89,Score exact,30081,6-0,100.0
59edb2f1dc427e89,Mi-tps CS,30082,0-0,3.6
59edb2f1dc427e89,Mi-tps CS,30082,0-1,5.31
59edb2f1dc427e89,Mi-tps CS,30082,0-2,8.57
59edb2f1dc427e89,Mi-tps CS,30082,0-3,20.72
59edb2f1dc427e89,Mi-tps CS,30082,1-0,7.81
59edb2f1dc427e89,Mi-tps CS,30082,1-1,5.12
59edb2f1dc427e89,Mi-tps CS,30082,1-2,12.39
59edb2f1dc427e89,Mi-tps CS,30082,2-0,19.8
59edb2f1dc427e89,Mi-tps CS,30082,2-1,19.48
59edb2f1dc427e89,Mi-tps CS,30082,3-0,75.31
59edb2f1dc427e89,+/-,30087,> 0.5,0.98
59edb2f1dc427e89,+/-,30087,< 0.5,23.21
59edb2f1dc427e89,+/-,30087,> 1.5,1.1
59edb2f1dc427e89,+/-,30087,< 1.5,6.54
59edb2f1dc427e89,+/-,30087,> 2.5,1.44
59edb2f1dc427e89,+/-,30087,< 2.5,2.72
59edb2f1dc427e89,+/-,30087,> 3.5,2.39
59edb2f1dc427e89,+/-,30087,< 3.5,1.56
59edb2f1dc427e89,HT/FT,30089,1/1,6.56
59edb2f1dc427e89,HT/FT,30089,1/X,20.42
59edb2f1dc427e89,HT/FT,30089,1/2,28.24
59edb2f1dc427e89,HT/FT,30089,X/1,9.7
59edb2f1dc427e89,HT/FT,30089,X/X,6.2
59edb2f1dc427e89,HT/FT,30089,X/2,5.09
59edb2f1dc427e89,HT/FT,30089,2/1,52.41
59edb2f1dc427e89,HT/FT,30089,2/X,20.93
59edb2f1dc427e89,HT/FT,30089,2/2,2.81
59edb2f1dc427e89,Total de buts,30090,0,21.97
59edb2f1dc427e89,Total de buts,30090,1,8.62
59edb2f1dc427e89,Total de buts,30090,2,4.41
59edb2f1dc427e89,Total de buts,30090,3,3.46
59edb2f1dc427e89,Total de buts,30090,4,4.11
59edb2f1dc427e89,Total de buts,30090,5,6.56
59edb2f1dc427e89,Total de buts,30090,6,21.57
59edb2f1dc427e89,G/NG,30091,Oui,1.49
59edb2f1dc427e89,G/NG,30091,Non,2.59
59edb2f1dc427e89,Les deux équipes marquent / 1ère mi temps,30092,Oui,3.32
59edb2f1dc427e89,Les deux équipes marquent / 1ère mi temps,30092,Non,1.32
59edb2f1dc427e89,1X2 & Total,30093,1 / > 1.5,4.48
59edb2f1dc427e89,1X2 & Total,30093,X / > 1.5,4.79
59edb2f1dc427e89,1X2 & Total,30093,2 / > 1.5,1.96
59edb2f1dc427e89,1X2 & Total,30093,1 / < 1.5,21.59
59edb2f1dc427e89,1X2 & Total,30093,X / < 1.5,22.37
59edb2f1dc427e89,1X2 & Total,30093,2 / < 1.5,14.8
59edb2f1dc427e89,1X2 & Total,30093,1 / > 2.5,5.25
59edb2f1dc427e89,1X2 & Total,30093,X / > 2.5,10.6
59edb2f1dc427e89,1X2 & Total,30093,2 / > 2.5,2.3
59edb2f1dc427e89,1X2 & Total,30093,1 / < 2.5,12.61
59edb2f1dc427e89,1X2 & Total,30093,X / < 2.5,6.29
59edb2f1dc427e89,1X2 & Total,30093,2 / < 2.5,6.99
59edb2f1dc427e89,1X2 & Total,30093,1 / > 3.5,10.79
59edb2f1dc427e89,1X2 & Total,30093,X / > 3.5,10.6
59edb2f1dc427e89,1X2 & Total,30093,2 / > 3.5,4.04
59edb2f1dc427e89,1X2 & Total,30093,1 / < 3.5,5.65
59edb2f1dc427e89,1X2 & Total,30093,X / < 3.5,6.29
59edb2f1dc427e89,1X2 & Total,30093,2 / < 3.5,3.04
59edb2f1dc427e89,1X2 & G/NG,30094,1 gagne et les deux équipes marquent,5.92
59edb2f1dc427e89,1X2 & G/NG,30094,1 gagne et seulement  1  marque,9.46
59edb2f1dc427e89,1X2 & G/NG,30094,X et les deux équipes marquent,4.71
59edb2f1dc427e89,1X2 & G/NG,30094,X et aucun but,21.97
59edb2f1dc427e89,1X2 & G/NG,30094,2 gagne et les deux équipes marquent,3.03
59edb2f1dc427e89,1X2 & G/NG,30094,2 gagne et seulement 2 marque,3.89
59edb2f1dc427e89,Total equipe domicile,30095,> 0.5,1.29
59edb2f1dc427e89,Total equipe domicile,30095,< 0.5,3.49
59edb2f1dc427e89,Total equipe domicile,30095,> 1.5,2.71
59edb2f1dc427e89,Total equipe domicile,30095,< 1.5,1.45
59edb2f1dc427e89,Total equipe domicile,30095,> 2.5,8.56
59edb2f1dc427e89,Total equipe domicile,30095,< 2.5,1.06
59edb2f1dc427e89,Total equipe domicile,30095,> 3.5,41.13
59edb2f1dc427e89,Total equipe domicile,30095,< 3.5,0.97
59edb2f1dc427e89,Total equipe extérieur,30096,> 0.5,1.09
59edb2f1dc427e89,Total equipe extérieur,30096,< 0.5,6.99
59edb2f1dc427e89,Total equipe extérieur,30096,> 1.5,1.62
59edb2f1dc427e89,Total equipe extérieur,30096,< 1.5,2.26
59edb2f1dc427e89,Total equipe extérieur,30096,> 2.5,3.23
59edb2f1dc427e89,Total equipe extérieur,30096,< 2.5,1.33
59edb2f1dc427e89,Total equipe extérieur,30096,> 3.5,9.24
59edb2f1dc427e89,Total equipe extérieur,30096,< 3.5,1.05
59edb2f1dc427e89,G/NG equipe domicile,30097,Oui,1.29
59edb2f1dc427e89,G/NG equipe domicile,30097,Non,3.49
59edb2f1dc427e89,G/NG equipe extérieur,30098,Oui,1.09
59edb2f1dc427e89,G/NG equipe extérieur,30098,Non,6.99
59edb2f1dc427e89,Pair/Impair,30099,Impair,1.86
59edb2f1dc427e89,Pair/Impair,30099,Pair,1.84
59edb2f1dc427e89,Minute du premier but,30100,1-15,3.84
59edb2f1dc427e89,Minute du premier but,30100,16-30,2.67
59edb2f1dc427e89,Minute du premier but,30100,31-45,5.02
59edb2f1dc427e89,Minute du premier but,30100,46-60,8.07
59edb2f1dc427e89,Minute du premier but,30100,61-75,15.5
59edb2f1dc427e89,Minute du premier but,30100,76-90,19.25
59edb2f1dc427e89,Minute du premier but,30100,Pas de but,21.97
59edb2f1dc427e89,FTTS,30101,1,2.15
59edb2f1dc427e89,FTTS,30101,2,1.64
59edb2f1dc427e89,FTTS,30101,Pas de but,21.97
59edb2f1dc427e89,Multi-Buts,30102,"Le total de buts est de 0, 1 ou 2",2.62
59edb2f1dc427e89,Multi-Buts,30102,"Le total de buts est de 1, 2 ou 3",1.61
59edb2f1dc427e89,Multi-Buts,30102,"Le total de buts est de 2, 3 ou 4",1.34
59edb2f1dc427e89,Multi-Buts,30102,Le total de buts est supérieur à 4,5.12
59edb2f1dc427e89,2ème mi-tps - CS,30105,0-0,5.17
59edb2f1dc427e89,2ème mi-tps - CS,30105,0-1,6.19
59edb2f1dc427e89,2ème mi-tps - CS,30105,0-2,7.37
59edb2f1dc427e89,2ème mi-tps - CS,30105,0-3,13.16
59edb2f1dc427e89,2ème mi-tps - CS,30105,1-0,8.99
59edb2f1dc427e89,2ème mi-tps - CS,30105,1-1,4.79
59edb2f1dc427e89,2ème mi-tps - CS,30105,1-2,8.55
59edb2f1dc427e89,2ème mi-tps - CS,30105,2-0,17.72
59edb2f1dc427e89,2ème mi-tps - CS,30105,2-1,14.16
59edb2f1dc427e89,2ème mi-tps - CS,30105,3-0,52.42
02784259d9178c22,1X2,30083,1,2.09
02784259d9178c22,1X2,30083,X,3.92
02784259d9178c22,1X2,30083,2,3.06
02784259d9178c22,Mi-tps 1X2,30084,1,2.79
02784259d9178c22,Mi-tps 1X2,30084,X,2.21
02784259d9178c22,Mi-tps 1X2,30084,2,3.72
02784259d9178c22,Double Chance,30085,1X,1.34
02784259d9178c22,Double Chance,30085,X2,1.69
02784259d9178c22,Double Chance,30085,12,1.22
02784259d9178c22,Mi-tps DC,30086,1X,1.23
02784259d9178c22,Mi-tps DC,30086,X2,1.39
02784259d9178c22,Mi-tps DC,30086,12,1.59
02784259d9178c22,Score exact,30081,0-0,22.2
02784259d9178c22,Score exact,30081,0-1,19.05
02784259d9178c22,Score exact,30081,0-2,23.41
02784259d9178c22,Score exact,30081,0-3,39.21
02784259d9178c22,Score exact,30081,0-4,100.0
02784259d9178c22,Score exact,30081,0-5,100.0
02784259d9178c22,Score exact,30081,0-6,100.0
02784259d9178c22,Score exact,30081,1-0,15.79
02784259d9178c22,Score exact,30081,1-1,8.29
02784259d9178c22,Score exact,30081,1-2,10.35
02784259d9178c22,Score exact,30081,1-3,20.98
02784259d9178c22,Score exact,30081,1-4,59.63
02784259d9178c22,Score exact,30081,1-5,100.0
02784259d9178c22,Score exact,30081,2-0,15.52
02784259d9178c22,Score exact,30081,2-1,8.34
02784259d9178c22,Score exact,30081,2-2,11.0
02784259d9178c22,Score exact,30081,2-3,24.69
02784259d9178c22,Score exact,30081,2-4,100.0
02784259d9178c22,Score exact,30081,3-0,20.69
02784259d9178c22,Score exact,30081,3-1,13.56
02784259d9178c22,Score exact,30081,3-2,19.69
02784259d9178c22,Score exact,30081,3-3,77.93
02784259d9178c22,Score exact,30081,4-0,44.84
02784259d9178c22,Score exact,30081,4-1,30.59
02784259d9178c22,Score exact,30081,4-2,79.86
02784259d9178c22,Score exact,30081,5-0,100.0
02784259d9178c22,Score exact,30081,5-1,100.0
02784259d9178c22,Score exact,30081,6-0,100.0
02784259d9178c22,Mi-tps CS,30082,0-0,3.56
02784259d9178c22,Mi-tps CS,30082,0-1,6.95
02784259d9178c22,Mi-tps CS,30082,0-2,15.65
02784259d9178c22,Mi-tps CS,30082,0-3,52.85
02784259d9178c22,Mi-tps CS,30082,1-0,5.74
02784259d9178c22,Mi-tps CS,30082,1-1,4.97
02784259d9178c22,Mi-tps CS,30082,1-2,16.79
02784259d9178c22,Mi-tps CS,30082,2-0,10.3
02784259d9178c22,Mi-tps CS,30082,2-1,13.39
02784259d9178c22,Mi-tps CS,30082,3-0,27.75
02784259d9178c22,+/-,30087,> 0.5,0.98
02784259d9178c22,+/-,30087,< 0.5,23.45
02784259d9178c22,+/-,30087,> 1.5,1.1
02784259d9178c22,+/-,30087,< 1.5,6.57
02784259d9178c22,+/-,30087,> 2.5,1.44
02784259d9178c22,+/-,30087,< 2.5,2.72
02784259d9178c22,+/-,30087,> 3.5,2.4
02784259d9178c22,+/-,30087,< 3.5,1.56
02784259d9178c22,HT/FT,30089,1/1,3.37
02784259d9178c22,HT/FT,30089,1/X,19.55
02784259d9178c22,HT/FT,30089,1/2,41.85
02784259d9178c22,HT/FT,30089,X/1,5.7
02784259d9178c22,HT/FT,30089,X/X,6.01
02784259d9178c22,HT/FT,30089,X/2,7.86
02784259d9178c22,HT/FT,30089,2/1,30.81
02784259d9178c22,HT/FT,30089,2/X,19.33
02784259d9178c22,HT/FT,30089,2/2,5.14
02784259d9178c22,Total de buts,30090,0,22.2
02784259d9178c22,Total de buts,30090,1,8.63
02784259d9178c22,Total de buts,30090,2,4.39
02784259d9178c22,Total de buts,30090,3,3.44
02784259d9178c22,Total de buts,30090,4,4.1
02784259d9178c22,Total de buts,30090,5,6.59
02784259d9178c22,Total de buts,30090,6,22.05
02784259d9178c22,G/NG,30091,Oui,1.44
02784259d9178c22,G/NG,30091,Non,2.73
02784259d9178c22,Les deux équipes marquent / 1ère mi temps,30092,Oui,3.23
02784259d9178c22,Les deux équipes marquent / 1ère mi temps,30092,Non,1.33
02784259d9178c22,1X2 & Total,30093,1 / > 1.5,2.31
02784259d9178c22,1X2 & Total,30093,X / > 1.5,4.54
02784259d9178c22,1X2 & Total,30093,2 / > 1.5,3.47
02784259d9178c22,1X2 & Total,30093,1 / < 1.5,16.07
02784259d9178c22,1X2 & Total,30093,X / < 1.5,22.6
02784259d9178c22,1X2 & Total,30093,2 / < 1.5,19.39
02784259d9178c22,1X2 & Total,30093,1 / > 2.5,2.7
02784259d9178c22,1X2 & Total,30093,X / > 2.5,9.82
02784259d9178c22,1X2 & Total,30093,2 / > 2.5,4.07
02784259d9178c22,1X2 & Total,30093,1 / < 2.5,7.97
02784259d9178c22,1X2 & Total,30093,X / < 2.5,6.15
02784259d9178c22,1X2 & Total,30093,2 / < 2.5,10.69
02784259d9178c22,1X2 & Total,30093,1 / > 3.5,4.87
02784259d9178c22,1X2 & Total,30093,X / > 3.5,9.82
02784259d9178c22,1X2 & Total,30093,2 / > 3.5,7.93
02784259d9178c22,1X2 & Total,30093,1 / < 3.5,3.44
02784259d9178c22,1X2 & Total,30093,X / < 3.5,6.15
02784259d9178c22,1X2 & Total,30093,2 / < 3.5,4.69
02784259d9178c22,1X2 & G/NG,30094,1 gagne et les deux équipes marquent,3.37
02784259d9178c22,1X2 & G/NG,30094,1 gagne et seulement  1  marque,4.8
02784259d9178c22,1X2 & G/NG,30094,X et les deux équipes marquent,4.46
02784259d9178c22,1X2 & G/NG,30094,X et aucun but,22.2
02784259d9178c22,1X2 & G/NG,30094,2 gagne et les deux équipes marquent,4.71
02784259d9178c22,1X2 & G/NG,30094,2 gagne et seulement 2 marque,7.5
02784259d9178c22,Total equipe domicile,30095,> 0.5,1.12
02784259d9178c22,Total equipe domicile,30095,< 0.5,5.92
02784259d9178c22,Total equipe domicile,30095,> 1.5,1.78
02784259d9178c22,Total equipe domicile,30095,< 1.5,2.01
02784259d9178c22,Total equipe domicile,30095,> 2.5,3.91
02784259d9178c22,Total equipe domicile,30095,< 2.5,1.24
02784259d9178c22,Total equipe domicile,30095,> 3.5,12.51
02784259d9178c22,Total equipe domicile,30095,< 3.5,1.02
02784259d9178c22,Total equipe extérieur,30096,> 0.5,1.22
02784259d9178c22,Total equipe extérieur,30096,< 0.5,4.17
02784259d9178c22,Total equipe extérieur,30096,> 1.5,2.3
02784259d9178c22,Total equipe extérieur,30096,< 1.5,1.6
02784259d9178c22,Total equipe extérieur,30096,> 2.5,6.34
02784259d9178c22,Total equipe extérieur,30096,< 2.5,1.11
02784259d9178c22,Total equipe extérieur,30096,> 3.5,26.28
02784259d9178c22,Total equipe extérieur,30096,< 3.5,0.98
02784259d9178c22,G/NG equipe domicile,30097,Oui,1.12
02784259d9178c22,G/NG equipe domicile,30097,Non,5.92
02784259d9178c22,G/NG equipe extérieur,30098,Oui,1.22
02784259d9178c22,G/NG equipe extérieur,30098,Non,4.17
02784259d9178c22,Pair/Impair,30099,Impair,1.86
02784259d9178c22,Pair/Impair,30099,Pair,1.84
02784259d9178c22,Minute du premier but,30100,1-15,3.83
02784259d9178c22,Minute du premier but,30100,16-30,2.67
02784259d9178c22,Minute du premier but,30100,31-45,5.03
02784259d9178c22,Minute du premier but,30100,46-60,8.01
02784259d9178c22,Minute du premier but,30100,61-75,15.56
02784259d9178c22,Minute du premier but,30100,76-90,19.5
02784259d9178c22,Minute du premier but,30100,Pas de but,22.2
02784259d9178c22,FTTS,30101,1,1.74
02784259d9178c22,FTTS,30101,2,1.99
02784259d9178c22,FTTS,30101,Pas de but,22.2
02784259d9178c22,Multi-Buts,30102,"Le total de buts est de 0, 1 ou 2",2.62
02784259d9178c22,Multi-Buts,30102,"Le total de buts est de 1, 2 ou 3",1.61
02784259d9178c22,Multi-Buts,30102,"Le total de buts est de 2, 3 ou 4",1.34
02784259d9178c22,Multi-Buts,30102,Le total de buts est supérieur à 4,5.17
02784259d9178c22,2ème mi-tps - CS,30105,0-0,5.27
02784259d9178c22,2ème mi-tps - CS,30105,0-1,8.08
02784259d9178c22,2ème mi-tps - CS,30105,0-2,13.66
02784259d9178c22,2ème mi-tps - CS,30105,0-3,34.65
02784259d9178c22,2ème mi-tps - CS,30105,1-0,6.72
02784259d9178c22,2ème mi-tps - CS,30105,1-1,4.58
02784259d9178c22,2ème mi-tps - CS,30105,1-2,11.61
02784259d9178c22,2ème mi-tps - CS,30105,2-0,8.84
02784259d9178c22,2ème mi-tps - CS,30105,2-1,9.03
02784259d9178c22,2ème mi-tps - CS,30105,3-0,17.44
ccf39449425095a1,1X2,30083,1,1.36
ccf39449425095a1,1X2,30083,X,6.62
ccf39449425095a1,1X2,30083,2,5.74
ccf39449425095a1,Mi-tps 1X2,30084,1,1.64
ccf39449425095a1,Mi-tps 1X2,30084,X,3.4
ccf39449425095a1,Mi-tps 1X2,30084,2,5.71
ccf39449425095a1,Double Chance,30085,1X,1.11
ccf39449425095a1,Double Chance,30085,X2,3.02
ccf39449425095a1,Double Chance,30085,12,1.08
ccf39449425095a1,Mi-tps DC,30086,1X,1.11
ccf39449425095a1,Mi-tps DC,30086,X2,2.13
ccf39449425095a1,Mi-tps DC,30086,12,1.27
ccf39449425095a1,Score exact,30081,0-0,58.49
ccf39449425095a1,Score exact,30081,0-1,46.7
ccf39449425095a1,Score exact,30081,0-2,52.83
ccf39449425095a1,Score exact,30081,0-3,81.32
ccf39449425095a1,Score exact,30081,0-4,100.0
ccf39449425095a1,Score exact,30081,0-5,100.0
ccf39449425095a1,Score exact,30081,0-6,100.0
ccf39449425095a1,Score exact,30081,1-0,38.55
ccf39449425095a1,Score exact,30081,1-1,19.12
ccf39449425095a1,Score exact,30081,1-2,21.89
ccf39449425095a1,Score exact,30081,1-3,39.47
ccf39449425095a1,Score exact,30081,1-4,100.0
ccf39449425095a1,Score exact,30081,1-5,100.0
ccf39449425095a1,Score exact,30081,2-0,19.33
ccf39449425095a1,Score exact,30081,2-1,10.78
ccf39449425095a1,Score exact,30081,2-2,14.59
ccf39449425095a1,Score exact,30081,2-3,29.51
ccf39449425095a1,Score exact,30081,2-4,100.0
ccf39449425095a1,Score exact,30081,3-0,12.61
ccf39449425095a1,Score exact,30081,3-1,9.64
ccf39449425095a1,Score exact,30081,3-2,13.42
ccf39449425095a1,Score exact,30081,3-3,46.3
ccf39449425095a1,Score exact,30081,4-0,15.84
ccf39449425095a1,Score exact,30081,4-1,10.09
ccf39449425095a1,Score exact,30081,4-2,24.4
ccf39449425095a1,Score exact,30081,5-0,16.99
ccf39449425095a1,Score exact,30081,5-1,18.46
ccf39449425095a1,Score exact,30081,6-0,31.09
ccf39449425095a1,Mi-tps CS,30082,0-0,6.81
ccf39449425095a1,Mi-tps CS,30082,0-1,12.33
ccf39449425095a1,Mi-tps CS,30082,0-2,25.5
ccf39449425095a1,Mi-tps CS,30082,0-3,79.12
ccf39449425095a1,Mi-tps CS,30082,1-0,7.47
ccf39449425095a1,Mi-tps CS,30082,1-1,6.01
ccf39449425095a1,Mi-tps CS,30082,1-2,18.65
ccf39449425095a1,Mi-tps CS,30082,2-0,5.35
ccf39449425095a1,Mi-tps CS,30082,2-1,6.46
ccf39449425095a1,Mi-tps CS,30082,3-0,5.74
ccf39449425095a1,+/-,30087,> 0.5,0.96
ccf39449425095a1,+/-,30087,< 0.5,61.8
ccf39449425095a1,+/-,30087,> 1.5,1.0
ccf39449425095a1,+/-,30087,< 1.5,16.39
ccf39449425095a1,+/-,30087,> 2.5,1.13
ccf39449425095a1,+/-,30087,< 2.5,5.64
ccf39449425095a1,+/-,30087,> 3.5,1.5
ccf39449425095a1,+/-,30087,< 3.5,2.53
ccf39449425095a1,HT/FT,30089,1/1,1.8
ccf39449425095a1,HT/FT,30089,1/X,19.52
ccf39449425095a1,HT/FT,30089,1/2,38.32
ccf39449425095a1,HT/FT,30089,X/1,5.89
ccf39449425095a1,HT/FT,30089,X/X,14.04
ccf39449425095a1,HT/FT,30089,X/2,15.57
ccf39449425095a1,HT/FT,30089,2/1,19.63
ccf39449425095a1,HT/FT,30089,2/X,26.97
ccf39449425095a1,HT/FT,30089,2/2,10.67
ccf39449425095a1,Total de buts,30090,0,58.49
ccf39449425095a1,Total de buts,30090,1,21.12
ccf39449425095a1,Total de buts,30090,2,8.13
ccf39449425095a1,Total de buts,30090,3,4.35
ccf39449425095a1,Total de buts,30090,4,3.76
ccf39449425095a1,Total de buts,30090,5,3.6
ccf39449425095a1,Total de buts,30090,6,6.29
ccf39449425095a1,G/NG,30091,Oui,1.44
ccf39449425095a1,G/NG,30091,Non,2.73
ccf39449425095a1,Les deux équipes marquent / 1ère mi temps,30092,Oui,2.89
ccf39449425095a1,Les deux équipes marquent / 1ère mi temps,30092,Non,1.4
ccf39449425095a1,1X2 & Total,30093,1 / > 1.5,1.36
ccf39449425095a1,1X2 & Total,30093,X / > 1.5,7.15
ccf39449425095a1,1X2 & Total,30093,2 / > 1.5,6.26
ccf39449425095a1,1X2 & Total,30093,1 / < 1.5,39.25
ccf39449425095a1,1X2 & Total,30093,X / < 1.5,59.55
ccf39449425095a1,1X2 & Total,30093,2 / < 1.5,47.55
ccf39449425095a1,1X2 & Total,30093,1 / > 2.5,1.46
ccf39449425095a1,1X2 & Total,30093,X / > 2.5,11.29
ccf39449425095a1,1X2 & Total,30093,2 / > 2.5,7.09
ccf39449425095a1,1X2 & Total,30093,1 / < 2.5,13.11
ccf39449425095a1,1X2 & Total,30093,X / < 2.5,14.67
ccf39449425095a1,1X2 & Total,30093,2 / < 2.5,25.24
ccf39449425095a1,1X2 & Total,30093,1 / > 3.5,1.93
ccf39449425095a1,1X2 & Total,30093,X / > 3.5,11.29
ccf39449425095a1,1X2 & Total,30093,2 / > 3.5,11.88
ccf39449425095a1,1X2 & Total,30093,1 / < 3.5,4.08
ccf39449425095a1,1X2 & Total,30093,X / < 3.5,14.67
ccf39449425095a1,1X2 & Total,30093,2 / < 3.5,10.36
ccf39449425095a1,1X2 & G/NG,30094,1 gagne et les deux équipes marquent,2.15
ccf39449425095a1,1X2 & G/NG,30094,1 gagne et seulement  1  marque,3.21
ccf39449425095a1,1X2 & G/NG,30094,X et les deux équipes marquent,7.02
ccf39449425095a1,1X2 & G/NG,30094,X et aucun but,58.49
ccf39449425095a1,1X2 & G/NG,30094,2 gagne et les deux équipes marquent,8.03
ccf39449425095a1,1X2 & G/NG,30094,2 gagne et seulement 2 marque,16.83
ccf39449425095a1,Total equipe domicile,30095,> 0.5,1.01
ccf39449425095a1,Total equipe domicile,30095,< 0.5,13.81
ccf39449425095a1,Total equipe domicile,30095,> 1.5,1.2
ccf39449425095a1,Total equipe domicile,30095,< 1.5,4.45
ccf39449425095a1,Total equipe domicile,30095,> 2.5,1.68
ccf39449425095a1,Total equipe domicile,30095,< 2.5,2.15
ccf39449425095a1,Total equipe domicile,30095,> 3.5,3.03
ccf39449425095a1,Total equipe domicile,30095,< 3.5,1.37
ccf39449425095a1,Total equipe extérieur,30096,> 0.5,1.33
ccf39449425095a1,Total equipe extérieur,30096,< 0.5,3.22
ccf39449425095a1,Total equipe extérieur,30096,> 1.5,2.87
ccf39449425095a1,Total equipe extérieur,30096,< 1.5,1.41
ccf39449425095a1,Total equipe extérieur,30096,> 2.5,8.83
ccf39449425095a1,Total equipe extérieur,30096,< 2.5,1.06
ccf39449425095a1,Total equipe extérieur,30096,> 3.5,39.89
ccf39449425095a1,Total equipe extérieur,30096,< 3.5,0.97
ccf39449425095a1,G/NG equipe domicile,30097,Oui,1.01
ccf39449425095a1,G/NG equipe domicile,30097,Non,13.81
ccf39449425095a1,G/NG equipe extérieur,30098,Oui,1.33
ccf39449425095a1,G/NG equipe extérieur,30098,Non,3.22
ccf39449425095a1,Pair/Impair,30099,Impair,1.87
ccf39449425095a1,Pair/Impair,30099,Pair,1.84
ccf39449425095a1,Minute du premier but,30100,1-15,3.31
ccf39449425095a1,Minute du premier but,30100,16-30,2.41
ccf39449425095a1,Minute du premier but,30100,31-45,5.08
ccf39449425095a1,Minute du premier but,30100,46-60,10.22
ccf39449425095a1,Minute du premier but,30100,61-75,19.83
ccf39449425095a1,Minute du premier but,30100,76-90,24.82
ccf39449425095a1,Minute du premier but,30100,Pas de but,58.49
ccf39449425095a1,FTTS,30101,1,1.45
ccf39449425095a1,FTTS,30101,2,2.43
ccf39449425095a1,FTTS,30101,Pas de but,58.49
ccf39449425095a1,Multi-Buts,30102,"Le total de buts est de 0, 1 ou 2",5.43
ccf39449425095a1,Multi-Buts,30102,"Le total de buts est de 1, 2 ou 3",2.54
ccf39449425095a1,Multi-Buts,30102,"Le total de buts est de 2, 3 ou 4",1.65
ccf39449425095a1,Multi-Buts,30102,Le total de buts est supérieur à 4,2.33
ccf39449425095a1,2ème mi-tps - CS,30105,0-0,7.28
ccf39449425095a1,2ème mi-tps - CS,30105,0-1,10.39
ccf39449425095a1,2ème mi-tps - CS,30105,0-2,16.04
ccf39449425095a1,2ème mi-tps - CS,30105,0-3,37.15
ccf39449425095a1,2ème mi-tps - CS,30105,1-0,12.02
ccf39449425095a1,2ème mi-tps - CS,30105,1-1,7.63
ccf39449425095a1,2ème mi-tps - CS,30105,1-2,17.67
ccf39449425095a1,2ème mi-tps - CS,30105,2-0,6.06
ccf39449425095a1,2ème mi-tps - CS,30105,2-1,5.77
ccf39449425095a1,2ème mi-tps - CS,30105,3-0,4.59
c06c21b8769bab3a,1X2,30083,1,5.45
c06c21b8769bab3a,1X2,30083,X,5.91
c06c21b8769bab3a,1X2,30083,2,1.41
c06c21b8769bab3a,Mi-tps 1X2,30084,1,5.43
c06c21b8769bab3a,Mi-tps 1X2,30084,X,3.09
c06c21b8769bab3a,Mi-tps 1X2,30084,2,1.75
c06c21b8769bab3a,Double Chance,30085,1X,2.78
c06c21b8769bab3a,Double Chance,30085,X2,1.12
c06c21b8769bab3a,Double Chance,30085,12,1.1
c06c21b8769bab3a,Mi-tps DC,30086,1X,1.97
c06c21b8769bab3a,Mi-tps DC,30086,X2,1.12
c06c21b8769bab3a,Mi-tps DC,30086,12,1.32
c06c21b8769bab3a,Score exact,30081,0-0,57.21
c06c21b8769bab3a,Score exact,30081,0-1,31.56
c06c21b8769bab3a,Score exact,30081,0-2,17.72
c06c21b8769bab3a,Score exact,30081,0-3,13.13
c06c21b8769bab3a,Score exact,30081,0-4,16.75
c06c21b8769bab3a,Score exact,30081,0-5,22.39
c06c21b8769bab3a,Score exact,30081,0-6,51.18
c06c21b8769bab3a,Score exact,30081,1-0,47.07
c06c21b8769bab3a,Score exact,30081,1-1,16.0
c06c21b8769bab3a,Score exact,30081,1-2,9.68
c06c21b8769bab3a,Score exact,30081,1-3,9.14
c06c21b8769bab3a,Score exact,30081,1-4,10.91
c06c21b8769bab3a,Score exact,30081,1-5,24.95
c06c21b8769bab3a,Score exact,30081,2-0,55.09
c06c21b8769bab3a,Score exact,30081,2-1,19.01
c06c21b8769bab3a,Score exact,30081,2-2,12.86
c06c21b8769bab3a,Score exact,30081,2-3,12.86
c06c21b8769bab3a,Score exact,30081,2-4,27.1
c06c21b8769bab3a,Score exact,30081,3-0,87.83
c06c21b8769bab3a,Score exact,30081,3-1,36.12
c06c21b8769bab3a,Score exact,30081,3-2,27.23
c06c21b8769bab3a,Score exact,30081,3-3,47.24
c06c21b8769bab3a,Score exact,30081,4-0,100.0
c06c21b8769bab3a,Score exact,30081,4-1,96.78
c06c21b8769bab3a,Score exact,30081,4-2,100.0
c06c21b8769bab3a,Score exact,30081,5-0,100.0
c06c21b8769bab3a,Score exact,30081,5-1,100.0
c06c21b8769bab3a,Score exact,30081,6-0,100.0
c06c21b8769bab3a,Mi-tps CS,30082,0-0,6.16
c06c21b8769bab3a,Mi-tps CS,30082,0-1,6.57
c06c21b8769bab3a,Mi-tps CS,30082,0-2,5.64
c06c21b8769bab3a,Mi-tps CS,30082,0-3,7.27
c06c21b8769bab3a,Mi-tps CS,30082,1-0,11.55
c06c21b8769bab3a,Mi-tps CS,30082,1-1,5.47
c06c21b8769bab3a,Mi-tps CS,30082,1-2,7.05
c06c21b8769bab3a,Mi-tps CS,30082,2-0,24.83
c06c21b8769bab3a,Mi-tps CS,30082,2-1,17.65
c06c21b8769bab3a,Mi-tps CS,30082,3-0,80.09
c06c21b8769bab3a,+/-,30087,> 0.5,0.96
c06c21b8769bab3a,+/-,30087,< 0.5,60.45
c06c21b8769bab3a,+/-,30087,> 1.5,1.01
c06c21b8769bab3a,+/-,30087,< 1.5,15.01
c06c21b8769bab3a,+/-,30087,> 2.5,1.16
c06c21b8769bab3a,+/-,30087,< 2.5,5.09
c06c21b8769bab3a,+/-,30087,> 3.5,1.58
c06c21b8769bab3a,+/-,30087,< 3.5,2.34
c06c21b8769bab3a,HT/FT,30089,1/1,9.73
c06c21b8769bab3a,HT/FT,30089,1/X,23.95
c06c21b8769bab3a,HT/FT,30089,1/2,21.56
c06c21b8769bab3a,HT/FT,30089,X/1,14.58
c06c21b8769bab3a,HT/FT,30089,X/X,11.49
c06c21b8769bab3a,HT/FT,30089,X/2,5.54
c06c21b8769bab3a,HT/FT,30089,2/1,44.39
c06c21b8769bab3a,HT/FT,30089,2/X,19.96
c06c21b8769bab3a,HT/FT,30089,2/2,1.92
c06c21b8769bab3a,Total de buts,30090,0,57.21
c06c21b8769bab3a,Total de buts,30090,1,18.89
c06c21b8769bab3a,Total de buts,30090,2,7.3
c06c21b8769bab3a,Total de buts,30090,3,4.11
c06c21b8769bab3a,Total de buts,30090,4,3.59
c06c21b8769bab3a,Total de buts,30090,5,3.81
c06c21b8769bab3a,Total de buts,30090,6,7.83
c06c21b8769bab3a,G/NG,30091,Oui,1.39
c06c21b8769bab3a,G/NG,30091,Non,2.92
c06c21b8769bab3a,Les deux équipes marquent / 1ère mi temps,30092,Oui,2.85
c06c21b8769bab3a,Les deux équipes marquent / 1ère mi temps,30092,Non,1.41
c06c21b8769bab3a,1X2 & Total,30093,1 / > 1.5,5.9
c06c21b8769bab3a,1X2 & Total,30093,X / > 1.5,6.31
c06c21b8769bab3a,1X2 & Total,30093,2 / > 1.5,1.42
c06c21b8769bab3a,1X2 & Total,30093,1 / < 1.5,47.92
c06c21b8769bab3a,1X2 & Total,30093,X / < 1.5,58.25
c06c21b8769bab3a,1X2 & Total,30093,2 / < 1.5,32.13
c06c21b8769bab3a,1X2 & Total,30093,1 / > 2.5,6.59
c06c21b8769bab3a,1X2 & Total,30093,X / > 2.5,10.29
c06c21b8769bab3a,1X2 & Total,30093,2 / > 2.5,1.54
c06c21b8769bab3a,1X2 & Total,30093,1 / < 2.5,25.84
c06c21b8769bab3a,1X2 & Total,30093,X / < 2.5,12.73
c06c21b8769bab3a,1X2 & Total,30093,2 / < 2.5,11.55
c06c21b8769bab3a,1X2 & Total,30093,1 / > 3.5,11.25
c06c21b8769bab3a,1X2 & Total,30093,X / > 3.5,10.29
c06c21b8769bab3a,1X2 & Total,30093,2 / > 3.5,2.12
c06c21b8769bab3a,1X2 & Total,30093,1 / < 3.5,9.85
c06c21b8769bab3a,1X2 & Total,30093,X / < 3.5,12.73
c06c21b8769bab3a,1X2 & Total,30093,2 / < 3.5,3.81
c06c21b8769bab3a,1X2 & G/NG,30094,1 gagne et les deux équipes marquent,7.29
c06c21b8769bab3a,1X2 & G/NG,30094,1 gagne et seulement  1  marque,17.61
c06c21b8769bab3a,1X2 & G/NG,30094,X et les deux équipes marquent,6.2
c06c21b8769bab3a,1X2 & G/NG,30094,X et aucun but,57.21
c06c21b8769bab3a,1X2 & G/NG,30094,2 gagne et les deux équipes marquent,2.18
c06c21b8769bab3a,1X2 & G/NG,30094,2 gagne et seulement 2 marque,3.47
c06c21b8769bab3a,Total equipe domicile,30095,> 0.5,1.3
c06c21b8769bab3a,Total equipe domicile,30095,< 0.5,3.46
c06c21b8769bab3a,Total equipe domicile,30095,> 1.5,2.74
c06c21b8769bab3a,Total equipe domicile,30095,< 1.5,1.44
c06c21b8769bab3a,Total equipe domicile,30095,> 2.5,8.58
c06c21b8769bab3a,Total equipe domicile,30095,< 2.5,1.06
c06c21b8769bab3a,Total equipe domicile,30095,> 3.5,40.46
c06c21b8769bab3a,Total equipe domicile,30095,< 3.5,0.97
c06c21b8769bab3a,Total equipe extérieur,30096,> 0.5,1.01
c06c21b8769bab3a,Total equipe extérieur,30096,< 0.5,14.23
c06c21b8769bab3a,Total equipe extérieur,30096,> 1.5,1.23
c06c21b8769bab3a,Total equipe extérieur,30096,< 1.5,4.05
c06c21b8769bab3a,Total equipe extérieur,30096,> 2.5,1.83
c06c21b8769bab3a,Total equipe extérieur,30096,< 2.5,1.95
c06c21b8769bab3a,Total equipe extérieur,30096,> 3.5,3.61
c06c21b8769bab3a,Total equipe extérieur,30096,< 3.5,1.28
c06c21b8769bab3a,G/NG equipe domicile,30097,Oui,1.3
c06c21b8769bab3a,G/NG equipe domicile,30097,Non,3.46
c06c21b8769bab3a,G/NG equipe extérieur,30098,Oui,1.01
c06c21b8769bab3a,G/NG equipe extérieur,30098,Non,14.23
c06c21b8769bab3a,Pair/Impair,30099,Impair,1.86
c06c21b8769bab3a,Pair/Impair,30099,Pair,1.85
c06c21b8769bab3a,Minute du premier but,30100,1-15,3.34
c06c21b8769bab3a,Minute du premier but,30100,16-30,2.43
c06c21b8769bab3a,Minute du premier but,30100,31-45,5.09
c06c21b8769bab3a,Minute du premier but,30100,46-60,9.68
c06c21b8769bab3a,Minute du premier but,30100,61-75,19.38
c06c21b8769bab3a,Minute du premier but,30100,76-90,24.89
c06c21b8769bab3a,Minute du premier but,30100,Pas de but,57.21
c06c21b8769bab3a,FTTS,30101,1,2.36
c06c21b8769bab3a,FTTS,30101,2,1.47
c06c21b8769bab3a,FTTS,30101,Pas de but,57.21
c06c21b8769bab3a,Multi-Buts,30102,"Le total de buts est de 0, 1 ou 2",4.91
c06c21b8769bab3a,Multi-Buts,30102,"Le total de buts est de 1, 2 ou 3",2.35
c06c21b8769bab3a,Multi-Buts,30102,"Le total de buts est de 2, 3 ou 4",1.54
c06c21b8769bab3a,Multi-Buts,30102,Le total de buts est supérieur à 4,2.61
c06c21b8769bab3a,2ème mi-tps - CS,30105,0-0,7.86
c06c21b8769bab3a,2ème mi-tps - CS,30105,0-1,8.99
c06c21b8769bab3a,2ème mi-tps - CS,30105,0-2,5.98
c06c21b8769bab3a,2ème mi-tps - CS,30105,0-3,5.96
c06c21b8769bab3a,2ème mi-tps - CS,30105,1-0,11.53
c06c21b8769bab3a,2ème mi-tps - CS,30105,1-1,5.86
c06c21b8769bab3a,2ème mi-tps - CS,30105,1-2,5.84
c06c21b8769bab3a,2ème mi-tps - CS,30105,2-0,18.44
c06c21b8769bab3a,2ème mi-tps - CS,30105,2-1,14.05
c06c21b8769bab3a,2ème mi-tps - CS,30105,3-0,44.24
3c59501c86370632,1X2,30083,1,1.05
3c59501c86370632,1X2,30083,X,10.32
3c59501c86370632,1X2,30083,2,74.42
3c59501c86370632,Mi-tps 1X2,30084,1,1.39
3c59501c86370632,Mi-tps 1X2,30084,X,2.93
3c59501c86370632,Mi-tps 1X2,30084,2,49.18
3c59501c86370632,Double Chance,30085,1X,0.94
3c59501c86370632,Double Chance,30085,X2,8.9
3c59501c86370632,Double Chance,30085,12,1.02
3c59501c86370632,Mi-tps DC,30086,1X,0.94
3c59501c86370632,Mi-tps DC,30086,X2,2.76
3c59501c86370632,Mi-tps DC,30086,12,1.35
3c59501c86370632,Score exact,30081,0-0,14.55
3c59501c86370632,Score exact,30081,0-1,100.0
3c59501c86370632,Score exact,30081,0-2,100.0
3c59501c86370632,Score exact,30081,0-3,100.0
3c59501c86370632,Score exact,30081,0-4,100.0
3c59501c86370632,Score exact,30081,0-5,100.0
3c59501c86370632,Score exact,30081,0-6,100.0
3c59501c86370632,Score exact,30081,1-0,7.98
3c59501c86370632,Score exact,30081,1-1,33.73
3c59501c86370632,Score exact,30081,1-2,100.0
3c59501c86370632,Score exact,30081,1-3,100.0
3c59501c86370632,Score exact,30081,1-4,100.0
3c59501c86370632,Score exact,30081,1-5,100.0
3c59501c86370632,Score exact,30081,2-0,5.05
3c59501c86370632,Score exact,30081,2-1,22.5
3c59501c86370632,Score exact,30081,2-2,100.0
3c59501c86370632,Score exact,30081,2-3,100.0
3c59501c86370632,Score exact,30081,2-4,100.0
3c59501c86370632,Score exact,30081,3-0,4.24
3c59501c86370632,Score exact,30081,3-1,23.74
3c59501c86370632,Score exact,30081,3-2,100.0
3c59501c86370632,Score exact,30081,3-3,100.0
3c59501c86370632,Score exact,30081,4-0,5.96
3c59501c86370632,Score exact,30081,4-1,32.82
3c59501c86370632,Score exact,30081,4-2,100.0
3c59501c86370632,Score exact,30081,5-0,9.54
3c59501c86370632,Score exact,30081,5-1,89.82
3c59501c86370632,Score exact,30081,6-0,26.09
3c59501c86370632,Mi-tps CS,30082,0-0,3.08
3c59501c86370632,Mi-tps CS,30082,0-1,51.44
3c59501c86370632,Mi-tps CS,30082,0-2,100.0
3c59501c86370632,Mi-tps CS,30082,0-3,100.0
3c59501c86370632,Mi-tps CS,30082,1-0,3.46
3c59501c86370632,Mi-tps CS,30082,1-1,25.7
3c59501c86370632,Mi-tps CS,30082,1-2,100.0
3c59501c86370632,Mi-tps CS,30082,2-0,3.63
3c59501c86370632,Mi-tps CS,30082,2-1,40.37
3c59501c86370632,Mi-tps CS,30082,3-0,5.7
3c59501c86370632,+/-,30087,> 0.5,1.01
3c59501c86370632,+/-,30087,< 0.5,15.38
3c59501c86370632,+/-,30087,> 1.5,1.15
3c59501c86370632,+/-,30087,< 1.5,5.18
3c59501c86370632,+/-,30087,> 2.5,1.54
3c59501c86370632,+/-,30087,< 2.5,2.44
3c59501c86370632,+/-,30087,> 3.5,2.62
3c59501c86370632,+/-,30087,< 3.5,1.48
3c59501c86370632,HT/FT,30089,1/1,1.36
3c59501c86370632,HT/FT,30089,1/X,100.0
3c59501c86370632,HT/FT,30089,1/2,100.0
3c59501c86370632,HT/FT,30089,X/1,3.91
3c59501c86370632,HT/FT,30089,X/X,11.02
3c59501c86370632,HT/FT,30089,X/2,100.0
3c59501c86370632,HT/FT,30089,2/1,100.0
3c59501c86370632,HT/FT,30089,2/X,100.0
3c59501c86370632,HT/FT,30089,2/2,100.0
3c59501c86370632,Total de buts,30090,0,14.55
3c59501c86370632,Total de buts,30090,1,7.39
3c59501c86370632,Total de buts,30090,2,4.37
3c59501c86370632,Total de buts,30090,3,3.53
3c59501c86370632,Total de buts,30090,4,4.67
3c59501c86370632,Total de buts,30090,5,7.2
3c59501c86370632,Total de buts,30090,6,19.63
3c59501c86370632,G/NG,30091,Oui,6.22
3c59501c86370632,G/NG,30091,Non,1.11
3c59501c86370632,Les deux équipes marquent / 1ère mi temps,30092,Oui,16.71
3c59501c86370632,Les deux équipes marquent / 1ère mi temps,30092,Non,1.0
3c59501c86370632,1X2 & Total,30093,1 / > 1.5,1.16
3c59501c86370632,1X2 & Total,30093,X / > 1.5,30.27
3c59501c86370632,1X2 & Total,30093,2 / > 1.5,100.0
3c59501c86370632,1X2 & Total,30093,1 / < 1.5,8.13
3c59501c86370632,1X2 & Total,30093,X / < 1.5,14.82
3c59501c86370632,1X2 & Total,30093,2 / < 1.5,100.0
3c59501c86370632,1X2 & Total,30093,1 / > 2.5,1.5
3c59501c86370632,1X2 & Total,30093,X / > 2.5,100.0
3c59501c86370632,1X2 & Total,30093,2 / > 2.5,100.0
3c59501c86370632,1X2 & Total,30093,1 / < 2.5,3.15
3c59501c86370632,1X2 & Total,30093,X / < 2.5,10.35
3c59501c86370632,1X2 & Total,30093,2 / < 2.5,93.08
3c59501c86370632,1X2 & Total,30093,1 / > 3.5,2.55
3c59501c86370632,1X2 & Total,30093,X / > 3.5,100.0
3c59501c86370632,1X2 & Total,30093,2 / > 3.5,100.0
3c59501c86370632,1X2 & Total,30093,1 / < 3.5,1.69
3c59501c86370632,1X2 & Total,30093,X / < 3.5,10.35
3c59501c86370632,1X2 & Total,30093,2 / < 3.5,73.66
3c59501c86370632,1X2 & G/NG,30094,1 gagne et les deux équipes marquent,7.52
3c59501c86370632,1X2 & G/NG,30094,1 gagne et seulement  1  marque,1.15
3c59501c86370632,1X2 & G/NG,30094,X et les deux équipes marquent,29.73
3c59501c86370632,1X2 & G/NG,30094,X et aucun but,14.55
3c59501c86370632,1X2 & G/NG,30094,2 gagne et les deux équipes marquent,100.0
3c59501c86370632,1X2 & G/NG,30094,2 gagne et seulement 2 marque,90.84
3c59501c86370632,Total equipe domicile,30095,> 0.5,1.02
3c59501c86370632,Total equipe domicile,30095,< 0.5,13.25
3c59501c86370632,Total equipe domicile,30095,> 1.5,1.2
3c59501c86370632,Total equipe domicile,30095,< 1.5,4.45
3c59501c86370632,Total equipe domicile,30095,> 2.5,1.66
3c59501c86370632,Total equipe domicile,30095,< 2.5,2.18
3c59501c86370632,Total equipe domicile,30095,> 3.5,2.98
3c59501c86370632,Total equipe domicile,30095,< 3.5,1.38
3c59501c86370632,Total equipe extérieur,30096,> 0.5,5.84
3c59501c86370632,Total equipe extérieur,30096,< 0.5,1.13
3c59501c86370632,Total equipe extérieur,30096,> 1.5,81.13
3c59501c86370632,Total equipe extérieur,30096,< 1.5,0.95
3c59501c86370632,Total equipe extérieur,30096,> 2.5,100.0
3c59501c86370632,Total equipe extérieur,30096,< 2.5,0.94
3c59501c86370632,Total equipe extérieur,30096,> 3.5,100.0
3c59501c86370632,Total equipe extérieur,30096,< 3.5,0.94
3c59501c86370632,G/NG equipe domicile,30097,Oui,1.02
3c59501c86370632,G/NG equipe domicile,30097,Non,13.25
3c59501c86370632,G/NG equipe extérieur,30098,Oui,5.84
3c59501c86370632,G/NG equipe extérieur,30098,Non,1.13
3c59501c86370632,Pair/Impair,30099,Impair,1.86
3c59501c86370632,Pair/Impair,30099,Pair,1.84
3c59501c86370632,Minute du premier but,30100,1-15,4.8
3c59501c86370632,Minute du premier but,30100,16-30,3.11
3c59501c86370632,Minute du premier but,30100,31-45,4.9
3c59501c86370632,Minute du premier but,30100,46-60,6.89
3c59501c86370632,Minute du premier but,30100,61-75,11.2
3c59501c86370632,Minute du premier but,30100,76-90,12.15
3c59501c86370632,Minute du premier but,30100,Pas de but,14.55
3c59501c86370632,FTTS,30101,1,1.06
3c59501c86370632,FTTS,30101,2,9.5
3c59501c86370632,FTTS,30101,Pas de but,14.55
3c59501c86370632,Multi-Buts,30102,"Le total de buts est de 0, 1 ou 2",2.35
3c59501c86370632,Multi-Buts,30102,"Le total de buts est de 1, 2 ou 3",1.57
3c59501c86370632,Multi-Buts,30102,"Le total de buts est de 2, 3 ou 4",1.4
3c59501c86370632,Multi-Buts,30102,Le total de buts est supérieur à 4,5.36
3c59501c86370632,2ème mi-tps - CS,30105,0-0,4.0
3c59501c86370632,2ème mi-tps - CS,30105,0-1,46.82
3c59501c86370632,2ème mi-tps - CS,30105,0-2,100.0
3c59501c86370632,2ème mi-tps - CS,30105,0-3,100.0
3c59501c86370632,2ème mi-tps - CS,30105,1-0,4.28
3c59501c86370632,2ème mi-tps - CS,30105,1-1,22.28
3c59501c86370632,2ème mi-tps - CS,30105,1-2,100.0
3c59501c86370632,2ème mi-tps - CS,30105,2-0,3.33
3c59501c86370632,2ème mi-tps - CS,30105,2-1,25.96
3c59501c86370632,2ème mi-tps - CS,30105,3-0,3.88
daba93bbe3d7880f,1X2,30083,1,1.26
daba93bbe3d7880f,1X2,30083,X,5.48
daba93bbe3d7880f,1X2,30083,2,12.18
daba93bbe3d7880f,Mi-tps 1X2,30084,1,1.8
daba93bbe3d7880f,Mi-tps 1X2,30084,X,2.32
daba93bbe3d7880f,Mi-tps 1X2,30084,2,10.61
daba93bbe3d7880f,Double Chance,30085,1X,1.0
daba93bbe3d7880f,Double Chance,30085,X2,3.71
daba93bbe3d7880f,Double Chance,30085,12,1.12
daba93bbe3d7880f,Mi-tps DC,30086,1X,1.01
daba93bbe3d7880f,Mi-tps DC,30086,X2,1.9
daba93bbe3d7880f,Mi-tps DC,30086,12,1.54
daba93bbe3d7880f,Score exact,30081,0-0,14.75
daba93bbe3d7880f,Score exact,30081,0-1,30.66
daba93bbe3d7880f,Score exact,30081,0-2,96.16
daba93bbe3d7880f,Score exact,30081,0-3,100.0
daba93bbe3d7880f,Score exact,30081,0-4,100.0
daba93bbe3d7880f,Score exact,30081,0-5,100.0
daba93bbe3d7880f,Score exact,30081,0-6,100.0
daba93bbe3d7880f,Score exact,30081,1-0,8.81
daba93bbe3d7880f,Score exact,30081,1-1,11.23
daba93bbe3d7880f,Score exact,30081,1-2,35.33
daba93bbe3d7880f,Score exact,30081,1-3,100.0
daba93bbe3d7880f,Score exact,30081,1-4,100.0
daba93bbe3d7880f,Score exact,30081,1-5,100.0
daba93bbe3d7880f,Score exact,30081,2-0,6.76
daba93bbe3d7880f,Score exact,30081,2-1,8.93
daba93bbe3d7880f,Score exact,30081,2-2,29.71
daba93bbe3d7880f,Score exact,30081,2-3,100.0
daba93bbe3d7880f,Score exact,30081,2-4,100.0
daba93bbe3d7880f,Score exact,30081,3-0,6.95
daba93bbe3d7880f,Score exact,30081,3-1,11.34
daba93bbe3d7880f,Score exact,30081,3-2,41.11
daba93bbe3d7880f,Score exact,30081,3-3,100.0
daba93bbe3d7880f,Score exact,30081,4-0,11.83
daba93bbe3d7880f,Score exact,30081,4-1,19.57
daba93bbe3d7880f,Score exact,30081,4-2,100.0
daba93bbe3d7880f,Score exact,30081,5-0,24.46
daba93bbe3d7880f,Score exact,30081,5-1,69.08
daba93bbe3d7880f,Score exact,30081,6-0,86.33
daba93bbe3d7880f,Mi-tps CS,30082,0-0,2.98
daba93bbe3d7880f,Mi-tps CS,30082,0-1,13.91
daba93bbe3d7880f,Mi-tps CS,30082,0-2,79.43
daba93bbe3d7880f,Mi-tps CS,30082,0-3,100.0
daba93bbe3d7880f,Mi-tps CS,30082,1-0,3.91
daba93bbe3d7880f,Mi-tps CS,30082,1-1,8.12
daba93bbe3d7880f,Mi-tps CS,30082,1-2,69.58
daba93bbe3d7880f,Mi-tps CS,30082,2-0,5.39
daba93bbe3d7880f,Mi-tps CS,30082,2-1,16.77
daba93bbe3d7880f,Mi-tps CS,30082,3-0,11.12
daba93bbe3d7880f,+/-,30087,> 0.5,1.0
daba93bbe3d7880f,+/-,30087,< 0.5,15.58
daba93bbe3d7880f,+/-,30087,> 1.5,1.17
daba93bbe3d7880f,+/-,30087,< 1.5,4.94
daba93bbe3d7880f,+/-,30087,> 2.5,1.6
daba93bbe3d7880f,+/-,30087,< 2.5,2.29
daba93bbe3d7880f,+/-,30087,> 3.5,2.84
daba93bbe3d7880f,+/-,30087,< 3.5,1.41
daba93bbe3d7880f,HT/FT,30089,1/1,1.83
daba93bbe3d7880f,HT/FT,30089,1/X,40.87
daba93bbe3d7880f,HT/FT,30089,1/2,100.0
daba93bbe3d7880f,HT/FT,30089,X/1,3.77
daba93bbe3d7880f,HT/FT,30089,X/X,6.97
daba93bbe3d7880f,HT/FT,30089,X/2,26.02
daba93bbe3d7880f,HT/FT,30089,2/1,34.47
daba93bbe3d7880f,HT/FT,30089,2/X,40.01
daba93bbe3d7880f,HT/FT,30089,2/2,22.88
daba93bbe3d7880f,Total de buts,30090,0,14.75
daba93bbe3d7880f,Total de buts,30090,1,6.84
daba93bbe3d7880f,Total de buts,30090,2,4.04
daba93bbe3d7880f,Total de buts,30090,3,3.49
daba93bbe3d7880f,Total de buts,30090,4,4.71
daba93bbe3d7880f,Total de buts,30090,5,8.13
daba93bbe3d7880f,Total de buts,30090,6,27.19
daba93bbe3d7880f,G/NG,30091,Oui,2.28
daba93bbe3d7880f,G/NG,30091,Non,1.61
daba93bbe3d7880f,Les deux équipes marquent / 1ère mi temps,30092,Oui,5.5
daba93bbe3d7880f,Les deux équipes marquent / 1ère mi temps,30092,Non,1.14
daba93bbe3d7880f,1X2 & Total,30093,1 / > 1.5,1.4
daba93bbe3d7880f,1X2 & Total,30093,X / > 1.5,8.14
daba93bbe3d7880f,1X2 & Total,30093,2 / > 1.5,18.81
daba93bbe3d7880f,1X2 & Total,30093,1 / < 1.5,8.97
daba93bbe3d7880f,1X2 & Total,30093,X / < 1.5,15.02
daba93bbe3d7880f,1X2 & Total,30093,2 / < 1.5,31.22
daba93bbe3d7880f,1X2 & Total,30093,1 / > 2.5,1.76
daba93bbe3d7880f,1X2 & Total,30093,X / > 2.5,28.24
daba93bbe3d7880f,1X2 & Total,30093,2 / > 2.5,23.29
daba93bbe3d7880f,1X2 & Total,30093,1 / < 2.5,3.89
daba93bbe3d7880f,1X2 & Total,30093,X / < 2.5,6.49
daba93bbe3d7880f,1X2 & Total,30093,2 / < 2.5,23.67
daba93bbe3d7880f,1X2 & Total,30093,1 / > 3.5,3.15
daba93bbe3d7880f,1X2 & Total,30093,X / > 3.5,28.24
daba93bbe3d7880f,1X2 & Total,30093,2 / > 3.5,78.28
daba93bbe3d7880f,1X2 & Total,30093,1 / < 3.5,1.97
daba93bbe3d7880f,1X2 & Total,30093,X / < 3.5,6.49
daba93bbe3d7880f,1X2 & Total,30093,2 / < 3.5,13.81
daba93bbe3d7880f,1X2 & G/NG,30094,1 gagne et les deux équipes marquent,3.36
daba93bbe3d7880f,1X2 & G/NG,30094,1 gagne et seulement  1  marque,1.84
daba93bbe3d7880f,1X2 & G/NG,30094,X et les deux équipes marquent,7.99
daba93bbe3d7880f,1X2 & G/NG,30094,X et aucun but,14.75
daba93bbe3d7880f,1X2 & G/NG,30094,2 gagne et les deux équipes marquent,24.44
daba93bbe3d7880f,1X2 & G/NG,30094,2 gagne et seulement 2 marque,21.82
daba93bbe3d7880f,Total equipe domicile,30095,> 0.5,1.05
daba93bbe3d7880f,Total equipe domicile,30095,< 0.5,9.3
daba93bbe3d7880f,Total equipe domicile,30095,> 1.5,1.37
daba93bbe3d7880f,Total equipe domicile,30095,< 1.5,3.01
daba93bbe3d7880f,Total equipe domicile,30095,> 2.5,2.25
daba93bbe3d7880f,Total equipe domicile,30095,< 2.5,1.62
daba93bbe3d7880f,Total equipe domicile,30095,> 3.5,5.02
daba93bbe3d7880f,Total equipe domicile,30095,< 3.5,1.16
daba93bbe3d7880f,Total equipe extérieur,30096,> 0.5,2.07
daba93bbe3d7880f,Total equipe extérieur,30096,< 0.5,1.73
daba93bbe3d7880f,Total equipe extérieur,30096,> 1.5,8.64
daba93bbe3d7880f,Total equipe extérieur,30096,< 1.5,1.06
daba93bbe3d7880f,Total equipe extérieur,30096,> 2.5,59.29
daba93bbe3d7880f,Total equipe extérieur,30096,< 2.5,0.96
daba93bbe3d7880f,Total equipe extérieur,30096,> 3.5,100.0
daba93bbe3d7880f,Total equipe extérieur,30096,< 3.5,0.94
daba93bbe3d7880f,G/NG equipe domicile,30097,Oui,1.05
daba93bbe3d7880f,G/NG equipe domicile,30097,Non,9.3
daba93bbe3d7880f,G/NG equipe extérieur,30098,Oui,2.07
daba93bbe3d7880f,G/NG equipe extérieur,30098,Non,1.73
daba93bbe3d7880f,Pair/Impair,30099,Impair,1.87
daba93bbe3d7880f,Pair/Impair,30099,Pair,1.84
daba93bbe3d7880f,Minute du premier but,30100,1-15,4.44
daba93bbe3d7880f,Minute du premier but,30100,16-30,2.96
daba93bbe3d7880f,Minute du premier but,30100,31-45,4.98
daba93bbe3d7880f,Minute du premier but,30100,46-60,7.2
daba93bbe3d7880f,Minute du premier but,30100,61-75,12.58
daba93bbe3d7880f,Minute du premier but,30100,76-90,14.47
daba93bbe3d7880f,Minute du premier but,30100,Pas de but,14.75
daba93bbe3d7880f,FTTS,30101,1,1.32
daba93bbe3d7880f,FTTS,30101,2,3.4
daba93bbe3d7880f,FTTS,30101,Pas de but,14.75
daba93bbe3d7880f,Multi-Buts,30102,"Le total de buts est de 0, 1 ou 2",2.21
daba93bbe3d7880f,Multi-Buts,30102,"Le total de buts est de 1, 2 ou 3",1.5
daba93bbe3d7880f,Multi-Buts,30102,"Le total de buts est de 2, 3 ou 4",1.36
daba93bbe3d7880f,Multi-Buts,30102,Le total de buts est supérieur à 4,6.37
daba93bbe3d7880f,2ème mi-tps - CS,30105,0-0,4.19
daba93bbe3d7880f,2ème mi-tps - CS,30105,0-1,15.71
daba93bbe3d7880f,2ème mi-tps - CS,30105,0-2,71.41
daba93bbe3d7880f,2ème mi-tps - CS,30105,0-3,100.0
daba93bbe3d7880f,2ème mi-tps - CS,30105,1-0,4.59
daba93bbe3d7880f,2ème mi-tps - CS,30105,1-1,7.65
daba93bbe3d7880f,2ème mi-tps - CS,30105,1-2,52.13
daba93bbe3d7880f,2ème mi-tps - CS,30105,2-0,4.49
daba93bbe3d7880f,2ème mi-tps - CS,30105,2-1,11.21
daba93bbe3d7880f,2ème mi-tps - CS,30105,3-0,6.58
b2e1e30f51744d9b,1X2,30083,1,1.19
b2e1e30f51744d9b,1X2,30083,X,6.08
b2e1e30f51744d9b,1X2,30083,2,17.77
b2e1e30f51744d9b,Mi-tps 1X2,30084,1,1.71
b2e1e30f51744d9b,Mi-tps 1X2,30084,X,2.33
b2e1e30f51744d9b,Mi-tps 1X2,30084,2,15.28
b2e1e30f51744d9b,Double Chance,30085,1X,0.98
b2e1e30f51744d9b,Double Chance,30085,X2,4.45
b2e1e30f51744d9b,Double Chance,30085,12,1.1
b2e1e30f51744d9b,Mi-tps DC,30086,1X,0.99
b2e1e30f51744d9b,Mi-tps DC,30086,X2,2.02
b2e1e30f51744d9b,Mi-tps DC,30086,12,1.54
b2e1e30f51744d9b,Score exact,30081,0-0,13.33
b2e1e30f51744d9b,Score exact,30081,0-1,36.48
b2e1e30f51744d9b,Score exact,30081,0-2,100.0
b2e1e30f51744d9b,Score exact,30081,0-3,100.0
b2e1e30f51744d9b,Score exact,30081,0-4,100.0
b2e1e30f51744d9b,Score exact,30081,0-5,100.0
b2e1e30f51744d9b,Score exact,30081,0-6,100.0
b2e1e30f51744d9b,Score exact,30081,1-0,7.89
b2e1e30f51744d9b,Score exact,30081,1-1,13.2
b2e1e30f51744d9b,Score exact,30081,1-2,54.99
b2e1e30f51744d9b,Score exact,30081,1-3,100.0
b2e1e30f51744d9b,Score exact,30081,1-4,100.0
b2e1e30f51744d9b,Score exact,30081,1-5,100.0
b2e1e30f51744d9b,Score exact,30081,2-0,5.9
b2e1e30f51744d9b,Score exact,30081,2-1,10.27
b2e1e30f51744d9b,Score exact,30081,2-2,45.92
b2e1e30f51744d9b,Score exact,30081,2-3,100.0
b2e1e30f51744d9b,Score exact,30081,2-4,100.0
b2e1e30f51744d9b,Score exact,30081,3-0,5.9
b2e1e30f51744d9b,Score exact,30081,3-1,12.89
b2e1e30f51744d9b,Score exact,30081,3-2,62.54
b2e1e30f51744d9b,Score exact,30081,3-3,100.0
b2e1e30f51744d9b,Score exact,30081,4-0,9.87
b2e1e30f51744d9b,Score exact,30081,4-1,21.84
b2e1e30f51744d9b,Score exact,30081,4-2,100.0
b2e1e30f51744d9b,Score exact,30081,5-0,19.97
b2e1e30f51744d9b,Score exact,30081,5-1,75.33
b2e1e30f51744d9b,Score exact,30081,6-0,68.88
b2e1e30f51744d9b,Mi-tps CS,30082,0-0,2.76
b2e1e30f51744d9b,Mi-tps CS,30082,0-1,18.27
b2e1e30f51744d9b,Mi-tps CS,30082,0-2,100.0
b2e1e30f51744d9b,Mi-tps CS,30082,0-3,100.0
b2e1e30f51744d9b,Mi-tps CS,30082,1-0,3.61
b2e1e30f51744d9b,Mi-tps CS,30082,1-1,10.63
b2e1e30f51744d9b,Mi-tps CS,30082,1-2,100.0
b2e1e30f51744d9b,Mi-tps CS,30082,2-0,4.94
b2e1e30f51744d9b,Mi-tps CS,30082,2-1,21.81
b2e1e30f51744d9b,Mi-tps CS,30082,3-0,10.14
b2e1e30f51744d9b,+/-,30087,> 0.5,1.01
b2e1e30f51744d9b,+/-,30087,< 0.5,14.09
b2e1e30f51744d9b,+/-,30087,> 1.5,1.19
b2e1e30f51744d9b,+/-,30087,< 1.5,4.61
b2e1e30f51744d9b,+/-,30087,> 2.5,1.65
b2e1e30f51744d9b,+/-,30087,< 2.5,2.2
b2e1e30f51744d9b,+/-,30087,> 3.5,3.0
b2e1e30f51744d9b,+/-,30087,< 3.5,1.38
b2e1e30f51744d9b,HT/FT,30089,1/1,1.71
b2e1e30f51744d9b,HT/FT,30089,1/X,51.32
b2e1e30f51744d9b,HT/FT,30089,1/2,100.0
b2e1e30f51744d9b,HT/FT,30089,X/1,3.59
b2e1e30f51744d9b,HT/FT,30089,X/X,7.32
b2e1e30f51744d9b,HT/FT,30089,X/2,34.28
b2e1e30f51744d9b,HT/FT,30089,2/1,43.46
b2e1e30f51744d9b,HT/FT,30089,2/X,56.99
b2e1e30f51744d9b,HT/FT,30089,2/2,36.64
b2e1e30f51744d9b,Total de buts,30090,0,13.33
b2e1e30f51744d9b,Total de buts,30090,1,6.49
b2e1e30f51744d9b,Total de buts,30090,2,3.97
b2e1e30f51744d9b,Total de buts,30090,3,3.49
b2e1e30f51744d9b,Total de buts,30090,4,4.92
b2e1e30f51744d9b,Total de buts,30090,5,8.7
b2e1e30f51744d9b,Total de buts,30090,6,29.09
b2e1e30f51744d9b,G/NG,30091,Oui,2.79
b2e1e30f51744d9b,G/NG,30091,Non,1.42
b2e1e30f51744d9b,Les deux équipes marquent / 1ère mi temps,30092,Oui,7.35
b2e1e30f51744d9b,Les deux équipes marquent / 1ère mi temps,30092,Non,1.08
b2e1e30f51744d9b,1X2 & Total,30093,1 / > 1.5,1.34
b2e1e30f51744d9b,1X2 & Total,30093,X / > 1.5,10.31
b2e1e30f51744d9b,1X2 & Total,30093,2 / > 1.5,31.78
b2e1e30f51744d9b,1X2 & Total,30093,1 / < 1.5,8.03
b2e1e30f51744d9b,1X2 & Total,30093,X / < 1.5,13.57
b2e1e30f51744d9b,1X2 & Total,30093,2 / < 1.5,37.14
b2e1e30f51744d9b,1X2 & Total,30093,1 / > 2.5,1.72
b2e1e30f51744d9b,1X2 & Total,30093,X / > 2.5,44.36
b2e1e30f51744d9b,1X2 & Total,30093,2 / > 2.5,40.08
b2e1e30f51744d9b,1X2 & Total,30093,1 / < 2.5,3.44
b2e1e30f51744d9b,1X2 & Total,30093,X / < 2.5,6.75
b2e1e30f51744d9b,1X2 & Total,30093,2 / < 2.5,29.9
b2e1e30f51744d9b,1X2 & Total,30093,1 / > 3.5,3.14
b2e1e30f51744d9b,1X2 & Total,30093,X / > 3.5,44.36
b2e1e30f51744d9b,1X2 & Total,30093,2 / > 3.5,100.0
b2e1e30f51744d9b,1X2 & Total,30093,1 / < 3.5,1.81
b2e1e30f51744d9b,1X2 & Total,30093,X / < 3.5,6.75
b2e1e30f51744d9b,1X2 & Total,30093,2 / < 3.5,19.06
b2e1e30f51744d9b,1X2 & G/NG,30094,1 gagne et les deux équipes marquent,3.92
b2e1e30f51744d9b,1X2 & G/NG,30094,1 gagne et seulement  1  marque,1.58
b2e1e30f51744d9b,1X2 & G/NG,30094,X et les deux équipes marquent,10.13
b2e1e30f51744d9b,1X2 & G/NG,30094,X et aucun but,13.33
b2e1e30f51744d9b,1X2 & G/NG,30094,2 gagne et les deux équipes marquent,41.5
b2e1e30f51744d9b,1X2 & G/NG,30094,2 gagne et seulement 2 marque,28.28
b2e1e30f51744d9b,Total equipe domicile,30095,> 0.5,1.05
b2e1e30f51744d9b,Total equipe domicile,30095,< 0.5,9.57
b2e1e30f51744d9b,Total equipe domicile,30095,> 1.5,1.34
b2e1e30f51744d9b,Total equipe domicile,30095,< 1.5,3.16
b2e1e30f51744d9b,Total equipe domicile,30095,> 2.5,2.14
b2e1e30f51744d9b,Total equipe domicile,30095,< 2.5,1.69
b2e1e30f51744d9b,Total equipe domicile,30095,> 3.5,4.59
b2e1e30f51744d9b,Total equipe domicile,30095,< 3.5,1.19
b2e1e30f51744d9b,Total equipe extérieur,30096,> 0.5,2.56
b2e1e30f51744d9b,Total equipe extérieur,30096,< 0.5,1.5
b2e1e30f51744d9b,Total equipe extérieur,30096,> 1.5,13.86
b2e1e30f51744d9b,Total equipe extérieur,30096,< 1.5,1.01
b2e1e30f51744d9b,Total equipe extérieur,30096,> 2.5,100.0
b2e1e30f51744d9b,Total equipe extérieur,30096,< 2.5,0.95
b2e1e30f51744d9b,Total equipe extérieur,30096,> 3.5,100.0
b2e1e30f51744d9b,Total equipe extérieur,30096,< 3.5,0.94
b2e1e30f51744d9b,G/NG equipe domicile,30097,Oui,1.05
b2e1e30f51744d9b,G/NG equipe domicile,30097,Non,9.57
b2e1e30f51744d9b,G/NG equipe extérieur,30098,Oui,2.56
b2e1e30f51744d9b,G/NG equipe extérieur,30098,Non,1.5
b2e1e30f51744d9b,Pair/Impair,30099,Impair,1.87
b2e1e30f51744d9b,Pair/Impair,30099,Pair,1.84
b2e1e30f51744d9b,Minute du premier but,30100,1-15,4.74
b2e1e30f51744d9b,Minute du premier but,30100,16-30,3.1
b2e1e30f51744d9b,Minute du premier but,30100,31-45,5.01
b2e1e30f51744d9b,Minute du premier but,30100,46-60,6.73
b2e1e30f51744d9b,Minute du premier but,30100,61-75,11.52
b2e1e30f51744d9b,Minute du premier but,30100,76-90,13.04
b2e1e30f51744d9b,Minute du premier but,30100,Pas de but,13.33
b2e1e30f51744d9b,FTTS,30101,1,1.24
b2e1e30f51744d9b,FTTS,30101,2,4.19
b2e1e30f51744d9b,FTTS,30101,Pas de but,13.33
b2e1e30f51744d9b,Multi-Buts,30102,"Le total de buts est de 0, 1 ou 2",2.12
b2e1e30f51744d9b,Multi-Buts,30102,"Le total de buts est de 1, 2 ou 3",1.47
b2e1e30f51744d9b,Multi-Buts,30102,"Le total de buts est de 2, 3 ou 4",1.37
b2e1e30f51744d9b,Multi-Buts,30102,Le total de buts est supérieur à 4,6.82
b2e1e30f51744d9b,2ème mi-tps - CS,30105,0-0,4.09
b2e1e30f51744d9b,2ème mi-tps - CS,30105,0-1,19.08
b2e1e30f51744d9b,2ème mi-tps - CS,30105,0-2,100.0
b2e1e30f51744d9b,2ème mi-tps - CS,30105,0-3,100.0
b2e1e30f51744d9b,2ème mi-tps - CS,30105,1-0,4.42
b2e1e30f51744d9b,2ème mi-tps - CS,30105,1-1,9.16
b2e1e30f51744d9b,2ème mi-tps - CS,30105,1-2,78.32
b2e1e30f51744d9b,2ème mi-tps - CS,30105,2-0,4.12
b2e1e30f51744d9b,2ème mi-tps - CS,30105,2-1,12.8
b2e1e30f51744d9b,2ème mi-tps - CS,30105,3-0,5.75
7046ae7501bba791,1X2,30083,1,1.46
7046ae7501bba791,1X2,30083,X,6.13
7046ae7501bba791,1X2,30083,2,4.71
7046ae7501bba791,Mi-tps 1X2,30084,1,1.76
7046ae7501bba791,Mi-tps 1X2,30084,X,3.31
7046ae7501bba791,Mi-tps 1X2,30084,2,4.8
7046ae7501bba791,Double Chance,30085,1X,1.16
7046ae7501bba791,Double Chance,30085,X2,2.61
7046ae7501bba791,Double Chance,30085,12,1.09
7046ae7501bba791,Mi-tps DC,30086,1X,1.15
7046ae7501bba791,Mi-tps DC,30086,X2,1.96
7046ae7501bba791,Mi-tps DC,30086,12,1.29
7046ae7501bba791,Score exact,30081,0-0,70.0
7046ae7501bba791,Score exact,30081,0-1,49.94
7046ae7501bba791,Score exact,30081,0-2,49.39
7046ae7501bba791,Score exact,30081,0-3,66.25
7046ae7501bba791,Score exact,30081,0-4,100.0
7046ae7501bba791,Score exact,30081,0-5,100.0
7046ae7501bba791,Score exact,30081,0-6,100.0
7046ae7501bba791,Score exact,30081,1-0,43.1
7046ae7501bba791,Score exact,30081,1-1,19.04
7046ae7501bba791,Score exact,30081,1-2,19.17
7046ae7501bba791,Score exact,30081,1-3,30.38
7046ae7501bba791,Score exact,30081,1-4,67.66
7046ae7501bba791,Score exact,30081,1-5,100.0
7046ae7501bba791,Score exact,30081,2-0,22.28
7046ae7501bba791,Score exact,30081,2-1,10.92
7046ae7501bba791,Score exact,30081,2-2,12.82
7046ae7501bba791,Score exact,30081,2-3,22.65
7046ae7501bba791,Score exact,30081,2-4,85.16
7046ae7501bba791,Score exact,30081,3-0,15.0
7046ae7501bba791,Score exact,30081,3-1,9.82
7046ae7501bba791,Score exact,30081,3-2,11.94
7046ae7501bba791,Score exact,30081,3-3,36.23
7046ae7501bba791,Score exact,30081,4-0,18.64
7046ae7501bba791,Score exact,30081,4-1,10.58
7046ae7501bba791,Score exact,30081,4-2,22.51
7046ae7501bba791,Score exact,30081,5-0,21.4
7046ae7501bba791,Score exact,30081,5-1,20.74
7046ae7501bba791,Score exact,30081,6-0,41.95
7046ae7501bba791,Mi-tps CS,30082,0-0,7.18
7046ae7501bba791,Mi-tps CS,30082,0-1,11.49
7046ae7501bba791,Mi-tps CS,30082,0-2,20.52
7046ae7501bba791,Mi-tps CS,30082,0-3,54.94
7046ae7501bba791,Mi-tps CS,30082,1-0,7.71
7046ae7501bba791,Mi-tps CS,30082,1-1,5.49
7046ae7501bba791,Mi-tps CS,30082,1-2,14.7
7046ae7501bba791,Mi-tps CS,30082,2-0,5.89
7046ae7501bba791,Mi-tps CS,30082,2-1,6.29
7046ae7501bba791,Mi-tps CS,30082,3-0,6.75
7046ae7501bba791,+/-,30087,> 0.5,0.96
7046ae7501bba791,+/-,30087,< 0.5,73.96
7046ae7501bba791,+/-,30087,> 1.5,0.99
7046ae7501bba791,+/-,30087,< 1.5,18.37
7046ae7501bba791,+/-,30087,> 2.5,1.12
7046ae7501bba791,+/-,30087,< 2.5,6.03
7046ae7501bba791,+/-,30087,> 3.5,1.47
7046ae7501bba791,+/-,30087,< 3.5,2.64
7046ae7501bba791,HT/FT,30089,1/1,1.98
7046ae7501bba791,HT/FT,30089,1/X,18.03
7046ae7501bba791,HT/FT,30089,1/2,32.37
7046ae7501bba791,HT/FT,30089,X/1,6.03
7046ae7501bba791,HT/FT,30089,X/X,13.71
7046ae7501bba791,HT/FT,30089,X/2,13.45
7046ae7501bba791,HT/FT,30089,2/1,18.83
7046ae7501bba791,HT/FT,30089,2/X,22.72
7046ae7501bba791,HT/FT,30089,2/2,8.4
7046ae7501bba791,Total de buts,30090,0,70.0
7046ae7501bba791,Total de buts,30090,1,23.13
7046ae7501bba791,Total de buts,30090,2,8.5
7046ae7501bba791,Total de buts,30090,3,4.43
7046ae7501bba791,Total de buts,30090,4,3.66
7046ae7501bba791,Total de buts,30090,5,3.49
7046ae7501bba791,Total de buts,30090,6,6.27
7046ae7501bba791,G/NG,30091,Oui,1.35
7046ae7501bba791,G/NG,30091,Non,3.12
7046ae7501bba791,Les deux équipes marquent / 1ère mi temps,30092,Oui,2.65
7046ae7501bba791,Les deux équipes marquent / 1ère mi temps,30092,Non,1.46
7046ae7501bba791,1X2 & Total,30093,1 / > 1.5,1.45
7046ae7501bba791,1X2 & Total,30093,X / > 1.5,6.44
7046ae7501bba791,1X2 & Total,30093,2 / > 1.5,4.98
7046ae7501bba791,1X2 & Total,30093,1 / < 1.5,43.88
7046ae7501bba791,1X2 & Total,30093,X / < 1.5,71.27
7046ae7501bba791,1X2 & Total,30093,2 / < 1.5,50.85
7046ae7501bba791,1X2 & Total,30093,1 / > 2.5,1.55
7046ae7501bba791,1X2 & Total,30093,X / > 2.5,9.64
7046ae7501bba791,1X2 & Total,30093,2 / > 2.5,5.53
7046ae7501bba791,1X2 & Total,30093,1 / < 2.5,14.95
7046ae7501bba791,1X2 & Total,30093,X / < 2.5,15.24
7046ae7501bba791,1X2 & Total,30093,2 / < 2.5,25.28
7046ae7501bba791,1X2 & Total,30093,1 / > 3.5,2.05
7046ae7501bba791,1X2 & Total,30093,X / > 3.5,9.64
7046ae7501bba791,1X2 & Total,30093,2 / > 3.5,8.72
7046ae7501bba791,1X2 & Total,30093,1 / < 3.5,4.5
7046ae7501bba791,1X2 & Total,30093,X / < 3.5,15.24
7046ae7501bba791,1X2 & Total,30093,2 / < 3.5,9.47
7046ae7501bba791,1X2 & G/NG,30094,1 gagne et les deux équipes marquent,2.15
7046ae7501bba791,1X2 & G/NG,30094,1 gagne et seulement  1  marque,3.86
7046ae7501bba791,1X2 & G/NG,30094,X et les deux équipes marquent,6.32
7046ae7501bba791,1X2 & G/NG,30094,X et aucun but,70.0
7046ae7501bba791,1X2 & G/NG,30094,2 gagne et les deux équipes marquent,6.29
7046ae7501bba791,1X2 & G/NG,30094,2 gagne et seulement 2 marque,15.29
7046ae7501bba791,Total equipe domicile,30095,> 0.5,1.02
7046ae7501bba791,Total equipe domicile,30095,< 0.5,13.26
7046ae7501bba791,Total equipe domicile,30095,> 1.5,1.23
7046ae7501bba791,Total equipe domicile,30095,< 1.5,4.09
7046ae7501bba791,Total equipe domicile,30095,> 2.5,1.79
7046ae7501bba791,Total equipe domicile,30095,< 2.5,2.0
7046ae7501bba791,Total equipe domicile,30095,> 3.5,3.39
7046ae7501bba791,Total equipe domicile,30095,< 3.5,1.31
7046ae7501bba791,Total equipe extérieur,30096,> 0.5,1.25
7046ae7501bba791,Total equipe extérieur,30096,< 0.5,3.87
7046ae7501bba791,Total equipe extérieur,30096,> 1.5,2.41
7046ae7501bba791,Total equipe extérieur,30096,< 1.5,1.55
7046ae7501bba791,Total equipe extérieur,30096,> 2.5,6.63
7046ae7501bba791,Total equipe extérieur,30096,< 2.5,1.1
7046ae7501bba791,Total equipe extérieur,30096,> 3.5,26.61
7046ae7501bba791,Total equipe extérieur,30096,< 3.5,0.98
7046ae7501bba791,G/NG equipe domicile,30097,Oui,1.02
7046ae7501bba791,G/NG equipe domicile,30097,Non,13.26
7046ae7501bba791,G/NG equipe extérieur,30098,Oui,1.25
7046ae7501bba791,G/NG equipe extérieur,30098,Non,3.87
7046ae7501bba791,Pair/Impair,30099,Impair,1.87
7046ae7501bba791,Pair/Impair,30099,Pair,1.84
7046ae7501bba791,Minute du premier but,30100,1-15,3.22
7046ae7501bba791,Minute du premier but,30100,16-30,2.37
7046ae7501bba791,Minute du premier but,30100,31-45,5.15
7046ae7501bba791,Minute du premier but,30100,46-60,10.52
7046ae7501bba791,Minute du premier but,30100,61-75,21.01
7046ae7501bba791,Minute du premier but,30100,76-90,26.9
7046ae7501bba791,Minute du premier but,30100,Pas de but,70.0
7046ae7501bba791,FTTS,30101,1,1.51
7046ae7501bba791,FTTS,30101,2,2.26
7046ae7501bba791,FTTS,30101,Pas de but,70.0
7046ae7501bba791,Multi-Buts,30102,"Le total de buts est de 0, 1 ou 2",5.81
7046ae7501bba791,Multi-Buts,30102,"Le total de buts est de 1, 2 ou 3",2.64
7046ae7501bba791,Multi-Buts,30102,"Le total de buts est de 2, 3 ou 4",1.65
7046ae7501bba791,Multi-Buts,30102,Le total de buts est supérieur à 4,2.28
7046ae7501bba791,2ème mi-tps - CS,30105,0-0,8.26
7046ae7501bba791,2ème mi-tps - CS,30105,0-1,10.63
7046ae7501bba791,2ème mi-tps - CS,30105,0-2,14.19
7046ae7501bba791,2ème mi-tps - CS,30105,0-3,28.42
7046ae7501bba791,2ème mi-tps - CS,30105,1-0,11.91
7046ae7501bba791,2ème mi-tps - CS,30105,1-1,6.81
7046ae7501bba791,2ème mi-tps - CS,30105,1-2,13.64
7046ae7501bba791,2ème mi-tps - CS,30105,2-0,6.46
7046ae7501bba791,2ème mi-tps - CS,30105,2-1,5.55
7046ae7501bba791,2ème mi-tps - CS,30105,3-0,5.26
4dd2b1f126625692,1X2,30083,1,1.72
4dd2b1f126625692,1X2,30083,X,4.11
4dd2b1f126625692,1X2,30083,2,4.24
4dd2b1f126625692,Mi-tps 1X2,30084,1,2.41
4dd2b1f126625692,Mi-tps 1X2,30084,X,2.19
4dd2b1f126625692,Mi-tps 1X2,30084,2,4.81
4dd2b1f126625692,Double Chance,30085,1X,1.19
4dd2b1f126625692,Double Chance,30085,X2,2.05
4dd2b1f126625692,Double Chance,30085,12,1.2
4dd2b1f126625692,Mi-tps DC,30086,1X,1.15
4dd2b1f126625692,Mi-tps DC,30086,X2,1.5
4dd2b1f126625692,Mi-tps DC,30086,12,1.61
4dd2b1f126625692,Score exact,30081,0-0,19.85
4dd2b1f126625692,Score exact,30081,0-1,20.78
4dd2b1f126625692,Score exact,30081,0-2,31.75
4dd2b1f126625692,Score exact,30081,0-3,66.36
4dd2b1f126625692,Score exact,30081,0-4,100.0
4dd2b1f126625692,Score exact,30081,0-5,100.0
4dd2b1f126625692,Score exact,30081,0-6,100.0
4dd2b1f126625692,Score exact,30081,1-0,13.16
4dd2b1f126625692,Score exact,30081,1-1,8.43
4dd2b1f126625692,Score exact,30081,1-2,13.05
4dd2b1f126625692,Score exact,30081,1-3,33.01
4dd2b1f126625692,Score exact,30081,1-4,100.0
4dd2b1f126625692,Score exact,30081,1-5,100.0
4dd2b1f126625692,Score exact,30081,2-0,11.76
4dd2b1f126625692,Score exact,30081,2-1,7.75
4dd2b1f126625692,Score exact,30081,2-2,12.74
4dd2b1f126625692,Score exact,30081,2-3,35.84
4dd2b1f126625692,Score exact,30081,2-4,100.0
4dd2b1f126625692,Score exact,30081,3-0,14.18
4dd2b1f126625692,Score exact,30081,3-1,11.54
4dd2b1f126625692,Score exact,30081,3-2,20.79
4dd2b1f126625692,Score exact,30081,3-3,100.0
4dd2b1f126625692,Score exact,30081,4-0,28.23
4dd2b1f126625692,Score exact,30081,4-1,23.67
4dd2b1f126625692,Score exact,30081,4-2,76.86
4dd2b1f126625692,Score exact,30081,5-0,70.07
4dd2b1f126625692,Score exact,30081,5-1,100.0
4dd2b1f126625692,Score exact,30081,6-0,100.0
4dd2b1f126625692,Mi-tps CS,30082,0-0,3.31
4dd2b1f126625692,Mi-tps CS,30082,0-1,8.02
4dd2b1f126625692,Mi-tps CS,30082,0-2,22.96
4dd2b1f126625692,Mi-tps CS,30082,0-3,98.56
4dd2b1f126625692,Mi-tps CS,30082,1-0,5.01
4dd2b1f126625692,Mi-tps CS,30082,1-1,5.4
4dd2b1f126625692,Mi-tps CS,30082,1-2,23.18
4dd2b1f126625692,Mi-tps CS,30082,2-0,8.35
4dd2b1f126625692,Mi-tps CS,30082,2-1,13.49
4dd2b1f126625692,Mi-tps CS,30082,3-0,20.88
4dd2b1f126625692,+/-,30087,> 0.5,0.99
4dd2b1f126625692,+/-,30087,< 0.5,20.97
4dd2b1f126625692,+/-,30087,> 1.5,1.12
4dd2b1f126625692,+/-,30087,< 1.5,6.06
4dd2b1f126625692,+/-,30087,> 2.5,1.49
4dd2b1f126625692,+/-,30087,< 2.5,2.58
4dd2b1f126625692,+/-,30087,> 3.5,2.52
4dd2b1f126625692,+/-,30087,< 3.5,1.51
4dd2b1f126625692,HT/FT,30089,1/1,2.72
4dd2b1f126625692,HT/FT,30089,1/X,22.01
4dd2b1f126625692,HT/FT,30089,1/2,58.65
4dd2b1f126625692,HT/FT,30089,X/1,4.74
4dd2b1f126625692,HT/FT,30089,X/X,6.05
4dd2b1f126625692,HT/FT,30089,X/2,10.19
4dd2b1f126625692,HT/FT,30089,2/1,28.27
4dd2b1f126625692,HT/FT,30089,2/X,21.53
4dd2b1f126625692,HT/FT,30089,2/2,7.47
4dd2b1f126625692,Total de buts,30090,0,19.85
4dd2b1f126625692,Total de buts,30090,1,8.06
4dd2b1f126625692,Total de buts,30090,2,4.25
4dd2b1f126625692,Total de buts,30090,3,3.43
4dd2b1f126625692,Total de buts,30090,4,4.25
4dd2b1f126625692,Total de buts,30090,5,7.04
4dd2b1f126625692,Total de buts,30090,6,23.99
4dd2b1f126625692,G/NG,30091,Oui,1.54
4dd2b1f126625692,G/NG,30091,Non,2.43
4dd2b1f126625692,Les deux équipes marquent / 1ère mi temps,30092,Oui,3.59
4dd2b1f126625692,Les deux équipes marquent / 1ère mi temps,30092,Non,1.28
4dd2b1f126625692,1X2 & Total,30093,1 / > 1.5,1.89
4dd2b1f126625692,1X2 & Total,30093,X / > 1.5,4.92
4dd2b1f126625692,1X2 & Total,30093,2 / > 1.5,5.07
4dd2b1f126625692,1X2 & Total,30093,1 / < 1.5,13.4
4dd2b1f126625692,1X2 & Total,30093,X / < 1.5,20.21
4dd2b1f126625692,1X2 & Total,30093,2 / < 1.5,21.16
4dd2b1f126625692,1X2 & Total,30093,1 / > 2.5,2.25
4dd2b1f126625692,1X2 & Total,30093,X / > 2.5,11.55
4dd2b1f126625692,1X2 & Total,30093,2 / > 2.5,6.01
4dd2b1f126625692,1X2 & Total,30093,1 / < 2.5,6.32
4dd2b1f126625692,1X2 & Total,30093,X / < 2.5,6.02
4dd2b1f126625692,1X2 & Total,30093,2 / < 2.5,12.79
4dd2b1f126625692,1X2 & Total,30093,1 / > 3.5,4.02
4dd2b1f126625692,1X2 & Total,30093,X / > 3.5,11.55
4dd2b1f126625692,1X2 & Total,30093,2 / > 3.5,13.09
4dd2b1f126625692,1X2 & Total,30093,1 / < 3.5,2.82
4dd2b1f126625692,1X2 & Total,30093,X / < 3.5,6.02
4dd2b1f126625692,1X2 & Total,30093,2 / < 3.5,5.94
4dd2b1f126625692,1X2 & G/NG,30094,1 gagne et les deux équipes marquent,3.04
4dd2b1f126625692,1X2 & G/NG,30094,1 gagne et seulement  1  marque,3.51
4dd2b1f126625692,1X2 & G/NG,30094,X et les deux équipes marquent,4.83
4dd2b1f126625692,1X2 & G/NG,30094,X et aucun but,19.85
4dd2b1f126625692,1X2 & G/NG,30094,2 gagne et les deux équipes marquent,6.72
4dd2b1f126625692,1X2 & G/NG,30094,2 gagne et seulement 2 marque,9.97
4dd2b1f126625692,Total equipe domicile,30095,> 0.5,1.09
4dd2b1f126625692,Total equipe domicile,30095,< 0.5,7.01
4dd2b1f126625692,Total equipe domicile,30095,> 1.5,1.61
4dd2b1f126625692,Total equipe domicile,30095,< 1.5,2.29
4dd2b1f126625692,Total equipe domicile,30095,> 2.5,3.17
4dd2b1f126625692,Total equipe domicile,30095,< 2.5,1.34
4dd2b1f126625692,Total equipe domicile,30095,> 3.5,8.93
4dd2b1f126625692,Total equipe domicile,30095,< 3.5,1.05
4dd2b1f126625692,Total equipe extérieur,30096,> 0.5,1.35
4dd2b1f126625692,Total equipe extérieur,30096,< 0.5,3.15
4dd2b1f126625692,Total equipe extérieur,30096,> 1.5,3.02
4dd2b1f126625692,Total equipe extérieur,30096,< 1.5,1.37
4dd2b1f126625692,Total equipe extérieur,30096,> 2.5,10.3
4dd2b1f126625692,Total equipe extérieur,30096,< 2.5,1.04
4dd2b1f126625692,Total equipe extérieur,30096,> 3.5,53.86
4dd2b1f126625692,Total equipe extérieur,30096,< 3.5,0.96
4dd2b1f126625692,G/NG equipe domicile,30097,Oui,1.09
4dd2b1f126625692,G/NG equipe domicile,30097,Non,7.01
4dd2b1f126625692,G/NG equipe extérieur,30098,Oui,1.35
4dd2b1f126625692,G/NG equipe extérieur,30098,Non,3.15
4dd2b1f126625692,Pair/Impair,30099,Impair,1.86
4dd2b1f126625692,Pair/Impair,30099,Pair,1.84
4dd2b1f126625692,Minute du premier but,30100,1-15,3.99
4dd2b1f126625692,Minute du premier but,30100,16-30,2.75
4dd2b1f126625692,Minute du premier but,30100,31-45,5.01
4dd2b1f126625692,Minute du premier but,30100,46-60,7.61
4dd2b1f126625692,Minute du premier but,30100,61-75,14.52
4dd2b1f126625692,Minute du premier but,30100,76-90,17.93
4dd2b1f126625692,Minute du premier but,30100,Pas de but,19.85
4dd2b1f126625692,FTTS,30101,1,1.61
4dd2b1f126625692,FTTS,30101,2,2.24
4dd2b1f126625692,FTTS,30101,Pas de but,19.85
4dd2b1f126625692,Multi-Buts,30102,"Le total de buts est de 0, 1 ou 2",2.49
4dd2b1f126625692,Multi-Buts,30102,"Le total de buts est de 1, 2 ou 3",1.57
4dd2b1f126625692,Multi-Buts,30102,"Le total de buts est de 2, 3 ou 4",1.34
4dd2b1f126625692,Multi-Buts,30102,Le total de buts est supérieur à 4,5.54
4dd2b1f126625692,2ème mi-tps - CS,30105,0-0,5.08
4dd2b1f126625692,2ème mi-tps - CS,30105,0-1,9.36
4dd2b1f126625692,2ème mi-tps - CS,30105,0-2,19.76
4dd2b1f126625692,2ème mi-tps - CS,30105,0-3,62.55
4dd2b1f126625692,2ème mi-tps - CS,30105,1-0,5.99
4dd2b1f126625692,2ème mi-tps - CS,30105,1-1,4.91
4dd2b1f126625692,2ème mi-tps - CS,30105,1-2,15.54
4dd2b1f126625692,2ème mi-tps - CS,30105,2-0,6.93
4dd2b1f126625692,2ème mi-tps - CS,30105,2-1,8.52
4dd2b1f126625692,2ème mi-tps - CS,30105,3-0,12.04
bd0ab6eedf97853d,1X2,30083,1,1.68
bd0ab6eedf97853d,1X2,30083,X,5.62
bd0ab6eedf97853d,1X2,30083,2,3.51
bd0ab6eedf97853d,Mi-tps 1X2,30084,1,1.96
bd0ab6eedf97853d,Mi-tps 1X2,30084,X,3.21
bd0ab6eedf97853d,Mi-tps 1X2,30084,2,3.87
bd0ab6eedf97853d,Double Chance,30085,1X,1.27
bd0ab6eedf97853d,Double Chance,30085,X2,2.12
bd0ab6eedf97853d,Double Chance,30085,12,1.11
bd0ab6eedf97853d,Mi-tps DC,30086,1X,1.22
bd0ab6eedf97853d,Mi-tps DC,30086,X2,1.75
bd0ab6eedf97853d,Mi-tps DC,30086,12,1.3
bd0ab6eedf97853d,Score exact,30081,0-0,87.89
bd0ab6eedf97853d,Score exact,30081,0-1,54.51
bd0ab6eedf97853d,Score exact,30081,0-2,44.16
bd0ab6eedf97853d,Score exact,30081,0-3,48.08
bd0ab6eedf97853d,Score exact,30081,0-4,86.96
bd0ab6eedf97853d,Score exact,30081,0-5,100.0
bd0ab6eedf97853d,Score exact,30081,0-6,100.0
bd0ab6eedf97853d,Score exact,30081,1-0,51.08
bd0ab6eedf97853d,Score exact,30081,1-1,19.57
bd0ab6eedf97853d,Score exact,30081,1-2,16.37
bd0ab6eedf97853d,Score exact,30081,1-3,21.43
bd0ab6eedf97853d,Score exact,30081,1-4,38.85
bd0ab6eedf97853d,Score exact,30081,1-5,100.0
bd0ab6eedf97853d,Score exact,30081,2-0,27.76
bd0ab6eedf97853d,Score exact,30081,2-1,11.6
bd0ab6eedf97853d,Score exact,30081,2-2,11.25
bd0ab6eedf97853d,Score exact,30081,2-3,16.27
bd0ab6eedf97853d,Score exact,30081,2-4,50.58
bd0ab6eedf97853d,Score exact,30081,3-0,19.63
bd0ab6eedf97853d,Score exact,30081,3-1,10.71
bd0ab6eedf97853d,Score exact,30081,3-2,10.89
bd0ab6eedf97853d,Score exact,30081,3-3,27.26
bd0ab6eedf97853d,Score exact,30081,4-0,24.73
bd0ab6eedf97853d,Score exact,30081,4-1,12.23
bd0ab6eedf97853d,Score exact,30081,4-2,21.87
bd0ab6eedf97853d,Score exact,30081,5-0,31.25
bd0ab6eedf97853d,Score exact,30081,5-1,26.36
bd0ab6eedf97853d,Score exact,30081,6-0,67.38
bd0ab6eedf97853d,Mi-tps CS,30082,0-0,7.57
bd0ab6eedf97853d,Mi-tps CS,30082,0-1,10.57
bd0ab6eedf97853d,Mi-tps CS,30082,0-2,15.81
bd0ab6eedf97853d,Mi-tps CS,30082,0-3,35.5
bd0ab6eedf97853d,Mi-tps CS,30082,1-0,8.07
bd0ab6eedf97853d,Mi-tps CS,30082,1-1,5.0
bd0ab6eedf97853d,Mi-tps CS,30082,1-2,11.23
bd0ab6eedf97853d,Mi-tps CS,30082,2-0,6.83
bd0ab6eedf97853d,Mi-tps CS,30082,2-1,6.35
bd0ab6eedf97853d,Mi-tps CS,30082,3-0,8.68
bd0ab6eedf97853d,+/-,30087,> 0.5,0.95
bd0ab6eedf97853d,+/-,30087,< 0.5,92.86
bd0ab6eedf97853d,+/-,30087,> 1.5,0.99
bd0ab6eedf97853d,+/-,30087,< 1.5,21.43
bd0ab6eedf97853d,+/-,30087,> 2.5,1.1
bd0ab6eedf97853d,+/-,30087,< 2.5,6.64
bd0ab6eedf97853d,+/-,30087,> 3.5,1.42
bd0ab6eedf97853d,+/-,30087,< 3.5,2.79
bd0ab6eedf97853d,HT/FT,30089,1/1,2.36
bd0ab6eedf97853d,HT/FT,30089,1/X,15.88
bd0ab6eedf97853d,HT/FT,30089,1/2,23.92
bd0ab6eedf97853d,HT/FT,30089,X/1,6.5
bd0ab6eedf97853d,HT/FT,30089,X/X,13.57
bd0ab6eedf97853d,HT/FT,30089,X/2,10.44
bd0ab6eedf97853d,HT/FT,30089,2/1,18.95
bd0ab6eedf97853d,HT/FT,30089,2/X,19.46
bd0ab6eedf97853d,HT/FT,30089,2/2,6.11
bd0ab6eedf97853d,Total de buts,30090,0,87.89
bd0ab6eedf97853d,Total de buts,30090,1,26.37
bd0ab6eedf97853d,Total de buts,30090,2,9.11
bd0ab6eedf97853d,Total de buts,30090,3,4.57
bd0ab6eedf97853d,Total de buts,30090,4,3.56
bd0ab6eedf97853d,Total de buts,30090,5,3.36
bd0ab6eedf97853d,Total de buts,30090,6,6.13
bd0ab6eedf97853d,G/NG,30091,Oui,1.27
bd0ab6eedf97853d,G/NG,30091,Non,3.71
bd0ab6eedf97853d,Les deux équipes marquent / 1ère mi temps,30092,Oui,2.43
bd0ab6eedf97853d,Les deux équipes marquent / 1ère mi temps,30092,Non,1.54
bd0ab6eedf97853d,1X2 & Total,30093,1 / > 1.5,1.67
bd0ab6eedf97853d,1X2 & Total,30093,X / > 1.5,5.76
bd0ab6eedf97853d,1X2 & Total,30093,2 / > 1.5,3.6
bd0ab6eedf97853d,1X2 & Total,30093,1 / < 1.5,52.01
bd0ab6eedf97853d,1X2 & Total,30093,X / < 1.5,89.49
bd0ab6eedf97853d,1X2 & Total,30093,2 / < 1.5,55.5
bd0ab6eedf97853d,1X2 & Total,30093,1 / > 2.5,1.77
bd0ab6eedf97853d,1X2 & Total,30093,X / > 2.5,8.11
bd0ab6eedf97853d,1X2 & Total,30093,2 / > 2.5,3.91
bd0ab6eedf97853d,1X2 & Total,30093,1 / < 2.5,18.31
bd0ab6eedf97853d,1X2 & Total,30093,X / < 2.5,16.3
bd0ab6eedf97853d,1X2 & Total,30093,2 / < 2.5,24.84
bd0ab6eedf97853d,1X2 & Total,30093,1 / > 3.5,2.33
bd0ab6eedf97853d,1X2 & Total,30093,X / > 3.5,8.11
bd0ab6eedf97853d,1X2 & Total,30093,2 / > 3.5,5.71
bd0ab6eedf97853d,1X2 & Total,30093,1 / < 3.5,5.28
bd0ab6eedf97853d,1X2 & Total,30093,X / < 3.5,16.3
bd0ab6eedf97853d,1X2 & Total,30093,2 / < 3.5,8.29
bd0ab6eedf97853d,1X2 & G/NG,30094,1 gagne et les deux équipes marquent,2.29
bd0ab6eedf97853d,1X2 & G/NG,30094,1 gagne et seulement  1  marque,5.16
bd0ab6eedf97853d,1X2 & G/NG,30094,X et les deux équipes marquent,5.66
bd0ab6eedf97853d,1X2 & G/NG,30094,X et aucun but,87.89
bd0ab6eedf97853d,1X2 & G/NG,30094,2 gagne et les deux équipes marquent,4.51
bd0ab6eedf97853d,1X2 & G/NG,30094,2 gagne et seulement 2 marque,12.53
bd0ab6eedf97853d,Total equipe domicile,30095,> 0.5,1.03
bd0ab6eedf97853d,Total equipe domicile,30095,< 0.5,11.58
bd0ab6eedf97853d,Total equipe domicile,30095,> 1.5,1.29
bd0ab6eedf97853d,Total equipe domicile,30095,< 1.5,3.5
bd0ab6eedf97853d,Total equipe domicile,30095,> 2.5,2.01
bd0ab6eedf97853d,Total equipe domicile,30095,< 2.5,1.78
bd0ab6eedf97853d,Total equipe domicile,30095,> 3.5,4.18
bd0ab6eedf97853d,Total equipe domicile,30095,< 3.5,1.22
bd0ab6eedf97853d,Total equipe extérieur,30096,> 0.5,1.16
bd0ab6eedf97853d,Total equipe extérieur,30096,< 0.5,5.15
bd0ab6eedf97853d,Total equipe extérieur,30096,> 1.5,1.93
bd0ab6eedf97853d,Total equipe extérieur,30096,< 1.5,1.84
bd0ab6eedf97853d,Total equipe extérieur,30096,> 2.5,4.48
bd0ab6eedf97853d,Total equipe extérieur,30096,< 2.5,1.2
bd0ab6eedf97853d,Total equipe extérieur,30096,> 3.5,15.02
bd0ab6eedf97853d,Total equipe extérieur,30096,< 3.5,1.01
bd0ab6eedf97853d,G/NG equipe domicile,30097,Oui,1.03
bd0ab6eedf97853d,G/NG equipe domicile,30097,Non,11.58
bd0ab6eedf97853d,G/NG equipe extérieur,30098,Oui,1.16
bd0ab6eedf97853d,G/NG equipe extérieur,30098,Non,5.15
bd0ab6eedf97853d,Pair/Impair,30099,Impair,1.87
bd0ab6eedf97853d,Pair/Impair,30099,Pair,1.84
bd0ab6eedf97853d,Minute du premier but,30100,1-15,3.13
bd0ab6eedf97853d,Minute du premier but,30100,16-30,2.34
bd0ab6eedf97853d,Minute du premier but,30100,31-45,5.24
bd0ab6eedf97853d,Minute du premier but,30100,46-60,10.85
bd0ab6eedf97853d,Minute du premier but,30100,61-75,22.39
bd0ab6eedf97853d,Minute du premier but,30100,76-90,29.44
bd0ab6eedf97853d,Minute du premier but,30100,Pas de but,87.89
bd0ab6eedf97853d,FTTS,30101,1,1.6
bd0ab6eedf97853d,FTTS,30101,2,2.07
bd0ab6eedf97853d,FTTS,30101,Pas de but,87.89
bd0ab6eedf97853d,Multi-Buts,30102,"Le total de buts est de 0, 1 ou 2",6.4
bd0ab6eedf97853d,Multi-Buts,30102,"Le total de buts est de 1, 2 ou 3",2.78
bd0ab6eedf97853d,Multi-Buts,30102,"Le total de buts est de 2, 3 ou 4",1.67
bd0ab6eedf97853d,Multi-Buts,30102,Le total de buts est supérieur à 4,2.21
bd0ab6eedf97853d,2ème mi-tps - CS,30105,0-0,9.83
bd0ab6eedf97853d,2ème mi-tps - CS,30105,0-1,10.97
bd0ab6eedf97853d,2ème mi-tps - CS,30105,0-2,11.31
bd0ab6eedf97853d,2ème mi-tps - CS,30105,0-3,17.47
bd0ab6eedf97853d,2ème mi-tps - CS,30105,1-0,12.57
bd0ab6eedf97853d,2ème mi-tps - CS,30105,1-1,6.24
bd0ab6eedf97853d,2ème mi-tps - CS,30105,1-2,9.64
bd0ab6eedf97853d,2ème mi-tps - CS,30105,2-0,7.42
bd0ab6eedf97853d,2ème mi-tps - CS,30105,2-1,5.52
bd0ab6eedf97853d,2ème mi-tps - CS,30105,3-0,6.57
1437ed61c2156e67,1X2,30083,1,1.78
1437ed61c2156e67,1X2,30083,X,5.22
1437ed61c2156e67,1X2,30083,2,3.27
1437ed61c2156e67,Mi-tps 1X2,30084,1,2.09
1437ed61c2156e67,Mi-tps 1X2,30084,X,3.03
1437ed61c2156e67,Mi-tps 1X2,30084,2,3.67
1437ed61c2156e67,Double Chance,30085,1X,1.3
1437ed61c2156e67,Double Chance,30085,X2,1.97
1437ed61c2156e67,Double Chance,30085,12,1.13
1437ed61c2156e67,Mi-tps DC,30086,1X,1.24
1437ed61c2156e67,Mi-tps DC,30086,X2,1.66
1437ed61c2156e67,Mi-tps DC,30086,12,1.33
1437ed61c2156e67,Score exact,30081,0-0,81.19
1437ed61c2156e67,Score exact,30081,0-1,50.85
1437ed61c2156e67,Score exact,30081,0-2,41.92
1437ed61c2156e67,Score exact,30081,0-3,46.5
1437ed61c2156e67,Score exact,30081,0-4,85.32
1437ed61c2156e67,Score exact,30081,0-5,100.0
1437ed61c2156e67,Score exact,30081,0-6,100.0
1437ed61c2156e67,Score exact,30081,1-0,44.29
1437ed61c2156e67,Score exact,30081,1-1,17.07
1437ed61c2156e67,Score exact,30081,1-2,14.52
1437ed61c2156e67,Score exact,30081,1-3,19.56
1437ed61c2156e67,Score exact,30081,1-4,36.35
1437ed61c2156e67,Score exact,30081,1-5,100.0
1437ed61c2156e67,Score exact,30081,2-0,26.46
1437ed61c2156e67,Score exact,30081,2-1,10.86
1437ed61c2156e67,Score exact,30081,2-2,10.37
1437ed61c2156e67,Score exact,30081,2-3,15.37
1437ed61c2156e67,Score exact,30081,2-4,49.76
1437ed61c2156e67,Score exact,30081,3-0,20.9
1437ed61c2156e67,Score exact,30081,3-1,10.79
1437ed61c2156e67,Score exact,30081,3-2,11.01
1437ed61c2156e67,Score exact,30081,3-3,28.38
1437ed61c2156e67,Score exact,30081,4-0,27.94
1437ed61c2156e67,Score exact,30081,4-1,13.86
1437ed61c2156e67,Score exact,30081,4-2,24.97
1437ed61c2156e67,Score exact,30081,5-0,41.15
1437ed61c2156e67,Score exact,30081,5-1,34.9
1437ed61c2156e67,Score exact,30081,6-0,100.0
1437ed61c2156e67,Mi-tps CS,30082,0-0,7.02
1437ed61c2156e67,Mi-tps CS,30082,0-1,9.88
1437ed61c2156e67,Mi-tps CS,30082,0-2,14.95
1437ed61c2156e67,Mi-tps CS,30082,0-3,33.95
1437ed61c2156e67,Mi-tps CS,30082,1-0,7.64
1437ed61c2156e67,Mi-tps CS,30082,1-1,4.78
1437ed61c2156e67,Mi-tps CS,30082,1-2,10.85
1437ed61c2156e67,Mi-tps CS,30082,2-0,7.32
1437ed61c2156e67,Mi-tps CS,30082,2-1,6.86
1437ed61c2156e67,Mi-tps CS,30082,3-0,10.51
1437ed61c2156e67,+/-,30087,> 0.5,0.95
1437ed61c2156e67,+/-,30087,< 0.5,85.79
1437ed61c2156e67,+/-,30087,> 1.5,0.99
1437ed61c2156e67,+/-,30087,< 1.5,19.37
1437ed61c2156e67,+/-,30087,> 2.5,1.12
1437ed61c2156e67,+/-,30087,< 2.5,6.05
1437ed61c2156e67,+/-,30087,> 3.5,1.48
1437ed61c2156e67,+/-,30087,< 3.5,2.61
1437ed61c2156e67,HT/FT,30089,1/1,2.54
1437ed61c2156e67,HT/FT,30089,1/X,15.9
1437ed61c2156e67,HT/FT,30089,1/2,25.71
1437ed61c2156e67,HT/FT,30089,X/1,6.52
1437ed61c2156e67,HT/FT,30089,X/X,11.65
1437ed61c2156e67,HT/FT,30089,X/2,9.67
1437ed61c2156e67,HT/FT,30089,2/1,21.0
1437ed61c2156e67,HT/FT,30089,2/X,18.59
1437ed61c2156e67,HT/FT,30089,2/2,5.53
1437ed61c2156e67,Total de buts,30090,0,81.19
1437ed61c2156e67,Total de buts,30090,1,23.67
1437ed61c2156e67,Total de buts,30090,2,8.32
1437ed61c2156e67,Total de buts,30090,3,4.34
1437ed61c2156e67,Total de buts,30090,4,3.48
1437ed61c2156e67,Total de buts,30090,5,3.51
1437ed61c2156e67,Total de buts,30090,6,7.03
1437ed61c2156e67,G/NG,30091,Oui,1.25
1437ed61c2156e67,G/NG,30091,Non,3.86
1437ed61c2156e67,Les deux équipes marquent / 1ère mi temps,30092,Oui,2.43
1437ed61c2156e67,Les deux équipes marquent / 1ère mi temps,30092,Non,1.54
1437ed61c2156e67,1X2 & Total,30093,1 / > 1.5,1.78
1437ed61c2156e67,1X2 & Total,30093,X / > 1.5,5.35
1437ed61c2156e67,1X2 & Total,30093,2 / > 1.5,3.36
1437ed61c2156e67,1X2 & Total,30093,1 / < 1.5,45.1
1437ed61c2156e67,1X2 & Total,30093,X / < 1.5,82.67
1437ed61c2156e67,1X2 & Total,30093,2 / < 1.5,51.77
1437ed61c2156e67,1X2 & Total,30093,1 / > 2.5,1.91
1437ed61c2156e67,1X2 & Total,30093,X / > 2.5,7.73
1437ed61c2156e67,1X2 & Total,30093,2 / > 2.5,3.64
1437ed61c2156e67,1X2 & Total,30093,1 / < 2.5,16.87
1437ed61c2156e67,1X2 & Total,30093,X / < 2.5,14.36
1437ed61c2156e67,1X2 & Total,30093,2 / < 2.5,23.4
1437ed61c2156e67,1X2 & Total,30093,1 / > 3.5,2.58
1437ed61c2156e67,1X2 & Total,30093,X / > 3.5,7.73
1437ed61c2156e67,1X2 & Total,30093,2 / > 3.5,5.38
1437ed61c2156e67,1X2 & Total,30093,1 / < 3.5,5.08
1437ed61c2156e67,1X2 & Total,30093,X / < 3.5,14.36
1437ed61c2156e67,1X2 & Total,30093,2 / < 3.5,7.6
1437ed61c2156e67,1X2 & G/NG,30094,1 gagne et les deux équipes marquent,2.4
1437ed61c2156e67,1X2 & G/NG,30094,1 gagne et seulement  1  marque,5.62
1437ed61c2156e67,1X2 & G/NG,30094,X et les deux équipes marquent,5.26
1437ed61c2156e67,1X2 & G/NG,30094,X et aucun but,81.19
1437ed61c2156e67,1X2 & G/NG,30094,2 gagne et les deux équipes marquent,4.17
1437ed61c2156e67,1X2 & G/NG,30094,2 gagne et seulement 2 marque,12.01
1437ed61c2156e67,Total equipe domicile,30095,> 0.5,1.03
1437ed61c2156e67,Total equipe domicile,30095,< 0.5,11.05
1437ed61c2156e67,Total equipe domicile,30095,> 1.5,1.34
1437ed61c2156e67,Total equipe domicile,30095,< 1.5,3.19
1437ed61c2156e67,Total equipe domicile,30095,> 2.5,2.21
1437ed61c2156e67,Total equipe domicile,30095,< 2.5,1.64
1437ed61c2156e67,Total equipe domicile,30095,> 3.5,5.02
1437ed61c2156e67,Total equipe domicile,30095,< 3.5,1.16
1437ed61c2156e67,Total equipe extérieur,30096,> 0.5,1.14
1437ed61c2156e67,Total equipe extérieur,30096,< 0.5,5.55
1437ed61c2156e67,Total equipe extérieur,30096,> 1.5,1.87
1437ed61c2156e67,Total equipe extérieur,30096,< 1.5,1.91
1437ed61c2156e67,Total equipe extérieur,30096,> 2.5,4.3
1437ed61c2156e67,Total equipe extérieur,30096,< 2.5,1.21
1437ed61c2156e67,Total equipe extérieur,30096,> 3.5,14.48
1437ed61c2156e67,Total equipe extérieur,30096,< 3.5,1.01
1437ed61c2156e67,G/NG equipe domicile,30097,Oui,1.03
1437ed61c2156e67,G/NG equipe domicile,30097,Non,11.05
1437ed61c2156e67,G/NG equipe extérieur,30098,Oui,1.14
1437ed61c2156e67,G/NG equipe extérieur,30098,Non,5.55
1437ed61c2156e67,Pair/Impair,30099,Impair,1.86
1437ed61c2156e67,Pair/Impair,30099,Pair,1.84
1437ed61c2156e67,Minute du premier but,30100,1-15,3.16
1437ed61c2156e67,Minute du premier but,30100,16-30,2.35
1437ed61c2156e67,Minute du premier but,30100,31-45,5.23
1437ed61c2156e67,Minute du premier but,30100,46-60,10.49
1437ed61c2156e67,Minute du premier but,30100,61-75,22.01
1437ed61c2156e67,Minute du premier but,30100,76-90,29.3
1437ed61c2156e67,Minute du premier but,30100,Pas de but,81.19
1437ed61c2156e67,FTTS,30101,1,1.63
1437ed61c2156e67,FTTS,30101,2,2.02
1437ed61c2156e67,FTTS,30101,Pas de but,81.19
1437ed61c2156e67,Multi-Buts,30102,"Le total de buts est de 0, 1 ou 2",5.83
1437ed61c2156e67,Multi-Buts,30102,"Le total de buts est de 1, 2 ou 3",2.59
1437ed61c2156e67,Multi-Buts,30102,"Le total de buts est de 2, 3 ou 4",1.6
1437ed61c2156e67,Multi-Buts,30102,Le total de buts est supérieur à 4,2.38
1437ed61c2156e67,2ème mi-tps - CS,30105,0-0,9.79
1437ed61c2156e67,2ème mi-tps - CS,30105,0-1,11.06
1437ed61c2156e67,2ème mi-tps - CS,30105,0-2,11.69
1437ed61c2156e67,2ème mi-tps - CS,30105,0-3,18.55
1437ed61c2156e67,2ème mi-tps - CS,30105,1-0,10.71
1437ed61c2156e67,2ème mi-tps - CS,30105,1-1,5.37
1437ed61c2156e67,2ème mi-tps - CS,30105,1-2,8.53
1437ed61c2156e67,2ème mi-tps - CS,30105,2-0,7.72
1437ed61c2156e67,2ème mi-tps - CS,30105,2-1,5.81
1437ed61c2156e67,2ème mi-tps - CS,30105,3-0,8.35
