match_key,bet_type_name,bet_type_id,outcome_short_name,odds
f9f7c6430e0faa1a,1X2,30083,1,2.68
f9f7c6430e0faa1a,1X2,30083,X,3.68
f9f7c6430e0faa1a,1X2,30083,2,2.41
f9f7c6430e0faa1a,Mi-tps 1X2,30084,1,3.56
f9f7c6430e0faa1a,Mi-tps 1X2,30084,X,2.08
f9f7c6430e0faa1a,Mi-tps 1X2,30084,2,3.15
f9f7c6430e0faa1a,Double Chance,30085,1X,1.52
f9f7c6430e0faa1a,Double Chance,30085,X2,1.43
f9f7c6430e0faa1a,Double Chance,30085,12,1.25
f9f7c6430e0faa1a,Mi-tps DC,30086,1X,1.31
f9f7c6430e0faa1a,Mi-tps DC,30086,X2,1.25
f9f7c6430e0faa1a,Mi-tps DC,30086,12,1.67
f9f7c6430e0faa1a,Score exact,30081,0-0,17.4
f9f7c6430e0faa1a,Score exact,30081,0-1,14.18
f9f7c6430e0faa1a,Score exact,30081,0-2,16.42
f9f7c6430e0faa1a,Score exact,30081,0-3,25.87
f9f7c6430e0faa1a,Score exact,30081,0-4,65.98
f9f7c6430e0faa1a,Score exact,30081,0-5,100.0
f9f7c6430e0faa1a,Score exact,30081,0-6,100.0
f9f7c6430e0faa1a,Score exact,30081,1-0,14.99
f9f7c6430e0faa1a,Score exact,30081,1-1,7.47
f9f7c6430e0faa1a,Score exact,30081,1-2,8.81
f9f7c6430e0faa1a,Score exact,30081,1-3,16.92
f9f7c6430e0faa1a,Score exact,30081,1-4,45.41
f9f7c6430e0faa1a,Score exact,30081,1-5,100.0
f9f7c6430e0faa1a,Score exact,30081,2-0,18.42
f9f7c6430e0faa1a,Score exact,30081,2-1,9.36
f9f7c6430e0faa1a,Score exact,30081,2-2,11.66
f9f7c6430e0faa1a,Score exact,30081,2-3,24.73
f9f7c6430e0faa1a,Score exact,30081,2-4,100.0
f9f7c6430e0faa1a,Score exact,30081,3-0,30.85
f9f7c6430e0faa1a,Score exact,30081,3-1,19.17
f9f7c6430e0faa1a,Score exact,30081,3-2,26.38
f9f7c6430e0faa1a,Score exact,30081,3-3,98.9
f9f7c6430e0faa1a,Score exact,30081,4-0,84.53
f9f7c6430e0faa1a,Score exact,30081,4-1,55.06
f9f7c6430e0faa1a,Score exact,30081,4-2,100.0
f9f7c6430e0faa1a,Score exact,30081,5-0,100.0
f9f7c6430e0faa1a,Score exact,30081,5-1,100.0
f9f7c6430e0faa1a,Score exact,30081,6-0,100.0
f9f7c6430e0faa1a,Mi-tps CS,30082,0-0,3.11
f9f7c6430e0faa1a,Mi-tps CS,30082,0-1,5.8
f9f7c6430e0faa1a,Mi-tps CS,30082,0-2,12.4
f9f7c6430e0faa1a,Mi-tps CS,30082,0-3,39.77
f9f7c6430e0faa1a,Mi-tps CS,30082,1-0,6.31
f9f7c6430e0faa1a,Mi-tps CS,30082,1-1,5.23
f9f7c6430e0faa1a,Mi-tps CS,30082,1-2,16.76
f9f7c6430e0faa1a,Mi-tps CS,30082,2-0,14.84
f9f7c6430e0faa1a,Mi-tps CS,30082,2-1,18.44
f9f7c6430e0faa1a,Mi-tps CS,30082,3-0,52.35
f9f7c6430e0faa1a,+/-,30087,> 0.5,0.99
f9f7c6430e0faa1a,+/-,30087,< 0.5,18.38
f9f7c6430e0faa1a,+/-,30087,> 1.5,1.14
f9f7c6430e0faa1a,+/-,30087,< 1.5,5.43
f9f7c6430e0faa1a,+/-,30087,> 2.5,1.56
f9f7c6430e0faa1a,+/-,30087,< 2.5,2.38
f9f7c6430e0faa1a,+/-,30087,> 3.5,2.75
f9f7c6430e0faa1a,+/-,30087,< 3.5,1.44
f9f7c6430e0faa1a,HT/FT,30089,1/1,4.62
f9f7c6430e0faa1a,HT/FT,30089,1/X,20.46
f9f7c6430e0faa1a,HT/FT,30089,1/2,38.47
f9f7c6430e0faa1a,HT/FT,30089,X/1,6.58
f9f7c6430e0faa1a,HT/FT,30089,X/X,5.36
f9f7c6430e0faa1a,HT/FT,30089,X/2,6.22
f9f7c6430e0faa1a,HT/FT,30089,2/1,38.41
f9f7c6430e0faa1a,HT/FT,30089,2/X,19.34
f9f7c6430e0faa1a,HT/FT,30089,2/2,3.98
f9f7c6430e0faa1a,Total de buts,30090,0,17.4
f9f7c6430e0faa1a,Total de buts,30090,1,7.29
f9f7c6430e0faa1a,Total de buts,30090,2,4.01
f9f7c6430e0faa1a,Total de buts,30090,3,3.43
f9f7c6430e0faa1a,Total de buts,30090,4,4.46
f9f7c6430e0faa1a,Total de buts,30090,5,7.9
f9f7c6430e0faa1a,Total de buts,30090,6,29.25
f9f7c6430e0faa1a,G/NG,30091,Oui,1.5
f9f7c6430e0faa1a,G/NG,30091,Non,2.53
f9f7c6430e0faa1a,Les deux équipes marquent / 1ère mi temps,30092,Oui,3.55
f9f7c6430e0faa1a,Les deux équipes marquent / 1ère mi temps,30092,Non,1.28
f9f7c6430e0faa1a,1X2 & Total,30093,1 / > 1.5,3.11
f9f7c6430e0faa1a,1X2 & Total,30093,X / > 1.5,4.43
f9f7c6430e0faa1a,1X2 & Total,30093,2 / > 1.5,2.77
f9f7c6430e0faa1a,1X2 & Total,30093,1 / < 1.5,15.27
f9f7c6430e0faa1a,1X2 & Total,30093,X / < 1.5,17.71
f9f7c6430e0faa1a,1X2 & Total,30093,2 / < 1.5,14.44
f9f7c6430e0faa1a,1X2 & Total,30093,1 / > 2.5,3.72
f9f7c6430e0faa1a,1X2 & Total,30093,X / > 2.5,10.62
f9f7c6430e0faa1a,1X2 & Total,30093,2 / > 2.5,3.32
f9f7c6430e0faa1a,1X2 & Total,30093,1 / < 2.5,8.42
f9f7c6430e0faa1a,1X2 & Total,30093,X / < 2.5,5.32
f9f7c6430e0faa1a,1X2 & Total,30093,2 / < 2.5,7.75
f9f7c6430e0faa1a,1X2 & Total,30093,1 / > 3.5,7.58
f9f7c6430e0faa1a,1X2 & Total,30093,X / > 3.5,10.62
f9f7c6430e0faa1a,1X2 & Total,30093,2 / > 3.5,6.59
f9f7c6430e0faa1a,1X2 & Total,30093,1 / < 3.5,3.91
f9f7c6430e0faa1a,1X2 & Total,30093,X / < 3.5,5.32
f9f7c6430e0faa1a,1X2 & Total,30093,2 / < 3.5,3.59
f9f7c6430e0faa1a,1X2 & G/NG,30094,1 gagne et les deux équipes marquent,4.44
f9f7c6430e0faa1a,1X2 & G/NG,30094,1 gagne et seulement  1  marque,5.91
f9f7c6430e0faa1a,1X2 & G/NG,30094,X et les deux équipes marquent,4.35
f9f7c6430e0faa1a,1X2 & G/NG,30094,X et aucun but,17.4
f9f7c6430e0faa1a,1X2 & G/NG,30094,2 gagne et les deux équipes marquent,4.04
f9f7c6430e0faa1a,1X2 & G/NG,30094,2 gagne et seulement 2 marque,5.24
f9f7c6430e0faa1a,Total equipe domicile,30095,> 0.5,1.21
f9f7c6430e0faa1a,Total equipe domicile,30095,< 0.5,4.26
f9f7c6430e0faa1a,Total equipe domicile,30095,> 1.5,2.24
f9f7c6430e0faa1a,Total equipe domicile,30095,< 1.5,1.63
f9f7c6430e0faa1a,Total equipe domicile,30095,> 2.5,5.97
f9f7c6430e0faa1a,Total equipe domicile,30095,< 2.5,1.12
f9f7c6430e0faa1a,Total equipe domicile,30095,> 3.5,23.86
f9f7c6430e0faa1a,Total equipe domicile,30095,< 3.5,0.98
f9f7c6430e0faa1a,Total equipe extérieur,30096,> 0.5,1.18
f9f7c6430e0faa1a,Total equipe extérieur,30096,< 0.5,4.66
f9f7c6430e0faa1a,Total equipe extérieur,30096,> 1.5,2.08
f9f7c6430e0faa1a,Total equipe extérieur,30096,< 1.5,1.73
f9f7c6430e0faa1a,Total equipe extérieur,30096,> 2.5,5.2
f9f7c6430e0faa1a,Total equipe extérieur,30096,< 2.5,1.15
f9f7c6430e0faa1a,Total equipe extérieur,30096,> 3.5,19.21
f9f7c6430e0faa1a,Total equipe extérieur,30096,< 3.5,0.99
f9f7c6430e0faa1a,G/NG equipe domicile,30097,Oui,1.21
f9f7c6430e0faa1a,G/NG equipe domicile,30097,Non,4.26
f9f7c6430e0faa1a,G/NG equipe extérieur,30098,Oui,1.18
f9f7c6430e0faa1a,G/NG equipe extérieur,30098,Non,4.66
f9f7c6430e0faa1a,Pair/Impair,30099,Impair,1.87
f9f7c6430e0faa1a,Pair/Impair,30099,Pair,1.84
f9f7c6430e0faa1a,Minute du premier but,30100,1-15,4.07
f9f7c6430e0faa1a,Minute du premier but,30100,16-30,2.79
f9f7c6430e0faa1a,Minute du premier but,30100,31-45,5.04
f9f7c6430e0faa1a,Minute du premier but,30100,46-60,7.47
f9f7c6430e0faa1a,Minute du premier but,30100,61-75,14.26
f9f7c6430e0faa1a,Minute du premier but,30100,76-90,17.61
f9f7c6430e0faa1a,Minute du premier but,30100,Pas de but,17.4
f9f7c6430e0faa1a,FTTS,30101,1,1.93
f9f7c6430e0faa1a,FTTS,30101,2,1.84
f9f7c6430e0faa1a,FTTS,30101,Pas de but,17.4
f9f7c6430e0faa1a,Multi-Buts,30102,"Le total de buts est de 0, 1 ou 2",2.29
f9f7c6430e0faa1a,Multi-Buts,30102,"Le total de buts est de 1, 2 ou 3",1.5
f9f7c6430e0faa1a,Multi-Buts,30102,"Le total de buts est de 2, 3 ou 4",1.33
f9f7c6430e0faa1a,Multi-Buts,30102,Le total de buts est supérieur à 4,6.33
f9f7c6430e0faa1a,2ème mi-tps - CS,30105,0-0,4.74
f9f7c6430e0faa1a,2ème mi-tps - CS,30105,0-1,6.86
f9f7c6430e0faa1a,2ème mi-tps - CS,30105,0-2,10.8
f9f7c6430e0faa1a,2ème mi-tps - CS,30105,0-3,25.49
f9f7c6430e0faa1a,2ème mi-tps - CS,30105,1-0,7.1
f9f7c6430e0faa1a,2ème mi-tps - CS,30105,1-1,4.57
f9f7c6430e0faa1a,2ème mi-tps - CS,30105,1-2,10.79
f9f7c6430e0faa1a,2ème mi-tps - CS,30105,2-0,11.67
f9f7c6430e0faa1a,2ème mi-tps - CS,30105,2-1,11.27
f9f7c6430e0faa1a,2ème mi-tps - CS,30105,3-0,28.79
2b8f1497b911ea32,1X2,30083,1,1.94
2b8f1497b911ea32,1X2,30083,X,3.79
2b8f1497b911ea32,1X2,30083,2,3.56
2b8f1497b911ea32,Mi-tps 1X2,30084,1,2.64
2b8f1497b911ea32,Mi-tps 1X2,30084,X,2.1
2b8f1497b911ea32,Mi-tps 1X2,30084,2,4.46
2b8f1497b911ea32,Double Chance,30085,1X,1.26
2b8f1497b911ea32,Double Chance,30085,X2,1.8
2b8f1497b911ea32,Double Chance,30085,12,1.23
2b8f1497b911ea32,Mi-tps DC,30086,1X,1.17
2b8f1497b911ea32,Mi-tps DC,30086,X2,1.43
2b8f1497b911ea32,Mi-tps DC,30086,12,1.66
2b8f1497b911ea32,Score exact,30081,0-0,16.92
2b8f1497b911ea32,Score exact,30081,0-1,17.07
2b8f1497b911ea32,Score exact,30081,0-2,25.0
2b8f1497b911ea32,Score exact,30081,0-3,50.04
2b8f1497b911ea32,Score exact,30081,0-4,100.0
2b8f1497b911ea32,Score exact,30081,0-5,100.0
2b8f1497b911ea32,Score exact,30081,0-6,100.0
2b8f1497b911ea32,Score exact,30081,1-0,12.39
2b8f1497b911ea32,Score exact,30081,1-1,7.64
2b8f1497b911ea32,Score exact,30081,1-2,11.37
2b8f1497b911ea32,Score exact,30081,1-3,27.72
2b8f1497b911ea32,Score exact,30081,1-4,95.32
2b8f1497b911ea32,Score exact,30081,1-5,100.0
2b8f1497b911ea32,Score exact,30081,2-0,12.63
2b8f1497b911ea32,Score exact,30081,2-1,7.96
2b8f1497b911ea32,Score exact,30081,2-2,12.52
2b8f1497b911ea32,Score exact,30081,2-3,33.83
2b8f1497b911ea32,Score exact,30081,2-4,100.0
2b8f1497b911ea32,Score exact,30081,3-0,17.47
2b8f1497b911ea32,Score exact,30081,3-1,13.47
2b8f1497b911ea32,Score exact,30081,3-2,23.31
2b8f1497b911ea32,Score exact,30081,3-3,100.0
2b8f1497b911ea32,Score exact,30081,4-0,39.23
2b8f1497b911ea32,Score exact,30081,4-1,31.64
2b8f1497b911ea32,Score exact,30081,4-2,98.64
2b8f1497b911ea32,Score exact,30081,5-0,100.0
2b8f1497b911ea32,Score exact,30081,5-1,100.0
2b8f1497b911ea32,Score exact,30081,6-0,100.0
2b8f1497b911ea32,Mi-tps CS,30082,0-0,3.08
2b8f1497b911ea32,Mi-tps CS,30082,0-1,7.37
2b8f1497b911ea32,Mi-tps CS,30082,0-2,20.76
2b8f1497b911ea32,Mi-tps CS,30082,0-3,87.77
2b8f1497b911ea32,Mi-tps CS,30082,1-0,5.12
2b8f1497b911ea32,Mi-tps CS,30082,1-1,5.44
2b8f1497b911ea32,Mi-tps CS,30082,1-2,22.98
2b8f1497b911ea32,Mi-tps CS,30082,2-0,9.56
2b8f1497b911ea32,Mi-tps CS,30082,2-1,15.22
2b8f1497b911ea32,Mi-tps CS,30082,3-0,26.75
2b8f1497b911ea32,+/-,30087,> 0.5,1.0
2b8f1497b911ea32,+/-,30087,< 0.5,17.88
2b8f1497b911ea32,+/-,30087,> 1.5,1.15
2b8f1497b911ea32,+/-,30087,< 1.5,5.33
2b8f1497b911ea32,+/-,30087,> 2.5,1.57
2b8f1497b911ea32,+/-,30087,< 2.5,2.36
2b8f1497b911ea32,+/-,30087,> 3.5,2.78
2b8f1497b911ea32,+/-,30087,< 3.5,1.43
2b8f1497b911ea32,HT/FT,30089,1/1,3.09
2b8f1497b911ea32,HT/FT,30089,1/X,20.36
2b8f1497b911ea32,HT/FT,30089,1/2,49.5
2b8f1497b911ea32,HT/FT,30089,X/1,5.21
2b8f1497b911ea32,HT/FT,30089,X/X,5.44
2b8f1497b911ea32,HT/FT,30089,X/2,8.38
2b8f1497b911ea32,HT/FT,30089,2/1,33.94
2b8f1497b911ea32,HT/FT,30089,2/X,21.72
2b8f1497b911ea32,HT/FT,30089,2/2,6.37
2b8f1497b911ea32,Total de buts,30090,0,16.92
2b8f1497b911ea32,Total de buts,30090,1,7.18
2b8f1497b911ea32,Total de buts,30090,2,4.0
2b8f1497b911ea32,Total de buts,30090,3,3.44
2b8f1497b911ea32,Total de buts,30090,4,4.51
2b8f1497b911ea32,Total de buts,30090,5,8.0
2b8f1497b911ea32,Total de buts,30090,6,29.48
2b8f1497b911ea32,G/NG,30091,Oui,1.55
2b8f1497b911ea32,G/NG,30091,Non,2.41
2b8f1497b911ea32,Les deux équipes marquent / 1ère mi temps,30092,Oui,3.7
2b8f1497b911ea32,Les deux équipes marquent / 1ère mi temps,30092,Non,1.27
2b8f1497b911ea32,1X2 & Total,30093,1 / > 1.5,2.2
2b8f1497b911ea32,1X2 & Total,30093,X / > 1.5,4.63
2b8f1497b911ea32,1X2 & Total,30093,2 / > 1.5,4.28
2b8f1497b911ea32,1X2 & Total,30093,1 / < 1.5,12.61
2b8f1497b911ea32,1X2 & Total,30093,X / < 1.5,17.23
2b8f1497b911ea32,1X2 & Total,30093,2 / < 1.5,17.38
2b8f1497b911ea32,1X2 & Total,30093,1 / > 2.5,2.65
2b8f1497b911ea32,1X2 & Total,30093,X / > 2.5,11.46
2b8f1497b911ea32,1X2 & Total,30093,2 / > 2.5,5.14
2b8f1497b911ea32,1X2 & Total,30093,1 / < 2.5,6.37
2b8f1497b911ea32,1X2 & Total,30093,X / < 2.5,5.36
2b8f1497b911ea32,1X2 & Total,30093,2 / < 2.5,10.33
2b8f1497b911ea32,1X2 & Total,30093,1 / > 3.5,5.05
2b8f1497b911ea32,1X2 & Total,30093,X / > 3.5,11.46
2b8f1497b911ea32,1X2 & Total,30093,2 / > 3.5,11.3
2b8f1497b911ea32,1X2 & Total,30093,1 / < 3.5,2.97
2b8f1497b911ea32,1X2 & Total,30093,X / < 3.5,5.36
2b8f1497b911ea32,1X2 & Total,30093,2 / < 3.5,4.93
2b8f1497b911ea32,1X2 & G/NG,30094,1 gagne et les deux équipes marquent,3.44
2b8f1497b911ea32,1X2 & G/NG,30094,1 gagne et seulement  1  marque,3.95
2b8f1497b911ea32,1X2 & G/NG,30094,X et les deux équipes marquent,4.55
2b8f1497b911ea32,1X2 & G/NG,30094,X et aucun but,16.92
2b8f1497b911ea32,1X2 & G/NG,30094,2 gagne et les deux équipes marquent,5.87
2b8f1497b911ea32,1X2 & G/NG,30094,2 gagne et seulement 2 marque,7.92
2b8f1497b911ea32,Total equipe domicile,30095,> 0.5,1.13
2b8f1497b911ea32,Total equipe domicile,30095,< 0.5,5.7
2b8f1497b911ea32,Total equipe domicile,30095,> 1.5,1.8
2b8f1497b911ea32,Total equipe domicile,30095,< 1.5,1.98
2b8f1497b911ea32,Total equipe domicile,30095,> 2.5,3.94
2b8f1497b911ea32,Total equipe domicile,30095,< 2.5,1.24
2b8f1497b911ea32,Total equipe domicile,30095,> 3.5,12.49
2b8f1497b911ea32,Total equipe domicile,30095,< 3.5,1.02
2b8f1497b911ea32,Total equipe extérieur,30096,> 0.5,1.31
2b8f1497b911ea32,Total equipe extérieur,30096,< 0.5,3.38
2b8f1497b911ea32,Total equipe extérieur,30096,> 1.5,2.78
2b8f1497b911ea32,Total equipe extérieur,30096,< 1.5,1.43
2b8f1497b911ea32,Total equipe extérieur,30096,> 2.5,8.87
2b8f1497b911ea32,Total equipe extérieur,30096,< 2.5,1.06
2b8f1497b911ea32,Total equipe extérieur,30096,> 3.5,43.11
2b8f1497b911ea32,Total equipe extérieur,30096,< 3.5,0.96
2b8f1497b911ea32,G/NG equipe domicile,30097,Oui,1.13
2b8f1497b911ea32,G/NG equipe domicile,30097,Non,5.7
2b8f1497b911ea32,G/NG equipe extérieur,30098,Oui,1.31
2b8f1497b911ea32,G/NG equipe extérieur,30098,Non,3.38
2b8f1497b911ea32,Pair/Impair,30099,Impair,1.87
2b8f1497b911ea32,Pair/Impair,30099,Pair,1.84
2b8f1497b911ea32,Minute du premier but,30100,1-15,4.12
2b8f1497b911ea32,Minute du premier but,30100,16-30,2.81
2b8f1497b911ea32,Minute du premier but,30100,31-45,5.04
2b8f1497b911ea32,Minute du premier but,30100,46-60,7.42
2b8f1497b911ea32,Minute du premier but,30100,61-75,14.02
2b8f1497b911ea32,Minute du premier but,30100,76-90,17.2
2b8f1497b911ea32,Minute du premier but,30100,Pas de but,16.92
2b8f1497b911ea32,FTTS,30101,1,1.68
2b8f1497b911ea32,FTTS,30101,2,2.14
2b8f1497b911ea32,FTTS,30101,Pas de but,16.92
2b8f1497b911ea32,Multi-Buts,30102,"Le total de buts est de 0, 1 ou 2",2.27
2b8f1497b911ea32,Multi-Buts,30102,"Le total de buts est de 1, 2 ou 3",1.5
2b8f1497b911ea32,Multi-Buts,30102,"Le total de buts est de 2, 3 ou 4",1.33
2b8f1497b911ea32,Multi-Buts,30102,Le total de buts est supérieur à 4,6.41
2b8f1497b911ea32,2ème mi-tps - CS,30105,0-0,4.65
2b8f1497b911ea32,2ème mi-tps - CS,30105,0-1,8.12
2b8f1497b911ea32,2ème mi-tps - CS,30105,0-2,16.09
2b8f1497b911ea32,2ème mi-tps - CS,30105,0-3,47.85
2b8f1497b911ea32,2ème mi-tps - CS,30105,1-0,6.09
2b8f1497b911ea32,2ème mi-tps - CS,30105,1-1,4.72
2b8f1497b911ea32,2ème mi-tps - CS,30105,1-2,14.05
2b8f1497b911ea32,2ème mi-tps - CS,30105,2-0,8.33
2b8f1497b911ea32,2ème mi-tps - CS,30105,2-1,9.71
2b8f1497b911ea32,2ème mi-tps - CS,30105,3-0,17.12
cc8986c8b7abbfb1,1X2,30083,1,1.33
cc8986c8b7abbfb1,1X2,30083,X,5.57
cc8986c8b7abbfb1,1X2,30083,2,7.66
cc8986c8b7abbfb1,Mi-tps 1X2,30084,1,1.79
cc8986c8b7abbfb1,Mi-tps 1X2,30084,X,2.62
cc8986c8b7abbfb1,Mi-tps 1X2,30084,2,7.2
cc8986c8b7abbfb1,Double Chance,30085,1X,1.06
cc8986c8b7abbfb1,Double Chance,30085,X2,3.17
cc8986c8b7abbfb1,Double Chance,30085,12,1.11
cc8986c8b7abbfb1,Mi-tps DC,30086,1X,1.06
cc8986c8b7abbfb1,Mi-tps DC,30086,X2,1.92
cc8986c8b7abbfb1,Mi-tps DC,30086,12,1.43
cc8986c8b7abbfb1,Score exact,30081,0-0,27.75
cc8986c8b7abbfb1,Score exact,30081,0-1,34.53
cc8986c8b7abbfb1,Score exact,30081,0-2,63.54
cc8986c8b7abbfb1,Score exact,30081,0-3,100.0
cc8986c8b7abbfb1,Score exact,30081,0-4,100.0
cc8986c8b7abbfb1,Score exact,30081,0-5,100.0
cc8986c8b7abbfb1,Score exact,30081,0-6,100.0
cc8986c8b7abbfb1,Score exact,30081,1-0,15.45
cc8986c8b7abbfb1,Score exact,30081,1-1,11.81
cc8986c8b7abbfb1,Score exact,30081,1-2,21.9
cc8986c8b7abbfb1,Score exact,30081,1-3,65.92
cc8986c8b7abbfb1,Score exact,30081,1-4,100.0
cc8986c8b7abbfb1,Score exact,30081,1-5,100.0
cc8986c8b7abbfb1,Score exact,30081,2-0,10.39
cc8986c8b7abbfb1,Score exact,30081,2-1,8.31
cc8986c8b7abbfb1,Score exact,30081,2-2,16.57
cc8986c8b7abbfb1,Score exact,30081,2-3,55.77
cc8986c8b7abbfb1,Score exact,30081,2-4,100.0
cc8986c8b7abbfb1,Score exact,30081,3-0,9.3
cc8986c8b7abbfb1,Score exact,30081,3-1,9.23
cc8986c8b7abbfb1,Score exact,30081,3-2,19.91
cc8986c8b7abbfb1,Score exact,30081,3-3,100.0
cc8986c8b7abbfb1,Score exact,30081,4-0,13.81
cc8986c8b7abbfb1,Score exact,30081,4-1,13.65
cc8986c8b7abbfb1,Score exact,30081,4-2,52.7
cc8986c8b7abbfb1,Score exact,30081,5-0,23.98
cc8986c8b7abbfb1,Score exact,30081,5-1,40.51
cc8986c8b7abbfb1,Score exact,30081,6-0,71.17
cc8986c8b7abbfb1,Mi-tps CS,30082,0-0,4.13
cc8986c8b7abbfb1,Mi-tps CS,30082,0-1,11.71
cc8986c8b7abbfb1,Mi-tps CS,30082,0-2,39.72
cc8986c8b7abbfb1,Mi-tps CS,30082,0-3,100.0
cc8986c8b7abbfb1,Mi-tps CS,30082,1-0,4.82
cc8986c8b7abbfb1,Mi-tps CS,30082,1-1,6.07
cc8986c8b7abbfb1,Mi-tps CS,30082,1-2,30.9
cc8986c8b7abbfb1,Mi-tps CS,30082,2-0,5.46
cc8986c8b7abbfb1,Mi-tps CS,30082,2-1,10.33
cc8986c8b7abbfb1,Mi-tps CS,30082,3-0,9.29
cc8986c8b7abbfb1,+/-,30087,> 0.5,0.97
cc8986c8b7abbfb1,+/-,30087,< 0.5,29.32
cc8986c8b7abbfb1,+/-,30087,> 1.5,1.07
cc8986c8b7abbfb1,+/-,30087,< 1.5,8.15
cc8986c8b7abbfb1,+/-,30087,> 2.5,1.33
cc8986c8b7abbfb1,+/-,30087,< 2.5,3.24
cc8986c8b7abbfb1,+/-,30087,> 3.5,2.06
cc8986c8b7abbfb1,+/-,30087,< 3.5,1.74
cc8986c8b7abbfb1,HT/FT,30089,1/1,1.88
cc8986c8b7abbfb1,HT/FT,30089,1/X,27.06
cc8986c8b7abbfb1,HT/FT,30089,1/2,90.1
cc8986c8b7abbfb1,HT/FT,30089,X/1,4.49
cc8986c8b7abbfb1,HT/FT,30089,X/X,8.46
cc8986c8b7abbfb1,HT/FT,30089,X/2,18.07
cc8986c8b7abbfb1,HT/FT,30089,2/1,26.22
cc8986c8b7abbfb1,HT/FT,30089,2/X,29.04
cc8986c8b7abbfb1,HT/FT,30089,2/2,13.99
cc8986c8b7abbfb1,Total de buts,30090,0,27.75
cc8986c8b7abbfb1,Total de buts,30090,1,10.67
cc8986c8b7abbfb1,Total de buts,30090,2,5.08
cc8986c8b7abbfb1,Total de buts,30090,3,3.57
cc8986c8b7abbfb1,Total de buts,30090,4,3.88
cc8986c8b7abbfb1,Total de buts,30090,5,5.35
cc8986c8b7abbfb1,Total de buts,30090,6,14.49
cc8986c8b7abbfb1,G/NG,30091,Oui,1.67
cc8986c8b7abbfb1,G/NG,30091,Non,2.18
cc8986c8b7abbfb1,Les deux équipes marquent / 1ère mi temps,30092,Oui,3.69
cc8986c8b7abbfb1,Les deux équipes marquent / 1ère mi temps,30092,Non,1.27
cc8986c8b7abbfb1,1X2 & Total,30093,1 / > 1.5,1.4
cc8986c8b7abbfb1,1X2 & Total,30093,X / > 1.5,6.63
cc8986c8b7abbfb1,1X2 & Total,30093,2 / > 1.5,9.35
cc8986c8b7abbfb1,1X2 & Total,30093,1 / < 1.5,15.73
cc8986c8b7abbfb1,1X2 & Total,30093,X / < 1.5,28.25
cc8986c8b7abbfb1,1X2 & Total,30093,2 / < 1.5,35.15
cc8986c8b7abbfb1,1X2 & Total,30093,1 / > 2.5,1.61
cc8986c8b7abbfb1,1X2 & Total,30093,X / > 2.5,14.79
cc8986c8b7abbfb1,1X2 & Total,30093,2 / > 2.5,10.93
cc8986c8b7abbfb1,1X2 & Total,30093,1 / < 2.5,6.32
cc8986c8b7abbfb1,1X2 & Total,30093,X / < 2.5,8.43
cc8986c8b7abbfb1,1X2 & Total,30093,2 / < 2.5,22.78
cc8986c8b7abbfb1,1X2 & Total,30093,1 / > 3.5,2.52
cc8986c8b7abbfb1,1X2 & Total,30093,X / > 3.5,14.79
cc8986c8b7abbfb1,1X2 & Total,30093,2 / > 3.5,24.66
cc8986c8b7abbfb1,1X2 & Total,30093,1 / < 3.5,2.62
cc8986c8b7abbfb1,1X2 & Total,30093,X / < 3.5,8.43
cc8986c8b7abbfb1,1X2 & Total,30093,2 / < 3.5,10.54
cc8986c8b7abbfb1,1X2 & G/NG,30094,1 gagne et les deux équipes marquent,2.53
cc8986c8b7abbfb1,1X2 & G/NG,30094,1 gagne et seulement  1  marque,2.52
cc8986c8b7abbfb1,1X2 & G/NG,30094,X et les deux équipes marquent,6.51
cc8986c8b7abbfb1,1X2 & G/NG,30094,X et aucun but,27.75
cc8986c8b7abbfb1,1X2 & G/NG,30094,2 gagne et les deux équipes marquent,11.75
cc8986c8b7abbfb1,1X2 & G/NG,30094,2 gagne et seulement 2 marque,18.93
cc8986c8b7abbfb1,Total equipe domicile,30095,> 0.5,1.02
cc8986c8b7abbfb1,Total equipe domicile,30095,< 0.5,11.89
cc8986c8b7abbfb1,Total equipe domicile,30095,> 1.5,1.29
cc8986c8b7abbfb1,Total equipe domicile,30095,< 1.5,3.49
cc8986c8b7abbfb1,Total equipe domicile,30095,> 2.5,2.03
cc8986c8b7abbfb1,Total equipe domicile,30095,< 2.5,1.76
cc8986c8b7abbfb1,Total equipe domicile,30095,> 3.5,4.31
cc8986c8b7abbfb1,Total equipe domicile,30095,< 3.5,1.21
cc8986c8b7abbfb1,Total equipe extérieur,30096,> 0.5,1.54
cc8986c8b7abbfb1,Total equipe extérieur,30096,< 0.5,2.44
cc8986c8b7abbfb1,Total equipe extérieur,30096,> 1.5,4.28
cc8986c8b7abbfb1,Total equipe extérieur,30096,< 1.5,1.21
cc8986c8b7abbfb1,Total equipe extérieur,30096,> 2.5,18.86
cc8986c8b7abbfb1,Total equipe extérieur,30096,< 2.5,0.99
cc8986c8b7abbfb1,Total equipe extérieur,30096,> 3.5,100.0
cc8986c8b7abbfb1,Total equipe extérieur,30096,< 3.5,0.95
cc8986c8b7abbfb1,G/NG equipe domicile,30097,Oui,1.02
cc8986c8b7abbfb1,G/NG equipe domicile,30097,Non,11.89
cc8986c8b7abbfb1,G/NG equipe extérieur,30098,Oui,1.54
cc8986c8b7abbfb1,G/NG equipe extérieur,30098,Non,2.44
cc8986c8b7abbfb1,Pair/Impair,30099,Impair,1.85
cc8986c8b7abbfb1,Pair/Impair,30099,Pair,1.85
cc8986c8b7abbfb1,Minute du premier but,30100,1-15,3.78
cc8986c8b7abbfb1,Minute du premier but,30100,16-30,2.64
cc8986c8b7abbfb1,Minute du premier but,30100,31-45,4.96
cc8986c8b7abbfb1,Minute du premier but,30100,46-60,8.21
cc8986c8b7abbfb1,Minute du premier but,30100,61-75,15.5
cc8986c8b7abbfb1,Minute du premier but,30100,76-90,18.98
cc8986c8b7abbfb1,Minute du premier but,30100,Pas de but,27.75
cc8986c8b7abbfb1,FTTS,30101,1,1.4
cc8986c8b7abbfb1,FTTS,30101,2,2.69
cc8986c8b7abbfb1,FTTS,30101,Pas de but,27.75
cc8986c8b7abbfb1,Multi-Buts,30102,"Le total de buts est de 0, 1 ou 2",3.12
cc8986c8b7abbfb1,Multi-Buts,30102,"Le total de buts est de 1, 2 ou 3",1.79
cc8986c8b7abbfb1,Multi-Buts,30102,"Le total de buts est de 2, 3 ou 4",1.39
cc8986c8b7abbfb1,Multi-Buts,30102,Le total de buts est supérieur à 4,3.98
cc8986c8b7abbfb1,2ème mi-tps - CS,30105,0-0,5.69
cc8986c8b7abbfb1,2ème mi-tps - CS,30105,0-1,12.62
cc8986c8b7abbfb1,2ème mi-tps - CS,30105,0-2,32.78
cc8986c8b7abbfb1,2ème mi-tps - CS,30105,0-3,100.0
cc8986c8b7abbfb1,2ème mi-tps - CS,30105,1-0,6.06
cc8986c8b7abbfb1,2ème mi-tps - CS,30105,1-1,5.97
cc8986c8b7abbfb1,2ème mi-tps - CS,30105,1-2,23.27
cc8986c8b7abbfb1,2ème mi-tps - CS,30105,2-0,5.12
cc8986c8b7abbfb1,2ème mi-tps - CS,30105,2-1,7.57
cc8986c8b7abbfb1,2ème mi-tps - CS,30105,3-0,6.49
d404dbf6055ee1f9,1X2,30083,1,5.14
d404dbf6055ee1f9,1X2,30083,X,4.49
d404dbf6055ee1f9,1X2,30083,2,1.56
d404dbf6055ee1f9,Mi-tps 1X2,30084,1,5.66
d404dbf6055ee1f9,Mi-tps 1X2,30084,X,2.28
d404dbf6055ee1f9,Mi-tps 1X2,30084,2,2.15
d404dbf6055ee1f9,Double Chance,30085,1X,2.35
d404dbf6055ee1f9,Double Chance,30085,X2,1.13
d404dbf6055ee1f9,Double Chance,30085,12,1.17
d404dbf6055ee1f9,Mi-tps DC,30086,1X,1.63
d404dbf6055ee1f9,Mi-tps DC,30086,X2,1.11
d404dbf6055ee1f9,Mi-tps DC,30086,12,1.56
d404dbf6055ee1f9,Score exact,30081,0-0,22.22
d404dbf6055ee1f9,Score exact,30081,0-1,13.7
d404dbf6055ee1f9,Score exact,30081,0-2,11.02
d404dbf6055ee1f9,Score exact,30081,0-3,11.91
d404dbf6055ee1f9,Score exact,30081,0-4,21.34
d404dbf6055ee1f9,Score exact,30081,0-5,46.91
d404dbf6055ee1f9,Score exact,30081,0-6,100.0
d404dbf6055ee1f9,Score exact,30081,1-0,24.64
d404dbf6055ee1f9,Score exact,30081,1-1,9.28
d404dbf6055ee1f9,Score exact,30081,1-2,7.73
d404dbf6055ee1f9,Score exact,30081,1-3,10.39
d404dbf6055ee1f9,Score exact,30081,1-4,19.05
d404dbf6055ee1f9,Score exact,30081,1-5,71.43
d404dbf6055ee1f9,Score exact,30081,2-0,39.9
d404dbf6055ee1f9,Score exact,30081,2-1,15.27
d404dbf6055ee1f9,Score exact,30081,2-2,13.63
d404dbf6055ee1f9,Score exact,30081,2-3,19.99
d404dbf6055ee1f9,Score exact,30081,2-4,65.94
d404dbf6055ee1f9,Score exact,30081,3-0,88.5
d404dbf6055ee1f9,Score exact,30081,3-1,41.22
d404dbf6055ee1f9,Score exact,30081,3-2,40.95
d404dbf6055ee1f9,Score exact,30081,3-3,100.0
d404dbf6055ee1f9,Score exact,30081,4-0,100.0
d404dbf6055ee1f9,Score exact,30081,4-1,100.0
d404dbf6055ee1f9,Score exact,30081,4-2,100.0
d404dbf6055ee1f9,Score exact,30081,5-0,100.0
d404dbf6055ee1f9,Score exact,30081,5-1,100.0
d404dbf6055ee1f9,Score exact,30081,6-0,100.0
d404dbf6055ee1f9,Mi-tps CS,30082,0-0,3.46
d404dbf6055ee1f9,Mi-tps CS,30082,0-1,4.78
d404dbf6055ee1f9,Mi-tps CS,30082,0-2,7.05
d404dbf6055ee1f9,Mi-tps CS,30082,0-3,15.58
d404dbf6055ee1f9,Mi-tps CS,30082,1-0,9.18
d404dbf6055ee1f9,Mi-tps CS,30082,1-1,5.63
d404dbf6055ee1f9,Mi-tps CS,30082,1-2,12.45
d404dbf6055ee1f9,Mi-tps CS,30082,2-0,28.98
d404dbf6055ee1f9,Mi-tps CS,30082,2-1,26.65
d404dbf6055ee1f9,Mi-tps CS,30082,3-0,100.0
d404dbf6055ee1f9,+/-,30087,> 0.5,0.98
d404dbf6055ee1f9,+/-,30087,< 0.5,23.48
d404dbf6055ee1f9,+/-,30087,> 1.5,1.1
d404dbf6055ee1f9,+/-,30087,< 1.5,6.66
d404dbf6055ee1f9,+/-,30087,> 2.5,1.43
d404dbf6055ee1f9,+/-,30087,< 2.5,2.77
d404dbf6055ee1f9,+/-,30087,> 3.5,2.36
d404dbf6055ee1f9,+/-,30087,< 3.5,1.57
d404dbf6055ee1f9,HT/FT,30089,1/1,9.45
d404dbf6055ee1f9,HT/FT,30089,1/X,24.07
d404dbf6055ee1f9,HT/FT,30089,1/2,27.79
d404dbf6055ee1f9,HT/FT,30089,X/1,11.87
d404dbf6055ee1f9,HT/FT,30089,X/X,6.68
d404dbf6055ee1f9,HT/FT,30089,X/2,4.54
d404dbf6055ee1f9,HT/FT,30089,2/1,63.69
d404dbf6055ee1f9,HT/FT,30089,2/X,22.6
d404dbf6055ee1f9,HT/FT,30089,2/2,2.37
d404dbf6055ee1f9,Total de buts,30090,0,22.22
d404dbf6055ee1f9,Total de buts,30090,1,8.8
d404dbf6055ee1f9,Total de buts,30090,2,4.47
d404dbf6055ee1f9,Total de buts,30090,3,3.45
d404dbf6055ee1f9,Total de buts,30090,4,4.1
d404dbf6055ee1f9,Total de buts,30090,5,6.44
d404dbf6055ee1f9,Total de buts,30090,6,20.52
d404dbf6055ee1f9,G/NG,30091,Oui,1.57
d404dbf6055ee1f9,G/NG,30091,Non,2.36
d404dbf6055ee1f9,Les deux équipes marquent / 1ère mi temps,30092,Oui,3.67
d404dbf6055ee1f9,Les deux équipes marquent / 1ère mi temps,30092,Non,1.27
d404dbf6055ee1f9,1X2 & Total,30093,1 / > 1.5,6.17
d404dbf6055ee1f9,1X2 & Total,30093,X / > 1.5,5.35
d404dbf6055ee1f9,1X2 & Total,30093,2 / > 1.5,1.68
d404dbf6055ee1f9,1X2 & Total,30093,1 / < 1.5,25.08
d404dbf6055ee1f9,1X2 & Total,30093,X / < 1.5,22.63
d404dbf6055ee1f9,1X2 & Total,30093,2 / < 1.5,13.95
d404dbf6055ee1f9,1X2 & Total,30093,1 / > 2.5,7.27
d404dbf6055ee1f9,1X2 & Total,30093,X / > 2.5,12.3
d404dbf6055ee1f9,1X2 & Total,30093,2 / > 2.5,1.98
d404dbf6055ee1f9,1X2 & Total,30093,1 / < 2.5,15.51
d404dbf6055ee1f9,1X2 & Total,30093,X / < 2.5,6.67
d404dbf6055ee1f9,1X2 & Total,30093,2 / < 2.5,6.22
d404dbf6055ee1f9,1X2 & Total,30093,1 / > 3.5,16.09
d404dbf6055ee1f9,1X2 & Total,30093,X / > 3.5,12.3
d404dbf6055ee1f9,1X2 & Total,30093,2 / > 3.5,3.37
d404dbf6055ee1f9,1X2 & Total,30093,1 / < 3.5,7.15
d404dbf6055ee1f9,1X2 & Total,30093,X / < 3.5,6.67
d404dbf6055ee1f9,1X2 & Total,30093,2 / < 3.5,2.7
d404dbf6055ee1f9,1X2 & G/NG,30094,1 gagne et les deux équipes marquent,8.01
d404dbf6055ee1f9,1X2 & G/NG,30094,1 gagne et seulement  1  marque,12.37
d404dbf6055ee1f9,1X2 & G/NG,30094,X et les deux équipes marquent,5.25
d404dbf6055ee1f9,1X2 & G/NG,30094,X et aucun but,22.22
d404dbf6055ee1f9,1X2 & G/NG,30094,2 gagne et les deux équipes marquent,2.8
d404dbf6055ee1f9,1X2 & G/NG,30094,2 gagne et seulement 2 marque,3.11
d404dbf6055ee1f9,Total equipe domicile,30095,> 0.5,1.4
d404dbf6055ee1f9,Total equipe domicile,30095,< 0.5,2.88
d404dbf6055ee1f9,Total equipe domicile,30095,> 1.5,3.37
d404dbf6055ee1f9,Total equipe domicile,30095,< 1.5,1.31
d404dbf6055ee1f9,Total equipe domicile,30095,> 2.5,12.58
d404dbf6055ee1f9,Total equipe domicile,30095,< 2.5,1.02
d404dbf6055ee1f9,Total equipe domicile,30095,> 3.5,72.41
d404dbf6055ee1f9,Total equipe domicile,30095,< 3.5,0.96
d404dbf6055ee1f9,Total equipe extérieur,30096,> 0.5,1.06
d404dbf6055ee1f9,Total equipe extérieur,30096,< 0.5,8.4
d404dbf6055ee1f9,Total equipe extérieur,30096,> 1.5,1.47
d404dbf6055ee1f9,Total equipe extérieur,30096,< 1.5,2.62
d404dbf6055ee1f9,Total equipe extérieur,30096,> 2.5,2.67
d404dbf6055ee1f9,Total equipe extérieur,30096,< 2.5,1.46
d404dbf6055ee1f9,Total equipe extérieur,30096,> 3.5,6.79
d404dbf6055ee1f9,Total equipe extérieur,30096,< 3.5,1.1
d404dbf6055ee1f9,G/NG equipe domicile,30097,Oui,1.4
d404dbf6055ee1f9,G/NG equipe domicile,30097,Non,2.88
d404dbf6055ee1f9,G/NG equipe extérieur,30098,Oui,1.06
d404dbf6055ee1f9,G/NG equipe extérieur,30098,Non,8.4
d404dbf6055ee1f9,Pair/Impair,30099,Impair,1.86
d404dbf6055ee1f9,Pair/Impair,30099,Pair,1.85
d404dbf6055ee1f9,Minute du premier but,30100,1-15,3.96
d404dbf6055ee1f9,Minute du premier but,30100,16-30,2.73
d404dbf6055ee1f9,Minute du premier but,30100,31-45,4.99
d404dbf6055ee1f9,Minute du premier but,30100,46-60,7.6
d404dbf6055ee1f9,Minute du premier but,30100,61-75,14.56
d404dbf6055ee1f9,Minute du premier but,30100,76-90,18.04
d404dbf6055ee1f9,Minute du premier but,30100,Pas de but,22.22
d404dbf6055ee1f9,FTTS,30101,1,2.4
d404dbf6055ee1f9,FTTS,30101,2,1.52
d404dbf6055ee1f9,FTTS,30101,Pas de but,22.22
d404dbf6055ee1f9,Multi-Buts,30102,"Le total de buts est de 0, 1 ou 2",2.66
d404dbf6055ee1f9,Multi-Buts,30102,"Le total de buts est de 1, 2 ou 3",1.62
d404dbf6055ee1f9,Multi-Buts,30102,"Le total de buts est de 2, 3 ou 4",1.34
d404dbf6055ee1f9,Multi-Buts,30102,Le total de buts est supérieur à 4,4.99
d404dbf6055ee1f9,2ème mi-tps - CS,30105,0-0,5.43
d404dbf6055ee1f9,2ème mi-tps - CS,30105,0-1,6.05
d404dbf6055ee1f9,2ème mi-tps - CS,30105,0-2,6.21
d404dbf6055ee1f9,2ème mi-tps - CS,30105,0-3,9.56
d404dbf6055ee1f9,2ème mi-tps - CS,30105,1-0,10.35
d404dbf6055ee1f9,2ème mi-tps - CS,30105,1-1,5.13
d404dbf6055ee1f9,2ème mi-tps - CS,30105,1-2,7.89
d404dbf6055ee1f9,2ème mi-tps - CS,30105,2-0,22.69
d404dbf6055ee1f9,2ème mi-tps - CS,30105,2-1,16.86
d404dbf6055ee1f9,2ème mi-tps - CS,30105,3-0,74.62
e8d24f6dbebfa26b,1X2,30083,1,1.94
e8d24f6dbebfa26b,1X2,30083,X,3.72
e8d24f6dbebfa26b,1X2,30083,2,3.63
e8d24f6dbebfa26b,Mi-tps 1X2,30084,1,2.7
e8d24f6dbebfa26b,Mi-tps 1X2,30084,X,2.05
e8d24f6dbebfa26b,Mi-tps 1X2,30084,2,4.5
e8d24f6dbebfa26b,Double Chance,30085,1X,1.25
e8d24f6dbebfa26b,Double Chance,30085,X2,1.8
e8d24f6dbebfa26b,Double Chance,30085,12,1.24
e8d24f6dbebfa26b,Mi-tps DC,30086,1X,1.17
e8d24f6dbebfa26b,Mi-tps DC,30086,X2,1.41
e8d24f6dbebfa26b,Mi-tps DC,30086,12,1.69
e8d24f6dbebfa26b,Score exact,30081,0-0,15.47
e8d24f6dbebfa26b,Score exact,30081,0-1,16.22
e8d24f6dbebfa26b,Score exact,30081,0-2,24.8
e8d24f6dbebfa26b,Score exact,30081,0-3,51.85
e8d24f6dbebfa26b,Score exact,30081,0-4,100.0
e8d24f6dbebfa26b,Score exact,30081,0-5,100.0
e8d24f6dbebfa26b,Score exact,30081,0-6,100.0
e8d24f6dbebfa26b,Score exact,30081,1-0,11.6
e8d24f6dbebfa26b,Score exact,30081,1-1,7.43
e8d24f6dbebfa26b,Score exact,30081,1-2,11.53
e8d24f6dbebfa26b,Score exact,30081,1-3,29.33
e8d24f6dbebfa26b,Score exact,30081,1-4,100.0
e8d24f6dbebfa26b,Score exact,30081,1-5,100.0
e8d24f6dbebfa26b,Score exact,30081,2-0,12.14
e8d24f6dbebfa26b,Score exact,30081,2-1,7.96
e8d24f6dbebfa26b,Score exact,30081,2-2,13.03
e8d24f6dbebfa26b,Score exact,30081,2-3,36.77
e8d24f6dbebfa26b,Score exact,30081,2-4,100.0
e8d24f6dbebfa26b,Score exact,30081,3-0,17.25
e8d24f6dbebfa26b,Score exact,30081,3-1,13.86
e8d24f6dbebfa26b,Score exact,30081,3-2,24.99
e8d24f6dbebfa26b,Score exact,30081,3-3,100.0
e8d24f6dbebfa26b,Score exact,30081,4-0,40.0
e8d24f6dbebfa26b,Score exact,30081,4-1,33.59
e8d24f6dbebfa26b,Score exact,30081,4-2,100.0
e8d24f6dbebfa26b,Score exact,30081,5-0,100.0
e8d24f6dbebfa26b,Score exact,30081,5-1,100.0
e8d24f6dbebfa26b,Score exact,30081,6-0,100.0
e8d24f6dbebfa26b,Mi-tps CS,30082,0-0,2.94
e8d24f6dbebfa26b,Mi-tps CS,30082,0-1,7.27
e8d24f6dbebfa26b,Mi-tps CS,30082,0-2,21.22
e8d24f6dbebfa26b,Mi-tps CS,30082,0-3,92.92
e8d24f6dbebfa26b,Mi-tps CS,30082,1-0,5.07
e8d24f6dbebfa26b,Mi-tps CS,30082,1-1,5.56
e8d24f6dbebfa26b,Mi-tps CS,30082,1-2,24.37
e8d24f6dbebfa26b,Mi-tps CS,30082,2-0,9.9
e8d24f6dbebfa26b,Mi-tps CS,30082,2-1,16.28
e8d24f6dbebfa26b,Mi-tps CS,30082,3-0,28.95
e8d24f6dbebfa26b,+/-,30087,> 0.5,1.0
e8d24f6dbebfa26b,+/-,30087,< 0.5,16.34
e8d24f6dbebfa26b,+/-,30087,> 1.5,1.16
e8d24f6dbebfa26b,+/-,30087,< 1.5,4.97
e8d24f6dbebfa26b,+/-,30087,> 2.5,1.63
e8d24f6dbebfa26b,+/-,30087,< 2.5,2.25
e8d24f6dbebfa26b,+/-,30087,> 3.5,2.93
e8d24f6dbebfa26b,+/-,30087,< 3.5,1.39
e8d24f6dbebfa26b,HT/FT,30089,1/1,3.15
e8d24f6dbebfa26b,HT/FT,30089,1/X,21.18
e8d24f6dbebfa26b,HT/FT,30089,1/2,53.52
e8d24f6dbebfa26b,HT/FT,30089,X/1,5.07
e8d24f6dbebfa26b,HT/FT,30089,X/X,5.24
e8d24f6dbebfa26b,HT/FT,30089,X/2,8.49
e8d24f6dbebfa26b,HT/FT,30089,2/1,33.98
e8d24f6dbebfa26b,HT/FT,30089,2/X,21.7
e8d24f6dbebfa26b,HT/FT,30089,2/2,6.46
e8d24f6dbebfa26b,Total de buts,30090,0,15.47
e8d24f6dbebfa26b,Total de buts,30090,1,6.76
e8d24f6dbebfa26b,Total de buts,30090,2,3.89
e8d24f6dbebfa26b,Total de buts,30090,3,3.45
e8d24f6dbebfa26b,Total de buts,30090,4,4.68
e8d24f6dbebfa26b,Total de buts,30090,5,8.6
e8d24f6dbebfa26b,Total de buts,30090,6,32.84
e8d24f6dbebfa26b,G/NG,30091,Oui,1.59
e8d24f6dbebfa26b,G/NG,30091,Non,2.32
e8d24f6dbebfa26b,Les deux équipes marquent / 1ère mi temps,30092,Oui,3.84
e8d24f6dbebfa26b,Les deux équipes marquent / 1ère mi temps,30092,Non,1.25
e8d24f6dbebfa26b,1X2 & Total,30093,1 / > 1.5,2.22
e8d24f6dbebfa26b,1X2 & Total,30093,X / > 1.5,4.64
e8d24f6dbebfa26b,1X2 & Total,30093,2 / > 1.5,4.43
e8d24f6dbebfa26b,1X2 & Total,30093,1 / < 1.5,11.81
e8d24f6dbebfa26b,1X2 & Total,30093,X / < 1.5,15.75
e8d24f6dbebfa26b,1X2 & Total,30093,2 / < 1.5,16.52
e8d24f6dbebfa26b,1X2 & Total,30093,1 / > 2.5,2.71
e8d24f6dbebfa26b,1X2 & Total,30093,X / > 2.5,12.01
e8d24f6dbebfa26b,1X2 & Total,30093,2 / > 2.5,5.37
e8d24f6dbebfa26b,1X2 & Total,30093,1 / < 2.5,6.04
e8d24f6dbebfa26b,1X2 & Total,30093,X / < 2.5,5.11
e8d24f6dbebfa26b,1X2 & Total,30093,2 / < 2.5,9.98
e8d24f6dbebfa26b,1X2 & Total,30093,1 / > 3.5,5.3
e8d24f6dbebfa26b,1X2 & Total,30093,X / > 3.5,12.01
e8d24f6dbebfa26b,1X2 & Total,30093,2 / > 3.5,12.21
e8d24f6dbebfa26b,1X2 & Total,30093,1 / < 3.5,2.89
e8d24f6dbebfa26b,1X2 & Total,30093,X / < 3.5,5.11
e8d24f6dbebfa26b,1X2 & Total,30093,2 / < 3.5,4.9
e8d24f6dbebfa26b,1X2 & G/NG,30094,1 gagne et les deux équipes marquent,3.54
e8d24f6dbebfa26b,1X2 & G/NG,30094,1 gagne et seulement  1  marque,3.82
e8d24f6dbebfa26b,1X2 & G/NG,30094,X et les deux équipes marquent,4.56
e8d24f6dbebfa26b,1X2 & G/NG,30094,X et aucun but,15.47
e8d24f6dbebfa26b,1X2 & G/NG,30094,2 gagne et les deux équipes marquent,6.13
e8d24f6dbebfa26b,1X2 & G/NG,30094,2 gagne et seulement 2 marque,7.79
e8d24f6dbebfa26b,Total equipe domicile,30095,> 0.5,1.14
e8d24f6dbebfa26b,Total equipe domicile,30095,< 0.5,5.47
e8d24f6dbebfa26b,Total equipe domicile,30095,> 1.5,1.84
e8d24f6dbebfa26b,Total equipe domicile,30095,< 1.5,1.94
e8d24f6dbebfa26b,Total equipe domicile,30095,> 2.5,4.09
e8d24f6dbebfa26b,Total equipe domicile,30095,< 2.5,1.23
e8d24f6dbebfa26b,Total equipe domicile,30095,> 3.5,13.2
e8d24f6dbebfa26b,Total equipe domicile,30095,< 3.5,1.02
e8d24f6dbebfa26b,Total equipe extérieur,30096,> 0.5,1.33
e8d24f6dbebfa26b,Total equipe extérieur,30096,< 0.5,3.24
e8d24f6dbebfa26b,Total equipe extérieur,30096,> 1.5,2.91
e8d24f6dbebfa26b,Total equipe extérieur,30096,< 1.5,1.4
e8d24f6dbebfa26b,Total equipe extérieur,30096,> 2.5,9.54
e8d24f6dbebfa26b,Total equipe extérieur,30096,< 2.5,1.05
e8d24f6dbebfa26b,Total equipe extérieur,30096,> 3.5,47.76
e8d24f6dbebfa26b,Total equipe extérieur,30096,< 3.5,0.96
e8d24f6dbebfa26b,G/NG equipe domicile,30097,Oui,1.14
e8d24f6dbebfa26b,G/NG equipe domicile,30097,Non,5.47
e8d24f6dbebfa26b,G/NG equipe extérieur,30098,Oui,1.33
e8d24f6dbebfa26b,G/NG equipe extérieur,30098,Non,3.24
e8d24f6dbebfa26b,Pair/Impair,30099,Impair,1.87
e8d24f6dbebfa26b,Pair/Impair,30099,Pair,1.83
e8d24f6dbebfa26b,Minute du premier but,30100,1-15,4.22
e8d24f6dbebfa26b,Minute du premier but,30100,16-30,2.87
e8d24f6dbebfa26b,Minute du premier but,30100,31-45,5.05
e8d24f6dbebfa26b,Minute du premier but,30100,46-60,7.27
e8d24f6dbebfa26b,Minute du premier but,30100,61-75,13.62
e8d24f6dbebfa26b,Minute du premier but,30100,76-90,16.57
e8d24f6dbebfa26b,Minute du premier but,30100,Pas de but,15.47
e8d24f6dbebfa26b,FTTS,30101,1,1.69
e8d24f6dbebfa26b,FTTS,30101,2,2.16
e8d24f6dbebfa26b,FTTS,30101,Pas de but,15.47
e8d24f6dbebfa26b,Multi-Buts,30102,"Le total de buts est de 0, 1 ou 2",2.17
e8d24f6dbebfa26b,Multi-Buts,30102,"Le total de buts est de 1, 2 ou 3",1.47
e8d24f6dbebfa26b,Multi-Buts,30102,"Le total de buts est de 2, 3 ou 4",1.34
e8d24f6dbebfa26b,Multi-Buts,30102,Le total de buts est supérieur à 4,6.94
e8d24f6dbebfa26b,2ème mi-tps - CS,30105,0-0,4.45
e8d24f6dbebfa26b,2ème mi-tps - CS,30105,0-1,8.12
e8d24f6dbebfa26b,2ème mi-tps - CS,30105,0-2,16.93
e8d24f6dbebfa26b,2ème mi-tps - CS,30105,0-3,52.95
e8d24f6dbebfa26b,2ème mi-tps - CS,30105,1-0,5.9
e8d24f6dbebfa26b,2ème mi-tps - CS,30105,1-1,4.79
e8d24f6dbebfa26b,2ème mi-tps - CS,30105,1-2,14.98
e8d24f6dbebfa26b,2ème mi-tps - CS,30105,2-0,8.24
e8d24f6dbebfa26b,2ème mi-tps - CS,30105,2-1,10.03
e8d24f6dbebfa26b,2ème mi-tps - CS,30105,3-0,17.27
4a3306a8d9e0e92d,1X2,30083,1,2.34
4a3306a8d9e0e92d,1X2,30083,X,3.84
4a3306a8d9e0e92d,1X2,30083,2,2.69
4a3306a8d9e0e92d,Mi-tps 1X2,30084,1,2.95
4a3306a8d9e0e92d,Mi-tps 1X2,30084,X,2.2
4a3306a8d9e0e92d,Mi-tps 1X2,30084,2,3.49
4a3306a8d9e0e92d,Double Chance,30085,1X,1.43
4a3306a8d9e0e92d,Double Chance,30085,X2,1.55
4a3306a8d9e0e92d,Double Chance,30085,12,1.23
4a3306a8d9e0e92d,Mi-tps DC,30086,1X,1.26
4a3306a8d9e0e92d,Mi-tps DC,30086,X2,1.35
4a3306a8d9e0e92d,Mi-tps DC,30086,12,1.6
4a3306a8d9e0e92d,Score exact,30081,0-0,21.29
4a3306a8d9e0e92d,Score exact,30081,0-1,17.37
4a3306a8d9e0e92d,Score exact,30081,0-2,20.11
4a3306a8d9e0e92d,Score exact,30081,0-3,31.7
4a3306a8d9e0e92d,Score exact,30081,0-4,81.04
4a3306a8d9e0e92d,Score exact,30081,0-5,100.0
4a3306a8d9e0e92d,Score exact,30081,0-6,100.0
4a3306a8d9e0e92d,Score exact,30081,1-0,16.15
4a3306a8d9e0e92d,Score exact,30081,1-1,8.07
4a3306a8d9e0e92d,Score exact,30081,1-2,9.52
4a3306a8d9e0e92d,Score exact,30081,1-3,18.19
4a3306a8d9e0e92d,Score exact,30081,1-4,48.72
4a3306a8d9e0e92d,Score exact,30081,1-5,100.0
4a3306a8d9e0e92d,Score exact,30081,2-0,17.27
4a3306a8d9e0e92d,Score exact,30081,2-1,8.79
4a3306a8d9e0e92d,Score exact,30081,2-2,10.89
4a3306a8d9e0e92d,Score exact,30081,2-3,23.02
4a3306a8d9e0e92d,Score exact,30081,2-4,100.0
4a3306a8d9e0e92d,Score exact,30081,3-0,25.09
4a3306a8d9e0e92d,Score exact,30081,3-1,15.42
4a3306a8d9e0e92d,Score exact,30081,3-2,21.12
4a3306a8d9e0e92d,Score exact,30081,3-3,78.67
4a3306a8d9e0e92d,Score exact,30081,4-0,58.37
4a3306a8d9e0e92d,Score exact,30081,4-1,37.71
4a3306a8d9e0e92d,Score exact,30081,4-2,92.74
4a3306a8d9e0e92d,Score exact,30081,5-0,100.0
4a3306a8d9e0e92d,Score exact,30081,5-1,100.0
4a3306a8d9e0e92d,Score exact,30081,6-0,100.0
4a3306a8d9e0e92d,Mi-tps CS,30082,0-0,3.54
4a3306a8d9e0e92d,Mi-tps CS,30082,0-1,6.64
4a3306a8d9e0e92d,Mi-tps CS,30082,0-2,14.29
4a3306a8d9e0e92d,Mi-tps CS,30082,0-3,46.14
4a3306a8d9e0e92d,Mi-tps CS,30082,1-0,5.94
4a3306a8d9e0e92d,Mi-tps CS,30082,1-1,4.95
4a3306a8d9e0e92d,Mi-tps CS,30082,1-2,15.97
4a3306a8d9e0e92d,Mi-tps CS,30082,2-0,11.2
4a3306a8d9e0e92d,Mi-tps CS,30082,2-1,14.0
4a3306a8d9e0e92d,Mi-tps CS,30082,3-0,31.7
4a3306a8d9e0e92d,+/-,30087,> 0.5,0.98
4a3306a8d9e0e92d,+/-,30087,< 0.5,22.5
4a3306a8d9e0e92d,+/-,30087,> 1.5,1.11
4a3306a8d9e0e92d,+/-,30087,< 1.5,6.35
4a3306a8d9e0e92d,+/-,30087,> 2.5,1.46
4a3306a8d9e0e92d,+/-,30087,< 2.5,2.66
4a3306a8d9e0e92d,+/-,30087,> 3.5,2.45
4a3306a8d9e0e92d,+/-,30087,< 3.5,1.54
4a3306a8d9e0e92d,HT/FT,30089,1/1,3.72
4a3306a8d9e0e92d,HT/FT,30089,1/X,18.44
4a3306a8d9e0e92d,HT/FT,30089,1/2,35.84
4a3306a8d9e0e92d,HT/FT,30089,X/1,6.43
4a3306a8d9e0e92d,HT/FT,30089,X/X,5.84
4a3306a8d9e0e92d,HT/FT,30089,X/2,6.9
4a3306a8d9e0e92d,HT/FT,30089,2/1,36.32
4a3306a8d9e0e92d,HT/FT,30089,2/X,20.02
4a3306a8d9e0e92d,HT/FT,30089,2/2,4.56
4a3306a8d9e0e92d,Total de buts,30090,0,21.29
4a3306a8d9e0e92d,Total de buts,30090,1,8.37
4a3306a8d9e0e92d,Total de buts,30090,2,4.32
4a3306a8d9e0e92d,Total de buts,30090,3,3.45
4a3306a8d9e0e92d,Total de buts,30090,4,4.15
4a3306a8d9e0e92d,Total de buts,30090,5,6.78
4a3306a8d9e0e92d,Total de buts,30090,6,23.11
4a3306a8d9e0e92d,G/NG,30091,Oui,1.44
4a3306a8d9e0e92d,G/NG,30091,Non,2.73
4a3306a8d9e0e92d,Les deux équipes marquent / 1ère mi temps,30092,Oui,3.23
4a3306a8d9e0e92d,Les deux équipes marquent / 1ère mi temps,30092,Non,1.33
4a3306a8d9e0e92d,1X2 & Total,30093,1 / > 1.5,2.61
4a3306a8d9e0e92d,1X2 & Total,30093,X / > 1.5,4.46
4a3306a8d9e0e92d,1X2 & Total,30093,2 / > 1.5,3.04
4a3306a8d9e0e92d,1X2 & Total,30093,1 / < 1.5,16.45
4a3306a8d9e0e92d,1X2 & Total,30093,X / < 1.5,21.68
4a3306a8d9e0e92d,1X2 & Total,30093,2 / < 1.5,17.69
4a3306a8d9e0e92d,1X2 & Total,30093,1 / > 2.5,3.06
4a3306a8d9e0e92d,1X2 & Total,30093,X / > 2.5,9.74
4a3306a8d9e0e92d,1X2 & Total,30093,2 / > 2.5,3.57
4a3306a8d9e0e92d,1X2 & Total,30093,1 / < 2.5,8.5
4a3306a8d9e0e92d,1X2 & Total,30093,X / < 2.5,5.96
4a3306a8d9e0e92d,1X2 & Total,30093,2 / < 2.5,9.49
4a3306a8d9e0e92d,1X2 & Total,30093,1 / > 3.5,5.69
4a3306a8d9e0e92d,1X2 & Total,30093,X / > 3.5,9.74
4a3306a8d9e0e92d,1X2 & Total,30093,2 / > 3.5,6.86
4a3306a8d9e0e92d,1X2 & Total,30093,1 / < 3.5,3.72
4a3306a8d9e0e92d,1X2 & Total,30093,X / < 3.5,5.96
4a3306a8d9e0e92d,1X2 & Total,30093,2 / < 3.5,4.17
4a3306a8d9e0e92d,1X2 & G/NG,30094,1 gagne et les deux équipes marquent,3.72
4a3306a8d9e0e92d,1X2 & G/NG,30094,1 gagne et seulement  1  marque,5.44
4a3306a8d9e0e92d,1X2 & G/NG,30094,X et les deux équipes marquent,4.38
4a3306a8d9e0e92d,1X2 & G/NG,30094,X et aucun but,21.29
4a3306a8d9e0e92d,1X2 & G/NG,30094,2 gagne et les deux équipes marquent,4.22
4a3306a8d9e0e92d,1X2 & G/NG,30094,2 gagne et seulement 2 marque,6.43
4a3306a8d9e0e92d,Total equipe domicile,30095,> 0.5,1.15
4a3306a8d9e0e92d,Total equipe domicile,30095,< 0.5,5.22
4a3306a8d9e0e92d,Total equipe domicile,30095,> 1.5,1.93
4a3306a8d9e0e92d,Total equipe domicile,30095,< 1.5,1.85
4a3306a8d9e0e92d,Total equipe domicile,30095,> 2.5,4.57
4a3306a8d9e0e92d,Total equipe domicile,30095,< 2.5,1.19
4a3306a8d9e0e92d,Total equipe domicile,30095,> 3.5,15.86
4a3306a8d9e0e92d,Total equipe domicile,30095,< 3.5,1.0
4a3306a8d9e0e92d,Total equipe extérieur,30096,> 0.5,1.19
4a3306a8d9e0e92d,Total equipe extérieur,30096,< 0.5,4.58
4a3306a8d9e0e92d,Total equipe extérieur,30096,> 1.5,2.12
4a3306a8d9e0e92d,Total equipe extérieur,30096,< 1.5,1.7
4a3306a8d9e0e92d,Total equipe extérieur,30096,> 2.5,5.48
4a3306a8d9e0e92d,Total equipe extérieur,30096,< 2.5,1.14
4a3306a8d9e0e92d,Total equipe extérieur,30096,> 3.5,21.12
4a3306a8d9e0e92d,Total equipe extérieur,30096,< 3.5,0.99
4a3306a8d9e0e92d,G/NG equipe domicile,30097,Oui,1.15
4a3306a8d9e0e92d,G/NG equipe domicile,30097,Non,5.22
4a3306a8d9e0e92d,G/NG equipe extérieur,30098,Oui,1.19
4a3306a8d9e0e92d,G/NG equipe extérieur,30098,Non,4.58
4a3306a8d9e0e92d,Pair/Impair,30099,Impair,1.86
4a3306a8d9e0e92d,Pair/Impair,30099,Pair,1.84
4a3306a8d9e0e92d,Minute du premier but,30100,1-15,3.83
4a3306a8d9e0e92d,Minute du premier but,30100,16-30,2.67
4a3306a8d9e0e92d,Minute du premier but,30100,31-45,5.04
4a3306a8d9e0e92d,Minute du premier but,30100,46-60,8.06
4a3306a8d9e0e92d,Minute du premier but,30100,61-75,15.59
4a3306a8d9e0e92d,Minute du premier but,30100,76-90,19.47
4a3306a8d9e0e92d,Minute du premier but,30100,Pas de but,21.29
4a3306a8d9e0e92d,FTTS,30101,1,1.8
4a3306a8d9e0e92d,FTTS,30101,2,1.93
4a3306a8d9e0e92d,FTTS,30101,Pas de but,21.29
4a3306a8d9e0e92d,Multi-Buts,30102,"Le total de buts est de 0, 1 ou 2",2.56
4a3306a8d9e0e92d,Multi-Buts,30102,"Le total de buts est de 1, 2 ou 3",1.59
4a3306a8d9e0e92d,Multi-Buts,30102,"Le total de buts est de 2, 3 ou 4",1.33
4a3306a8d9e0e92d,Multi-Buts,30102,Le total de buts est supérieur à 4,5.34
4a3306a8d9e0e92d,2ème mi-tps - CS,30105,0-0,5.09
4a3306a8d9e0e92d,2ème mi-tps - CS,30105,0-1,7.35
4a3306a8d9e0e92d,2ème mi-tps - CS,30105,0-2,11.53
4a3306a8d9e0e92d,2ème mi-tps - CS,30105,0-3,27.11
4a3306a8d9e0e92d,2ème mi-tps - CS,30105,1-0,7.06
4a3306a8d9e0e92d,2ème mi-tps - CS,30105,1-1,4.53
4a3306a8d9e0e92d,2ème mi-tps - CS,30105,1-2,10.65
4a3306a8d9e0e92d,2ème mi-tps - CS,30105,2-0,10.47
4a3306a8d9e0e92d,2ème mi-tps - CS,30105,2-1,10.08
4a3306a8d9e0e92d,2ème mi-tps - CS,30105,3-0,23.3
e268738117839c0a,1X2,30083,1,1.32
e268738117839c0a,1X2,30083,X,5.36
e268738117839c0a,1X2,30083,2,8.83
e268738117839c0a,Mi-tps 1X2,30084,1,1.82
e268738117839c0a,Mi-tps 1X2,30084,X,2.44
e268738117839c0a,Mi-tps 1X2,30084,2,8.18
e268738117839c0a,Double Chance,30085,1X,1.04
e268738117839c0a,Double Chance,30085,X2,3.27
e268738117839c0a,Double Chance,30085,12,1.12
e268738117839c0a,Mi-tps DC,30086,1X,1.04
e268738117839c0a,Mi-tps DC,30086,X2,1.88
e268738117839c0a,Mi-tps DC,30086,12,1.49
e268738117839c0a,Score exact,30081,0-0,20.12
e268738117839c0a,Score exact,30081,0-1,30.57
e268738117839c0a,Score exact,30081,0-2,69.36
e268738117839c0a,Score exact,30081,0-3,100.0
e268738117839c0a,Score exact,30081,0-4,100.0
e268738117839c0a,Score exact,30081,0-5,100.0
e268738117839c0a,Score exact,30081,0-6,100.0
e268738117839c0a,Score exact,30081,1-0,11.65
e268738117839c0a,Score exact,30081,1-1,10.85
e268738117839c0a,Score exact,30081,1-2,24.77
e268738117839c0a,Score exact,30081,1-3,92.08
e268738117839c0a,Score exact,30081,1-4,100.0
e268738117839c0a,Score exact,30081,1-5,100.0
e268738117839c0a,Score exact,30081,2-0,8.5
e268738117839c0a,Score exact,30081,2-1,8.23
e268738117839c0a,Score exact,30081,2-2,19.99
e268738117839c0a,Score exact,30081,2-3,83.14
e268738117839c0a,Score exact,30081,2-4,100.0
e268738117839c0a,Score exact,30081,3-0,8.3
e268738117839c0a,Score exact,30081,3-1,9.93
e268738117839c0a,Score exact,30081,3-2,26.21
e268738117839c0a,Score exact,30081,3-3,100.0
e268738117839c0a,Score exact,30081,4-0,13.37
e268738117839c0a,Score exact,30081,4-1,16.15
e268738117839c0a,Score exact,30081,4-2,76.65
e268738117839c0a,Score exact,30081,5-0,25.86
e268738117839c0a,Score exact,30081,5-1,53.37
e268738117839c0a,Score exact,30081,6-0,85.42
e268738117839c0a,Mi-tps CS,30082,0-0,3.49
e268738117839c0a,Mi-tps CS,30082,0-1,12.04
e268738117839c0a,Mi-tps CS,30082,0-2,50.19
e268738117839c0a,Mi-tps CS,30082,0-3,100.0
e268738117839c0a,Mi-tps CS,30082,1-0,4.35
e268738117839c0a,Mi-tps CS,30082,1-1,6.67
e268738117839c0a,Mi-tps CS,30082,1-2,41.74
e268738117839c0a,Mi-tps CS,30082,2-0,5.54
e268738117839c0a,Mi-tps CS,30082,2-1,12.73
e268738117839c0a,Mi-tps CS,30082,3-0,10.57
e268738117839c0a,+/-,30087,> 0.5,0.99
e268738117839c0a,+/-,30087,< 0.5,21.26
e268738117839c0a,+/-,30087,> 1.5,1.11
e268738117839c0a,+/-,30087,< 1.5,6.28
e268738117839c0a,+/-,30087,> 2.5,1.45
e268738117839c0a,+/-,30087,< 2.5,2.69
e268738117839c0a,+/-,30087,> 3.5,2.4
e268738117839c0a,+/-,30087,< 3.5,1.55
e268738117839c0a,HT/FT,30089,1/1,1.89
e268738117839c0a,HT/FT,30089,1/X,31.17
e268738117839c0a,HT/FT,30089,1/2,100.0
e268738117839c0a,HT/FT,30089,X/1,4.15
e268738117839c0a,HT/FT,30089,X/X,7.48
e268738117839c0a,HT/FT,30089,X/2,19.91
e268738117839c0a,HT/FT,30089,2/1,29.26
e268738117839c0a,HT/FT,30089,2/X,32.02
e268738117839c0a,HT/FT,30089,2/2,16.3
e268738117839c0a,Total de buts,30090,0,20.12
e268738117839c0a,Total de buts,30090,1,8.43
e268738117839c0a,Total de buts,30090,2,4.46
e268738117839c0a,Total de buts,30090,3,3.48
e268738117839c0a,Total de buts,30090,4,4.21
e268738117839c0a,Total de buts,30090,5,6.54
e268738117839c0a,Total de buts,30090,6,19.93
e268738117839c0a,G/NG,30091,Oui,1.86
e268738117839c0a,G/NG,30091,Non,1.91
e268738117839c0a,Les deux équipes marquent / 1ère mi temps,30092,Oui,4.3
e268738117839c0a,Les deux équipes marquent / 1ère mi temps,30092,Non,1.21
e268738117839c0a,1X2 & Total,30093,1 / > 1.5,1.42
e268738117839c0a,1X2 & Total,30093,X / > 1.5,6.91
e268738117839c0a,1X2 & Total,30093,2 / > 1.5,11.72
e268738117839c0a,1X2 & Total,30093,1 / < 1.5,11.86
e268738117839c0a,1X2 & Total,30093,X / < 1.5,20.48
e268738117839c0a,1X2 & Total,30093,2 / < 1.5,31.12
e268738117839c0a,1X2 & Total,30093,1 / > 2.5,1.7
e268738117839c0a,1X2 & Total,30093,X / > 2.5,18.43
e268738117839c0a,1X2 & Total,30093,2 / > 2.5,14.05
e268738117839c0a,1X2 & Total,30093,1 / < 2.5,5.0
e268738117839c0a,1X2 & Total,30093,X / < 2.5,7.18
e268738117839c0a,1X2 & Total,30093,2 / < 2.5,21.6
e268738117839c0a,1X2 & Total,30093,1 / > 3.5,2.85
e268738117839c0a,1X2 & Total,30093,X / > 3.5,18.43
e268738117839c0a,1X2 & Total,30093,2 / > 3.5,37.03
e268738117839c0a,1X2 & Total,30093,1 / < 3.5,2.29
e268738117839c0a,1X2 & Total,30093,X / < 3.5,7.18
e268738117839c0a,1X2 & Total,30093,2 / < 3.5,11.05
e268738117839c0a,1X2 & G/NG,30094,1 gagne et les deux équipes marquent,2.82
e268738117839c0a,1X2 & G/NG,30094,1 gagne et seulement  1  marque,2.23
e268738117839c0a,1X2 & G/NG,30094,X et les deux équipes marquent,6.79
e268738117839c0a,1X2 & G/NG,30094,X et aucun but,20.12
e268738117839c0a,1X2 & G/NG,30094,2 gagne et les deux équipes marquent,14.98
e268738117839c0a,1X2 & G/NG,30094,2 gagne et seulement 2 marque,18.92
e268738117839c0a,Total equipe domicile,30095,> 0.5,1.04
e268738117839c0a,Total equipe domicile,30095,< 0.5,10.3
e268738117839c0a,Total equipe domicile,30095,> 1.5,1.34
e268738117839c0a,Total equipe domicile,30095,< 1.5,3.16
e268738117839c0a,Total equipe domicile,30095,> 2.5,2.19
e268738117839c0a,Total equipe domicile,30095,< 2.5,1.66
e268738117839c0a,Total equipe domicile,30095,> 3.5,4.83
e268738117839c0a,Total equipe domicile,30095,< 3.5,1.17
e268738117839c0a,Total equipe extérieur,30096,> 0.5,1.7
e268738117839c0a,Total equipe extérieur,30096,< 0.5,2.12
e268738117839c0a,Total equipe extérieur,30096,> 1.5,5.46
e268738117839c0a,Total equipe extérieur,30096,< 1.5,1.14
e268738117839c0a,Total equipe extérieur,30096,> 2.5,28.3
e268738117839c0a,Total equipe extérieur,30096,< 2.5,0.98
e268738117839c0a,Total equipe extérieur,30096,> 3.5,100.0
e268738117839c0a,Total equipe extérieur,30096,< 3.5,0.95
e268738117839c0a,G/NG equipe domicile,30097,Oui,1.04
e268738117839c0a,G/NG equipe domicile,30097,Non,10.3
e268738117839c0a,G/NG equipe extérieur,30098,Oui,1.7
e268738117839c0a,G/NG equipe extérieur,30098,Non,2.12
e268738117839c0a,Pair/Impair,30099,Impair,1.86
e268738117839c0a,Pair/Impair,30099,Pair,1.85
e268738117839c0a,Minute du premier but,30100,1-15,4.06
e268738117839c0a,Minute du premier but,30100,16-30,2.77
e268738117839c0a,Minute du premier but,30100,31-45,4.95
e268738117839c0a,Minute du premier but,30100,46-60,7.68
e268738117839c0a,Minute du premier but,30100,61-75,14.03
e268738117839c0a,Minute du premier but,30100,76-90,16.73
e268738117839c0a,Minute du premier but,30100,Pas de but,20.12
e268738117839c0a,FTTS,30101,1,1.38
e268738117839c0a,FTTS,30101,2,2.9
e268738117839c0a,FTTS,30101,Pas de but,20.12
e268738117839c0a,Multi-Buts,30102,"Le total de buts est de 0, 1 ou 2",2.59
e268738117839c0a,Multi-Buts,30102,"Le total de buts est de 1, 2 ou 3",1.62
e268738117839c0a,Multi-Buts,30102,"Le total de buts est de 2, 3 ou 4",1.36
e268738117839c0a,Multi-Buts,30102,Le total de buts est supérieur à 4,5.01
e268738117839c0a,2ème mi-tps - CS,30105,0-0,4.88
e268738117839c0a,2ème mi-tps - CS,30105,0-1,13.26
e268738117839c0a,2ème mi-tps - CS,30105,0-2,42.92
e268738117839c0a,2ème mi-tps - CS,30105,0-3,100.0
e268738117839c0a,2ème mi-tps - CS,30105,1-0,5.27
e268738117839c0a,2ème mi-tps - CS,30105,1-1,6.36
e268738117839c0a,2ème mi-tps - CS,30105,1-2,30.9
e268738117839c0a,2ème mi-tps - CS,30105,2-0,4.91
e268738117839c0a,2ème mi-tps - CS,30105,2-1,8.88
e268738117839c0a,2ème mi-tps - CS,30105,3-0,6.85
31c10de8da0e68e4,1X2,30083,1,3.15
31c10de8da0e68e4,1X2,30083,X,3.54
31c10de8da0e68e4,1X2,30083,2,2.18
31c10de8da0e68e4,Mi-tps 1X2,30084,1,4.03
31c10de8da0e68e4,Mi-tps 1X2,30084,X,2.02
31c10de8da0e68e4,Mi-tps 1X2,30084,2,2.97
31c10de8da0e68e4,Double Chance,30085,1X,1.63
31c10de8da0e68e4,Double Chance,30085,X2,1.32
31c10de8da0e68e4,Double Chance,30085,12,1.26
31c10de8da0e68e4,Mi-tps DC,30086,1X,1.35
31c10de8da0e68e4,Mi-tps DC,30086,X2,1.2
31c10de8da0e68e4,Mi-tps DC,30086,12,1.71
31c10de8da0e68e4,Score exact,30081,0-0,13.89
31c10de8da0e68e4,Score exact,30081,0-1,11.42
31c10de8da0e68e4,Score exact,30081,0-2,13.37
31c10de8da0e68e4,Score exact,30081,0-3,21.34
31c10de8da0e68e4,Score exact,30081,0-4,54.7
31c10de8da0e68e4,Score exact,30081,0-5,100.0
31c10de8da0e68e4,Score exact,30081,0-6,100.0
31c10de8da0e68e4,Score exact,30081,1-0,13.99
31c10de8da0e68e4,Score exact,30081,1-1,7.04
31c10de8da0e68e4,Score exact,30081,1-2,8.38
31c10de8da0e68e4,Score exact,30081,1-3,16.18
31c10de8da0e68e4,Score exact,30081,1-4,43.7
31c10de8da0e68e4,Score exact,30081,1-5,100.0
31c10de8da0e68e4,Score exact,30081,2-0,20.53
31c10de8da0e68e4,Score exact,30081,2-1,10.46
31c10de8da0e68e4,Score exact,30081,2-2,13.0
31c10de8da0e68e4,Score exact,30081,2-3,27.73
31c10de8da0e68e4,Score exact,30081,2-4,100.0
31c10de8da0e68e4,Score exact,30081,3-0,41.18
31c10de8da0e68e4,Score exact,30081,3-1,25.29
31c10de8da0e68e4,Score exact,30081,3-2,34.89
31c10de8da0e68e4,Score exact,30081,3-3,100.0
31c10de8da0e68e4,Score exact,30081,4-0,100.0
31c10de8da0e68e4,Score exact,30081,4-1,86.28
31c10de8da0e68e4,Score exact,30081,4-2,100.0
31c10de8da0e68e4,Score exact,30081,5-0,100.0
31c10de8da0e68e4,Score exact,30081,5-1,100.0
31c10de8da0e68e4,Score exact,30081,6-0,100.0
31c10de8da0e68e4,Mi-tps CS,30082,0-0,2.9
31c10de8da0e68e4,Mi-tps CS,30082,0-1,5.37
31c10de8da0e68e4,Mi-tps CS,30082,0-2,11.4
31c10de8da0e68e4,Mi-tps CS,30082,0-3,36.31
31c10de8da0e68e4,Mi-tps CS,30082,1-0,6.66
31c10de8da0e68e4,Mi-tps CS,30082,1-1,5.49
31c10de8da0e68e4,Mi-tps CS,30082,1-2,17.47
31c10de8da0e68e4,Mi-tps CS,30082,2-0,18.0
31c10de8da0e68e4,Mi-tps CS,30082,2-1,22.23
31c10de8da0e68e4,Mi-tps CS,30082,3-0,72.94
31c10de8da0e68e4,+/-,30087,> 0.5,1.01
31c10de8da0e68e4,+/-,30087,< 0.5,14.67
31c10de8da0e68e4,+/-,30087,> 1.5,1.19
31c10de8da0e68e4,+/-,30087,< 1.5,4.57
31c10de8da0e68e4,+/-,30087,> 2.5,1.7
31c10de8da0e68e4,+/-,30087,< 2.5,2.13
31c10de8da0e68e4,+/-,30087,> 3.5,3.13
31c10de8da0e68e4,+/-,30087,< 3.5,1.35
31c10de8da0e68e4,HT/FT,30089,1/1,5.43
31c10de8da0e68e4,HT/FT,30089,1/X,21.19
31c10de8da0e68e4,HT/FT,30089,1/2,38.3
31c10de8da0e68e4,HT/FT,30089,X/1,7.6
31c10de8da0e68e4,HT/FT,30089,X/X,4.91
31c10de8da0e68e4,HT/FT,30089,X/2,5.61
31c10de8da0e68e4,HT/FT,30089,2/1,49.97
31c10de8da0e68e4,HT/FT,30089,2/X,20.87
31c10de8da0e68e4,HT/FT,30089,2/2,3.55
31c10de8da0e68e4,Total de buts,30090,0,13.89
31c10de8da0e68e4,Total de buts,30090,1,6.29
31c10de8da0e68e4,Total de buts,30090,2,3.77
31c10de8da0e68e4,Total de buts,30090,3,3.5
31c10de8da0e68e4,Total de buts,30090,4,4.9
31c10de8da0e68e4,Total de buts,30090,5,9.38
31c10de8da0e68e4,Total de buts,30090,6,37.54
31c10de8da0e68e4,G/NG,30091,Oui,1.6
31c10de8da0e68e4,G/NG,30091,Non,2.3
31c10de8da0e68e4,Les deux équipes marquent / 1ère mi temps,30092,Oui,3.81
31c10de8da0e68e4,Les deux équipes marquent / 1ère mi temps,30092,Non,1.25
31c10de8da0e68e4,1X2 & Total,30093,1 / > 1.5,3.85
31c10de8da0e68e4,1X2 & Total,30093,X / > 1.5,4.49
31c10de8da0e68e4,1X2 & Total,30093,2 / > 1.5,2.56
31c10de8da0e68e4,1X2 & Total,30093,1 / < 1.5,14.24
31c10de8da0e68e4,1X2 & Total,30093,X / < 1.5,14.14
31c10de8da0e68e4,1X2 & Total,30093,2 / < 1.5,11.62
31c10de8da0e68e4,1X2 & Total,30093,1 / > 2.5,4.72
31c10de8da0e68e4,1X2 & Total,30093,X / > 2.5,12.05
31c10de8da0e68e4,1X2 & Total,30093,2 / > 2.5,3.15
31c10de8da0e68e4,1X2 & Total,30093,1 / < 2.5,8.47
31c10de8da0e68e4,1X2 & Total,30093,X / < 2.5,4.76
31c10de8da0e68e4,1X2 & Total,30093,2 / < 2.5,6.27
31c10de8da0e68e4,1X2 & Total,30093,1 / > 3.5,10.64
31c10de8da0e68e4,1X2 & Total,30093,X / > 3.5,12.05
31c10de8da0e68e4,1X2 & Total,30093,2 / > 3.5,6.48
31c10de8da0e68e4,1X2 & Total,30093,1 / < 3.5,4.24
31c10de8da0e68e4,1X2 & Total,30093,X / < 3.5,4.76
31c10de8da0e68e4,1X2 & Total,30093,2 / < 3.5,3.1
31c10de8da0e68e4,1X2 & G/NG,30094,1 gagne et les deux équipes marquent,5.5
31c10de8da0e68e4,1X2 & G/NG,30094,1 gagne et seulement  1  marque,6.49
31c10de8da0e68e4,1X2 & G/NG,30094,X et les deux équipes marquent,4.41
31c10de8da0e68e4,1X2 & G/NG,30094,X et aucun but,13.89
31c10de8da0e68e4,1X2 & G/NG,30094,2 gagne et les deux équipes marquent,3.98
31c10de8da0e68e4,1X2 & G/NG,30094,2 gagne et seulement 2 marque,4.27
31c10de8da0e68e4,Total equipe domicile,30095,> 0.5,1.3
31c10de8da0e68e4,Total equipe domicile,30095,< 0.5,3.45
31c10de8da0e68e4,Total equipe domicile,30095,> 1.5,2.69
31c10de8da0e68e4,Total equipe domicile,30095,< 1.5,1.45
31c10de8da0e68e4,Total equipe domicile,30095,> 2.5,8.28
31c10de8da0e68e4,Total equipe domicile,30095,< 2.5,1.06
31c10de8da0e68e4,Total equipe domicile,30095,> 3.5,38.42
31c10de8da0e68e4,Total equipe domicile,30095,< 3.5,0.97
31c10de8da0e68e4,Total equipe extérieur,30096,> 0.5,1.18
31c10de8da0e68e4,Total equipe extérieur,30096,< 0.5,4.67
31c10de8da0e68e4,Total equipe extérieur,30096,> 1.5,2.05
31c10de8da0e68e4,Total equipe extérieur,30096,< 1.5,1.75
31c10de8da0e68e4,Total equipe extérieur,30096,> 2.5,4.99
31c10de8da0e68e4,Total equipe extérieur,30096,< 2.5,1.16
31c10de8da0e68e4,Total equipe extérieur,30096,> 3.5,17.84
31c10de8da0e68e4,Total equipe extérieur,30096,< 3.5,1.0
31c10de8da0e68e4,G/NG equipe domicile,30097,Oui,1.3
31c10de8da0e68e4,G/NG equipe domicile,30097,Non,3.45
31c10de8da0e68e4,G/NG equipe extérieur,30098,Oui,1.18
31c10de8da0e68e4,G/NG equipe extérieur,30098,Non,4.67
31c10de8da0e68e4,Pair/Impair,30099,Impair,1.88
31c10de8da0e68e4,Pair/Impair,30099,Pair,1.82
31c10de8da0e68e4,Minute du premier but,30100,1-15,4.24
31c10de8da0e68e4,Minute du premier but,30100,16-30,2.88
31c10de8da0e68e4,Minute du premier but,30100,31-45,5.07
31c10de8da0e68e4,Minute du premier but,30100,46-60,7.46
31c10de8da0e68e4,Minute du premier but,30100,61-75,13.74
31c10de8da0e68e4,Minute du premier but,30100,76-90,16.51
31c10de8da0e68e4,Minute du premier but,30100,Pas de but,13.89
31c10de8da0e68e4,FTTS,30101,1,2.06
31c10de8da0e68e4,FTTS,30101,2,1.78
31c10de8da0e68e4,FTTS,30101,Pas de but,13.89
31c10de8da0e68e4,Multi-Buts,30102,"Le total de buts est de 0, 1 ou 2",2.05
31c10de8da0e68e4,Multi-Buts,30102,"Le total de buts est de 1, 2 ou 3",1.43
31c10de8da0e68e4,Multi-Buts,30102,"Le total de buts est de 2, 3 ou 4",1.35
31c10de8da0e68e4,Multi-Buts,30102,Le total de buts est supérieur à 4,7.64
31c10de8da0e68e4,2ème mi-tps - CS,30105,0-0,4.05
31c10de8da0e68e4,2ème mi-tps - CS,30105,0-1,5.99
31c10de8da0e68e4,2ème mi-tps - CS,30105,0-2,9.68
31c10de8da0e68e4,2ème mi-tps - CS,30105,0-3,23.46
31c10de8da0e68e4,2ème mi-tps - CS,30105,1-0,7.27
31c10de8da0e68e4,2ème mi-tps - CS,30105,1-1,4.78
31c10de8da0e68e4,2ème mi-tps - CS,30105,1-2,11.58
31c10de8da0e68e4,2ème mi-tps - CS,30105,2-0,14.87
31c10de8da0e68e4,2ème mi-tps - CS,30105,2-1,14.65
31c10de8da0e68e4,2ème mi-tps - CS,30105,3-0,45.59
ad014500b5486ff5,1X2,30083,1,3.31
ad014500b5486ff5,1X2,30083,X,3.94
ad014500b5486ff5,1X2,30083,2,1.98
ad014500b5486ff5,Mi-tps 1X2,30084,1,4.07
ad014500b5486ff5,Mi-tps 1X2,30084,X,2.22
ad014500b5486ff5,Mi-tps 1X2,30084,2,2.61
ad014500b5486ff5,Double Chance,30085,1X,1.77
ad014500b5486ff5,Double Chance,30085,X2,1.29
ad014500b5486ff5,Double Chance,30085,12,1.22
ad014500b5486ff5,Mi-tps DC,30086,1X,1.43
ad014500b5486ff5,Mi-tps DC,30086,X2,1.2
ad014500b5486ff5,Mi-tps DC,30086,12,1.59
ad014500b5486ff5,Score exact,30081,0-0,21.36
ad014500b5486ff5,Score exact,30081,0-1,14.91
ad014500b5486ff5,Score exact,30081,0-2,14.39
ad014500b5486ff5,Score exact,30081,0-3,18.82
ad014500b5486ff5,Score exact,30081,0-4,39.68
ad014500b5486ff5,Score exact,30081,0-5,100.0
ad014500b5486ff5,Score exact,30081,0-6,100.0
ad014500b5486ff5,Score exact,30081,1-0,19.3
ad014500b5486ff5,Score exact,30081,1-1,8.25
ad014500b5486ff5,Score exact,30081,1-2,8.14
ad014500b5486ff5,Score exact,30081,1-3,12.93
ad014500b5486ff5,Score exact,30081,1-4,28.46
ad014500b5486ff5,Score exact,30081,1-5,100.0
ad014500b5486ff5,Score exact,30081,2-0,25.11
ad014500b5486ff5,Score exact,30081,2-1,10.9
ad014500b5486ff5,Score exact,30081,2-2,11.34
ad014500b5486ff5,Score exact,30081,2-3,19.82
ad014500b5486ff5,Score exact,30081,2-4,78.42
ad014500b5486ff5,Score exact,30081,3-0,44.56
ad014500b5486ff5,Score exact,30081,3-1,23.41
ad014500b5486ff5,Score exact,30081,3-2,26.97
ad014500b5486ff5,Score exact,30081,3-3,83.17
ad014500b5486ff5,Score exact,30081,4-0,100.0
ad014500b5486ff5,Score exact,30081,4-1,70.68
ad014500b5486ff5,Score exact,30081,4-2,100.0
ad014500b5486ff5,Score exact,30081,5-0,100.0
ad014500b5486ff5,Score exact,30081,5-1,100.0
ad014500b5486ff5,Score exact,30081,6-0,100.0
ad014500b5486ff5,Mi-tps CS,30082,0-0,3.54
ad014500b5486ff5,Mi-tps CS,30082,0-1,5.47
ad014500b5486ff5,Mi-tps CS,30082,0-2,9.38
ad014500b5486ff5,Mi-tps CS,30082,0-3,24.09
ad014500b5486ff5,Mi-tps CS,30082,1-0,7.36
ad014500b5486ff5,Mi-tps CS,30082,1-1,5.06
ad014500b5486ff5,Mi-tps CS,30082,1-2,13.0
ad014500b5486ff5,Mi-tps CS,30082,2-0,17.81
ad014500b5486ff5,Mi-tps CS,30082,2-1,18.38
ad014500b5486ff5,Mi-tps CS,30082,3-0,64.69
ad014500b5486ff5,+/-,30087,> 0.5,0.98
ad014500b5486ff5,+/-,30087,< 0.5,22.56
ad014500b5486ff5,+/-,30087,> 1.5,1.11
ad014500b5486ff5,+/-,30087,< 1.5,6.38
ad014500b5486ff5,+/-,30087,> 2.5,1.46
ad014500b5486ff5,+/-,30087,< 2.5,2.67
ad014500b5486ff5,+/-,30087,> 3.5,2.44
ad014500b5486ff5,+/-,30087,< 3.5,1.54
ad014500b5486ff5,HT/FT,30089,1/1,5.72
ad014500b5486ff5,HT/FT,30089,1/X,20.47
ad014500b5486ff5,HT/FT,30089,1/2,31.94
ad014500b5486ff5,HT/FT,30089,X/1,8.26
ad014500b5486ff5,HT/FT,30089,X/X,5.97
ad014500b5486ff5,HT/FT,30089,X/2,5.58
ad014500b5486ff5,HT/FT,30089,2/1,43.34
ad014500b5486ff5,HT/FT,30089,2/X,19.3
ad014500b5486ff5,HT/FT,30089,2/2,3.1
ad014500b5486ff5,Total de buts,30090,0,21.36
ad014500b5486ff5,Total de buts,30090,1,8.41
ad014500b5486ff5,Total de buts,30090,2,4.34
ad014500b5486ff5,Total de buts,30090,3,3.45
ad014500b5486ff5,Total de buts,30090,4,4.14
ad014500b5486ff5,Total de buts,30090,5,6.74
ad014500b5486ff5,Total de buts,30090,6,22.71
ad014500b5486ff5,G/NG,30091,Oui,1.46
ad014500b5486ff5,G/NG,30091,Non,2.66
ad014500b5486ff5,Les deux équipes marquent / 1ère mi temps,30092,Oui,3.3
ad014500b5486ff5,Les deux équipes marquent / 1ère mi temps,30092,Non,1.32
ad014500b5486ff5,1X2 & Total,30093,1 / > 1.5,3.81
ad014500b5486ff5,1X2 & Total,30093,X / > 1.5,4.6
ad014500b5486ff5,1X2 & Total,30093,2 / > 1.5,2.19
ad014500b5486ff5,1X2 & Total,30093,1 / < 1.5,19.65
ad014500b5486ff5,1X2 & Total,30093,X / < 1.5,21.74
ad014500b5486ff5,1X2 & Total,30093,2 / < 1.5,15.18
ad014500b5486ff5,1X2 & Total,30093,1 / > 2.5,4.48
ad014500b5486ff5,1X2 & Total,30093,X / > 2.5,10.16
ad014500b5486ff5,1X2 & Total,30093,2 / > 2.5,2.57
ad014500b5486ff5,1X2 & Total,30093,1 / < 2.5,11.11
ad014500b5486ff5,1X2 & Total,30093,X / < 2.5,6.06
ad014500b5486ff5,1X2 & Total,30093,2 / < 2.5,7.46
ad014500b5486ff5,1X2 & Total,30093,1 / > 3.5,8.98
ad014500b5486ff5,1X2 & Total,30093,X / > 3.5,10.16
ad014500b5486ff5,1X2 & Total,30093,2 / > 3.5,4.62
ad014500b5486ff5,1X2 & Total,30093,1 / < 3.5,4.95
ad014500b5486ff5,1X2 & Total,30093,X / < 3.5,6.06
ad014500b5486ff5,1X2 & Total,30093,2 / < 3.5,3.26
ad014500b5486ff5,1X2 & G/NG,30094,1 gagne et les deux équipes marquent,5.13
ad014500b5486ff5,1X2 & G/NG,30094,1 gagne et seulement  1  marque,8.04
ad014500b5486ff5,1X2 & G/NG,30094,X et les deux équipes marquent,4.52
ad014500b5486ff5,1X2 & G/NG,30094,X et aucun but,21.36
ad014500b5486ff5,1X2 & G/NG,30094,2 gagne et les deux équipes marquent,3.27
ad014500b5486ff5,1X2 & G/NG,30094,2 gagne et seulement 2 marque,4.42
ad014500b5486ff5,Total equipe domicile,30095,> 0.5,1.25
ad014500b5486ff5,Total equipe domicile,30095,< 0.5,3.87
ad014500b5486ff5,Total equipe domicile,30095,> 1.5,2.45
ad014500b5486ff5,Total equipe domicile,30095,< 1.5,1.53
ad014500b5486ff5,Total equipe domicile,30095,> 2.5,7.15
ad014500b5486ff5,Total equipe domicile,30095,< 2.5,1.09
ad014500b5486ff5,Total equipe domicile,30095,> 3.5,31.52
ad014500b5486ff5,Total equipe domicile,30095,< 3.5,0.97
ad014500b5486ff5,Total equipe extérieur,30096,> 0.5,1.11
ad014500b5486ff5,Total equipe extérieur,30096,< 0.5,6.17
ad014500b5486ff5,Total equipe extérieur,30096,> 1.5,1.73
ad014500b5486ff5,Total equipe extérieur,30096,< 1.5,2.07
ad014500b5486ff5,Total equipe extérieur,30096,> 2.5,3.7
ad014500b5486ff5,Total equipe extérieur,30096,< 2.5,1.27
ad014500b5486ff5,Total equipe extérieur,30096,> 3.5,11.43
ad014500b5486ff5,Total equipe extérieur,30096,< 3.5,1.03
ad014500b5486ff5,G/NG equipe domicile,30097,Oui,1.25
ad014500b5486ff5,G/NG equipe domicile,30097,Non,3.87
ad014500b5486ff5,G/NG equipe extérieur,30098,Oui,1.11
ad014500b5486ff5,G/NG equipe extérieur,30098,Non,6.17
ad014500b5486ff5,Pair/Impair,30099,Impair,1.86
ad014500b5486ff5,Pair/Impair,30099,Pair,1.84
ad014500b5486ff5,Minute du premier but,30100,1-15,3.85
ad014500b5486ff5,Minute du premier but,30100,16-30,2.68
ad014500b5486ff5,Minute du premier but,30100,31-45,5.03
ad014500b5486ff5,Minute du premier but,30100,46-60,7.99
ad014500b5486ff5,Minute du premier but,30100,61-75,15.41
ad014500b5486ff5,Minute du premier but,30100,76-90,19.21
ad014500b5486ff5,Minute du premier but,30100,Pas de but,21.36
ad014500b5486ff5,FTTS,30101,1,2.07
ad014500b5486ff5,FTTS,30101,2,1.7
ad014500b5486ff5,FTTS,30101,Pas de but,21.36
ad014500b5486ff5,Multi-Buts,30102,"Le total de buts est de 0, 1 ou 2",2.57
ad014500b5486ff5,Multi-Buts,30102,"Le total de buts est de 1, 2 ou 3",1.59
ad014500b5486ff5,Multi-Buts,30102,"Le total de buts est de 2, 3 ou 4",1.34
ad014500b5486ff5,Multi-Buts,30102,Le total de buts est supérieur à 4,5.29
ad014500b5486ff5,2ème mi-tps - CS,30105,0-0,5.11
ad014500b5486ff5,2ème mi-tps - CS,30105,0-1,6.51
ad014500b5486ff5,2ème mi-tps - CS,30105,0-2,8.54
ad014500b5486ff5,2ème mi-tps - CS,30105,0-3,16.79
ad014500b5486ff5,2ème mi-tps - CS,30105,1-0,8.17
ad014500b5486ff5,2ème mi-tps - CS,30105,1-1,4.62
ad014500b5486ff5,2ème mi-tps - CS,30105,1-2,9.09
ad014500b5486ff5,2ème mi-tps - CS,30105,2-0,14.56
ad014500b5486ff5,2ème mi-tps - CS,30105,2-1,12.35
ad014500b5486ff5,2ème mi-tps - CS,30105,3-0,38.9
7eb6d540b021a8b4,1X2,30083,1,1.78
7eb6d540b021a8b4,1X2,30083,X,4.38
7eb6d540b021a8b4,1X2,30083,2,3.72
7eb6d540b021a8b4,Mi-tps 1X2,30084,1,2.31
7eb6d540b021a8b4,Mi-tps 1X2,30084,X,2.39
7eb6d540b021a8b4,Mi-tps 1X2,30084,2,4.37
7eb6d540b021a8b4,Double Chance,30085,1X,1.24
7eb6d540b021a8b4,Double Chance,30085,X2,1.97
7eb6d540b021a8b4,Double Chance,30085,12,1.18
7eb6d540b021a8b4,Mi-tps DC,30086,1X,1.17
7eb6d540b021a8b4,Mi-tps DC,30086,X2,1.54
7eb6d540b021a8b4,Mi-tps DC,30086,12,1.51
7eb6d540b021a8b4,Score exact,30081,0-0,30.69
7eb6d540b021a8b4,Score exact,30081,0-1,26.29
7eb6d540b021a8b4,Score exact,30081,0-2,32.04
7eb6d540b021a8b4,Score exact,30081,0-3,53.22
7eb6d540b021a8b4,Score exact,30081,0-4,100.0
7eb6d540b021a8b4,Score exact,30081,0-5,100.0
7eb6d540b021a8b4,Score exact,30081,0-6,100.0
7eb6d540b021a8b4,Score exact,30081,1-0,18.82
7eb6d540b021a8b4,Score exact,30081,1-1,9.87
7eb6d540b021a8b4,Score exact,30081,1-2,12.26
7eb6d540b021a8b4,Score exact,30081,1-3,24.86
7eb6d540b021a8b4,Score exact,30081,1-4,70.81
7eb6d540b021a8b4,Score exact,30081,1-5,100.0
7eb6d540b021a8b4,Score exact,30081,2-0,15.12
7eb6d540b021a8b4,Score exact,30081,2-1,8.19
7eb6d540b021a8b4,Score exact,30081,2-2,10.94
7eb6d540b021a8b4,Score exact,30081,2-3,24.58
7eb6d540b021a8b4,Score exact,30081,2-4,100.0
7eb6d540b021a8b4,Score exact,30081,3-0,16.33
7eb6d540b021a8b4,Score exact,30081,3-1,10.92
7eb6d540b021a8b4,Score exact,30081,3-2,15.95
7eb6d540b021a8b4,Score exact,30081,3-3,63.11
7eb6d540b021a8b4,Score exact,30081,4-0,28.97
7eb6d540b021a8b4,Score exact,30081,4-1,19.86
7eb6d540b021a8b4,Score exact,30081,4-2,52.01
7eb6d540b021a8b4,Score exact,30081,5-0,63.01
7eb6d540b021a8b4,Score exact,30081,5-1,73.79
7eb6d540b021a8b4,Score exact,30081,6-0,100.0
7eb6d540b021a8b4,Mi-tps CS,30082,0-0,4.08
7eb6d540b021a8b4,Mi-tps CS,30082,0-1,8.28
7eb6d540b021a8b4,Mi-tps CS,30082,0-2,19.5
7eb6d540b021a8b4,Mi-tps CS,30082,0-3,68.89
7eb6d540b021a8b4,Mi-tps CS,30082,1-0,5.51
7eb6d540b021a8b4,Mi-tps CS,30082,1-1,4.97
7eb6d540b021a8b4,Mi-tps CS,30082,1-2,17.58
7eb6d540b021a8b4,Mi-tps CS,30082,2-0,7.91
7eb6d540b021a8b4,Mi-tps CS,30082,2-1,10.7
7eb6d540b021a8b4,Mi-tps CS,30082,3-0,17.01
7eb6d540b021a8b4,+/-,30087,> 0.5,0.97
7eb6d540b021a8b4,+/-,30087,< 0.5,32.43
7eb6d540b021a8b4,+/-,30087,> 1.5,1.06
7eb6d540b021a8b4,+/-,30087,< 1.5,8.54
7eb6d540b021a8b4,+/-,30087,> 2.5,1.32
7eb6d540b021a8b4,+/-,30087,< 2.5,3.28
7eb6d540b021a8b4,+/-,30087,> 3.5,2.06
7eb6d540b021a8b4,+/-,30087,< 3.5,1.74
7eb6d540b021a8b4,HT/FT,30089,1/1,2.7
7eb6d540b021a8b4,HT/FT,30089,1/X,18.77
7eb6d540b021a8b4,HT/FT,30089,1/2,41.1
7eb6d540b021a8b4,HT/FT,30089,X/1,5.34
7eb6d540b021a8b4,HT/FT,30089,X/X,7.17
7eb6d540b021a8b4,HT/FT,30089,X/2,9.27
7eb6d540b021a8b4,HT/FT,30089,2/1,27.14
7eb6d540b021a8b4,HT/FT,30089,2/X,20.68
7eb6d540b021a8b4,HT/FT,30089,2/2,6.58
7eb6d540b021a8b4,Total de buts,30090,0,30.69
7eb6d540b021a8b4,Total de buts,30090,1,10.97
7eb6d540b021a8b4,Total de buts,30090,2,5.03
7eb6d540b021a8b4,Total de buts,30090,3,3.53
7eb6d540b021a8b4,Total de buts,30090,4,3.78
7eb6d540b021a8b4,Total de buts,30090,5,5.38
7eb6d540b021a8b4,Total de buts,30090,6,15.72
7eb6d540b021a8b4,G/NG,30091,Oui,1.4
7eb6d540b021a8b4,G/NG,30091,Non,2.89
7eb6d540b021a8b4,Les deux équipes marquent / 1ère mi temps,30092,Oui,3.09
7eb6d540b021a8b4,Les deux équipes marquent / 1ère mi temps,30092,Non,1.36
7eb6d540b021a8b4,1X2 & Total,30093,1 / > 1.5,1.88
7eb6d540b021a8b4,1X2 & Total,30093,X / > 1.5,4.88
7eb6d540b021a8b4,1X2 & Total,30093,2 / > 1.5,4.14
7eb6d540b021a8b4,1X2 & Total,30093,1 / < 1.5,19.16
7eb6d540b021a8b4,1X2 & Total,30093,X / < 1.5,31.25
7eb6d540b021a8b4,1X2 & Total,30093,2 / < 1.5,26.77
7eb6d540b021a8b4,1X2 & Total,30093,1 / > 2.5,2.14
7eb6d540b021a8b4,1X2 & Total,30093,X / > 2.5,9.5
7eb6d540b021a8b4,1X2 & Total,30093,2 / > 2.5,4.74
7eb6d540b021a8b4,1X2 & Total,30093,1 / < 2.5,8.54
7eb6d540b021a8b4,1X2 & Total,30093,X / < 2.5,7.6
7eb6d540b021a8b4,1X2 & Total,30093,2 / < 2.5,14.7
7eb6d540b021a8b4,1X2 & Total,30093,1 / > 3.5,3.49
7eb6d540b021a8b4,1X2 & Total,30093,X / > 3.5,9.5
7eb6d540b021a8b4,1X2 & Total,30093,2 / > 3.5,8.89
7eb6d540b021a8b4,1X2 & Total,30093,1 / < 3.5,3.36
7eb6d540b021a8b4,1X2 & Total,30093,X / < 3.5,7.6
7eb6d540b021a8b4,1X2 & Total,30093,2 / < 3.5,6.0
7eb6d540b021a8b4,1X2 & G/NG,30094,1 gagne et les deux équipes marquent,2.78
7eb6d540b021a8b4,1X2 & G/NG,30094,1 gagne et seulement  1  marque,4.25
7eb6d540b021a8b4,1X2 & G/NG,30094,X et les deux équipes marquent,4.79
7eb6d540b021a8b4,1X2 & G/NG,30094,X et aucun but,30.69
7eb6d540b021a8b4,1X2 & G/NG,30094,2 gagne et les deux équipes marquent,5.35
7eb6d540b021a8b4,1X2 & G/NG,30094,2 gagne et seulement 2 marque,10.29
7eb6d540b021a8b4,Total equipe domicile,30095,> 0.5,1.07
7eb6d540b021a8b4,Total equipe domicile,30095,< 0.5,8.14
7eb6d540b021a8b4,Total equipe domicile,30095,> 1.5,1.51
7eb6d540b021a8b4,Total equipe domicile,30095,< 1.5,2.5
7eb6d540b021a8b4,Total equipe domicile,30095,> 2.5,2.86
7eb6d540b021a8b4,Total equipe domicile,30095,< 2.5,1.41
7eb6d540b021a8b4,Total equipe domicile,30095,> 3.5,7.67
7eb6d540b021a8b4,Total equipe domicile,30095,< 3.5,1.08
7eb6d540b021a8b4,Total equipe extérieur,30096,> 0.5,1.24
7eb6d540b021a8b4,Total equipe extérieur,30096,< 0.5,3.95
7eb6d540b021a8b4,Total equipe extérieur,30096,> 1.5,2.43
7eb6d540b021a8b4,Total equipe extérieur,30096,< 1.5,1.54
7eb6d540b021a8b4,Total equipe extérieur,30096,> 2.5,7.08
7eb6d540b021a8b4,Total equipe extérieur,30096,< 2.5,1.09
7eb6d540b021a8b4,Total equipe extérieur,30096,> 3.5,31.37
7eb6d540b021a8b4,Total equipe extérieur,30096,< 3.5,0.97
7eb6d540b021a8b4,G/NG equipe domicile,30097,Oui,1.07
7eb6d540b021a8b4,G/NG equipe domicile,30097,Non,8.14
7eb6d540b021a8b4,G/NG equipe extérieur,30098,Oui,1.24
7eb6d540b021a8b4,G/NG equipe extérieur,30098,Non,3.95
7eb6d540b021a8b4,Pair/Impair,30099,Impair,1.85
7eb6d540b021a8b4,Pair/Impair,30099,Pair,1.85
7eb6d540b021a8b4,Minute du premier but,30100,1-15,3.66
7eb6d540b021a8b4,Minute du premier but,30100,16-30,2.59
7eb6d540b021a8b4,Minute du premier but,30100,31-45,5.03
7eb6d540b021a8b4,Minute du premier but,30100,46-60,8.27
7eb6d540b021a8b4,Minute du premier but,30100,61-75,16.5
7eb6d540b021a8b4,Minute du premier but,30100,76-90,21.12
7eb6d540b021a8b4,Minute du premier but,30100,Pas de but,30.69
7eb6d540b021a8b4,FTTS,30101,1,1.62
7eb6d540b021a8b4,FTTS,30101,2,2.13
7eb6d540b021a8b4,FTTS,30101,Pas de but,30.69
7eb6d540b021a8b4,Multi-Buts,30102,"Le total de buts est de 0, 1 ou 2",3.16
7eb6d540b021a8b4,Multi-Buts,30102,"Le total de buts est de 1, 2 ou 3",1.78
7eb6d540b021a8b4,Multi-Buts,30102,"Le total de buts est de 2, 3 ou 4",1.36
7eb6d540b021a8b4,Multi-Buts,30102,Le total de buts est supérieur à 4,4.08
7eb6d540b021a8b4,2ème mi-tps - CS,30105,0-0,6.38
7eb6d540b021a8b4,2ème mi-tps - CS,30105,0-1,9.45
7eb6d540b021a8b4,2ème mi-tps - CS,30105,0-2,15.31
7eb6d540b021a8b4,2ème mi-tps - CS,30105,0-3,37.22
7eb6d540b021a8b4,2ème mi-tps - CS,30105,1-0,7.15
7eb6d540b021a8b4,2ème mi-tps - CS,30105,1-1,4.71
7eb6d540b021a8b4,2ème mi-tps - CS,30105,1-2,11.45
7eb6d540b021a8b4,2ème mi-tps - CS,30105,2-0,7.45
7eb6d540b021a8b4,2ème mi-tps - CS,30105,2-1,7.36
7eb6d540b021a8b4,2ème mi-tps - CS,30105,3-0,11.65
8e61b44e640e4d86,1X2,30083,1,1.47
8e61b44e640e4d86,1X2,30083,X,4.42
8e61b44e640e4d86,1X2,30083,2,6.55
8e61b44e640e4d86,Mi-tps 1X2,30084,1,2.11
8e61b44e640e4d86,Mi-tps 1X2,30084,X,2.18
8e61b44e640e4d86,Mi-tps 1X2,30084,2,6.77
8e61b44e640e4d86,Double Chance,30085,1X,1.08
8e61b44e640e4d86,Double Chance,30085,X2,2.59
8e61b44e640e4d86,Double Chance,30085,12,1.18
8e61b44e640e4d86,Mi-tps DC,30086,1X,1.07
8e61b44e640e4d86,Mi-tps DC,30086,X2,1.65
8e61b44e640e4d86,Mi-tps DC,30086,12,1.61
8e61b44e640e4d86,Score exact,30081,0-0,15.61
8e61b44e640e4d86,Score exact,30081,0-1,22.4
8e61b44e640e4d86,Score exact,30081,0-2,47.88
8e61b44e640e4d86,Score exact,30081,0-3,100.0
8e61b44e640e4d86,Score exact,30081,0-4,100.0
8e61b44e640e4d86,Score exact,30081,0-5,100.0
8e61b44e640e4d86,Score exact,30081,0-6,100.0
8e61b44e640e4d86,Score exact,30081,1-0,10.03
8e61b44e640e4d86,Score exact,30081,1-1,8.81
8e61b44e640e4d86,Score exact,30081,1-2,18.98
8e61b44e640e4d86,Score exact,30081,1-3,66.81
8e61b44e640e4d86,Score exact,30081,1-4,100.0
8e61b44e640e4d86,Score exact,30081,1-5,100.0
8e61b44e640e4d86,Score exact,30081,2-0,8.61
8e61b44e640e4d86,Score exact,30081,2-1,7.79
8e61b44e640e4d86,Score exact,30081,2-2,17.71
8e61b44e640e4d86,Score exact,30081,2-3,69.54
8e61b44e640e4d86,Score exact,30081,2-4,100.0
8e61b44e640e4d86,Score exact,30081,3-0,9.97
8e61b44e640e4d86,Score exact,30081,3-1,11.09
8e61b44e640e4d86,Score exact,30081,3-2,27.59
8e61b44e640e4d86,Score exact,30081,3-3,100.0
8e61b44e640e4d86,Score exact,30081,4-0,18.96
8e61b44e640e4d86,Score exact,30081,4-1,21.7
8e61b44e640e4d86,Score exact,30081,4-2,97.36
8e61b44e640e4d86,Score exact,30081,5-0,44.69
8e61b44e640e4d86,Score exact,30081,5-1,87.35
8e61b44e640e4d86,Score exact,30081,6-0,100.0
8e61b44e640e4d86,Mi-tps CS,30082,0-0,3.02
8e61b44e640e4d86,Mi-tps CS,30082,0-1,9.91
8e61b44e640e4d86,Mi-tps CS,30082,0-2,39.16
8e61b44e640e4d86,Mi-tps CS,30082,0-3,100.0
8e61b44e640e4d86,Mi-tps CS,30082,1-0,4.36
8e61b44e640e4d86,Mi-tps CS,30082,1-1,6.36
8e61b44e640e4d86,Mi-tps CS,30082,1-2,37.69
8e61b44e640e4d86,Mi-tps CS,30082,2-0,6.84
8e61b44e640e4d86,Mi-tps CS,30082,2-1,14.94
8e61b44e640e4d86,Mi-tps CS,30082,3-0,16.06
8e61b44e640e4d86,+/-,30087,> 0.5,1.0
8e61b44e640e4d86,+/-,30087,< 0.5,16.49
8e61b44e640e4d86,+/-,30087,> 1.5,1.16
8e61b44e640e4d86,+/-,30087,< 1.5,5.07
8e61b44e640e4d86,+/-,30087,> 2.5,1.6
8e61b44e640e4d86,+/-,30087,< 2.5,2.3
8e61b44e640e4d86,+/-,30087,> 3.5,2.84
8e61b44e640e4d86,+/-,30087,< 3.5,1.41
8e61b44e640e4d86,HT/FT,30089,1/1,2.24
8e61b44e640e4d86,HT/FT,30089,1/X,27.72
8e61b44e640e4d86,HT/FT,30089,1/2,100.0
8e61b44e640e4d86,HT/FT,30089,X/1,4.15
8e61b44e640e4d86,HT/FT,30089,X/X,6.01
8e61b44e640e4d86,HT/FT,30089,X/2,14.76
8e61b44e640e4d86,HT/FT,30089,2/1,30.56
8e61b44e640e4d86,HT/FT,30089,2/X,27.24
8e61b44e640e4d86,HT/FT,30089,2/2,11.94
8e61b44e640e4d86,Total de buts,30090,0,15.61
8e61b44e640e4d86,Total de buts,30090,1,6.93
8e61b44e640e4d86,Total de buts,30090,2,3.99
8e61b44e640e4d86,Total de buts,30090,3,3.47
8e61b44e640e4d86,Total de buts,30090,4,4.63
8e61b44e640e4d86,Total de buts,30090,5,8.17
8e61b44e640e4d86,Total de buts,30090,6,29.05
8e61b44e640e4d86,G/NG,30091,Oui,1.81
8e61b44e640e4d86,G/NG,30091,Non,1.97
8e61b44e640e4d86,Les deux équipes marquent / 1ère mi temps,30092,Oui,4.33
8e61b44e640e4d86,Les deux équipes marquent / 1ère mi temps,30092,Non,1.21
8e61b44e640e4d86,1X2 & Total,30093,1 / > 1.5,1.64
8e61b44e640e4d86,1X2 & Total,30093,X / > 1.5,5.81
8e61b44e640e4d86,1X2 & Total,30093,2 / > 1.5,8.72
8e61b44e640e4d86,1X2 & Total,30093,1 / < 1.5,10.21
8e61b44e640e4d86,1X2 & Total,30093,X / < 1.5,15.89
8e61b44e640e4d86,1X2 & Total,30093,2 / < 1.5,22.81
8e61b44e640e4d86,1X2 & Total,30093,1 / > 2.5,2.02
8e61b44e640e4d86,1X2 & Total,30093,X / > 2.5,16.5
8e61b44e640e4d86,1X2 & Total,30093,2 / > 2.5,10.63
8e61b44e640e4d86,1X2 & Total,30093,1 / < 2.5,4.72
8e61b44e640e4d86,1X2 & Total,30093,X / < 2.5,5.73
8e61b44e640e4d86,1X2 & Total,30093,2 / < 2.5,15.54
8e61b44e640e4d86,1X2 & Total,30093,1 / > 3.5,3.7
8e61b44e640e4d86,1X2 & Total,30093,X / > 3.5,16.5
8e61b44e640e4d86,1X2 & Total,30093,2 / > 3.5,28.26
8e61b44e640e4d86,1X2 & Total,30093,1 / < 3.5,2.29
8e61b44e640e4d86,1X2 & Total,30093,X / < 3.5,5.73
8e61b44e640e4d86,1X2 & Total,30093,2 / < 3.5,8.12
8e61b44e640e4d86,1X2 & G/NG,30094,1 gagne et les deux équipes marquent,3.1
8e61b44e640e4d86,1X2 & G/NG,30094,1 gagne et seulement  1  marque,2.52
8e61b44e640e4d86,1X2 & G/NG,30094,X et les deux équipes marquent,5.71
8e61b44e640e4d86,1X2 & G/NG,30094,X et aucun but,15.61
8e61b44e640e4d86,1X2 & G/NG,30094,2 gagne et les deux équipes marquent,11.51
8e61b44e640e4d86,1X2 & G/NG,30094,2 gagne et seulement 2 marque,13.43
8e61b44e640e4d86,Total equipe domicile,30095,> 0.5,1.08
8e61b44e640e4d86,Total equipe domicile,30095,< 0.5,7.63
8e61b44e640e4d86,Total equipe domicile,30095,> 1.5,1.52
8e61b44e640e4d86,Total equipe domicile,30095,< 1.5,2.5
8e61b44e640e4d86,Total equipe domicile,30095,> 2.5,2.78
8e61b44e640e4d86,Total equipe domicile,30095,< 2.5,1.43
8e61b44e640e4d86,Total equipe domicile,30095,> 3.5,7.12
8e61b44e640e4d86,Total equipe domicile,30095,< 3.5,1.09
8e61b44e640e4d86,Total equipe extérieur,30096,> 0.5,1.6
8e61b44e640e4d86,Total equipe extérieur,30096,< 0.5,2.29
8e61b44e640e4d86,Total equipe extérieur,30096,> 1.5,4.7
8e61b44e640e4d86,Total equipe extérieur,30096,< 1.5,1.18
8e61b44e640e4d86,Total equipe extérieur,30096,> 2.5,21.84
8e61b44e640e4d86,Total equipe extérieur,30096,< 2.5,0.99
8e61b44e640e4d86,Total equipe extérieur,30096,> 3.5,100.0
8e61b44e640e4d86,Total equipe extérieur,30096,< 3.5,0.95
8e61b44e640e4d86,G/NG equipe domicile,30097,Oui,1.08
8e61b44e640e4d86,G/NG equipe domicile,30097,Non,7.63
8e61b44e640e4d86,G/NG equipe extérieur,30098,Oui,1.6
8e61b44e640e4d86,G/NG equipe extérieur,30098,Non,2.29
8e61b44e640e4d86,Pair/Impair,30099,Impair,1.87
8e61b44e640e4d86,Pair/Impair,30099,Pair,1.84
8e61b44e640e4d86,Minute du premier but,30100,1-15,4.26
8e61b44e640e4d86,Minute du premier but,30100,16-30,2.88
8e61b44e640e4d86,Minute du premier but,30100,31-45,5.01
8e61b44e640e4d86,Minute du premier but,30100,46-60,7.34
8e61b44e640e4d86,Minute du premier but,30100,61-75,13.34
8e61b44e640e4d86,Minute du premier but,30100,76-90,15.85
8e61b44e640e4d86,Minute du premier but,30100,Pas de but,15.61
8e61b44e640e4d86,FTTS,30101,1,1.47
8e61b44e640e4d86,FTTS,30101,2,2.66
8e61b44e640e4d86,FTTS,30101,Pas de but,15.61
8e61b44e640e4d86,Multi-Buts,30102,"Le total de buts est de 0, 1 ou 2",2.22
8e61b44e640e4d86,Multi-Buts,30102,"Le total de buts est de 1, 2 ou 3",1.49
8e61b44e640e4d86,Multi-Buts,30102,"Le total de buts est de 2, 3 ou 4",1.35
8e61b44e640e4d86,Multi-Buts,30102,Le total de buts est supérieur à 4,6.5
8e61b44e640e4d86,2ème mi-tps - CS,30105,0-0,4.37
8e61b44e640e4d86,2ème mi-tps - CS,30105,0-1,11.16
8e61b44e640e4d86,2ème mi-tps - CS,30105,0-2,33.82
8e61b44e640e4d86,2ème mi-tps - CS,30105,0-3,100.0
8e61b44e640e4d86,2ème mi-tps - CS,30105,1-0,5.06
8e61b44e640e4d86,2ème mi-tps - CS,30105,1-1,5.75
8e61b44e640e4d86,2ème mi-tps - CS,30105,1-2,26.12
8e61b44e640e4d86,2ème mi-tps - CS,30105,2-0,5.66
8e61b44e640e4d86,2ème mi-tps - CS,30105,2-1,9.63
8e61b44e640e4d86,2ème mi-tps - CS,30105,3-0,9.49
1ee66ae5772558b5,1X2,30083,1,2.85
1ee66ae5772558b5,1X2,30083,X,3.45
1ee66ae5772558b5,1X2,30083,2,2.38
1ee66ae5772558b5,Mi-tps 1X2,30084,1,3.83
1ee66ae5772558b5,Mi-tps 1X2,30084,X,1.96
1ee66ae5772558b5,Mi-tps 1X2,30084,2,3.24
1ee66ae5772558b5,Double Chance,30085,1X,1.53
1ee66ae5772558b5,Double Chance,30085,X2,1.38
1ee66ae5772558b5,Double Chance,30085,12,1.27
1ee66ae5772558b5,Mi-tps DC,30086,1X,1.3
1ee66ae5772558b5,Mi-tps DC,30086,X2,1.22
1ee66ae5772558b5,Mi-tps DC,30086,12,1.76
1ee66ae5772558b5,Score exact,30081,0-0,12.96
1ee66ae5772558b5,Score exact,30081,0-1,11.44
1ee66ae5772558b5,Score exact,30081,0-2,14.49
1ee66ae5772558b5,Score exact,30081,0-3,25.02
1ee66ae5772558b5,Score exact,30081,0-4,69.89
1ee66ae5772558b5,Score exact,30081,0-5,100.0
1ee66ae5772558b5,Score exact,30081,0-6,100.0
1ee66ae5772558b5,Score exact,30081,1-0,12.65
1ee66ae5772558b5,Score exact,30081,1-1,6.82
1ee66ae5772558b5,Score exact,30081,1-2,8.78
1ee66ae5772558b5,Score exact,30081,1-3,18.47
1ee66ae5772558b5,Score exact,30081,1-4,54.48
1ee66ae5772558b5,Score exact,30081,1-5,100.0
1ee66ae5772558b5,Score exact,30081,2-0,17.86
1ee66ae5772558b5,Score exact,30081,2-1,9.79
1ee66ae5772558b5,Score exact,30081,2-2,13.24
1ee66ae5772558b5,Score exact,30081,2-3,30.79
1ee66ae5772558b5,Score exact,30081,2-4,100.0
1ee66ae5772558b5,Score exact,30081,3-0,34.48
1ee66ae5772558b5,Score exact,30081,3-1,23.03
1ee66ae5772558b5,Score exact,30081,3-2,34.49
1ee66ae5772558b5,Score exact,30081,3-3,100.0
1ee66ae5772558b5,Score exact,30081,4-0,100.0
1ee66ae5772558b5,Score exact,30081,4-1,76.29
1ee66ae5772558b5,Score exact,30081,4-2,100.0
1ee66ae5772558b5,Score exact,30081,5-0,100.0
1ee66ae5772558b5,Score exact,30081,5-1,100.0
1ee66ae5772558b5,Score exact,30081,6-0,100.0
1ee66ae5772558b5,Mi-tps CS,30082,0-0,2.73
1ee66ae5772558b5,Mi-tps CS,30082,0-1,5.54
1ee66ae5772558b5,Mi-tps CS,30082,0-2,13.09
1ee66ae5772558b5,Mi-tps CS,30082,0-3,46.34
1ee66ae5772558b5,Mi-tps CS,30082,1-0,6.25
1ee66ae5772558b5,Mi-tps CS,30082,1-1,5.65
1ee66ae5772558b5,Mi-tps CS,30082,1-2,20.01
1ee66ae5772558b5,Mi-tps CS,30082,2-0,16.85
1ee66ae5772558b5,Mi-tps CS,30082,2-1,22.85
1ee66ae5772558b5,Mi-tps CS,30082,3-0,68.16
1ee66ae5772558b5,+/-,30087,> 0.5,1.01
1ee66ae5772558b5,+/-,30087,< 0.5,13.7
1ee66ae5772558b5,+/-,30087,> 1.5,1.21
1ee66ae5772558b5,+/-,30087,< 1.5,4.34
1ee66ae5772558b5,+/-,30087,> 2.5,1.75
1ee66ae5772558b5,+/-,30087,< 2.5,2.05
1ee66ae5772558b5,+/-,30087,> 3.5,3.31
1ee66ae5772558b5,+/-,30087,< 3.5,1.32
1ee66ae5772558b5,HT/FT,30089,1/1,5.0
1ee66ae5772558b5,HT/FT,30089,1/X,21.46
1ee66ae5772558b5,HT/FT,30089,1/2,41.97
1ee66ae5772558b5,HT/FT,30089,X/1,6.74
1ee66ae5772558b5,HT/FT,30089,X/X,4.73
1ee66ae5772558b5,HT/FT,30089,X/2,5.89
1ee66ae5772558b5,HT/FT,30089,2/1,45.94
1ee66ae5772558b5,HT/FT,30089,2/X,20.72
1ee66ae5772558b5,HT/FT,30089,2/2,4.0
1ee66ae5772558b5,Total de buts,30090,0,12.96
1ee66ae5772558b5,Total de buts,30090,1,6.01
1ee66ae5772558b5,Total de buts,30090,2,3.68
1ee66ae5772558b5,Total de buts,30090,3,3.51
1ee66ae5772558b5,Total de buts,30090,4,5.09
1ee66ae5772558b5,Total de buts,30090,5,10.08
1ee66ae5772558b5,Total de buts,30090,6,41.89
1ee66ae5772558b5,G/NG,30091,Oui,1.62
1ee66ae5772558b5,G/NG,30091,Non,2.26
1ee66ae5772558b5,Les deux équipes marquent / 1ère mi temps,30092,Oui,4.01
1ee66ae5772558b5,Les deux équipes marquent / 1ère mi temps,30092,Non,1.23
1ee66ae5772558b5,1X2 & Total,30093,1 / > 1.5,3.5
1ee66ae5772558b5,1X2 & Total,30093,X / > 1.5,4.44
1ee66ae5772558b5,1X2 & Total,30093,2 / > 1.5,2.86
1ee66ae5772558b5,1X2 & Total,30093,1 / < 1.5,12.88
1ee66ae5772558b5,1X2 & Total,30093,X / < 1.5,13.2
1ee66ae5772558b5,1X2 & Total,30093,2 / < 1.5,11.65
1ee66ae5772558b5,1X2 & Total,30093,1 / > 2.5,4.33
1ee66ae5772558b5,1X2 & Total,30093,X / > 2.5,12.33
1ee66ae5772558b5,1X2 & Total,30093,2 / > 2.5,3.55
1ee66ae5772558b5,1X2 & Total,30093,1 / < 2.5,7.54
1ee66ae5772558b5,1X2 & Total,30093,X / < 2.5,4.55
1ee66ae5772558b5,1X2 & Total,30093,2 / < 2.5,6.51
1ee66ae5772558b5,1X2 & Total,30093,1 / > 3.5,9.78
1ee66ae5772558b5,1X2 & Total,30093,X / > 3.5,12.33
1ee66ae5772558b5,1X2 & Total,30093,2 / > 3.5,7.66
1ee66ae5772558b5,1X2 & Total,30093,1 / < 3.5,3.82
1ee66ae5772558b5,1X2 & Total,30093,X / < 3.5,4.55
1ee66ae5772558b5,1X2 & Total,30093,2 / < 3.5,3.28
1ee66ae5772558b5,1X2 & G/NG,30094,1 gagne et les deux équipes marquent,5.14
1ee66ae5772558b5,1X2 & G/NG,30094,1 gagne et seulement  1  marque,5.68
1ee66ae5772558b5,1X2 & G/NG,30094,X et les deux équipes marquent,4.36
1ee66ae5772558b5,1X2 & G/NG,30094,X et aucun but,12.96
1ee66ae5772558b5,1X2 & G/NG,30094,2 gagne et les deux équipes marquent,4.39
1ee66ae5772558b5,1X2 & G/NG,30094,2 gagne et seulement 2 marque,4.64
1ee66ae5772558b5,Total equipe domicile,30095,> 0.5,1.28
1ee66ae5772558b5,Total equipe domicile,30095,< 0.5,3.61
1ee66ae5772558b5,Total equipe domicile,30095,> 1.5,2.56
1ee66ae5772558b5,Total equipe domicile,30095,< 1.5,1.49
1ee66ae5772558b5,Total equipe domicile,30095,> 2.5,7.54
1ee66ae5772558b5,Total equipe domicile,30095,< 2.5,1.08
1ee66ae5772558b5,Total equipe domicile,30095,> 3.5,33.32
1ee66ae5772558b5,Total equipe domicile,30095,< 3.5,0.97
1ee66ae5772558b5,Total equipe extérieur,30096,> 0.5,1.22
1ee66ae5772558b5,Total equipe extérieur,30096,< 0.5,4.18
1ee66ae5772558b5,Total equipe extérieur,30096,> 1.5,2.24
1ee66ae5772558b5,Total equipe extérieur,30096,< 1.5,1.63
1ee66ae5772558b5,Total equipe extérieur,30096,> 2.5,5.87
1ee66ae5772558b5,Total equipe extérieur,30096,< 2.5,1.12
1ee66ae5772558b5,Total equipe extérieur,30096,> 3.5,22.77
1ee66ae5772558b5,Total equipe extérieur,30096,< 3.5,0.98
1ee66ae5772558b5,G/NG equipe domicile,30097,Oui,1.28
1ee66ae5772558b5,G/NG equipe domicile,30097,Non,3.61
1ee66ae5772558b5,G/NG equipe extérieur,30098,Oui,1.22
1ee66ae5772558b5,G/NG equipe extérieur,30098,Non,4.18
1ee66ae5772558b5,Pair/Impair,30099,Impair,1.88
1ee66ae5772558b5,Pair/Impair,30099,Pair,1.82
1ee66ae5772558b5,Minute du premier but,30100,1-15,4.39
1ee66ae5772558b5,Minute du premier but,30100,16-30,2.95
1ee66ae5772558b5,Minute du premier but,30100,31-45,5.09
1ee66ae5772558b5,Minute du premier but,30100,46-60,7.12
1ee66ae5772558b5,Minute du premier but,30100,61-75,13.12
1ee66ae5772558b5,Minute du premier but,30100,76-90,15.76
1ee66ae5772558b5,Minute du premier but,30100,Pas de but,12.96
1ee66ae5772558b5,FTTS,30101,1,2.0
1ee66ae5772558b5,FTTS,30101,2,1.85
1ee66ae5772558b5,FTTS,30101,Pas de but,12.96
1ee66ae5772558b5,Multi-Buts,30102,"Le total de buts est de 0, 1 ou 2",1.98
1ee66ae5772558b5,Multi-Buts,30102,"Le total de buts est de 1, 2 ou 3",1.41
1ee66ae5772558b5,Multi-Buts,30102,"Le total de buts est de 2, 3 ou 4",1.35
1ee66ae5772558b5,Multi-Buts,30102,Le total de buts est supérieur à 4,8.27
1ee66ae5772558b5,2ème mi-tps - CS,30105,0-0,4.03
1ee66ae5772558b5,2ème mi-tps - CS,30105,0-1,6.28
1ee66ae5772558b5,2ème mi-tps - CS,30105,0-2,10.85
1ee66ae5772558b5,2ème mi-tps - CS,30105,0-3,28.12
1ee66ae5772558b5,2ème mi-tps - CS,30105,1-0,6.84
1ee66ae5772558b5,2ème mi-tps - CS,30105,1-1,4.74
1ee66ae5772558b5,2ème mi-tps - CS,30105,1-2,12.28
1ee66ae5772558b5,2ème mi-tps - CS,30105,2-0,13.11
1ee66ae5772558b5,2ème mi-tps - CS,30105,2-1,13.63
1ee66ae5772558b5,2ème mi-tps - CS,30105,3-0,37.71
aa8e04e44b931e36,1X2,30083,1,1.39
aa8e04e44b931e36,1X2,30083,X,5.0
aa8e04e44b931e36,1X2,30083,2,7.02
aa8e04e44b931e36,Mi-tps 1X2,30084,1,1.96
aa8e04e44b931e36,Mi-tps 1X2,30084,X,2.35
aa8e04e44b931e36,Mi-tps 1X2,30084,2,6.94
aa8e04e44b931e36,Double Chance,30085,1X,1.07
aa8e04e44b931e36,Double Chance,30085,X2,2.87
aa8e04e44b931e36,Double Chance,30085,12,1.14
aa8e04e44b931e36,Mi-tps DC,30086,1X,1.07
aa8e04e44b931e36,Mi-tps DC,30086,X2,1.75
aa8e04e44b931e36,Mi-tps DC,30086,12,1.53
aa8e04e44b931e36,Score exact,30081,0-0,21.54
aa8e04e44b931e36,Score exact,30081,0-1,28.22
aa8e04e44b931e36,Score exact,30081,0-2,54.69
aa8e04e44b931e36,Score exact,30081,0-3,100.0
aa8e04e44b931e36,Score exact,30081,0-4,100.0
aa8e04e44b931e36,Score exact,30081,0-5,100.0
aa8e04e44b931e36,Score exact,30081,0-6,100.0
aa8e04e44b931e36,Score exact,30081,1-0,12.74
aa8e04e44b931e36,Score exact,30081,1-1,10.21
aa8e04e44b931e36,Score exact,30081,1-2,20.01
aa8e04e44b931e36,Score exact,30081,1-3,64.29
aa8e04e44b931e36,Score exact,30081,1-4,100.0
aa8e04e44b931e36,Score exact,30081,1-5,100.0
aa8e04e44b931e36,Score exact,30081,2-0,9.48
aa8e04e44b931e36,Score exact,30081,2-1,7.92
aa8e04e44b931e36,Score exact,30081,2-2,16.7
aa8e04e44b931e36,Score exact,30081,2-3,59.91
aa8e04e44b931e36,Score exact,30081,2-4,100.0
aa8e04e44b931e36,Score exact,30081,3-0,9.43
aa8e04e44b931e36,Score exact,30081,3-1,9.87
aa8e04e44b931e36,Score exact,30081,3-2,22.61
aa8e04e44b931e36,Score exact,30081,3-3,100.0
aa8e04e44b931e36,Score exact,30081,4-0,15.75
aa8e04e44b931e36,Score exact,30081,4-1,16.63
aa8e04e44b931e36,Score exact,30081,4-2,68.6
aa8e04e44b931e36,Score exact,30081,5-0,31.76
aa8e04e44b931e36,Score exact,30081,5-1,57.2
aa8e04e44b931e36,Score exact,30081,6-0,100.0
aa8e04e44b931e36,Mi-tps CS,30082,0-0,3.43
aa8e04e44b931e36,Mi-tps CS,30082,0-1,10.59
aa8e04e44b931e36,Mi-tps CS,30082,0-2,39.36
aa8e04e44b931e36,Mi-tps CS,30082,0-3,100.0
aa8e04e44b931e36,Mi-tps CS,30082,1-0,4.49
aa8e04e44b931e36,Mi-tps CS,30082,1-1,6.17
aa8e04e44b931e36,Mi-tps CS,30082,1-2,34.39
aa8e04e44b931e36,Mi-tps CS,30082,2-0,6.16
aa8e04e44b931e36,Mi-tps CS,30082,2-1,12.69
aa8e04e44b931e36,Mi-tps CS,30082,3-0,12.67
aa8e04e44b931e36,+/-,30087,> 0.5,0.98
aa8e04e44b931e36,+/-,30087,< 0.5,22.76
aa8e04e44b931e36,+/-,30087,> 1.5,1.1
aa8e04e44b931e36,+/-,30087,< 1.5,6.59
aa8e04e44b931e36,+/-,30087,> 2.5,1.43
aa8e04e44b931e36,+/-,30087,< 2.5,2.77
aa8e04e44b931e36,+/-,30087,> 3.5,2.35
aa8e04e44b931e36,+/-,30087,< 3.5,1.57
aa8e04e44b931e36,HT/FT,30089,1/1,2.08
aa8e04e44b931e36,HT/FT,30089,1/X,27.14
aa8e04e44b931e36,HT/FT,30089,1/2,91.55
aa8e04e44b931e36,HT/FT,30089,X/1,4.16
aa8e04e44b931e36,HT/FT,30089,X/X,7.22
aa8e04e44b931e36,HT/FT,30089,X/2,15.84
aa8e04e44b931e36,HT/FT,30089,2/1,26.99
aa8e04e44b931e36,HT/FT,30089,2/X,27.87
aa8e04e44b931e36,HT/FT,30089,2/2,13.07
aa8e04e44b931e36,Total de buts,30090,0,21.54
aa8e04e44b931e36,Total de buts,30090,1,8.78
aa8e04e44b931e36,Total de buts,30090,2,4.51
aa8e04e44b931e36,Total de buts,30090,3,3.46
aa8e04e44b931e36,Total de buts,30090,4,4.13
aa8e04e44b931e36,Total de buts,30090,5,6.4
aa8e04e44b931e36,Total de buts,30090,6,19.74
aa8e04e44b931e36,G/NG,30091,Oui,1.71
aa8e04e44b931e36,G/NG,30091,Non,2.1
aa8e04e44b931e36,Les deux équipes marquent / 1ère mi temps,30092,Oui,4.02
aa8e04e44b931e36,Les deux équipes marquent / 1ère mi temps,30092,Non,1.23
aa8e04e44b931e36,1X2 & Total,30093,1 / > 1.5,1.5
aa8e04e44b931e36,1X2 & Total,30093,X / > 1.5,6.18
aa8e04e44b931e36,1X2 & Total,30093,2 / > 1.5,8.84
aa8e04e44b931e36,1X2 & Total,30093,1 / < 1.5,12.97
aa8e04e44b931e36,1X2 & Total,30093,X / < 1.5,21.93
aa8e04e44b931e36,1X2 & Total,30093,2 / < 1.5,28.74
aa8e04e44b931e36,1X2 & Total,30093,1 / > 2.5,1.77
aa8e04e44b931e36,1X2 & Total,30093,X / > 2.5,15.22
aa8e04e44b931e36,1X2 & Total,30093,2 / > 2.5,10.51
aa8e04e44b931e36,1X2 & Total,30093,1 / < 2.5,5.53
aa8e04e44b931e36,1X2 & Total,30093,X / < 2.5,7.05
aa8e04e44b931e36,1X2 & Total,30093,2 / < 2.5,18.95
aa8e04e44b931e36,1X2 & Total,30093,1 / > 3.5,2.98
aa8e04e44b931e36,1X2 & Total,30093,X / > 3.5,15.22
aa8e04e44b931e36,1X2 & Total,30093,2 / > 3.5,25.46
aa8e04e44b931e36,1X2 & Total,30093,1 / < 3.5,2.45
aa8e04e44b931e36,1X2 & Total,30093,X / < 3.5,7.05
aa8e04e44b931e36,1X2 & Total,30093,2 / < 3.5,9.21
aa8e04e44b931e36,1X2 & G/NG,30094,1 gagne et les deux équipes marquent,2.75
aa8e04e44b931e36,1X2 & G/NG,30094,1 gagne et seulement  1  marque,2.54
aa8e04e44b931e36,1X2 & G/NG,30094,X et les deux équipes marquent,6.07
aa8e04e44b931e36,1X2 & G/NG,30094,X et aucun but,21.54
aa8e04e44b931e36,1X2 & G/NG,30094,2 gagne et les deux équipes marquent,11.36
aa8e04e44b931e36,1X2 & G/NG,30094,2 gagne et seulement 2 marque,16.0
aa8e04e44b931e36,Total equipe domicile,30095,> 0.5,1.05
aa8e04e44b931e36,Total equipe domicile,30095,< 0.5,9.7
aa8e04e44b931e36,Total equipe domicile,30095,> 1.5,1.38
aa8e04e44b931e36,Total equipe domicile,30095,< 1.5,2.98
aa8e04e44b931e36,Total equipe domicile,30095,> 2.5,2.32
aa8e04e44b931e36,Total equipe domicile,30095,< 2.5,1.59
aa8e04e44b931e36,Total equipe domicile,30095,> 3.5,5.38
aa8e04e44b931e36,Total equipe domicile,30095,< 3.5,1.14
aa8e04e44b931e36,Total equipe extérieur,30096,> 0.5,1.56
aa8e04e44b931e36,Total equipe extérieur,30096,< 0.5,2.4
aa8e04e44b931e36,Total equipe extérieur,30096,> 1.5,4.39
aa8e04e44b931e36,Total equipe extérieur,30096,< 1.5,1.2
aa8e04e44b931e36,Total equipe extérieur,30096,> 2.5,19.62
aa8e04e44b931e36,Total equipe extérieur,30096,< 2.5,0.99
aa8e04e44b931e36,Total equipe extérieur,30096,> 3.5,100.0
aa8e04e44b931e36,Total equipe extérieur,30096,< 3.5,0.95
aa8e04e44b931e36,G/NG equipe domicile,30097,Oui,1.05
aa8e04e44b931e36,G/NG equipe domicile,30097,Non,9.7
aa8e04e44b931e36,G/NG equipe extérieur,30098,Oui,1.56
aa8e04e44b931e36,G/NG equipe extérieur,30098,Non,2.4
aa8e04e44b931e36,Pair/Impair,30099,Impair,1.85
aa8e04e44b931e36,Pair/Impair,30099,Pair,1.85
aa8e04e44b931e36,Minute du premier but,30100,1-15,4.03
aa8e04e44b931e36,Minute du premier but,30100,16-30,2.76
aa8e04e44b931e36,Minute du premier but,30100,31-45,4.97
aa8e04e44b931e36,Minute du premier but,30100,46-60,7.51
aa8e04e44b931e36,Minute du premier but,30100,61-75,14.08
aa8e04e44b931e36,Minute du premier but,30100,76-90,17.15
aa8e04e44b931e36,Minute du premier but,30100,Pas de but,21.54
aa8e04e44b931e36,FTTS,30101,1,1.43
aa8e04e44b931e36,FTTS,30101,2,2.66
aa8e04e44b931e36,FTTS,30101,Pas de but,21.54
aa8e04e44b931e36,Multi-Buts,30102,"Le total de buts est de 0, 1 ou 2",2.67
aa8e04e44b931e36,Multi-Buts,30102,"Le total de buts est de 1, 2 ou 3",1.63
aa8e04e44b931e36,Multi-Buts,30102,"Le total de buts est de 2, 3 ou 4",1.35
aa8e04e44b931e36,Multi-Buts,30102,Le total de buts est supérieur à 4,4.92
aa8e04e44b931e36,2ème mi-tps - CS,30105,0-0,5.32
aa8e04e44b931e36,2ème mi-tps - CS,30105,0-1,12.11
aa8e04e44b931e36,2ème mi-tps - CS,30105,0-2,32.34
aa8e04e44b931e36,2ème mi-tps - CS,30105,0-3,100.0
aa8e04e44b931e36,2ème mi-tps - CS,30105,1-0,5.74
aa8e04e44b931e36,2ème mi-tps - CS,30105,1-1,5.8
aa8e04e44b931e36,2ème mi-tps - CS,30105,1-2,23.24
aa8e04e44b931e36,2ème mi-tps - CS,30105,2-0,5.28
aa8e04e44b931e36,2ème mi-tps - CS,30105,2-1,8.01
aa8e04e44b931e36,2ème mi-tps - CS,30105,3-0,7.3
e5132f2d3cf08243,1X2,30083,1,2.56
e5132f2d3cf08243,1X2,30083,X,3.61
e5132f2d3cf08243,1X2,30083,2,2.55
e5132f2d3cf08243,Mi-tps 1X2,30084,1,3.46
e5132f2d3cf08243,Mi-tps 1X2,30084,X,2.06
e5132f2d3cf08243,Mi-tps 1X2,30084,2,3.27
e5132f2d3cf08243,Double Chance,30085,1X,1.47
e5132f2d3cf08243,Double Chance,30085,X2,1.47
e5132f2d3cf08243,Double Chance,30085,12,1.25
e5132f2d3cf08243,Mi-tps DC,30086,1X,1.29
e5132f2d3cf08243,Mi-tps DC,30086,X2,1.26
e5132f2d3cf08243,Mi-tps DC,30086,12,1.68
e5132f2d3cf08243,Score exact,30081,0-0,16.1
e5132f2d3cf08243,Score exact,30081,0-1,13.82
e5132f2d3cf08243,Score exact,30081,0-2,17.0
e5132f2d3cf08243,Score exact,30081,0-3,28.53
e5132f2d3cf08243,Score exact,30081,0-4,76.7
e5132f2d3cf08243,Score exact,30081,0-5,100.0
e5132f2d3cf08243,Score exact,30081,0-6,100.0
e5132f2d3cf08243,Score exact,30081,1-0,13.86
e5132f2d3cf08243,Score exact,30081,1-1,7.28
e5132f2d3cf08243,Score exact,30081,1-2,9.1
e5132f2d3cf08243,Score exact,30081,1-3,18.45
e5132f2d3cf08243,Score exact,30081,1-4,52.45
e5132f2d3cf08243,Score exact,30081,1-5,100.0
e5132f2d3cf08243,Score exact,30081,2-0,17.05
e5132f2d3cf08243,Score exact,30081,2-1,9.11
e5132f2d3cf08243,Score exact,30081,2-2,11.95
e5132f2d3cf08243,Score exact,30081,2-3,26.83
e5132f2d3cf08243,Score exact,30081,2-4,100.0
e5132f2d3cf08243,Score exact,30081,3-0,28.58
e5132f2d3cf08243,Score exact,30081,3-1,18.58
e5132f2d3cf08243,Score exact,30081,3-2,26.94
e5132f2d3cf08243,Score exact,30081,3-3,100.0
e5132f2d3cf08243,Score exact,30081,4-0,77.91
e5132f2d3cf08243,Score exact,30081,4-1,53.18
e5132f2d3cf08243,Score exact,30081,4-2,100.0
e5132f2d3cf08243,Score exact,30081,5-0,100.0
e5132f2d3cf08243,Score exact,30081,5-1,100.0
e5132f2d3cf08243,Score exact,30081,6-0,100.0
e5132f2d3cf08243,Mi-tps CS,30082,0-0,3.06
e5132f2d3cf08243,Mi-tps CS,30082,0-1,5.91
e5132f2d3cf08243,Mi-tps CS,30082,0-2,13.13
e5132f2d3cf08243,Mi-tps CS,30082,0-3,43.77
e5132f2d3cf08243,Mi-tps CS,30082,1-0,6.14
e5132f2d3cf08243,Mi-tps CS,30082,1-1,5.26
e5132f2d3cf08243,Mi-tps CS,30082,1-2,17.53
e5132f2d3cf08243,Mi-tps CS,30082,2-0,14.23
e5132f2d3cf08243,Mi-tps CS,30082,2-1,18.3
e5132f2d3cf08243,Mi-tps CS,30082,3-0,49.53
e5132f2d3cf08243,+/-,30087,> 0.5,1.0
e5132f2d3cf08243,+/-,30087,< 0.5,17.01
e5132f2d3cf08243,+/-,30087,> 1.5,1.16
e5132f2d3cf08243,+/-,30087,< 1.5,5.11
e5132f2d3cf08243,+/-,30087,> 2.5,1.6
e5132f2d3cf08243,+/-,30087,< 2.5,2.29
e5132f2d3cf08243,+/-,30087,> 3.5,2.87
e5132f2d3cf08243,+/-,30087,< 3.5,1.41
e5132f2d3cf08243,HT/FT,30089,1/1,4.38
e5132f2d3cf08243,HT/FT,30089,1/X,20.86
e5132f2d3cf08243,HT/FT,30089,1/2,42.14
e5132f2d3cf08243,HT/FT,30089,X/1,6.33
e5132f2d3cf08243,HT/FT,30089,X/X,5.18
e5132f2d3cf08243,HT/FT,30089,X/2,6.57
e5132f2d3cf08243,HT/FT,30089,2/1,37.91
e5132f2d3cf08243,HT/FT,30089,2/X,19.37
e5132f2d3cf08243,HT/FT,30089,2/2,4.19
e5132f2d3cf08243,Total de buts,30090,0,16.1
e5132f2d3cf08243,Total de buts,30090,1,6.92
e5132f2d3cf08243,Total de buts,30090,2,3.92
e5132f2d3cf08243,Total de buts,30090,3,3.45
e5132f2d3cf08243,Total de buts,30090,4,4.6
e5132f2d3cf08243,Total de buts,30090,5,8.35
e5132f2d3cf08243,Total de buts,30090,6,31.76
e5132f2d3cf08243,G/NG,30091,Oui,1.53
e5132f2d3cf08243,G/NG,30091,Non,2.46
e5132f2d3cf08243,Les deux équipes marquent / 1ère mi temps,30092,Oui,3.59
e5132f2d3cf08243,Les deux équipes marquent / 1ère mi temps,30092,Non,1.28
e5132f2d3cf08243,1X2 & Total,30093,1 / > 1.5,2.99
e5132f2d3cf08243,1X2 & Total,30093,X / > 1.5,4.42
e5132f2d3cf08243,1X2 & Total,30093,2 / > 1.5,2.97
e5132f2d3cf08243,1X2 & Total,30093,1 / < 1.5,14.11
e5132f2d3cf08243,1X2 & Total,30093,X / < 1.5,16.39
e5132f2d3cf08243,1X2 & Total,30093,2 / < 1.5,14.07
e5132f2d3cf08243,1X2 & Total,30093,1 / > 2.5,3.61
e5132f2d3cf08243,1X2 & Total,30093,X / > 2.5,10.94
e5132f2d3cf08243,1X2 & Total,30093,2 / > 2.5,3.59
e5132f2d3cf08243,1X2 & Total,30093,1 / < 2.5,7.78
e5132f2d3cf08243,1X2 & Total,30093,X / < 2.5,5.1
e5132f2d3cf08243,1X2 & Total,30093,2 / < 2.5,7.76
e5132f2d3cf08243,1X2 & Total,30093,1 / > 3.5,7.42
e5132f2d3cf08243,1X2 & Total,30093,X / > 3.5,10.94
e5132f2d3cf08243,1X2 & Total,30093,2 / > 3.5,7.35
e5132f2d3cf08243,1X2 & Total,30093,1 / < 3.5,3.7
e5132f2d3cf08243,1X2 & Total,30093,X / < 3.5,5.1
e5132f2d3cf08243,1X2 & Total,30093,2 / < 3.5,3.69
e5132f2d3cf08243,1X2 & G/NG,30094,1 gagne et les deux équipes marquent,4.35
e5132f2d3cf08243,1X2 & G/NG,30094,1 gagne et seulement  1  marque,5.47
e5132f2d3cf08243,1X2 & G/NG,30094,X et les deux équipes marquent,4.34
e5132f2d3cf08243,1X2 & G/NG,30094,X et aucun but,16.1
e5132f2d3cf08243,1X2 & G/NG,30094,2 gagne et les deux équipes marquent,4.33
e5132f2d3cf08243,1X2 & G/NG,30094,2 gagne et seulement 2 marque,5.44
e5132f2d3cf08243,Total equipe domicile,30095,> 0.5,1.21
e5132f2d3cf08243,Total equipe domicile,30095,< 0.5,4.3
e5132f2d3cf08243,Total equipe domicile,30095,> 1.5,2.21
e5132f2d3cf08243,Total equipe domicile,30095,< 1.5,1.65
e5132f2d3cf08243,Total equipe domicile,30095,> 2.5,5.82
e5132f2d3cf08243,Total equipe domicile,30095,< 2.5,1.13
e5132f2d3cf08243,Total equipe domicile,30095,> 3.5,22.83
e5132f2d3cf08243,Total equipe domicile,30095,< 3.5,0.98
e5132f2d3cf08243,Total equipe extérieur,30096,> 0.5,1.21
e5132f2d3cf08243,Total equipe extérieur,30096,< 0.5,4.31
e5132f2d3cf08243,Total equipe extérieur,30096,> 1.5,2.2
e5132f2d3cf08243,Total equipe extérieur,30096,< 1.5,1.65
e5132f2d3cf08243,Total equipe extérieur,30096,> 2.5,5.78
e5132f2d3cf08243,Total equipe extérieur,30096,< 2.5,1.13
e5132f2d3cf08243,Total equipe extérieur,30096,> 3.5,22.46
e5132f2d3cf08243,Total equipe extérieur,30096,< 3.5,0.98
e5132f2d3cf08243,G/NG equipe domicile,30097,Oui,1.21
e5132f2d3cf08243,G/NG equipe domicile,30097,Non,4.3
e5132f2d3cf08243,G/NG equipe extérieur,30098,Oui,1.21
e5132f2d3cf08243,G/NG equipe extérieur,30098,Non,4.31
e5132f2d3cf08243,Pair/Impair,30099,Impair,1.87
e5132f2d3cf08243,Pair/Impair,30099,Pair,1.83
e5132f2d3cf08243,Minute du premier but,30100,1-15,4.11
e5132f2d3cf08243,Minute du premier but,30100,16-30,2.81
e5132f2d3cf08243,Minute du premier but,30100,31-45,5.05
e5132f2d3cf08243,Minute du premier but,30100,46-60,7.54
e5132f2d3cf08243,Minute du premier but,30100,61-75,14.21
e5132f2d3cf08243,Minute du premier but,30100,76-90,17.38
e5132f2d3cf08243,Minute du premier but,30100,Pas de but,16.1
e5132f2d3cf08243,FTTS,30101,1,1.91
e5132f2d3cf08243,FTTS,30101,2,1.88
e5132f2d3cf08243,FTTS,30101,Pas de but,16.1
e5132f2d3cf08243,Multi-Buts,30102,"Le total de buts est de 0, 1 ou 2",2.21
e5132f2d3cf08243,Multi-Buts,30102,"Le total de buts est de 1, 2 ou 3",1.48
e5132f2d3cf08243,Multi-Buts,30102,"Le total de buts est de 2, 3 ou 4",1.34
e5132f2d3cf08243,Multi-Buts,30102,Le total de buts est supérieur à 4,6.73
e5132f2d3cf08243,2ème mi-tps - CS,30105,0-0,4.45
e5132f2d3cf08243,2ème mi-tps - CS,30105,0-1,6.88
e5132f2d3cf08243,2ème mi-tps - CS,30105,0-2,11.77
e5132f2d3cf08243,2ème mi-tps - CS,30105,0-3,30.2
e5132f2d3cf08243,2ème mi-tps - CS,30105,1-0,6.72
e5132f2d3cf08243,2ème mi-tps - CS,30105,1-1,4.62
e5132f2d3cf08243,2ème mi-tps - CS,30105,1-2,11.85
e5132f2d3cf08243,2ème mi-tps - CS,30105,2-0,11.16
e5132f2d3cf08243,2ème mi-tps - CS,30105,2-1,11.51
e5132f2d3cf08243,2ème mi-tps - CS,30105,3-0,27.81
48168985b5180be8,1X2,30083,1,4.02
48168985b5180be8,1X2,30083,X,4.05
48168985b5180be8,1X2,30083,2,1.77
48168985b5180be8,Mi-tps 1X2,30084,1,4.72
48168985b5180be8,Mi-tps 1X2,30084,X,2.2
48168985b5180be8,Mi-tps 1X2,30084,2,2.42
48168985b5180be8,Double Chance,30085,1X,1.98
48168985b5180be8,Double Chance,30085,X2,1.21
48168985b5180be8,Double Chance,30085,12,1.21
48168985b5180be8,Mi-tps DC,30086,1X,1.5
48168985b5180be8,Mi-tps DC,30086,X2,1.15
48168985b5180be8,Mi-tps DC,30086,12,1.6
48168985b5180be8,Score exact,30081,0-0,19.9
48168985b5180be8,Score exact,30081,0-1,13.36
48168985b5180be8,Score exact,30081,0-2,12.2
48168985b5180be8,Score exact,30081,0-3,15.06
48168985b5180be8,Score exact,30081,0-4,30.32
48168985b5180be8,Score exact,30081,0-5,76.31
48168985b5180be8,Score exact,30081,0-6,100.0
48168985b5180be8,Score exact,30081,1-0,20.28
48168985b5180be8,Score exact,30081,1-1,8.33
48168985b5180be8,Score exact,30081,1-2,7.81
48168985b5180be8,Score exact,30081,1-3,11.81
48168985b5180be8,Score exact,30081,1-4,24.65
48168985b5180be8,Score exact,30081,1-5,100.0
48168985b5180be8,Score exact,30081,2-0,30.08
48168985b5180be8,Score exact,30081,2-1,12.53
48168985b5180be8,Score exact,30081,2-2,12.43
48168985b5180be8,Score exact,30081,2-3,20.64
48168985b5180be8,Score exact,30081,2-4,77.55
48168985b5180be8,Score exact,30081,3-0,61.0
48168985b5180be8,Score exact,30081,3-1,30.76
48168985b5180be8,Score exact,30081,3-2,33.89
48168985b5180be8,Score exact,30081,3-3,99.33
48168985b5180be8,Score exact,30081,4-0,100.0
48168985b5180be8,Score exact,30081,4-1,100.0
48168985b5180be8,Score exact,30081,4-2,100.0
48168985b5180be8,Score exact,30081,5-0,100.0
48168985b5180be8,Score exact,30081,5-1,100.0
48168985b5180be8,Score exact,30081,6-0,100.0
48168985b5180be8,Mi-tps CS,30082,0-0,3.36
48168985b5180be8,Mi-tps CS,30082,0-1,5.07
48168985b5180be8,Mi-tps CS,30082,0-2,8.4
48168985b5180be8,Mi-tps CS,30082,0-3,20.88
48168985b5180be8,Mi-tps CS,30082,1-0,7.97
48168985b5180be8,Mi-tps CS,30082,1-1,5.34
48168985b5180be8,Mi-tps CS,30082,1-2,13.28
48168985b5180be8,Mi-tps CS,30082,2-0,22.29
48168985b5180be8,Mi-tps CS,30082,2-1,22.41
48168985b5180be8,Mi-tps CS,30082,3-0,93.5
48168985b5180be8,+/-,30087,> 0.5,0.99
48168985b5180be8,+/-,30087,< 0.5,21.03
48168985b5180be8,+/-,30087,> 1.5,1.12
48168985b5180be8,+/-,30087,< 1.5,6.06
48168985b5180be8,+/-,30087,> 2.5,1.49
48168985b5180be8,+/-,30087,< 2.5,2.58
48168985b5180be8,+/-,30087,> 3.5,2.52
48168985b5180be8,+/-,30087,< 3.5,1.51
48168985b5180be8,HT/FT,30089,1/1,7.12
48168985b5180be8,HT/FT,30089,1/X,21.7
48168985b5180be8,HT/FT,30089,1/2,30.02
48168985b5180be8,HT/FT,30089,X/1,9.65
48168985b5180be8,HT/FT,30089,X/X,5.99
48168985b5180be8,HT/FT,30089,X/2,4.96
48168985b5180be8,HT/FT,30089,2/1,53.73
48168985b5180be8,HT/FT,30089,2/X,20.96
48168985b5180be8,HT/FT,30089,2/2,2.76
48168985b5180be8,Total de buts,30090,0,19.9
48168985b5180be8,Total de buts,30090,1,8.05
48168985b5180be8,Total de buts,30090,2,4.25
48168985b5180be8,Total de buts,30090,3,3.44
48168985b5180be8,Total de buts,30090,4,4.24
48168985b5180be8,Total de buts,30090,5,7.03
48168985b5180be8,Total de buts,30090,6,24.01
48168985b5180be8,G/NG,30091,Oui,1.53
48168985b5180be8,G/NG,30091,Non,2.47
48168985b5180be8,Les deux équipes marquent / 1ère mi temps,30092,Oui,3.53
48168985b5180be8,Les deux équipes marquent / 1ère mi temps,30092,Non,1.29
48168985b5180be8,1X2 & Total,30093,1 / > 1.5,4.77
48168985b5180be8,1X2 & Total,30093,X / > 1.5,4.83
48168985b5180be8,1X2 & Total,30093,2 / > 1.5,1.95
48168985b5180be8,1X2 & Total,30093,1 / < 1.5,20.65
48168985b5180be8,1X2 & Total,30093,X / < 1.5,20.26
48168985b5180be8,1X2 & Total,30093,2 / < 1.5,13.6
48168985b5180be8,1X2 & Total,30093,1 / > 2.5,5.66
48168985b5180be8,1X2 & Total,30093,X / > 2.5,11.25
48168985b5180be8,1X2 & Total,30093,2 / > 2.5,2.32
48168985b5180be8,1X2 & Total,30093,1 / < 2.5,12.33
48168985b5180be8,1X2 & Total,30093,X / < 2.5,5.98
48168985b5180be8,1X2 & Total,30093,2 / < 2.5,6.49
48168985b5180be8,1X2 & Total,30093,1 / > 3.5,12.15
48168985b5180be8,1X2 & Total,30093,X / > 3.5,11.25
48168985b5180be8,1X2 & Total,30093,2 / > 3.5,4.15
48168985b5180be8,1X2 & Total,30093,1 / < 3.5,5.69
48168985b5180be8,1X2 & Total,30093,X / < 3.5,5.98
48168985b5180be8,1X2 & Total,30093,2 / < 3.5,2.9
48168985b5180be8,1X2 & G/NG,30094,1 gagne et les deux équipes marquent,6.36
48168985b5180be8,1X2 & G/NG,30094,1 gagne et seulement  1  marque,9.5
48168985b5180be8,1X2 & G/NG,30094,X et les deux équipes marquent,4.75
48168985b5180be8,1X2 & G/NG,30094,X et aucun but,19.9
48168985b5180be8,1X2 & G/NG,30094,2 gagne et les deux équipes marquent,3.09
48168985b5180be8,1X2 & G/NG,30094,2 gagne et seulement 2 marque,3.67
48168985b5180be8,Total equipe domicile,30095,> 0.5,1.33
48168985b5180be8,Total equipe domicile,30095,< 0.5,3.27
48168985b5180be8,Total equipe domicile,30095,> 1.5,2.89
48168985b5180be8,Total equipe domicile,30095,< 1.5,1.4
48168985b5180be8,Total equipe domicile,30095,> 2.5,9.58
48168985b5180be8,Total equipe domicile,30095,< 2.5,1.05
48168985b5180be8,Total equipe domicile,30095,> 3.5,48.55
48168985b5180be8,Total equipe domicile,30095,< 3.5,0.96
48168985b5180be8,Total equipe extérieur,30096,> 0.5,1.1
48168985b5180be8,Total equipe extérieur,30096,< 0.5,6.79
48168985b5180be8,Total equipe extérieur,30096,> 1.5,1.63
48168985b5180be8,Total equipe extérieur,30096,< 1.5,2.23
48168985b5180be8,Total equipe extérieur,30096,> 2.5,3.28
48168985b5180be8,Total equipe extérieur,30096,< 2.5,1.32
48168985b5180be8,Total equipe extérieur,30096,> 3.5,9.43
48168985b5180be8,Total equipe extérieur,30096,< 3.5,1.05
48168985b5180be8,G/NG equipe domicile,30097,Oui,1.33
48168985b5180be8,G/NG equipe domicile,30097,Non,3.27
48168985b5180be8,G/NG equipe extérieur,30098,Oui,1.1
48168985b5180be8,G/NG equipe extérieur,30098,Non,6.79
48168985b5180be8,Pair/Impair,30099,Impair,1.86
48168985b5180be8,Pair/Impair,30099,Pair,1.84
48168985b5180be8,Minute du premier but,30100,1-15,3.97
48168985b5180be8,Minute du premier but,30100,16-30,2.74
48168985b5180be8,Minute du premier but,30100,31-45,5.02
48168985b5180be8,Minute du premier but,30100,46-60,7.7
48168985b5180be8,Minute du premier but,30100,61-75,14.7
48168985b5180be8,Minute du premier but,30100,76-90,18.17
48168985b5180be8,Minute du premier but,30100,Pas de but,19.9
48168985b5180be8,FTTS,30101,1,2.21
48168985b5180be8,FTTS,30101,2,1.62
48168985b5180be8,FTTS,30101,Pas de but,19.9
48168985b5180be8,Multi-Buts,30102,"Le total de buts est de 0, 1 ou 2",2.48
48168985b5180be8,Multi-Buts,30102,"Le total de buts est de 1, 2 ou 3",1.57
48168985b5180be8,Multi-Buts,30102,"Le total de buts est de 2, 3 ou 4",1.34
48168985b5180be8,Multi-Buts,30102,Le total de buts est supérieur à 4,5.54
48168985b5180be8,2ème mi-tps - CS,30105,0-0,5.01
48168985b5180be8,2ème mi-tps - CS,30105,0-1,6.07
48168985b5180be8,2ème mi-tps - CS,30105,0-2,7.34
48168985b5180be8,2ème mi-tps - CS,30105,0-3,13.31
48168985b5180be8,2ème mi-tps - CS,30105,1-0,8.96
48168985b5180be8,2ème mi-tps - CS,30105,1-1,4.82
48168985b5180be8,2ème mi-tps - CS,30105,1-2,8.74
48168985b5180be8,2ème mi-tps - CS,30105,2-0,18.24
48168985b5180be8,2ème mi-tps - CS,30105,2-1,14.71
48168985b5180be8,2ème mi-tps - CS,30105,3-0,55.71
0e396dbd7af26233,1X2,30083,1,1.36
0e396dbd7af26233,1X2,30083,X,5.33
0e396dbd7af26233,1X2,30083,2,7.28
0e396dbd7af26233,Mi-tps 1X2,30084,1,1.82
0e396dbd7af26233,Mi-tps 1X2,30084,X,2.56
0e396dbd7af26233,Mi-tps 1X2,30084,2,7.12
0e396dbd7af26233,Double Chance,30085,1X,1.06
0e396dbd7af26233,Double Chance,30085,X2,3.02
0e396dbd7af26233,Double Chance,30085,12,1.13
0e396dbd7af26233,Mi-tps DC,30086,1X,1.06
0e396dbd7af26233,Mi-tps DC,30086,X2,1.88
0e396dbd7af26233,Mi-tps DC,30086,12,1.45
0e396dbd7af26233,Score exact,30081,0-0,25.84
0e396dbd7af26233,Score exact,30081,0-1,32.26
0e396dbd7af26233,Score exact,30081,0-2,59.52
0e396dbd7af26233,Score exact,30081,0-3,100.0
0e396dbd7af26233,Score exact,30081,0-4,100.0
0e396dbd7af26233,Score exact,30081,0-5,100.0
0e396dbd7af26233,Score exact,30081,0-6,100.0
0e396dbd7af26233,Score exact,30081,1-0,14.58
0e396dbd7af26233,Score exact,30081,1-1,11.17
0e396dbd7af26233,Score exact,30081,1-2,20.79
0e396dbd7af26233,Score exact,30081,1-3,62.9
0e396dbd7af26233,Score exact,30081,1-4,100.0
0e396dbd7af26233,Score exact,30081,1-5,100.0
0e396dbd7af26233,Score exact,30081,2-0,10.2
0e396dbd7af26233,Score exact,30081,2-1,8.14
0e396dbd7af26233,Score exact,30081,2-2,16.21
0e396dbd7af26233,Score exact,30081,2-3,54.78
0e396dbd7af26233,Score exact,30081,2-4,100.0
0e396dbd7af26233,Score exact,30081,3-0,9.54
0e396dbd7af26233,Score exact,30081,3-1,9.39
0e396dbd7af26233,Score exact,30081,3-2,20.29
0e396dbd7af26233,Score exact,30081,3-3,100.0
0e396dbd7af26233,Score exact,30081,4-0,14.66
0e396dbd7af26233,Score exact,30081,4-1,14.52
0e396dbd7af26233,Score exact,30081,4-2,56.2
0e396dbd7af26233,Score exact,30081,5-0,26.69
0e396dbd7af26233,Score exact,30081,5-1,45.21
0e396dbd7af26233,Score exact,30081,6-0,83.09
0e396dbd7af26233,Mi-tps CS,30082,0-0,3.99
0e396dbd7af26233,Mi-tps CS,30082,0-1,11.46
0e396dbd7af26233,Mi-tps CS,30082,0-2,39.41
0e396dbd7af26233,Mi-tps CS,30082,0-3,100.0
0e396dbd7af26233,Mi-tps CS,30082,1-0,4.75
0e396dbd7af26233,Mi-tps CS,30082,1-1,6.06
0e396dbd7af26233,Mi-tps CS,30082,1-2,31.28
0e396dbd7af26233,Mi-tps CS,30082,2-0,5.58
0e396dbd7af26233,Mi-tps CS,30082,2-1,10.7
0e396dbd7af26233,Mi-tps CS,30082,3-0,9.86
0e396dbd7af26233,+/-,30087,> 0.5,0.98
0e396dbd7af26233,+/-,30087,< 0.5,27.3
0e396dbd7af26233,+/-,30087,> 1.5,1.08
0e396dbd7af26233,+/-,30087,< 1.5,7.64
0e396dbd7af26233,+/-,30087,> 2.5,1.36
0e396dbd7af26233,+/-,30087,< 2.5,3.08
0e396dbd7af26233,+/-,30087,> 3.5,2.13
0e396dbd7af26233,+/-,30087,< 3.5,1.69
0e396dbd7af26233,HT/FT,30089,1/1,1.92
0e396dbd7af26233,HT/FT,30089,1/X,26.1
0e396dbd7af26233,HT/FT,30089,1/2,86.22
0e396dbd7af26233,HT/FT,30089,X/1,4.53
0e396dbd7af26233,HT/FT,30089,X/X,7.99
0e396dbd7af26233,HT/FT,30089,X/2,16.96
0e396dbd7af26233,HT/FT,30089,2/1,27.6
0e396dbd7af26233,HT/FT,30089,2/X,28.76
0e396dbd7af26233,HT/FT,30089,2/2,13.4
0e396dbd7af26233,Total de buts,30090,0,25.84
0e396dbd7af26233,Total de buts,30090,1,10.04
0e396dbd7af26233,Total de buts,30090,2,4.89
0e396dbd7af26233,Total de buts,30090,3,3.54
0e396dbd7af26233,Total de buts,30090,4,3.94
0e396dbd7af26233,Total de buts,30090,5,5.62
0e396dbd7af26233,Total de buts,30090,6,15.85
0e396dbd7af26233,G/NG,30091,Oui,1.66
0e396dbd7af26233,G/NG,30091,Non,2.18
0e396dbd7af26233,Les deux équipes marquent / 1ère mi temps,30092,Oui,3.74
0e396dbd7af26233,Les deux équipes marquent / 1ère mi temps,30092,Non,1.26
0e396dbd7af26233,1X2 & Total,30093,1 / > 1.5,1.44
0e396dbd7af26233,1X2 & Total,30093,X / > 1.5,6.38
0e396dbd7af26233,1X2 & Total,30093,2 / > 1.5,8.92
0e396dbd7af26233,1X2 & Total,30093,1 / < 1.5,14.85
0e396dbd7af26233,1X2 & Total,30093,X / < 1.5,26.31
0e396dbd7af26233,1X2 & Total,30093,2 / < 1.5,32.84
0e396dbd7af26233,1X2 & Total,30093,1 / > 2.5,1.67
0e396dbd7af26233,1X2 & Total,30093,X / > 2.5,14.55
0e396dbd7af26233,1X2 & Total,30093,2 / > 2.5,10.45
0e396dbd7af26233,1X2 & Total,30093,1 / < 2.5,6.11
0e396dbd7af26233,1X2 & Total,30093,X / < 2.5,7.94
0e396dbd7af26233,1X2 & Total,30093,2 / < 2.5,21.3
0e396dbd7af26233,1X2 & Total,30093,1 / > 3.5,2.66
0e396dbd7af26233,1X2 & Total,30093,X / > 3.5,14.55
0e396dbd7af26233,1X2 & Total,30093,2 / > 3.5,23.88
0e396dbd7af26233,1X2 & Total,30093,1 / < 3.5,2.58
0e396dbd7af26233,1X2 & Total,30093,X / < 3.5,7.94
0e396dbd7af26233,1X2 & Total,30093,2 / < 3.5,9.93
0e396dbd7af26233,1X2 & G/NG,30094,1 gagne et les deux équipes marquent,2.58
0e396dbd7af26233,1X2 & G/NG,30094,1 gagne et seulement  1  marque,2.57
0e396dbd7af26233,1X2 & G/NG,30094,X et les deux équipes marquent,6.27
0e396dbd7af26233,1X2 & G/NG,30094,X et aucun but,25.84
0e396dbd7af26233,1X2 & G/NG,30094,2 gagne et les deux équipes marquent,11.27
0e396dbd7af26233,1X2 & G/NG,30094,2 gagne et seulement 2 marque,17.72
0e396dbd7af26233,Total equipe domicile,30095,> 0.5,1.03
0e396dbd7af26233,Total equipe domicile,30095,< 0.5,11.11
0e396dbd7af26233,Total equipe domicile,30095,> 1.5,1.32
0e396dbd7af26233,Total equipe domicile,30095,< 1.5,3.29
0e396dbd7af26233,Total equipe domicile,30095,> 2.5,2.13
0e396dbd7af26233,Total equipe domicile,30095,< 2.5,1.69
0e396dbd7af26233,Total equipe domicile,30095,> 3.5,4.66
0e396dbd7af26233,Total equipe domicile,30095,< 3.5,1.18
0e396dbd7af26233,Total equipe extérieur,30096,> 0.5,1.53
0e396dbd7af26233,Total equipe extérieur,30096,< 0.5,2.47
0e396dbd7af26233,Total equipe extérieur,30096,> 1.5,4.21
0e396dbd7af26233,Total equipe extérieur,30096,< 1.5,1.22
0e396dbd7af26233,Total equipe extérieur,30096,> 2.5,18.35
0e396dbd7af26233,Total equipe extérieur,30096,< 2.5,0.99
0e396dbd7af26233,Total equipe extérieur,30096,> 3.5,100.0
0e396dbd7af26233,Total equipe extérieur,30096,< 3.5,0.95
0e396dbd7af26233,G/NG equipe domicile,30097,Oui,1.03
0e396dbd7af26233,G/NG equipe domicile,30097,Non,11.11
0e396dbd7af26233,G/NG equipe extérieur,30098,Oui,1.53
0e396dbd7af26233,G/NG equipe extérieur,30098,Non,2.47
0e396dbd7af26233,Pair/Impair,30099,Impair,1.85
0e396dbd7af26233,Pair/Impair,30099,Pair,1.85
0e396dbd7af26233,Minute du premier but,30100,1-15,3.83
0e396dbd7af26233,Minute du premier but,30100,16-30,2.66
0e396dbd7af26233,Minute du premier but,30100,31-45,4.96
0e396dbd7af26233,Minute du premier but,30100,46-60,8.1
0e396dbd7af26233,Minute du premier but,30100,61-75,15.27
0e396dbd7af26233,Minute du premier but,30100,76-90,18.68
0e396dbd7af26233,Minute du premier but,30100,Pas de but,25.84
0e396dbd7af26233,FTTS,30101,1,1.41
0e396dbd7af26233,FTTS,30101,2,2.67
0e396dbd7af26233,FTTS,30101,Pas de but,25.84
0e396dbd7af26233,Multi-Buts,30102,"Le total de buts est de 0, 1 ou 2",2.97
0e396dbd7af26233,Multi-Buts,30102,"Le total de buts est de 1, 2 ou 3",1.74
0e396dbd7af26233,Multi-Buts,30102,"Le total de buts est de 2, 3 ou 4",1.37
0e396dbd7af26233,Multi-Buts,30102,Le total de buts est supérieur à 4,4.22
0e396dbd7af26233,2ème mi-tps - CS,30105,0-0,5.49
0e396dbd7af26233,2ème mi-tps - CS,30105,0-1,12.11
0e396dbd7af26233,2ème mi-tps - CS,30105,0-2,31.31
0e396dbd7af26233,2ème mi-tps - CS,30105,0-3,100.0
0e396dbd7af26233,2ème mi-tps - CS,30105,1-0,5.89
0e396dbd7af26233,2ème mi-tps - CS,30105,1-1,5.77
0e396dbd7af26233,2ème mi-tps - CS,30105,1-2,22.38
0e396dbd7af26233,2ème mi-tps - CS,30105,2-0,5.29
0e396dbd7af26233,2ème mi-tps - CS,30105,2-1,7.79
0e396dbd7af26233,2ème mi-tps - CS,30105,3-0,7.14
6fafcada1ef672ce,1X2,30083,1,2.34
6fafcada1ef672ce,1X2,30083,X,3.46
6fafcada1ef672ce,1X2,30083,2,2.91
6fafcada1ef672ce,Mi-tps 1X2,30084,1,3.34
6fafcada1ef672ce,Mi-tps 1X2,30084,X,1.94
6fafcada1ef672ce,Mi-tps 1X2,30084,2,3.77
6fafcada1ef672ce,Double Chance,30085,1X,1.37
6fafcada1ef672ce,Double Chance,30085,X2,1.55
6fafcada1ef672ce,Double Chance,30085,12,1.27
6fafcada1ef672ce,Mi-tps DC,30086,1X,1.23
6fafcada1ef672ce,Mi-tps DC,30086,X2,1.28
6fafcada1ef672ce,Mi-tps DC,30086,12,1.77
6fafcada1ef672ce,Score exact,30081,0-0,13.0
6fafcada1ef672ce,Score exact,30081,0-1,12.8
6fafcada1ef672ce,Score exact,30081,0-2,18.29
6fafcada1ef672ce,Score exact,30081,0-3,35.71
6fafcada1ef672ce,Score exact,30081,0-4,100.0
6fafcada1ef672ce,Score exact,30081,0-5,100.0
6fafcada1ef672ce,Score exact,30081,0-6,100.0
6fafcada1ef672ce,Score exact,30081,1-0,11.36
6fafcada1ef672ce,Score exact,30081,1-1,6.82
6fafcada1ef672ce,Score exact,30081,1-2,9.91
6fafcada1ef672ce,Score exact,30081,1-3,23.59
6fafcada1ef672ce,Score exact,30081,1-4,79.01
6fafcada1ef672ce,Score exact,30081,1-5,100.0
6fafcada1ef672ce,Score exact,30081,2-0,14.14
6fafcada1ef672ce,Score exact,30081,2-1,8.68
6fafcada1ef672ce,Score exact,30081,2-2,13.3
6fafcada1ef672ce,Score exact,30081,2-3,35.07
6fafcada1ef672ce,Score exact,30081,2-4,100.0
6fafcada1ef672ce,Score exact,30081,3-0,23.99
6fafcada1ef672ce,Score exact,30081,3-1,18.15
6fafcada1ef672ce,Score exact,30081,3-2,30.67
6fafcada1ef672ce,Score exact,30081,3-3,100.0
6fafcada1ef672ce,Score exact,30081,4-0,67.22
6fafcada1ef672ce,Score exact,30081,4-1,53.22
6fafcada1ef672ce,Score exact,30081,4-2,100.0
6fafcada1ef672ce,Score exact,30081,5-0,100.0
6fafcada1ef672ce,Score exact,30081,5-1,100.0
6fafcada1ef672ce,Score exact,30081,6-0,100.0
6fafcada1ef672ce,Mi-tps CS,30082,0-0,2.68
6fafcada1ef672ce,Mi-tps CS,30082,0-1,6.13
6fafcada1ef672ce,Mi-tps CS,30082,0-2,16.49
6fafcada1ef672ce,Mi-tps CS,30082,0-3,66.6
6fafcada1ef672ce,Mi-tps CS,30082,1-0,5.61
6fafcada1ef672ce,Mi-tps CS,30082,1-1,5.71
6fafcada1ef672ce,Mi-tps CS,30082,1-2,23.06
6fafcada1ef672ce,Mi-tps CS,30082,2-0,13.7
6fafcada1ef672ce,Mi-tps CS,30082,2-1,20.92
6fafcada1ef672ce,Mi-tps CS,30082,3-0,50.19
6fafcada1ef672ce,+/-,30087,> 0.5,1.01
6fafcada1ef672ce,+/-,30087,< 0.5,13.73
6fafcada1ef672ce,+/-,30087,> 1.5,1.2
6fafcada1ef672ce,+/-,30087,< 1.5,4.35
6fafcada1ef672ce,+/-,30087,> 2.5,1.75
6fafcada1ef672ce,+/-,30087,< 2.5,2.05
6fafcada1ef672ce,+/-,30087,> 3.5,3.31
6fafcada1ef672ce,+/-,30087,< 3.5,1.32
6fafcada1ef672ce,HT/FT,30089,1/1,4.08
6fafcada1ef672ce,HT/FT,30089,1/X,21.94
6fafcada1ef672ce,HT/FT,30089,1/2,50.07
6fafcada1ef672ce,HT/FT,30089,X/1,5.57
6fafcada1ef672ce,HT/FT,30089,X/X,4.74
6fafcada1ef672ce,HT/FT,30089,X/2,6.96
6fafcada1ef672ce,HT/FT,30089,2/1,38.0
6fafcada1ef672ce,HT/FT,30089,2/X,20.43
6fafcada1ef672ce,HT/FT,30089,2/2,5.01
6fafcada1ef672ce,Total de buts,30090,0,13.0
6fafcada1ef672ce,Total de buts,30090,1,6.02
6fafcada1ef672ce,Total de buts,30090,2,3.68
6fafcada1ef672ce,Total de buts,30090,3,3.5
6fafcada1ef672ce,Total de buts,30090,4,5.09
6fafcada1ef672ce,Total de buts,30090,5,10.11
6fafcada1ef672ce,Total de buts,30090,6,42.14
6fafcada1ef672ce,G/NG,30091,Oui,1.62
6fafcada1ef672ce,G/NG,30091,Non,2.25
6fafcada1ef672ce,Les deux équipes marquent / 1ère mi temps,30092,Oui,4.07
6fafcada1ef672ce,Les deux équipes marquent / 1ère mi temps,30092,Non,1.23
6fafcada1ef672ce,1X2 & Total,30093,1 / > 1.5,2.8
6fafcada1ef672ce,1X2 & Total,30093,X / > 1.5,4.45
6fafcada1ef672ce,1X2 & Total,30093,2 / > 1.5,3.57
6fafcada1ef672ce,1X2 & Total,30093,1 / < 1.5,11.57
6fafcada1ef672ce,1X2 & Total,30093,X / < 1.5,13.23
6fafcada1ef672ce,1X2 & Total,30093,2 / < 1.5,13.03
6fafcada1ef672ce,1X2 & Total,30093,1 / > 2.5,3.48
6fafcada1ef672ce,1X2 & Total,30093,X / > 2.5,12.39
6fafcada1ef672ce,1X2 & Total,30093,2 / > 2.5,4.42
6fafcada1ef672ce,1X2 & Total,30093,1 / < 2.5,6.41
6fafcada1ef672ce,1X2 & Total,30093,X / < 2.5,4.56
6fafcada1ef672ce,1X2 & Total,30093,2 / < 2.5,7.67
6fafcada1ef672ce,1X2 & Total,30093,1 / > 3.5,7.52
6fafcada1ef672ce,1X2 & Total,30093,X / > 3.5,12.39
6fafcada1ef672ce,1X2 & Total,30093,2 / > 3.5,10.04
6fafcada1ef672ce,1X2 & Total,30093,1 / < 3.5,3.23
6fafcada1ef672ce,1X2 & Total,30093,X / < 3.5,4.56
6fafcada1ef672ce,1X2 & Total,30093,2 / < 3.5,3.89
6fafcada1ef672ce,1X2 & G/NG,30094,1 gagne et les deux équipes marquent,4.33
6fafcada1ef672ce,1X2 & G/NG,30094,1 gagne et seulement  1  marque,4.54
6fafcada1ef672ce,1X2 & G/NG,30094,X et les deux équipes marquent,4.37
6fafcada1ef672ce,1X2 & G/NG,30094,X et aucun but,13.0
6fafcada1ef672ce,1X2 & G/NG,30094,2 gagne et les deux équipes marquent,5.23
6fafcada1ef672ce,1X2 & G/NG,30094,2 gagne et seulement 2 marque,5.81
6fafcada1ef672ce,Total equipe domicile,30095,> 0.5,1.21
6fafcada1ef672ce,Total equipe domicile,30095,< 0.5,4.24
6fafcada1ef672ce,Total equipe domicile,30095,> 1.5,2.21
6fafcada1ef672ce,Total equipe domicile,30095,< 1.5,1.65
6fafcada1ef672ce,Total equipe domicile,30095,> 2.5,5.74
6fafcada1ef672ce,Total equipe domicile,30095,< 2.5,1.13
6fafcada1ef672ce,Total equipe domicile,30095,> 3.5,22.15
6fafcada1ef672ce,Total equipe domicile,30095,< 3.5,0.99
6fafcada1ef672ce,Total equipe extérieur,30096,> 0.5,1.28
6fafcada1ef672ce,Total equipe extérieur,30096,< 0.5,3.56
6fafcada1ef672ce,Total equipe extérieur,30096,> 1.5,2.6
6fafcada1ef672ce,Total equipe extérieur,30096,< 1.5,1.48
6fafcada1ef672ce,Total equipe extérieur,30096,> 2.5,7.74
6fafcada1ef672ce,Total equipe extérieur,30096,< 2.5,1.07
6fafcada1ef672ce,Total equipe extérieur,30096,> 3.5,34.59
6fafcada1ef672ce,Total equipe extérieur,30096,< 3.5,0.97
6fafcada1ef672ce,G/NG equipe domicile,30097,Oui,1.21
6fafcada1ef672ce,G/NG equipe domicile,30097,Non,4.24
6fafcada1ef672ce,G/NG equipe extérieur,30098,Oui,1.28
6fafcada1ef672ce,G/NG equipe extérieur,30098,Non,3.56
6fafcada1ef672ce,Pair/Impair,30099,Impair,1.88
6fafcada1ef672ce,Pair/Impair,30099,Pair,1.82
6fafcada1ef672ce,Minute du premier but,30100,1-15,4.44
6fafcada1ef672ce,Minute du premier but,30100,16-30,2.98
6fafcada1ef672ce,Minute du premier but,30100,31-45,5.1
6fafcada1ef672ce,Minute du premier but,30100,46-60,6.97
6fafcada1ef672ce,Minute du premier but,30100,61-75,12.89
6fafcada1ef672ce,Minute du premier but,30100,76-90,15.54
6fafcada1ef672ce,Minute du premier but,30100,Pas de but,13.0
6fafcada1ef672ce,FTTS,30101,1,1.85
6fafcada1ef672ce,FTTS,30101,2,1.99
6fafcada1ef672ce,FTTS,30101,Pas de but,13.0
6fafcada1ef672ce,Multi-Buts,30102,"Le total de buts est de 0, 1 ou 2",1.98
6fafcada1ef672ce,Multi-Buts,30102,"Le total de buts est de 1, 2 ou 3",1.41
6fafcada1ef672ce,Multi-Buts,30102,"Le total de buts est de 2, 3 ou 4",1.35
6fafcada1ef672ce,Multi-Buts,30102,Le total de buts est supérieur à 4,8.3
6fafcada1ef672ce,2ème mi-tps - CS,30105,0-0,4.11
6fafcada1ef672ce,2ème mi-tps - CS,30105,0-1,7.11
6fafcada1ef672ce,2ème mi-tps - CS,30105,0-2,13.91
6fafcada1ef672ce,2ème mi-tps - CS,30105,0-3,40.82
6fafcada1ef672ce,2ème mi-tps - CS,30105,1-0,6.16
6fafcada1ef672ce,2ème mi-tps - CS,30105,1-1,4.73
6fafcada1ef672ce,2ème mi-tps - CS,30105,1-2,13.89
6fafcada1ef672ce,2ème mi-tps - CS,30105,2-0,10.13
6fafcada1ef672ce,2ème mi-tps - CS,30105,2-1,11.67
6fafcada1ef672ce,2ème mi-tps - CS,30105,3-0,24.99
8f60722d396ab123,1X2,30083,1,4.99
8f60722d396ab123,1X2,30083,X,4.66
8f60722d396ab123,1X2,30083,2,1.55
8f60722d396ab123,Mi-tps 1X2,30084,1,5.62
8f60722d396ab123,Mi-tps 1X2,30084,X,2.41
8f60722d396ab123,Mi-tps 1X2,30084,2,2.05
8f60722d396ab123,Double Chance,30085,1X,2.37
8f60722d396ab123,Double Chance,30085,X2,1.14
8f60722d396ab123,Double Chance,30085,12,1.16
8f60722d396ab123,Mi-tps DC,30086,1X,1.69
8f60722d396ab123,Mi-tps DC,30086,X2,1.11
8f60722d396ab123,Mi-tps DC,30086,12,1.5
8f60722d396ab123,Score exact,30081,0-0,27.07
8f60722d396ab123,Score exact,30081,0-1,16.01
8f60722d396ab123,Score exact,30081,0-2,12.17
8f60722d396ab123,Score exact,30081,0-3,12.41
8f60722d396ab123,Score exact,30081,0-4,20.79
8f60722d396ab123,Score exact,30081,0-5,42.2
8f60722d396ab123,Score exact,30081,0-6,100.0
8f60722d396ab123,Score exact,30081,1-0,27.68
8f60722d396ab123,Score exact,30081,1-1,10.03
8f60722d396ab123,Score exact,30081,1-2,7.9
8f60722d396ab123,Score exact,30081,1-3,9.97
8f60722d396ab123,Score exact,30081,1-4,17.04
8f60722d396ab123,Score exact,30081,1-5,59.09
8f60722d396ab123,Score exact,30081,2-0,41.02
8f60722d396ab123,Score exact,30081,2-1,15.11
8f60722d396ab123,Score exact,30081,2-2,12.81
8f60722d396ab123,Score exact,30081,2-3,17.61
8f60722d396ab123,Score exact,30081,2-4,53.98
8f60722d396ab123,Score exact,30081,3-0,83.13
8f60722d396ab123,Score exact,30081,3-1,37.32
8f60722d396ab123,Score exact,30081,3-2,35.15
8f60722d396ab123,Score exact,30081,3-3,85.12
8f60722d396ab123,Score exact,30081,4-0,100.0
8f60722d396ab123,Score exact,30081,4-1,100.0
8f60722d396ab123,Score exact,30081,4-2,100.0
8f60722d396ab123,Score exact,30081,5-0,100.0
8f60722d396ab123,Score exact,30081,5-1,100.0
8f60722d396ab123,Score exact,30081,6-0,100.0
8f60722d396ab123,Mi-tps CS,30082,0-0,3.87
8f60722d396ab123,Mi-tps CS,30082,0-1,4.97
8f60722d396ab123,Mi-tps CS,30082,0-2,6.62
8f60722d396ab123,Mi-tps CS,30082,0-3,13.21
8f60722d396ab123,Mi-tps CS,30082,1-0,9.59
8f60722d396ab123,Mi-tps CS,30082,1-1,5.47
8f60722d396ab123,Mi-tps CS,30082,1-2,10.92
8f60722d396ab123,Mi-tps CS,30082,2-0,28.08
8f60722d396ab123,Mi-tps CS,30082,2-1,24.04
8f60722d396ab123,Mi-tps CS,30082,3-0,100.0
8f60722d396ab123,+/-,30087,> 0.5,0.98
8f60722d396ab123,+/-,30087,< 0.5,28.6
8f60722d396ab123,+/-,30087,> 1.5,1.07
8f60722d396ab123,+/-,30087,< 1.5,7.8
8f60722d396ab123,+/-,30087,> 2.5,1.36
8f60722d396ab123,+/-,30087,< 2.5,3.09
8f60722d396ab123,+/-,30087,> 3.5,2.14
8f60722d396ab123,+/-,30087,< 3.5,1.68
8f60722d396ab123,HT/FT,30089,1/1,9.28
8f60722d396ab123,HT/FT,30089,1/X,24.28
8f60722d396ab123,HT/FT,30089,1/2,27.95
8f60722d396ab123,HT/FT,30089,X/1,11.67
8f60722d396ab123,HT/FT,30089,X/X,7.28
8f60722d396ab123,HT/FT,30089,X/2,4.85
8f60722d396ab123,HT/FT,30089,2/1,54.46
8f60722d396ab123,HT/FT,30089,2/X,20.85
8f60722d396ab123,HT/FT,30089,2/2,2.28
8f60722d396ab123,Total de buts,30090,0,27.07
8f60722d396ab123,Total de buts,30090,1,10.14
8f60722d396ab123,Total de buts,30090,2,4.85
8f60722d396ab123,Total de buts,30090,3,3.5
8f60722d396ab123,Total de buts,30090,4,3.89
8f60722d396ab123,Total de buts,30090,5,5.68
8f60722d396ab123,Total de buts,30090,6,16.73
8f60722d396ab123,G/NG,30091,Oui,1.5
8f60722d396ab123,G/NG,30091,Non,2.53
8f60722d396ab123,Les deux équipes marquent / 1ère mi temps,30092,Oui,3.43
8f60722d396ab123,Les deux équipes marquent / 1ère mi temps,30092,Non,1.3
8f60722d396ab123,1X2 & Total,30093,1 / > 1.5,5.8
8f60722d396ab123,1X2 & Total,30093,X / > 1.5,5.37
8f60722d396ab123,1X2 & Total,30093,2 / > 1.5,1.64
8f60722d396ab123,1X2 & Total,30093,1 / < 1.5,28.19
8f60722d396ab123,1X2 & Total,30093,X / < 1.5,27.56
8f60722d396ab123,1X2 & Total,30093,2 / < 1.5,16.3
8f60722d396ab123,1X2 & Total,30093,1 / > 2.5,6.73
8f60722d396ab123,1X2 & Total,30093,X / > 2.5,11.33
8f60722d396ab123,1X2 & Total,30093,2 / > 2.5,1.9
8f60722d396ab123,1X2 & Total,30093,1 / < 2.5,16.83
8f60722d396ab123,1X2 & Total,30093,X / < 2.5,7.45
8f60722d396ab123,1X2 & Total,30093,2 / < 2.5,7.04
8f60722d396ab123,1X2 & Total,30093,1 / > 3.5,13.93
8f60722d396ab123,1X2 & Total,30093,X / > 3.5,11.33
8f60722d396ab123,1X2 & Total,30093,2 / > 3.5,3.09
8f60722d396ab123,1X2 & Total,30093,1 / < 3.5,7.34
8f60722d396ab123,1X2 & Total,30093,X / < 3.5,7.45
8f60722d396ab123,1X2 & Total,30093,2 / < 3.5,2.89
8f60722d396ab123,1X2 & G/NG,30094,1 gagne et les deux équipes marquent,7.42
8f60722d396ab123,1X2 & G/NG,30094,1 gagne et seulement  1  marque,12.97
8f60722d396ab123,1X2 & G/NG,30094,X et les deux équipes marquent,5.27
8f60722d396ab123,1X2 & G/NG,30094,X et aucun but,27.07
8f60722d396ab123,1X2 & G/NG,30094,2 gagne et les deux équipes marquent,2.65
8f60722d396ab123,1X2 & G/NG,30094,2 gagne et seulement 2 marque,3.29
8f60722d396ab123,Total equipe domicile,30095,> 0.5,1.36
8f60722d396ab123,Total equipe domicile,30095,< 0.5,3.1
8f60722d396ab123,Total equipe domicile,30095,> 1.5,3.1
8f60722d396ab123,Total equipe domicile,30095,< 1.5,1.36
8f60722d396ab123,Total equipe domicile,30095,> 2.5,10.91
8f60722d396ab123,Total equipe domicile,30095,< 2.5,1.03
8f60722d396ab123,Total equipe domicile,30095,> 3.5,59.23
8f60722d396ab123,Total equipe domicile,30095,< 3.5,0.96
8f60722d396ab123,Total equipe extérieur,30096,> 0.5,1.05
8f60722d396ab123,Total equipe extérieur,30096,< 0.5,9.27
8f60722d396ab123,Total equipe extérieur,30096,> 1.5,1.42
8f60722d396ab123,Total equipe extérieur,30096,< 1.5,2.8
8f60722d396ab123,Total equipe extérieur,30096,> 2.5,2.5
8f60722d396ab123,Total equipe extérieur,30096,< 2.5,1.51
8f60722d396ab123,Total equipe extérieur,30096,> 3.5,6.12
8f60722d396ab123,Total equipe extérieur,30096,< 3.5,1.12
8f60722d396ab123,G/NG equipe domicile,30097,Oui,1.36
8f60722d396ab123,G/NG equipe domicile,30097,Non,3.1
8f60722d396ab123,G/NG equipe extérieur,30098,Oui,1.05
8f60722d396ab123,G/NG equipe extérieur,30098,Non,9.27
8f60722d396ab123,Pair/Impair,30099,Impair,1.85
8f60722d396ab123,Pair/Impair,30099,Pair,1.85
8f60722d396ab123,Minute du premier but,30100,1-15,3.79
8f60722d396ab123,Minute du premier but,30100,16-30,2.65
8f60722d396ab123,Minute du premier but,30100,31-45,5.0
8f60722d396ab123,Minute du premier but,30100,46-60,7.95
8f60722d396ab123,Minute du premier but,30100,61-75,15.5
8f60722d396ab123,Minute du premier but,30100,76-90,19.47
8f60722d396ab123,Minute du premier but,30100,Pas de but,27.07
8f60722d396ab123,FTTS,30101,1,2.37
8f60722d396ab123,FTTS,30101,2,1.51
8f60722d396ab123,FTTS,30101,Pas de but,27.07
8f60722d396ab123,Multi-Buts,30102,"Le total de buts est de 0, 1 ou 2",2.98
8f60722d396ab123,Multi-Buts,30102,"Le total de buts est de 1, 2 ou 3",1.73
8f60722d396ab123,Multi-Buts,30102,"Le total de buts est de 2, 3 ou 4",1.36
8f60722d396ab123,Multi-Buts,30102,Le total de buts est supérieur à 4,4.32
8f60722d396ab123,2ème mi-tps - CS,30105,0-0,5.92
8f60722d396ab123,2ème mi-tps - CS,30105,0-1,6.49
8f60722d396ab123,2ème mi-tps - CS,30105,0-2,6.37
8f60722d396ab123,2ème mi-tps - CS,30105,0-3,9.38
8f60722d396ab123,2ème mi-tps - CS,30105,1-0,10.32
8f60722d396ab123,2ème mi-tps - CS,30105,1-1,5.03
8f60722d396ab123,2ème mi-tps - CS,30105,1-2,7.4
8f60722d396ab123,2ème mi-tps - CS,30105,2-0,20.4
8f60722d396ab123,2ème mi-tps - CS,30105,2-1,14.91
8f60722d396ab123,2ème mi-tps - CS,30105,3-0,60.49
f064af03db091d52,1X2,30083,1,9.6
f064af03db091d52,1X2,30083,X,4.56
f064af03db091d52,1X2,30083,2,1.36
f064af03db091d52,Mi-tps 1X2,30084,1,9.76
f064af03db091d52,Mi-tps 1X2,30084,X,2.12
f064af03db091d52,Mi-tps 1X2,30084,2,1.98
f064af03db091d52,Double Chance,30085,1X,3.03
f064af03db091d52,Double Chance,30085,X2,1.03
f064af03db091d52,Double Chance,30085,12,1.17
f064af03db091d52,Mi-tps DC,30086,1X,1.74
f064af03db091d52,Mi-tps DC,30086,X2,1.02
f064af03db091d52,Mi-tps DC,30086,12,1.65
f064af03db091d52,Score exact,30081,0-0,11.51
f064af03db091d52,Score exact,30081,0-1,7.55
f064af03db091d52,Score exact,30081,0-2,6.68
f064af03db091d52,Score exact,30081,0-3,7.99
f064af03db091d52,Score exact,30081,0-4,15.62
f064af03db091d52,Score exact,30081,0-5,38.01
f064af03db091d52,Score exact,30081,0-6,100.0
f064af03db091d52,Score exact,30081,1-0,23.38
f064af03db091d52,Score exact,30081,1-1,9.38
f064af03db091d52,Score exact,30081,1-2,8.54
f064af03db091d52,Score exact,30081,1-3,12.55
f064af03db091d52,Score exact,30081,1-4,25.37
f064af03db091d52,Score exact,30081,1-5,100.0
f064af03db091d52,Score exact,30081,2-0,71.41
f064af03db091d52,Score exact,30081,2-1,28.88
f064af03db091d52,Score exact,30081,2-2,27.68
f064af03db091d52,Score exact,30081,2-3,44.56
f064af03db091d52,Score exact,30081,2-4,100.0
f064af03db091d52,Score exact,30081,3-0,100.0
f064af03db091d52,Score exact,30081,3-1,100.0
f064af03db091d52,Score exact,30081,3-2,100.0
f064af03db091d52,Score exact,30081,3-3,100.0
f064af03db091d52,Score exact,30081,4-0,100.0
f064af03db091d52,Score exact,30081,4-1,100.0
f064af03db091d52,Score exact,30081,4-2,100.0
f064af03db091d52,Score exact,30081,5-0,100.0
f064af03db091d52,Score exact,30081,5-1,100.0
f064af03db091d52,Score exact,30081,6-0,100.0
f064af03db091d52,Mi-tps CS,30082,0-0,2.62
f064af03db091d52,Mi-tps CS,30082,0-1,3.86
f064af03db091d52,Mi-tps CS,30082,0-2,6.2
f064af03db091d52,Mi-tps CS,30082,0-3,14.94
f064af03db091d52,Mi-tps CS,30082,1-0,12.52
f064af03db091d52,Mi-tps CS,30082,1-1,8.19
f064af03db091d52,Mi-tps CS,30082,1-2,19.72
f064af03db091d52,Mi-tps CS,30082,2-0,73.04
f064af03db091d52,Mi-tps CS,30082,2-1,71.65
f064af03db091d52,Mi-tps CS,30082,3-0,100.0
f064af03db091d52,+/-,30087,> 0.5,1.02
f064af03db091d52,+/-,30087,< 0.5,12.16
f064af03db091d52,+/-,30087,> 1.5,1.23
f064af03db091d52,+/-,30087,< 1.5,4.03
f064af03db091d52,+/-,30087,> 2.5,1.8
f064af03db091d52,+/-,30087,< 2.5,1.98
f064af03db091d52,+/-,30087,> 3.5,3.44
f064af03db091d52,+/-,30087,< 3.5,1.3
f064af03db091d52,HT/FT,30089,1/1,18.69
f064af03db091d52,HT/FT,30089,1/X,36.96
f064af03db091d52,HT/FT,30089,1/2,38.95
f064af03db091d52,HT/FT,30089,X/1,19.7
f064af03db091d52,HT/FT,30089,X/X,5.67
f064af03db091d52,HT/FT,30089,X/2,3.8
f064af03db091d52,HT/FT,30089,2/1,100.0
f064af03db091d52,HT/FT,30089,2/X,35.17
f064af03db091d52,HT/FT,30089,2/2,2.04
f064af03db091d52,Total de buts,30090,0,11.51
f064af03db091d52,Total de buts,30090,1,5.71
f064af03db091d52,Total de buts,30090,2,3.7
f064af03db091d52,Total de buts,30090,3,3.57
f064af03db091d52,Total de buts,30090,4,5.34
f064af03db091d52,Total de buts,30090,5,10.46
f064af03db091d52,Total de buts,30090,6,40.38
f064af03db091d52,G/NG,30091,Oui,2.25
f064af03db091d52,G/NG,30091,Non,1.62
f064af03db091d52,Les deux équipes marquent / 1ère mi temps,30092,Oui,5.81
f064af03db091d52,Les deux équipes marquent / 1ère mi temps,30092,Non,1.13
f064af03db091d52,1X2 & Total,30093,1 / > 1.5,15.14
f064af03db091d52,1X2 & Total,30093,X / > 1.5,7.02
f064af03db091d52,1X2 & Total,30093,2 / > 1.5,1.58
f064af03db091d52,1X2 & Total,30093,1 / < 1.5,23.8
f064af03db091d52,1X2 & Total,30093,X / < 1.5,11.72
f064af03db091d52,1X2 & Total,30093,2 / < 1.5,7.69
f064af03db091d52,1X2 & Total,30093,1 / > 2.5,19.12
f064af03db091d52,1X2 & Total,30093,X / > 2.5,26.53
f064af03db091d52,1X2 & Total,30093,2 / > 2.5,2.05
f064af03db091d52,1X2 & Total,30093,1 / < 2.5,17.93
f064af03db091d52,1X2 & Total,30093,X / < 2.5,5.26
f064af03db091d52,1X2 & Total,30093,2 / < 2.5,3.61
f064af03db091d52,1X2 & Total,30093,1 / > 3.5,66.57
f064af03db091d52,1X2 & Total,30093,X / > 3.5,26.53
f064af03db091d52,1X2 & Total,30093,2 / > 3.5,4.01
f064af03db091d52,1X2 & Total,30093,1 / < 3.5,10.75
f064af03db091d52,1X2 & Total,30093,X / < 3.5,5.26
f064af03db091d52,1X2 & Total,30093,2 / < 3.5,1.94
f064af03db091d52,1X2 & G/NG,30094,1 gagne et les deux équipes marquent,20.26
f064af03db091d52,1X2 & G/NG,30094,1 gagne et seulement  1  marque,16.48
f064af03db091d52,1X2 & G/NG,30094,X et les deux équipes marquent,6.9
f064af03db091d52,1X2 & G/NG,30094,X et aucun but,11.51
f064af03db091d52,1X2 & G/NG,30094,2 gagne et les deux équipes marquent,3.65
f064af03db091d52,1X2 & G/NG,30094,2 gagne et seulement 2 marque,1.98
f064af03db091d52,Total equipe domicile,30095,> 0.5,2.0
f064af03db091d52,Total equipe domicile,30095,< 0.5,1.79
f064af03db091d52,Total equipe domicile,30095,> 1.5,7.87
f064af03db091d52,Total equipe domicile,30095,< 1.5,1.07
f064af03db091d52,Total equipe domicile,30095,> 2.5,50.61
f064af03db091d52,Total equipe domicile,30095,< 2.5,0.96
f064af03db091d52,Total equipe domicile,30095,> 3.5,100.0
f064af03db091d52,Total equipe domicile,30095,< 3.5,0.95
f064af03db091d52,Total equipe extérieur,30096,> 0.5,1.09
f064af03db091d52,Total equipe extérieur,30096,< 0.5,7.16
f064af03db091d52,Total equipe extérieur,30096,> 1.5,1.53
f064af03db091d52,Total equipe extérieur,30096,< 1.5,2.46
f064af03db091d52,Total equipe extérieur,30096,> 2.5,2.77
f064af03db091d52,Total equipe extérieur,30096,< 2.5,1.43
f064af03db091d52,Total equipe extérieur,30096,> 3.5,6.96
f064af03db091d52,Total equipe extérieur,30096,< 3.5,1.09
f064af03db091d52,G/NG equipe domicile,30097,Oui,2.0
f064af03db091d52,G/NG equipe domicile,30097,Non,1.79
f064af03db091d52,G/NG equipe extérieur,30098,Oui,1.09
f064af03db091d52,G/NG equipe extérieur,30098,Non,7.16
f064af03db091d52,Pair/Impair,30099,Impair,1.88
f064af03db091d52,Pair/Impair,30099,Pair,1.82
f064af03db091d52,Minute du premier but,30100,1-15,4.73
f064af03db091d52,Minute du premier but,30100,16-30,3.11
f064af03db091d52,Minute du premier but,30100,31-45,5.08
f064af03db091d52,Minute du premier but,30100,46-60,6.88
f064af03db091d52,Minute du premier but,30100,61-75,11.91
f064af03db091d52,Minute du premier but,30100,76-90,13.6
f064af03db091d52,Minute du premier but,30100,Pas de but,11.51
f064af03db091d52,FTTS,30101,1,3.24
f064af03db091d52,FTTS,30101,2,1.38
f064af03db091d52,FTTS,30101,Pas de but,11.51
f064af03db091d52,Multi-Buts,30102,"Le total de buts est de 0, 1 ou 2",1.91
f064af03db091d52,Multi-Buts,30102,"Le total de buts est de 1, 2 ou 3",1.4
f064af03db091d52,Multi-Buts,30102,"Le total de buts est de 2, 3 ou 4",1.38
f064af03db091d52,Multi-Buts,30102,Le total de buts est supérieur à 4,8.46
f064af03db091d52,2ème mi-tps - CS,30105,0-0,3.71
f064af03db091d52,2ème mi-tps - CS,30105,0-1,4.4
f064af03db091d52,2ème mi-tps - CS,30105,0-2,5.12
f064af03db091d52,2ème mi-tps - CS,30105,0-3,8.96
f064af03db091d52,2ème mi-tps - CS,30105,1-0,13.14
f064af03db091d52,2ème mi-tps - CS,30105,1-1,6.92
f064af03db091d52,2ème mi-tps - CS,30105,1-2,12.09
f064af03db091d52,2ème mi-tps - CS,30105,2-0,56.29
f064af03db091d52,2ème mi-tps - CS,30105,2-1,44.44
f064af03db091d52,2ème mi-tps - CS,30105,3-0,100.0
db1ca0dac8b48298,1X2,30083,1,2.1
db1ca0dac8b48298,1X2,30083,X,3.88
db1ca0dac8b48298,1X2,30083,2,3.07
db1ca0dac8b48298,Mi-tps 1X2,30084,1,2.81
db1ca0dac8b48298,Mi-tps 1X2,30084,X,2.17
db1ca0dac8b48298,Mi-tps 1X2,30084,2,3.8
db1ca0dac8b48298,Double Chance,30085,1X,1.34
db1ca0dac8b48298,Double Chance,30085,X2,1.68
db1ca0dac8b48298,Double Chance,30085,12,1.22
db1ca0dac8b48298,Mi-tps DC,30086,1X,1.22
db1ca0dac8b48298,Mi-tps DC,30086,X2,1.38
db1ca0dac8b48298,Mi-tps DC,30086,12,1.61
db1ca0dac8b48298,Score exact,30081,0-0,21.08
db1ca0dac8b48298,Score exact,30081,0-1,18.4
db1ca0dac8b48298,Score exact,30081,0-2,22.99
db1ca0dac8b48298,Score exact,30081,0-3,39.16
db1ca0dac8b48298,Score exact,30081,0-4,100.0
db1ca0dac8b48298,Score exact,30081,0-5,100.0
db1ca0dac8b48298,Score exact,30081,0-6,100.0
db1ca0dac8b48298,Score exact,30081,1-0,15.21
db1ca0dac8b48298,Score exact,30081,1-1,8.12
db1ca0dac8b48298,Score exact,30081,1-2,10.32
db1ca0dac8b48298,Score exact,30081,1-3,21.4
db1ca0dac8b48298,Score exact,30081,1-4,62.24
db1ca0dac8b48298,Score exact,30081,1-5,100.0
db1ca0dac8b48298,Score exact,30081,2-0,15.19
db1ca0dac8b48298,Score exact,30081,2-1,8.3
db1ca0dac8b48298,Score exact,30081,2-2,11.19
db1ca0dac8b48298,Score exact,30081,2-3,25.68
db1ca0dac8b48298,Score exact,30081,2-4,100.0
db1ca0dac8b48298,Score exact,30081,3-0,20.58
db1ca0dac8b48298,Score exact,30081,3-1,13.78
db1ca0dac8b48298,Score exact,30081,3-2,20.43
db1ca0dac8b48298,Score exact,30081,3-3,82.8
db1ca0dac8b48298,Score exact,30081,4-0,45.53
db1ca0dac8b48298,Score exact,30081,4-1,31.74
db1ca0dac8b48298,Score exact,30081,4-2,84.71
db1ca0dac8b48298,Score exact,30081,5-0,100.0
db1ca0dac8b48298,Score exact,30081,5-1,100.0
db1ca0dac8b48298,Score exact,30081,6-0,100.0
db1ca0dac8b48298,Mi-tps CS,30082,0-0,3.41
db1ca0dac8b48298,Mi-tps CS,30082,0-1,6.91
db1ca0dac8b48298,Mi-tps CS,30082,0-2,16.21
db1ca0dac8b48298,Mi-tps CS,30082,0-3,57.05
db1ca0dac8b48298,Mi-tps CS,30082,1-0,5.63
db1ca0dac8b48298,Mi-tps CS,30082,1-1,5.06
db1ca0dac8b48298,Mi-tps CS,30082,1-2,17.82
db1ca0dac8b48298,Mi-tps CS,30082,2-0,10.42
db1ca0dac8b48298,Mi-tps CS,30082,2-1,14.05
db1ca0dac8b48298,Mi-tps CS,30082,3-0,28.92
db1ca0dac8b48298,+/-,30087,> 0.5,0.99
db1ca0dac8b48298,+/-,30087,< 0.5,22.27
db1ca0dac8b48298,+/-,30087,> 1.5,1.11
db1ca0dac8b48298,+/-,30087,< 1.5,6.31
db1ca0dac8b48298,+/-,30087,> 2.5,1.47
db1ca0dac8b48298,+/-,30087,< 2.5,2.64
db1ca0dac8b48298,+/-,30087,> 3.5,2.47
db1ca0dac8b48298,+/-,30087,< 3.5,1.53
db1ca0dac8b48298,HT/FT,30089,1/1,3.4
db1ca0dac8b48298,HT/FT,30089,1/X,19.54
db1ca0dac8b48298,HT/FT,30089,1/2,41.79
db1ca0dac8b48298,HT/FT,30089,X/1,5.63
db1ca0dac8b48298,HT/FT,30089,X/X,5.88
db1ca0dac8b48298,HT/FT,30089,X/2,7.69
db1ca0dac8b48298,HT/FT,30089,2/1,31.62
db1ca0dac8b48298,HT/FT,30089,2/X,19.71
db1ca0dac8b48298,HT/FT,30089,2/2,5.25
db1ca0dac8b48298,Total de buts,30090,0,21.08
db1ca0dac8b48298,Total de buts,30090,1,8.33
db1ca0dac8b48298,Total de buts,30090,2,4.3
db1ca0dac8b48298,Total de buts,30090,3,3.43
db1ca0dac8b48298,Total de buts,30090,4,4.17
db1ca0dac8b48298,Total de buts,30090,5,6.85
db1ca0dac8b48298,Total de buts,30090,6,23.43
db1ca0dac8b48298,G/NG,30091,Oui,1.46
db1ca0dac8b48298,G/NG,30091,Non,2.68
db1ca0dac8b48298,Les deux équipes marquent / 1ère mi temps,30092,Oui,3.34
db1ca0dac8b48298,Les deux équipes marquent / 1ère mi temps,30092,Non,1.31
db1ca0dac8b48298,1X2 & Total,30093,1 / > 1.5,2.33
db1ca0dac8b48298,1X2 & Total,30093,X / > 1.5,4.53
db1ca0dac8b48298,1X2 & Total,30093,2 / > 1.5,3.51
db1ca0dac8b48298,1X2 & Total,30093,1 / < 1.5,15.49
db1ca0dac8b48298,1X2 & Total,30093,X / < 1.5,21.46
db1ca0dac8b48298,1X2 & Total,30093,2 / < 1.5,18.73
db1ca0dac8b48298,1X2 & Total,30093,1 / > 2.5,2.74
db1ca0dac8b48298,1X2 & Total,30093,X / > 2.5,10.04
db1ca0dac8b48298,1X2 & Total,30093,2 / > 2.5,4.13
db1ca0dac8b48298,1X2 & Total,30093,1 / < 2.5,7.74
db1ca0dac8b48298,1X2 & Total,30093,X / < 2.5,5.97
db1ca0dac8b48298,1X2 & Total,30093,2 / < 2.5,10.41
db1ca0dac8b48298,1X2 & Total,30093,1 / > 3.5,5.02
db1ca0dac8b48298,1X2 & Total,30093,X / > 3.5,10.04
db1ca0dac8b48298,1X2 & Total,30093,2 / > 3.5,8.2
db1ca0dac8b48298,1X2 & Total,30093,1 / < 3.5,3.39
db1ca0dac8b48298,1X2 & Total,30093,X / < 3.5,5.97
db1ca0dac8b48298,1X2 & Total,30093,2 / < 3.5,4.62
db1ca0dac8b48298,1X2 & G/NG,30094,1 gagne et les deux équipes marquent,3.43
db1ca0dac8b48298,1X2 & G/NG,30094,1 gagne et seulement  1  marque,4.73
db1ca0dac8b48298,1X2 & G/NG,30094,X et les deux équipes marquent,4.45
db1ca0dac8b48298,1X2 & G/NG,30094,X et aucun but,21.08
db1ca0dac8b48298,1X2 & G/NG,30094,2 gagne et les deux équipes marquent,4.79
db1ca0dac8b48298,1X2 & G/NG,30094,2 gagne et seulement 2 marque,7.37
db1ca0dac8b48298,Total equipe domicile,30095,> 0.5,1.13
db1ca0dac8b48298,Total equipe domicile,30095,< 0.5,5.77
db1ca0dac8b48298,Total equipe domicile,30095,> 1.5,1.8
db1ca0dac8b48298,Total equipe domicile,30095,< 1.5,1.98
db1ca0dac8b48298,Total equipe domicile,30095,> 2.5,4.01
db1ca0dac8b48298,Total equipe domicile,30095,< 2.5,1.23
db1ca0dac8b48298,Total equipe domicile,30095,> 3.5,12.98
db1ca0dac8b48298,Total equipe domicile,30095,< 3.5,1.02
db1ca0dac8b48298,Total equipe extérieur,30096,> 0.5,1.23
db1ca0dac8b48298,Total equipe extérieur,30096,< 0.5,4.08
db1ca0dac8b48298,Total equipe extérieur,30096,> 1.5,2.34
db1ca0dac8b48298,Total equipe extérieur,30096,< 1.5,1.58
db1ca0dac8b48298,Total equipe extérieur,30096,> 2.5,6.53
db1ca0dac8b48298,Total equipe extérieur,30096,< 2.5,1.1
db1ca0dac8b48298,Total equipe extérieur,30096,> 3.5,27.48
db1ca0dac8b48298,Total equipe extérieur,30096,< 3.5,0.98
db1ca0dac8b48298,G/NG equipe domicile,30097,Oui,1.13
db1ca0dac8b48298,G/NG equipe domicile,30097,Non,5.77
db1ca0dac8b48298,G/NG equipe extérieur,30098,Oui,1.23
db1ca0dac8b48298,G/NG equipe extérieur,30098,Non,4.08
db1ca0dac8b48298,Pair/Impair,30099,Impair,1.86
db1ca0dac8b48298,Pair/Impair,30099,Pair,1.84
db1ca0dac8b48298,Minute du premier but,30100,1-15,3.9
db1ca0dac8b48298,Minute du premier but,30100,16-30,2.71
db1ca0dac8b48298,Minute du premier but,30100,31-45,5.03
db1ca0dac8b48298,Minute du premier but,30100,46-60,7.77
db1ca0dac8b48298,Minute du premier but,30100,61-75,15.08
db1ca0dac8b48298,Minute du premier but,30100,76-90,18.88
db1ca0dac8b48298,Minute du premier but,30100,Pas de but,21.08
db1ca0dac8b48298,FTTS,30101,1,1.74
db1ca0dac8b48298,FTTS,30101,2,2.01
db1ca0dac8b48298,FTTS,30101,Pas de but,21.08
db1ca0dac8b48298,Multi-Buts,30102,"Le total de buts est de 0, 1 ou 2",2.55
db1ca0dac8b48298,Multi-Buts,30102,"Le total de buts est de 1, 2 ou 3",1.58
db1ca0dac8b48298,Multi-Buts,30102,"Le total de buts est de 2, 3 ou 4",1.33
db1ca0dac8b48298,Multi-Buts,30102,Le total de buts est supérieur à 4,5.4
db1ca0dac8b48298,2ème mi-tps - CS,30105,0-0,5.23
db1ca0dac8b48298,2ème mi-tps - CS,30105,0-1,8.03
db1ca0dac8b48298,2ème mi-tps - CS,30105,0-2,13.6
db1ca0dac8b48298,2ème mi-tps - CS,30105,0-3,34.58
db1ca0dac8b48298,2ème mi-tps - CS,30105,1-0,6.71
db1ca0dac8b48298,2ème mi-tps - CS,30105,1-1,4.58
db1ca0dac8b48298,2ème mi-tps - CS,30105,1-2,11.63
db1ca0dac8b48298,2ème mi-tps - CS,30105,2-0,8.91
db1ca0dac8b48298,2ème mi-tps - CS,30105,2-1,9.12
db1ca0dac8b48298,2ème mi-tps - CS,30105,3-0,17.75
ef4dad2d0b81c586,1X2,30083,1,2.02
ef4dad2d0b81c586,1X2,30083,X,3.91
ef4dad2d0b81c586,1X2,30083,2,3.23
ef4dad2d0b81c586,Mi-tps 1X2,30084,1,2.67
ef4dad2d0b81c586,Mi-tps 1X2,30084,X,2.17
ef4dad2d0b81c586,Mi-tps 1X2,30084,2,4.09
ef4dad2d0b81c586,Double Chance,30085,1X,1.31
ef4dad2d0b81c586,Double Chance,30085,X2,1.73
ef4dad2d0b81c586,Double Chance,30085,12,1.22
ef4dad2d0b81c586,Mi-tps DC,30086,1X,1.2
ef4dad2d0b81c586,Mi-tps DC,30086,X2,1.42
ef4dad2d0b81c586,Mi-tps DC,30086,12,1.62
ef4dad2d0b81c586,Score exact,30081,0-0,20.84
ef4dad2d0b81c586,Score exact,30081,0-1,18.73
ef4dad2d0b81c586,Score exact,30081,0-2,24.09
ef4dad2d0b81c586,Score exact,30081,0-3,42.28
ef4dad2d0b81c586,Score exact,30081,0-4,100.0
ef4dad2d0b81c586,Score exact,30081,0-5,100.0
ef4dad2d0b81c586,Score exact,30081,0-6,100.0
ef4dad2d0b81c586,Score exact,30081,1-0,14.79
ef4dad2d0b81c586,Score exact,30081,1-1,8.12
ef4dad2d0b81c586,Score exact,30081,1-2,10.66
ef4dad2d0b81c586,Score exact,30081,1-3,22.92
ef4dad2d0b81c586,Score exact,30081,1-4,69.27
ef4dad2d0b81c586,Score exact,30081,1-5,100.0
ef4dad2d0b81c586,Score exact,30081,2-0,14.5
ef4dad2d0b81c586,Score exact,30081,2-1,8.16
ef4dad2d0b81c586,Score exact,30081,2-2,11.39
ef4dad2d0b81c586,Score exact,30081,2-3,27.09
ef4dad2d0b81c586,Score exact,30081,2-4,100.0
ef4dad2d0b81c586,Score exact,30081,3-0,19.28
ef4dad2d0b81c586,Score exact,30081,3-1,13.3
ef4dad2d0b81c586,Score exact,30081,3-2,20.42
ef4dad2d0b81c586,Score exact,30081,3-3,85.79
ef4dad2d0b81c586,Score exact,30081,4-0,41.71
ef4dad2d0b81c586,Score exact,30081,4-1,30.04
ef4dad2d0b81c586,Score exact,30081,4-2,82.9
ef4dad2d0b81c586,Score exact,30081,5-0,100.0
ef4dad2d0b81c586,Score exact,30081,5-1,100.0
ef4dad2d0b81c586,Score exact,30081,6-0,100.0
ef4dad2d0b81c586,Mi-tps CS,30082,0-0,3.36
ef4dad2d0b81c586,Mi-tps CS,30082,0-1,7.21
ef4dad2d0b81c586,Mi-tps CS,30082,0-2,18.09
ef4dad2d0b81c586,Mi-tps CS,30082,0-3,68.04
ef4dad2d0b81c586,Mi-tps CS,30082,1-0,5.4
ef4dad2d0b81c586,Mi-tps CS,30082,1-1,5.16
ef4dad2d0b81c586,Mi-tps CS,30082,1-2,19.4
ef4dad2d0b81c586,Mi-tps CS,30082,2-0,9.71
ef4dad2d0b81c586,Mi-tps CS,30082,2-1,13.9
ef4dad2d0b81c586,Mi-tps CS,30082,3-0,26.17
ef4dad2d0b81c586,+/-,30087,> 0.5,0.99
ef4dad2d0b81c586,+/-,30087,< 0.5,22.02
ef4dad2d0b81c586,+/-,30087,> 1.5,1.11
ef4dad2d0b81c586,+/-,30087,< 1.5,6.25
ef4dad2d0b81c586,+/-,30087,> 2.5,1.47
ef4dad2d0b81c586,+/-,30087,< 2.5,2.63
ef4dad2d0b81c586,+/-,30087,> 3.5,2.48
ef4dad2d0b81c586,+/-,30087,< 3.5,1.52
ef4dad2d0b81c586,HT/FT,30089,1/1,3.21
ef4dad2d0b81c586,HT/FT,30089,1/X,19.07
ef4dad2d0b81c586,HT/FT,30089,1/2,41.31
ef4dad2d0b81c586,HT/FT,30089,X/1,5.54
ef4dad2d0b81c586,HT/FT,30089,X/X,5.88
ef4dad2d0b81c586,HT/FT,30089,X/2,7.8
ef4dad2d0b81c586,HT/FT,30089,2/1,32.71
ef4dad2d0b81c586,HT/FT,30089,2/X,20.79
ef4dad2d0b81c586,HT/FT,30089,2/2,5.72
ef4dad2d0b81c586,Total de buts,30090,0,20.84
ef4dad2d0b81c586,Total de buts,30090,1,8.27
ef4dad2d0b81c586,Total de buts,30090,2,4.28
ef4dad2d0b81c586,Total de buts,30090,3,3.43
ef4dad2d0b81c586,Total de buts,30090,4,4.19
ef4dad2d0b81c586,Total de buts,30090,5,6.91
ef4dad2d0b81c586,Total de buts,30090,6,23.7
ef4dad2d0b81c586,G/NG,30091,Oui,1.47
ef4dad2d0b81c586,G/NG,30091,Non,2.64
ef4dad2d0b81c586,Les deux équipes marquent / 1ère mi temps,30092,Oui,3.42
ef4dad2d0b81c586,Les deux équipes marquent / 1ère mi temps,30092,Non,1.3
ef4dad2d0b81c586,1X2 & Total,30093,1 / > 1.5,2.24
ef4dad2d0b81c586,1X2 & Total,30093,X / > 1.5,4.57
ef4dad2d0b81c586,1X2 & Total,30093,2 / > 1.5,3.72
ef4dad2d0b81c586,1X2 & Total,30093,1 / < 1.5,15.06
ef4dad2d0b81c586,1X2 & Total,30093,X / < 1.5,21.22
ef4dad2d0b81c586,1X2 & Total,30093,2 / < 1.5,19.07
ef4dad2d0b81c586,1X2 & Total,30093,1 / > 2.5,2.64
ef4dad2d0b81c586,1X2 & Total,30093,X / > 2.5,10.24
ef4dad2d0b81c586,1X2 & Total,30093,2 / > 2.5,4.38
ef4dad2d0b81c586,1X2 & Total,30093,1 / < 2.5,7.46
ef4dad2d0b81c586,1X2 & Total,30093,X / < 2.5,5.95
ef4dad2d0b81c586,1X2 & Total,30093,2 / < 2.5,10.73
ef4dad2d0b81c586,1X2 & Total,30093,1 / > 3.5,4.82
ef4dad2d0b81c586,1X2 & Total,30093,X / > 3.5,10.24
ef4dad2d0b81c586,1X2 & Total,30093,2 / > 3.5,8.87
ef4dad2d0b81c586,1X2 & Total,30093,1 / < 3.5,3.27
ef4dad2d0b81c586,1X2 & Total,30093,X / < 3.5,5.95
ef4dad2d0b81c586,1X2 & Total,30093,2 / < 3.5,4.79
ef4dad2d0b81c586,1X2 & G/NG,30094,1 gagne et les deux équipes marquent,3.34
ef4dad2d0b81c586,1X2 & G/NG,30094,1 gagne et seulement  1  marque,4.48
ef4dad2d0b81c586,1X2 & G/NG,30094,X et les deux équipes marquent,4.49
ef4dad2d0b81c586,1X2 & G/NG,30094,X et aucun but,20.84
ef4dad2d0b81c586,1X2 & G/NG,30094,2 gagne et les deux équipes marquent,5.05
ef4dad2d0b81c586,1X2 & G/NG,30094,2 gagne et seulement 2 marque,7.73
ef4dad2d0b81c586,Total equipe domicile,30095,> 0.5,1.12
ef4dad2d0b81c586,Total equipe domicile,30095,< 0.5,5.96
ef4dad2d0b81c586,Total equipe domicile,30095,> 1.5,1.77
ef4dad2d0b81c586,Total equipe domicile,30095,< 1.5,2.02
ef4dad2d0b81c586,Total equipe domicile,30095,> 2.5,3.84
ef4dad2d0b81c586,Total equipe domicile,30095,< 2.5,1.25
ef4dad2d0b81c586,Total equipe domicile,30095,> 3.5,12.12
ef4dad2d0b81c586,Total equipe domicile,30095,< 3.5,1.02
ef4dad2d0b81c586,Total equipe extérieur,30096,> 0.5,1.24
ef4dad2d0b81c586,Total equipe extérieur,30096,< 0.5,3.9
ef4dad2d0b81c586,Total equipe extérieur,30096,> 1.5,2.43
ef4dad2d0b81c586,Total equipe extérieur,30096,< 1.5,1.54
ef4dad2d0b81c586,Total equipe extérieur,30096,> 2.5,7.04
ef4dad2d0b81c586,Total equipe extérieur,30096,< 2.5,1.09
ef4dad2d0b81c586,Total equipe extérieur,30096,> 3.5,30.83
ef4dad2d0b81c586,Total equipe extérieur,30096,< 3.5,0.97
ef4dad2d0b81c586,G/NG equipe domicile,30097,Oui,1.12
ef4dad2d0b81c586,G/NG equipe domicile,30097,Non,5.96
ef4dad2d0b81c586,G/NG equipe extérieur,30098,Oui,1.24
ef4dad2d0b81c586,G/NG equipe extérieur,30098,Non,3.9
ef4dad2d0b81c586,Pair/Impair,30099,Impair,1.86
ef4dad2d0b81c586,Pair/Impair,30099,Pair,1.84
ef4dad2d0b81c586,Minute du premier but,30100,1-15,3.94
ef4dad2d0b81c586,Minute du premier but,30100,16-30,2.73
ef4dad2d0b81c586,Minute du premier but,30100,31-45,5.03
ef4dad2d0b81c586,Minute du premier but,30100,46-60,7.63
ef4dad2d0b81c586,Minute du premier but,30100,61-75,14.82
ef4dad2d0b81c586,Minute du premier but,30100,76-90,18.55
ef4dad2d0b81c586,Minute du premier but,30100,Pas de but,20.84
ef4dad2d0b81c586,FTTS,30101,1,1.71
ef4dad2d0b81c586,FTTS,30101,2,2.06
ef4dad2d0b81c586,FTTS,30101,Pas de but,20.84
ef4dad2d0b81c586,Multi-Buts,30102,"Le total de buts est de 0, 1 ou 2",2.53
ef4dad2d0b81c586,Multi-Buts,30102,"Le total de buts est de 1, 2 ou 3",1.58
ef4dad2d0b81c586,Multi-Buts,30102,"Le total de buts est de 2, 3 ou 4",1.33
ef4dad2d0b81c586,Multi-Buts,30102,Le total de buts est supérieur à 4,5.45
ef4dad2d0b81c586,2ème mi-tps - CS,30105,0-0,5.26
ef4dad2d0b81c586,2ème mi-tps - CS,30105,0-1,8.13
ef4dad2d0b81c586,2ème mi-tps - CS,30105,0-2,13.9
ef4dad2d0b81c586,2ème mi-tps - CS,30105,0-3,35.66
ef4dad2d0b81c586,2ème mi-tps - CS,30105,1-0,6.67
ef4dad2d0b81c586,2ème mi-tps - CS,30105,1-1,4.59
ef4dad2d0b81c586,2ème mi-tps - CS,30105,1-2,11.77
ef4dad2d0b81c586,2ème mi-tps - CS,30105,2-0,8.73
ef4dad2d0b81c586,2ème mi-tps - CS,30105,2-1,9.0
ef4dad2d0b81c586,2ème mi-tps - CS,30105,3-0,17.14
afdbac380037a8c1,1X2,30083,1,2.14
afdbac380037a8c1,1X2,30083,X,3.72
afdbac380037a8c1,1X2,30083,2,3.08
afdbac380037a8c1,Mi-tps 1X2,30084,1,2.9
afdbac380037a8c1,Mi-tps 1X2,30084,X,2.08
afdbac380037a8c1,Mi-tps 1X2,30084,2,3.92
afdbac380037a8c1,Double Chance,30085,1X,1.33
afdbac380037a8c1,Double Chance,30085,X2,1.65
afdbac380037a8c1,Double Chance,30085,12,1.24
afdbac380037a8c1,Mi-tps DC,30086,1X,1.21
afdbac380037a8c1,Mi-tps DC,30086,X2,1.36
afdbac380037a8c1,Mi-tps DC,30086,12,1.67
afdbac380037a8c1,Score exact,30081,0-0,17.34
afdbac380037a8c1,Score exact,30081,0-1,16.09
afdbac380037a8c1,Score exact,30081,0-2,21.51
afdbac380037a8c1,Score exact,30081,0-3,39.25
afdbac380037a8c1,Score exact,30081,0-4,100.0
afdbac380037a8c1,Score exact,30081,0-5,100.0
afdbac380037a8c1,Score exact,30081,0-6,100.0
afdbac380037a8c1,Score exact,30081,1-0,13.3
afdbac380037a8c1,Score exact,30081,1-1,7.54
afdbac380037a8c1,Score exact,30081,1-2,10.25
afdbac380037a8c1,Score exact,30081,1-3,22.81
afdbac380037a8c1,Score exact,30081,1-4,71.31
afdbac380037a8c1,Score exact,30081,1-5,100.0
afdbac380037a8c1,Score exact,30081,2-0,14.31
afdbac380037a8c1,Score exact,30081,2-1,8.29
afdbac380037a8c1,Score exact,30081,2-2,11.91
afdbac380037a8c1,Score exact,30081,2-3,29.34
afdbac380037a8c1,Score exact,30081,2-4,100.0
afdbac380037a8c1,Score exact,30081,3-0,20.93
afdbac380037a8c1,Score exact,30081,3-1,14.84
afdbac380037a8c1,Score exact,30081,3-2,23.5
afdbac380037a8c1,Score exact,30081,3-3,100.0
afdbac380037a8c1,Score exact,30081,4-0,49.85
afdbac380037a8c1,Score exact,30081,4-1,36.99
afdbac380037a8c1,Score exact,30081,4-2,100.0
afdbac380037a8c1,Score exact,30081,5-0,100.0
afdbac380037a8c1,Score exact,30081,5-1,100.0
afdbac380037a8c1,Score exact,30081,6-0,100.0
afdbac380037a8c1,Mi-tps CS,30082,0-0,3.1
afdbac380037a8c1,Mi-tps CS,30082,0-1,6.74
afdbac380037a8c1,Mi-tps CS,30082,0-2,17.13
afdbac380037a8c1,Mi-tps CS,30082,0-3,65.27
afdbac380037a8c1,Mi-tps CS,30082,1-0,5.47
afdbac380037a8c1,Mi-tps CS,30082,1-1,5.29
afdbac380037a8c1,Mi-tps CS,30082,1-2,20.14
afdbac380037a8c1,Mi-tps CS,30082,2-0,10.97
afdbac380037a8c1,Mi-tps CS,30082,2-1,15.89
afdbac380037a8c1,Mi-tps CS,30082,3-0,32.97
afdbac380037a8c1,+/-,30087,> 0.5,0.99
afdbac380037a8c1,+/-,30087,< 0.5,18.33
afdbac380037a8c1,+/-,30087,> 1.5,1.14
afdbac380037a8c1,+/-,30087,< 1.5,5.42
afdbac380037a8c1,+/-,30087,> 2.5,1.56
afdbac380037a8c1,+/-,30087,< 2.5,2.38
afdbac380037a8c1,+/-,30087,> 3.5,2.75
afdbac380037a8c1,+/-,30087,< 3.5,1.44
afdbac380037a8c1,HT/FT,30089,1/1,3.51
afdbac380037a8c1,HT/FT,30089,1/X,20.02
afdbac380037a8c1,HT/FT,30089,1/2,44.34
afdbac380037a8c1,HT/FT,30089,X/1,5.58
afdbac380037a8c1,HT/FT,30089,X/X,5.4
afdbac380037a8c1,HT/FT,30089,X/2,7.48
afdbac380037a8c1,HT/FT,30089,2/1,34.55
afdbac380037a8c1,HT/FT,30089,2/X,20.47
afdbac380037a8c1,HT/FT,30089,2/2,5.35
afdbac380037a8c1,Total de buts,30090,0,17.34
afdbac380037a8c1,Total de buts,30090,1,7.28
afdbac380037a8c1,Total de buts,30090,2,4.02
afdbac380037a8c1,Total de buts,30090,3,3.43
afdbac380037a8c1,Total de buts,30090,4,4.47
afdbac380037a8c1,Total de buts,30090,5,7.9
afdbac380037a8c1,Total de buts,30090,6,29.14
afdbac380037a8c1,G/NG,30091,Oui,1.52
afdbac380037a8c1,G/NG,30091,Non,2.49
afdbac380037a8c1,Les deux équipes marquent / 1ère mi temps,30092,Oui,3.59
afdbac380037a8c1,Les deux équipes marquent / 1ère mi temps,30092,Non,1.28
afdbac380037a8c1,1X2 & Total,30093,1 / > 1.5,2.44
afdbac380037a8c1,1X2 & Total,30093,X / > 1.5,4.5
afdbac380037a8c1,1X2 & Total,30093,2 / > 1.5,3.63
afdbac380037a8c1,1X2 & Total,30093,1 / < 1.5,13.55
afdbac380037a8c1,1X2 & Total,30093,X / < 1.5,17.66
afdbac380037a8c1,1X2 & Total,30093,2 / < 1.5,16.39
afdbac380037a8c1,1X2 & Total,30093,1 / > 2.5,2.93
afdbac380037a8c1,1X2 & Total,30093,X / > 2.5,10.86
afdbac380037a8c1,1X2 & Total,30093,2 / > 2.5,4.34
afdbac380037a8c1,1X2 & Total,30093,1 / < 2.5,7.02
afdbac380037a8c1,1X2 & Total,30093,X / < 2.5,5.35
afdbac380037a8c1,1X2 & Total,30093,2 / < 2.5,9.37
afdbac380037a8c1,1X2 & Total,30093,1 / > 3.5,5.67
afdbac380037a8c1,1X2 & Total,30093,X / > 3.5,10.86
afdbac380037a8c1,1X2 & Total,30093,2 / > 3.5,9.14
afdbac380037a8c1,1X2 & Total,30093,1 / < 3.5,3.25
afdbac380037a8c1,1X2 & Total,30093,X / < 3.5,5.35
afdbac380037a8c1,1X2 & Total,30093,2 / < 3.5,4.4
afdbac380037a8c1,1X2 & G/NG,30094,1 gagne et les deux équipes marquent,3.67
afdbac380037a8c1,1X2 & G/NG,30094,1 gagne et seulement  1  marque,4.53
afdbac380037a8c1,1X2 & G/NG,30094,X et les deux équipes marquent,4.42
afdbac380037a8c1,1X2 & G/NG,30094,X et aucun but,17.34
afdbac380037a8c1,1X2 & G/NG,30094,2 gagne et les deux équipes marquent,5.06
afdbac380037a8c1,1X2 & G/NG,30094,2 gagne et seulement 2 marque,6.88
afdbac380037a8c1,Total equipe domicile,30095,> 0.5,1.15
afdbac380037a8c1,Total equipe domicile,30095,< 0.5,5.21
afdbac380037a8c1,Total equipe domicile,30095,> 1.5,1.91
afdbac380037a8c1,Total equipe domicile,30095,< 1.5,1.86
afdbac380037a8c1,Total equipe domicile,30095,> 2.5,4.45
afdbac380037a8c1,Total equipe domicile,30095,< 2.5,1.2
afdbac380037a8c1,Total equipe domicile,30095,> 3.5,15.16
afdbac380037a8c1,Total equipe domicile,30095,< 3.5,1.01
afdbac380037a8c1,Total equipe extérieur,30096,> 0.5,1.26
afdbac380037a8c1,Total equipe extérieur,30096,< 0.5,3.79
afdbac380037a8c1,Total equipe extérieur,30096,> 1.5,2.48
afdbac380037a8c1,Total equipe extérieur,30096,< 1.5,1.52
afdbac380037a8c1,Total equipe extérieur,30096,> 2.5,7.21
afdbac380037a8c1,Total equipe extérieur,30096,< 2.5,1.09
afdbac380037a8c1,Total equipe extérieur,30096,> 3.5,31.63
afdbac380037a8c1,Total equipe extérieur,30096,< 3.5,0.97
afdbac380037a8c1,G/NG equipe domicile,30097,Oui,1.15
afdbac380037a8c1,G/NG equipe domicile,30097,Non,5.21
afdbac380037a8c1,G/NG equipe extérieur,30098,Oui,1.26
afdbac380037a8c1,G/NG equipe extérieur,30098,Non,3.79
afdbac380037a8c1,Pair/Impair,30099,Impair,1.87
afdbac380037a8c1,Pair/Impair,30099,Pair,1.84
afdbac380037a8c1,Minute du premier but,30100,1-15,4.08
afdbac380037a8c1,Minute du premier but,30100,16-30,2.8
afdbac380037a8c1,Minute du premier but,30100,31-45,5.04
afdbac380037a8c1,Minute du premier but,30100,46-60,7.45
afdbac380037a8c1,Minute du premier but,30100,61-75,14.19
afdbac380037a8c1,Minute du premier but,30100,76-90,17.5
afdbac380037a8c1,Minute du premier but,30100,Pas de but,17.34
afdbac380037a8c1,FTTS,30101,1,1.76
afdbac380037a8c1,FTTS,30101,2,2.03
afdbac380037a8c1,FTTS,30101,Pas de but,17.34
afdbac380037a8c1,Multi-Buts,30102,"Le total de buts est de 0, 1 ou 2",2.29
afdbac380037a8c1,Multi-Buts,30102,"Le total de buts est de 1, 2 ou 3",1.5
afdbac380037a8c1,Multi-Buts,30102,"Le total de buts est de 2, 3 ou 4",1.33
afdbac380037a8c1,Multi-Buts,30102,Le total de buts est supérieur à 4,6.33
afdbac380037a8c1,2ème mi-tps - CS,30105,0-0,4.73
afdbac380037a8c1,2ème mi-tps - CS,30105,0-1,7.66
afdbac380037a8c1,2ème mi-tps - CS,30105,0-2,13.88
afdbac380037a8c1,2ème mi-tps - CS,30105,0-3,37.7
afdbac380037a8c1,2ème mi-tps - CS,30105,1-0,6.42
afdbac380037a8c1,2ème mi-tps - CS,30105,1-1,4.62
afdbac380037a8c1,2ème mi-tps - CS,30105,1-2,12.56
afdbac380037a8c1,2ème mi-tps - CS,30105,2-0,9.26
afdbac380037a8c1,2ème mi-tps - CS,30105,2-1,10.0
afdbac380037a8c1,2ème mi-tps - CS,30105,3-0,20.02
37b0bb4abefeab82,1X2,30083,1,1.5
37b0bb4abefeab82,1X2,30083,X,4.3
37b0bb4abefeab82,1X2,30083,2,6.17
37b0bb4abefeab82,Mi-tps 1X2,30084,1,2.12
37b0bb4abefeab82,Mi-tps 1X2,30084,X,2.17
37b0bb4abefeab82,Mi-tps 1X2,30084,2,6.76
37b0bb4abefeab82,Double Chance,30085,1X,1.09
37b0bb4abefeab82,Double Chance,30085,X2,2.49
37b0bb4abefeab82,Double Chance,30085,12,1.19
37b0bb4abefeab82,Mi-tps DC,30086,1X,1.07
37b0bb4abefeab82,Mi-tps DC,30086,X2,1.64
37b0bb4abefeab82,Mi-tps DC,30086,12,1.61
37b0bb4abefeab82,Score exact,30081,0-0,15.35
37b0bb4abefeab82,Score exact,30081,0-1,21.47
37b0bb4abefeab82,Score exact,30081,0-2,44.58
37b0bb4abefeab82,Score exact,30081,0-3,100.0
37b0bb4abefeab82,Score exact,30081,0-4,100.0
37b0bb4abefeab82,Score exact,30081,0-5,100.0
37b0bb4abefeab82,Score exact,30081,0-6,100.0
37b0bb4abefeab82,Score exact,30081,1-0,10.01
37b0bb4abefeab82,Score exact,30081,1-1,8.57
37b0bb4abefeab82,Score exact,30081,1-2,17.98
37b0bb4abefeab82,Score exact,30081,1-3,61.84
37b0bb4abefeab82,Score exact,30081,1-4,100.0
37b0bb4abefeab82,Score exact,30081,1-5,100.0
37b0bb4abefeab82,Score exact,30081,2-0,8.8
37b0bb4abefeab82,Score exact,30081,2-1,7.75
37b0bb4abefeab82,Score exact,30081,2-2,17.16
37b0bb4abefeab82,Score exact,30081,2-3,65.76
37b0bb4abefeab82,Score exact,30081,2-4,100.0
37b0bb4abefeab82,Score exact,30081,3-0,10.46
37b0bb4abefeab82,Score exact,30081,3-1,11.29
37b0bb4abefeab82,Score exact,30081,3-2,27.4
37b0bb4abefeab82,Score exact,30081,3-3,100.0
37b0bb4abefeab82,Score exact,30081,4-0,20.25
37b0bb4abefeab82,Score exact,30081,4-1,22.62
37b0bb4abefeab82,Score exact,30081,4-2,98.96
37b0bb4abefeab82,Score exact,30081,5-0,48.77
37b0bb4abefeab82,Score exact,30081,5-1,93.06
37b0bb4abefeab82,Score exact,30081,6-0,100.0
37b0bb4abefeab82,Mi-tps CS,30082,0-0,3.0
37b0bb4abefeab82,Mi-tps CS,30082,0-1,9.87
37b0bb4abefeab82,Mi-tps CS,30082,0-2,39.14
37b0bb4abefeab82,Mi-tps CS,30082,0-3,100.0
37b0bb4abefeab82,Mi-tps CS,30082,1-0,4.36
37b0bb4abefeab82,Mi-tps CS,30082,1-1,6.37
37b0bb4abefeab82,Mi-tps CS,30082,1-2,37.9
37b0bb4abefeab82,Mi-tps CS,30082,2-0,6.88
37b0bb4abefeab82,Mi-tps CS,30082,2-1,15.09
37b0bb4abefeab82,Mi-tps CS,30082,3-0,16.3
37b0bb4abefeab82,+/-,30087,> 0.5,1.0
37b0bb4abefeab82,+/-,30087,< 0.5,16.22
37b0bb4abefeab82,+/-,30087,> 1.5,1.16
37b0bb4abefeab82,+/-,30087,< 1.5,4.99
37b0bb4abefeab82,+/-,30087,> 2.5,1.61
37b0bb4abefeab82,+/-,30087,< 2.5,2.28
37b0bb4abefeab82,+/-,30087,> 3.5,2.88
37b0bb4abefeab82,+/-,30087,< 3.5,1.4
37b0bb4abefeab82,HT/FT,30089,1/1,2.28
37b0bb4abefeab82,HT/FT,30089,1/X,25.87
37b0bb4abefeab82,HT/FT,30089,1/2,90.09
37b0bb4abefeab82,HT/FT,30089,X/1,4.29
37b0bb4abefeab82,HT/FT,30089,X/X,5.86
37b0bb4abefeab82,HT/FT,30089,X/2,13.6
37b0bb4abefeab82,HT/FT,30089,2/1,32.72
37b0bb4abefeab82,HT/FT,30089,2/X,27.6
37b0bb4abefeab82,HT/FT,30089,2/2,11.54
37b0bb4abefeab82,Total de buts,30090,0,15.35
37b0bb4abefeab82,Total de buts,30090,1,6.83
37b0bb4abefeab82,Total de buts,30090,2,3.96
37b0bb4abefeab82,Total de buts,30090,3,3.47
37b0bb4abefeab82,Total de buts,30090,4,4.67
37b0bb4abefeab82,Total de buts,30090,5,8.33
37b0bb4abefeab82,Total de buts,30090,6,30.02
37b0bb4abefeab82,G/NG,30091,Oui,1.78
37b0bb4abefeab82,G/NG,30091,Non,2.0
37b0bb4abefeab82,Les deux équipes marquent / 1ère mi temps,30092,Oui,4.35
37b0bb4abefeab82,Les deux équipes marquent / 1ère mi temps,30092,Non,1.2
37b0bb4abefeab82,1X2 & Total,30093,1 / > 1.5,1.69
37b0bb4abefeab82,1X2 & Total,30093,X / > 1.5,5.64
37b0bb4abefeab82,1X2 & Total,30093,2 / > 1.5,8.17
37b0bb4abefeab82,1X2 & Total,30093,1 / < 1.5,10.19
37b0bb4abefeab82,1X2 & Total,30093,X / < 1.5,15.63
37b0bb4abefeab82,1X2 & Total,30093,2 / < 1.5,21.86
37b0bb4abefeab82,1X2 & Total,30093,1 / > 2.5,2.08
37b0bb4abefeab82,1X2 & Total,30093,X / > 2.5,15.99
37b0bb4abefeab82,1X2 & Total,30093,2 / > 2.5,9.96
37b0bb4abefeab82,1X2 & Total,30093,1 / < 2.5,4.77
37b0bb4abefeab82,1X2 & Total,30093,X / < 2.5,5.6
37b0bb4abefeab82,1X2 & Total,30093,2 / < 2.5,14.76
37b0bb4abefeab82,1X2 & Total,30093,1 / > 3.5,3.84
37b0bb4abefeab82,1X2 & Total,30093,X / > 3.5,15.99
37b0bb4abefeab82,1X2 & Total,30093,2 / > 3.5,26.26
37b0bb4abefeab82,1X2 & Total,30093,1 / < 3.5,2.32
37b0bb4abefeab82,1X2 & Total,30093,X / < 3.5,5.6
37b0bb4abefeab82,1X2 & Total,30093,2 / < 3.5,7.68
37b0bb4abefeab82,1X2 & G/NG,30094,1 gagne et les deux équipes marquent,3.13
37b0bb4abefeab82,1X2 & G/NG,30094,1 gagne et seulement  1  marque,2.6
37b0bb4abefeab82,1X2 & G/NG,30094,X et les deux équipes marquent,5.54
37b0bb4abefeab82,1X2 & G/NG,30094,X et aucun but,15.35
37b0bb4abefeab82,1X2 & G/NG,30094,2 gagne et les deux équipes marquent,10.83
37b0bb4abefeab82,1X2 & G/NG,30094,2 gagne et seulement 2 marque,12.67
37b0bb4abefeab82,Total equipe domicile,30095,> 0.5,1.08
37b0bb4abefeab82,Total equipe domicile,30095,< 0.5,7.33
37b0bb4abefeab82,Total equipe domicile,30095,> 1.5,1.54
37b0bb4abefeab82,Total equipe domicile,30095,< 1.5,2.42
37b0bb4abefeab82,Total equipe domicile,30095,> 2.5,2.89
37b0bb4abefeab82,Total equipe domicile,30095,< 2.5,1.4
37b0bb4abefeab82,Total equipe domicile,30095,> 3.5,7.55
37b0bb4abefeab82,Total equipe domicile,30095,< 3.5,1.08
37b0bb4abefeab82,Total equipe extérieur,30096,> 0.5,1.57
37b0bb4abefeab82,Total equipe extérieur,30096,< 0.5,2.35
37b0bb4abefeab82,Total equipe extérieur,30096,> 1.5,4.5
37b0bb4abefeab82,Total equipe extérieur,30096,< 1.5,1.19
37b0bb4abefeab82,Total equipe extérieur,30096,> 2.5,20.31
37b0bb4abefeab82,Total equipe extérieur,30096,< 2.5,0.99
37b0bb4abefeab82,Total equipe extérieur,30096,> 3.5,100.0
37b0bb4abefeab82,Total equipe extérieur,30096,< 3.5,0.95
37b0bb4abefeab82,G/NG equipe domicile,30097,Oui,1.08
37b0bb4abefeab82,G/NG equipe domicile,30097,Non,7.33
37b0bb4abefeab82,G/NG equipe extérieur,30098,Oui,1.57
37b0bb4abefeab82,G/NG equipe extérieur,30098,Non,2.35
37b0bb4abefeab82,Pair/Impair,30099,Impair,1.87
37b0bb4abefeab82,Pair/Impair,30099,Pair,1.83
37b0bb4abefeab82,Minute du premier but,30100,1-15,4.28
37b0bb4abefeab82,Minute du premier but,30100,16-30,2.89
37b0bb4abefeab82,Minute du premier but,30100,31-45,5.02
37b0bb4abefeab82,Minute du premier but,30100,46-60,7.28
37b0bb4abefeab82,Minute du premier but,30100,61-75,13.27
37b0bb4abefeab82,Minute du premier but,30100,76-90,15.8
37b0bb4abefeab82,Minute du premier but,30100,Pas de but,15.35
37b0bb4abefeab82,FTTS,30101,1,1.48
37b0bb4abefeab82,FTTS,30101,2,2.63
37b0bb4abefeab82,FTTS,30101,Pas de but,15.35
37b0bb4abefeab82,Multi-Buts,30102,"Le total de buts est de 0, 1 ou 2",2.19
37b0bb4abefeab82,Multi-Buts,30102,"Le total de buts est de 1, 2 ou 3",1.48
37b0bb4abefeab82,Multi-Buts,30102,"Le total de buts est de 2, 3 ou 4",1.35
37b0bb4abefeab82,Multi-Buts,30102,Le total de buts est supérieur à 4,6.64
37b0bb4abefeab82,2ème mi-tps - CS,30105,0-0,4.33
37b0bb4abefeab82,2ème mi-tps - CS,30105,0-1,10.54
37b0bb4abefeab82,2ème mi-tps - CS,30105,0-2,30.35
37b0bb4abefeab82,2ème mi-tps - CS,30105,0-3,100.0
37b0bb4abefeab82,2ème mi-tps - CS,30105,1-0,5.13
37b0bb4abefeab82,2ème mi-tps - CS,30105,1-1,5.55
37b0bb4abefeab82,2ème mi-tps - CS,30105,1-2,23.96
37b0bb4abefeab82,2ème mi-tps - CS,30105,2-0,5.97
37b0bb4abefeab82,2ème mi-tps - CS,30105,2-1,9.69
37b0bb4abefeab82,2ème mi-tps - CS,30105,3-0,10.43
2a56ec5053b7403b,1X2,30083,1,6.24
2a56ec5053b7403b,1X2,30083,X,4.86
2a56ec5053b7403b,1X2,30083,2,1.44
2a56ec5053b7403b,Mi-tps 1X2,30084,1,6.62
2a56ec5053b7403b,Mi-tps 1X2,30084,X,2.45
2a56ec5053b7403b,Mi-tps 1X2,30084,2,1.92
2a56ec5053b7403b,Double Chance,30085,1X,2.68
2a56ec5053b7403b,Double Chance,30085,X2,1.09
2a56ec5053b7403b,Double Chance,30085,12,1.15
2a56ec5053b7403b,Mi-tps DC,30086,1X,1.79
2a56ec5053b7403b,Mi-tps DC,30086,X2,1.08
2a56ec5053b7403b,Mi-tps DC,30086,12,1.49
2a56ec5053b7403b,Score exact,30081,0-0,23.27
2a56ec5053b7403b,Score exact,30081,0-1,13.64
2a56ec5053b7403b,Score exact,30081,0-2,10.31
2a56ec5053b7403b,Score exact,30081,0-3,10.47
2a56ec5053b7403b,Score exact,30081,0-4,17.29
2a56ec5053b7403b,Score exact,30081,0-5,34.52
2a56ec5053b7403b,Score exact,30081,0-6,100.0
2a56ec5053b7403b,Score exact,30081,1-0,28.02
2a56ec5053b7403b,Score exact,30081,1-1,10.08
2a56ec5053b7403b,Score exact,30081,1-2,7.88
2a56ec5053b7403b,Score exact,30081,1-3,9.81
2a56ec5053b7403b,Score exact,30081,1-4,16.52
2a56ec5053b7403b,Score exact,30081,1-5,56.45
2a56ec5053b7403b,Score exact,30081,2-0,49.69
2a56ec5053b7403b,Score exact,30081,2-1,18.06
2a56ec5053b7403b,Score exact,30081,2-2,15.03
2a56ec5053b7403b,Score exact,30081,2-3,20.39
2a56ec5053b7403b,Score exact,30081,2-4,61.64
2a56ec5053b7403b,Score exact,30081,3-0,100.0
2a56ec5053b7403b,Score exact,30081,3-1,52.81
2a56ec5053b7403b,Score exact,30081,3-2,48.97
2a56ec5053b7403b,Score exact,30081,3-3,100.0
2a56ec5053b7403b,Score exact,30081,4-0,100.0
2a56ec5053b7403b,Score exact,30081,4-1,100.0
2a56ec5053b7403b,Score exact,30081,4-2,100.0
2a56ec5053b7403b,Score exact,30081,5-0,100.0
2a56ec5053b7403b,Score exact,30081,5-1,100.0
2a56ec5053b7403b,Score exact,30081,6-0,100.0
2a56ec5053b7403b,Mi-tps CS,30082,0-0,3.76
2a56ec5053b7403b,Mi-tps CS,30082,0-1,4.7
2a56ec5053b7403b,Mi-tps CS,30082,0-2,6.01
2a56ec5053b7403b,Mi-tps CS,30082,0-3,11.52
2a56ec5053b7403b,Mi-tps CS,30082,1-0,10.63
2a56ec5053b7403b,Mi-tps CS,30082,1-1,5.91
2a56ec5053b7403b,Mi-tps CS,30082,1-2,11.33
2a56ec5053b7403b,Mi-tps CS,30082,2-0,35.94
2a56ec5053b7403b,Mi-tps CS,30082,2-1,29.98
2a56ec5053b7403b,Mi-tps CS,30082,3-0,100.0
2a56ec5053b7403b,+/-,30087,> 0.5,0.98
2a56ec5053b7403b,+/-,30087,< 0.5,24.59
2a56ec5053b7403b,+/-,30087,> 1.5,1.09
2a56ec5053b7403b,+/-,30087,< 1.5,6.95
2a56ec5053b7403b,+/-,30087,> 2.5,1.41
2a56ec5053b7403b,+/-,30087,< 2.5,2.87
2a56ec5053b7403b,+/-,30087,> 3.5,2.27
2a56ec5053b7403b,+/-,30087,< 3.5,1.61
2a56ec5053b7403b,HT/FT,30089,1/1,11.62
2a56ec5053b7403b,HT/FT,30089,1/X,27.31
2a56ec5053b7403b,HT/FT,30089,1/2,29.56
2a56ec5053b7403b,HT/FT,30089,X/1,14.36
2a56ec5053b7403b,HT/FT,30089,X/X,7.21
2a56ec5053b7403b,HT/FT,30089,X/2,4.64
2a56ec5053b7403b,HT/FT,30089,2/1,74.03
2a56ec5053b7403b,HT/FT,30089,2/X,23.77
2a56ec5053b7403b,HT/FT,30089,2/2,2.07
2a56ec5053b7403b,Total de buts,30090,0,23.27
2a56ec5053b7403b,Total de buts,30090,1,9.18
2a56ec5053b7403b,Total de buts,30090,2,4.62
2a56ec5053b7403b,Total de buts,30090,3,3.5
2a56ec5053b7403b,Total de buts,30090,4,4.04
2a56ec5053b7403b,Total de buts,30090,5,6.1
2a56ec5053b7403b,Total de buts,30090,6,18.41
2a56ec5053b7403b,G/NG,30091,Oui,1.63
2a56ec5053b7403b,G/NG,30091,Non,2.24
2a56ec5053b7403b,Les deux équipes marquent / 1ère mi temps,30092,Oui,3.73
2a56ec5053b7403b,Les deux équipes marquent / 1ère mi temps,30092,Non,1.26
2a56ec5053b7403b,1X2 & Total,30093,1 / > 1.5,7.62
2a56ec5053b7403b,1X2 & Total,30093,X / > 1.5,5.84
2a56ec5053b7403b,1X2 & Total,30093,2 / > 1.5,1.54
2a56ec5053b7403b,1X2 & Total,30093,1 / < 1.5,28.53
2a56ec5053b7403b,1X2 & Total,30093,X / < 1.5,23.69
2a56ec5053b7403b,1X2 & Total,30093,2 / < 1.5,13.89
2a56ec5053b7403b,1X2 & Total,30093,1 / > 2.5,8.98
2a56ec5053b7403b,1X2 & Total,30093,X / > 2.5,13.56
2a56ec5053b7403b,1X2 & Total,30093,2 / > 2.5,1.81
2a56ec5053b7403b,1X2 & Total,30093,1 / < 2.5,18.24
2a56ec5053b7403b,1X2 & Total,30093,X / < 2.5,7.16
2a56ec5053b7403b,1X2 & Total,30093,2 / < 2.5,5.98
2a56ec5053b7403b,1X2 & Total,30093,1 / > 3.5,20.46
2a56ec5053b7403b,1X2 & Total,30093,X / > 3.5,13.56
2a56ec5053b7403b,1X2 & Total,30093,2 / > 3.5,2.99
2a56ec5053b7403b,1X2 & Total,30093,1 / < 3.5,8.52
2a56ec5053b7403b,1X2 & Total,30093,X / < 3.5,7.16
2a56ec5053b7403b,1X2 & Total,30093,2 / < 3.5,2.59
2a56ec5053b7403b,1X2 & G/NG,30094,1 gagne et les deux équipes marquent,9.75
2a56ec5053b7403b,1X2 & G/NG,30094,1 gagne et seulement  1  marque,15.0
2a56ec5053b7403b,1X2 & G/NG,30094,X et les deux équipes marquent,5.74
2a56ec5053b7403b,1X2 & G/NG,30094,X et aucun but,23.27
2a56ec5053b7403b,1X2 & G/NG,30094,2 gagne et les deux équipes marquent,2.69
2a56ec5053b7403b,1X2 & G/NG,30094,2 gagne et seulement 2 marque,2.77
2a56ec5053b7403b,Total equipe domicile,30095,> 0.5,1.48
2a56ec5053b7403b,Total equipe domicile,30095,< 0.5,2.62
2a56ec5053b7403b,Total equipe domicile,30095,> 1.5,3.86
2a56ec5053b7403b,Total equipe domicile,30095,< 1.5,1.25
2a56ec5053b7403b,Total equipe domicile,30095,> 2.5,15.86
2a56ec5053b7403b,Total equipe domicile,30095,< 2.5,1.0
2a56ec5053b7403b,Total equipe domicile,30095,> 3.5,100.0
2a56ec5053b7403b,Total equipe domicile,30095,< 3.5,0.95
2a56ec5053b7403b,Total equipe extérieur,30096,> 0.5,1.05
2a56ec5053b7403b,Total equipe extérieur,30096,< 0.5,9.64
2a56ec5053b7403b,Total equipe extérieur,30096,> 1.5,1.39
2a56ec5053b7403b,Total equipe extérieur,30096,< 1.5,2.92
2a56ec5053b7403b,Total equipe extérieur,30096,> 2.5,2.38
2a56ec5053b7403b,Total equipe extérieur,30096,< 2.5,1.57
2a56ec5053b7403b,Total equipe extérieur,30096,> 3.5,5.57
2a56ec5053b7403b,Total equipe extérieur,30096,< 3.5,1.14
2a56ec5053b7403b,G/NG equipe domicile,30097,Oui,1.48
2a56ec5053b7403b,G/NG equipe domicile,30097,Non,2.62
2a56ec5053b7403b,G/NG equipe extérieur,30098,Oui,1.05
2a56ec5053b7403b,G/NG equipe extérieur,30098,Non,9.64
2a56ec5053b7403b,Pair/Impair,30099,Impair,1.86
2a56ec5053b7403b,Pair/Impair,30099,Pair,1.85
2a56ec5053b7403b,Minute du premier but,30100,1-15,3.89
2a56ec5053b7403b,Minute du premier but,30100,16-30,2.69
2a56ec5053b7403b,Minute du premier but,30100,31-45,4.98
2a56ec5053b7403b,Minute du premier but,30100,46-60,7.93
2a56ec5053b7403b,Minute du premier but,30100,61-75,14.99
2a56ec5053b7403b,Minute du premier but,30100,76-90,18.37
2a56ec5053b7403b,Minute du premier but,30100,Pas de but,23.27
2a56ec5053b7403b,FTTS,30101,1,2.57
2a56ec5053b7403b,FTTS,30101,2,1.45
2a56ec5053b7403b,FTTS,30101,Pas de but,23.27
2a56ec5053b7403b,Multi-Buts,30102,"Le total de buts est de 0, 1 ou 2",2.76
2a56ec5053b7403b,Multi-Buts,30102,"Le total de buts est de 1, 2 ou 3",1.67
2a56ec5053b7403b,Multi-Buts,30102,"Le total de buts est de 2, 3 ou 4",1.36
2a56ec5053b7403b,Multi-Buts,30102,Le total de buts est supérieur à 4,4.67
2a56ec5053b7403b,2ème mi-tps - CS,30105,0-0,5.24
2a56ec5053b7403b,2ème mi-tps - CS,30105,0-1,5.79
2a56ec5053b7403b,2ème mi-tps - CS,30105,0-2,5.78
2a56ec5053b7403b,2ème mi-tps - CS,30105,0-3,8.67
2a56ec5053b7403b,2ème mi-tps - CS,30105,1-0,10.99
2a56ec5053b7403b,2ème mi-tps - CS,30105,1-1,5.39
2a56ec5053b7403b,2ème mi-tps - CS,30105,1-2,8.08
2a56ec5053b7403b,2ème mi-tps - CS,30105,2-0,26.86
2a56ec5053b7403b,2ème mi-tps - CS,30105,2-1,19.76
2a56ec5053b7403b,2ème mi-tps - CS,30105,3-0,98.42
801da322faf2a881,1X2,30083,1,1.96
801da322faf2a881,1X2,30083,X,4.05
801da322faf2a881,1X2,30083,2,3.3
801da322faf2a881,Mi-tps 1X2,30084,1,2.63
801da322faf2a881,Mi-tps 1X2,30084,X,2.22
801da322faf2a881,Mi-tps 1X2,30084,2,4.04
801da322faf2a881,Double Chance,30085,1X,1.3
801da322faf2a881,Double Chance,30085,X2,1.79
801da322faf2a881,Double Chance,30085,12,1.21
801da322faf2a881,Mi-tps DC,30086,1X,1.2
801da322faf2a881,Mi-tps DC,30086,X2,1.43
801da322faf2a881,Mi-tps DC,30086,12,1.59
801da322faf2a881,Score exact,30081,0-0,24.14
801da322faf2a881,Score exact,30081,0-1,20.98
801da322faf2a881,Score exact,30081,0-2,25.98
801da322faf2a881,Score exact,30081,0-3,43.86
801da322faf2a881,Score exact,30081,0-4,100.0
801da322faf2a881,Score exact,30081,0-5,100.0
801da322faf2a881,Score exact,30081,0-6,100.0
801da322faf2a881,Score exact,30081,1-0,16.31
801da322faf2a881,Score exact,30081,1-1,8.65
801da322faf2a881,Score exact,30081,1-2,10.94
801da322faf2a881,Score exact,30081,1-3,22.69
801da322faf2a881,Score exact,30081,1-4,65.97
801da322faf2a881,Score exact,30081,1-5,100.0
801da322faf2a881,Score exact,30081,2-0,14.92
801da322faf2a881,Score exact,30081,2-1,8.15
801da322faf2a881,Score exact,30081,2-2,11.05
801da322faf2a881,Score exact,30081,2-3,25.35
801da322faf2a881,Score exact,30081,2-4,100.0
801da322faf2a881,Score exact,30081,3-0,18.45
801da322faf2a881,Score exact,30081,3-1,12.49
801da322faf2a881,Score exact,30081,3-2,18.56
801da322faf2a881,Score exact,30081,3-3,75.23
801da322faf2a881,Score exact,30081,4-0,37.69
801da322faf2a881,Score exact,30081,4-1,26.38
801da322faf2a881,Score exact,30081,4-2,70.54
801da322faf2a881,Score exact,30081,5-0,96.29
801da322faf2a881,Score exact,30081,5-1,100.0
801da322faf2a881,Score exact,30081,6-0,100.0
801da322faf2a881,Mi-tps CS,30082,0-0,3.54
801da322faf2a881,Mi-tps CS,30082,0-1,7.32
801da322faf2a881,Mi-tps CS,30082,0-2,17.62
801da322faf2a881,Mi-tps CS,30082,0-3,63.63
801da322faf2a881,Mi-tps CS,30082,1-0,5.49
801da322faf2a881,Mi-tps CS,30082,1-1,5.05
801da322faf2a881,Mi-tps CS,30082,1-2,18.25
801da322faf2a881,Mi-tps CS,30082,2-0,9.45
801da322faf2a881,Mi-tps CS,30082,2-1,13.03
801da322faf2a881,Mi-tps CS,30082,3-0,24.36
801da322faf2a881,+/-,30087,> 0.5,0.98
801da322faf2a881,+/-,30087,< 0.5,25.5
801da322faf2a881,+/-,30087,> 1.5,1.09
801da322faf2a881,+/-,30087,< 1.5,7.02
801da322faf2a881,+/-,30087,> 2.5,1.41
801da322faf2a881,+/-,30087,< 2.5,2.84
801da322faf2a881,+/-,30087,> 3.5,2.31
801da322faf2a881,+/-,30087,< 3.5,1.59
801da322faf2a881,HT/FT,30089,1/1,3.14
801da322faf2a881,HT/FT,30089,1/X,19.27
801da322faf2a881,HT/FT,30089,1/2,41.34
801da322faf2a881,HT/FT,30089,X/1,5.37
801da322faf2a881,HT/FT,30089,X/X,6.3
801da322faf2a881,HT/FT,30089,X/2,8.13
801da322faf2a881,HT/FT,30089,2/1,29.26
801da322faf2a881,HT/FT,30089,2/X,19.99
801da322faf2a881,HT/FT,30089,2/2,5.79
801da322faf2a881,Total de buts,30090,0,24.14
801da322faf2a881,Total de buts,30090,1,9.18
801da322faf2a881,Total de buts,30090,2,4.52
801da322faf2a881,Total de buts,30090,3,3.44
801da322faf2a881,Total de buts,30090,4,4.01
801da322faf2a881,Total de buts,30090,5,6.29
801da322faf2a881,Total de buts,30090,6,20.41
801da322faf2a881,G/NG,30091,Oui,1.43
801da322faf2a881,G/NG,30091,Non,2.76
801da322faf2a881,Les deux équipes marquent / 1ère mi temps,30092,Oui,3.29
801da322faf2a881,Les deux équipes marquent / 1ère mi temps,30092,Non,1.32
801da322faf2a881,1X2 & Total,30093,1 / > 1.5,2.13
801da322faf2a881,1X2 & Total,30093,X / > 1.5,4.64
801da322faf2a881,1X2 & Total,30093,2 / > 1.5,3.74
801da322faf2a881,1X2 & Total,30093,1 / < 1.5,16.61
801da322faf2a881,1X2 & Total,30093,X / < 1.5,24.57
801da322faf2a881,1X2 & Total,30093,2 / < 1.5,21.36
801da322faf2a881,1X2 & Total,30093,1 / > 2.5,2.48
801da322faf2a881,1X2 & Total,30093,X / > 2.5,9.81
801da322faf2a881,1X2 & Total,30093,2 / > 2.5,4.35
801da322faf2a881,1X2 & Total,30093,1 / < 2.5,7.93
801da322faf2a881,1X2 & Total,30093,X / < 2.5,6.49
801da322faf2a881,1X2 & Total,30093,2 / < 2.5,11.82
801da322faf2a881,1X2 & Total,30093,1 / > 3.5,4.35
801da322faf2a881,1X2 & Total,30093,X / > 3.5,9.81
801da322faf2a881,1X2 & Total,30093,2 / > 3.5,8.51
801da322faf2a881,1X2 & Total,30093,1 / < 3.5,3.34
801da322faf2a881,1X2 & Total,30093,X / < 3.5,6.49
801da322faf2a881,1X2 & Total,30093,2 / < 3.5,5.08
801da322faf2a881,1X2 & G/NG,30094,1 gagne et les deux équipes marquent,3.15
801da322faf2a881,1X2 & G/NG,30094,1 gagne et seulement  1  marque,4.51
801da322faf2a881,1X2 & G/NG,30094,X et les deux équipes marquent,4.56
801da322faf2a881,1X2 & G/NG,30094,X et aucun but,24.14
801da322faf2a881,1X2 & G/NG,30094,2 gagne et les deux équipes marquent,5.0
801da322faf2a881,1X2 & G/NG,30094,2 gagne et seulement 2 marque,8.34
801da322faf2a881,Total equipe domicile,30095,> 0.5,1.1
801da322faf2a881,Total equipe domicile,30095,< 0.5,6.55
801da322faf2a881,Total equipe domicile,30095,> 1.5,1.68
801da322faf2a881,Total equipe domicile,30095,< 1.5,2.15
801da322faf2a881,Total equipe domicile,30095,> 2.5,3.5
801da322faf2a881,Total equipe domicile,30095,< 2.5,1.29
801da322faf2a881,Total equipe domicile,30095,> 3.5,10.56
801da322faf2a881,Total equipe domicile,30095,< 3.5,1.04
801da322faf2a881,Total equipe extérieur,30096,> 0.5,1.23
801da322faf2a881,Total equipe extérieur,30096,< 0.5,4.01
801da322faf2a881,Total equipe extérieur,30096,> 1.5,2.38
801da322faf2a881,Total equipe extérieur,30096,< 1.5,1.56
801da322faf2a881,Total equipe extérieur,30096,> 2.5,6.78
801da322faf2a881,Total equipe extérieur,30096,< 2.5,1.1
801da322faf2a881,Total equipe extérieur,30096,> 3.5,29.26
801da322faf2a881,Total equipe extérieur,30096,< 3.5,0.97
801da322faf2a881,G/NG equipe domicile,30097,Oui,1.1
801da322faf2a881,G/NG equipe domicile,30097,Non,6.55
801da322faf2a881,G/NG equipe extérieur,30098,Oui,1.23
801da322faf2a881,G/NG equipe extérieur,30098,Non,4.01
801da322faf2a881,Pair/Impair,30099,Impair,1.85
801da322faf2a881,Pair/Impair,30099,Pair,1.85
801da322faf2a881,Minute du premier but,30100,1-15,3.85
801da322faf2a881,Minute du premier but,30100,16-30,2.68
801da322faf2a881,Minute du premier but,30100,31-45,5.02
801da322faf2a881,Minute du premier but,30100,46-60,7.75
801da322faf2a881,Minute du premier but,30100,61-75,15.27
801da322faf2a881,Minute du premier but,30100,76-90,19.35
801da322faf2a881,Minute du premier but,30100,Pas de but,24.14
801da322faf2a881,FTTS,30101,1,1.69
801da322faf2a881,FTTS,30101,2,2.05
801da322faf2a881,FTTS,30101,Pas de but,24.14
801da322faf2a881,Multi-Buts,30102,"Le total de buts est de 0, 1 ou 2",2.74
801da322faf2a881,Multi-Buts,30102,"Le total de buts est de 1, 2 ou 3",1.64
801da322faf2a881,Multi-Buts,30102,"Le total de buts est de 2, 3 ou 4",1.34
801da322faf2a881,Multi-Buts,30102,Le total de buts est supérieur à 4,4.89
801da322faf2a881,2ème mi-tps - CS,30105,0-0,5.78
801da322faf2a881,2ème mi-tps - CS,30105,0-1,8.66
801da322faf2a881,2ème mi-tps - CS,30105,0-2,14.23
801da322faf2a881,2ème mi-tps - CS,30105,0-3,35.1
801da322faf2a881,2ème mi-tps - CS,30105,1-0,6.91
801da322faf2a881,2ème mi-tps - CS,30105,1-1,4.6
801da322faf2a881,2ème mi-tps - CS,30105,1-2,11.35
801da322faf2a881,2ème mi-tps - CS,30105,2-0,8.2
801da322faf2a881,2ème mi-tps - CS,30105,2-1,8.19
801da322faf2a881,2ème mi-tps - CS,30105,3-0,14.59
873978ac4d52776b,1X2,30083,1,4.55
873978ac4d52776b,1X2,30083,X,4.41
873978ac4d52776b,1X2,30083,2,1.63
873978ac4d52776b,Mi-tps 1X2,30084,1,4.99
873978ac4d52776b,Mi-tps 1X2,30084,X,2.32
873978ac4d52776b,Mi-tps 1X2,30084,2,2.23
873978ac4d52776b,Double Chance,30085,1X,2.2
873978ac4d52776b,Double Chance,30085,X2,1.17
873978ac4d52776b,Double Chance,30085,12,1.18
873978ac4d52776b,Mi-tps DC,30086,1X,1.58
873978ac4d52776b,Mi-tps DC,30086,X2,1.14
873978ac4d52776b,Mi-tps DC,30086,12,1.54
873978ac4d52776b,Score exact,30081,0-0,24.55
873978ac4d52776b,Score exact,30081,0-1,15.15
873978ac4d52776b,Score exact,30081,0-2,12.26
873978ac4d52776b,Score exact,30081,0-3,13.33
873978ac4d52776b,Score exact,30081,0-4,23.91
873978ac4d52776b,Score exact,30081,0-5,52.65
873978ac4d52776b,Score exact,30081,0-6,100.0
873978ac4d52776b,Score exact,30081,1-0,24.79
873978ac4d52776b,Score exact,30081,1-1,9.37
873978ac4d52776b,Score exact,30081,1-2,7.83
873978ac4d52776b,Score exact,30081,1-3,10.52
873978ac4d52776b,Score exact,30081,1-4,19.3
873978ac4d52776b,Score exact,30081,1-5,72.55
873978ac4d52776b,Score exact,30081,2-0,36.43
873978ac4d52776b,Score exact,30081,2-1,13.95
873978ac4d52776b,Score exact,30081,2-2,12.44
873978ac4d52776b,Score exact,30081,2-3,18.26
873978ac4d52776b,Score exact,30081,2-4,60.23
873978ac4d52776b,Score exact,30081,3-0,73.18
873978ac4d52776b,Score exact,30081,3-1,33.87
873978ac4d52776b,Score exact,30081,3-2,33.59
873978ac4d52776b,Score exact,30081,3-3,86.89
873978ac4d52776b,Score exact,30081,4-0,100.0
873978ac4d52776b,Score exact,30081,4-1,100.0
873978ac4d52776b,Score exact,30081,4-2,100.0
873978ac4d52776b,Score exact,30081,5-0,100.0
873978ac4d52776b,Score exact,30081,5-1,100.0
873978ac4d52776b,Score exact,30081,6-0,100.0
873978ac4d52776b,Mi-tps CS,30082,0-0,3.71
873978ac4d52776b,Mi-tps CS,30082,0-1,5.09
873978ac4d52776b,Mi-tps CS,30082,0-2,7.45
873978ac4d52776b,Mi-tps CS,30082,0-3,16.36
873978ac4d52776b,Mi-tps CS,30082,1-0,8.67
873978ac4d52776b,Mi-tps CS,30082,1-1,5.29
873978ac4d52776b,Mi-tps CS,30082,1-2,11.61
873978ac4d52776b,Mi-tps CS,30082,2-0,23.87
873978ac4d52776b,Mi-tps CS,30082,2-1,21.85
873978ac4d52776b,Mi-tps CS,30082,3-0,98.62
873978ac4d52776b,+/-,30087,> 0.5,0.98
873978ac4d52776b,+/-,30087,< 0.5,25.94
873978ac4d52776b,+/-,30087,> 1.5,1.09
873978ac4d52776b,+/-,30087,< 1.5,7.18
873978ac4d52776b,+/-,30087,> 2.5,1.4
873978ac4d52776b,+/-,30087,< 2.5,2.91
873978ac4d52776b,+/-,30087,> 3.5,2.25
873978ac4d52776b,+/-,30087,< 3.5,1.62
873978ac4d52776b,HT/FT,30089,1/1,8.03
873978ac4d52776b,HT/FT,30089,1/X,21.97
873978ac4d52776b,HT/FT,30089,1/2,26.59
873978ac4d52776b,HT/FT,30089,X/1,11.07
873978ac4d52776b,HT/FT,30089,X/X,6.78
873978ac4d52776b,HT/FT,30089,X/2,4.78
873978ac4d52776b,HT/FT,30089,2/1,56.72
873978ac4d52776b,HT/FT,30089,2/X,21.57
873978ac4d52776b,HT/FT,30089,2/2,2.49
873978ac4d52776b,Total de buts,30090,0,24.55
873978ac4d52776b,Total de buts,30090,1,9.4
873978ac4d52776b,Total de buts,30090,2,4.63
873978ac4d52776b,Total de buts,30090,3,3.47
873978ac4d52776b,Total de buts,30090,4,3.98
873978ac4d52776b,Total de buts,30090,5,6.06
873978ac4d52776b,Total de buts,30090,6,18.81
873978ac4d52776b,G/NG,30091,Oui,1.5
873978ac4d52776b,G/NG,30091,Non,2.54
873978ac4d52776b,Les deux équipes marquent / 1ère mi temps,30092,Oui,3.38
873978ac4d52776b,Les deux équipes marquent / 1ère mi temps,30092,Non,1.31
873978ac4d52776b,1X2 & Total,30093,1 / > 1.5,5.3
873978ac4d52776b,1X2 & Total,30093,X / > 1.5,5.13
873978ac4d52776b,1X2 & Total,30093,2 / > 1.5,1.75
873978ac4d52776b,1X2 & Total,30093,1 / < 1.5,25.24
873978ac4d52776b,1X2 & Total,30093,X / < 1.5,24.99
873978ac4d52776b,1X2 & Total,30093,2 / < 1.5,15.43
873978ac4d52776b,1X2 & Total,30093,1 / > 2.5,6.18
873978ac4d52776b,1X2 & Total,30093,X / > 2.5,11.08
873978ac4d52776b,1X2 & Total,30093,2 / > 2.5,2.03
873978ac4d52776b,1X2 & Total,30093,1 / < 2.5,15.02
873978ac4d52776b,1X2 & Total,30093,X / < 2.5,6.9
873978ac4d52776b,1X2 & Total,30093,2 / < 2.5,6.9
873978ac4d52776b,1X2 & Total,30093,1 / > 3.5,12.83
873978ac4d52776b,1X2 & Total,30093,X / > 3.5,11.08
873978ac4d52776b,1X2 & Total,30093,2 / > 3.5,3.42
873978ac4d52776b,1X2 & Total,30093,1 / < 3.5,6.65
873978ac4d52776b,1X2 & Total,30093,X / < 3.5,6.9
873978ac4d52776b,1X2 & Total,30093,2 / < 3.5,2.91
873978ac4d52776b,1X2 & G/NG,30094,1 gagne et les deux équipes marquent,6.87
873978ac4d52776b,1X2 & G/NG,30094,1 gagne et seulement  1  marque,11.52
873978ac4d52776b,1X2 & G/NG,30094,X et les deux équipes marquent,5.03
873978ac4d52776b,1X2 & G/NG,30094,X et aucun but,24.55
873978ac4d52776b,1X2 & G/NG,30094,2 gagne et les deux équipes marquent,2.78
873978ac4d52776b,1X2 & G/NG,30094,2 gagne et seulement 2 marque,3.47
873978ac4d52776b,Total equipe domicile,30095,> 0.5,1.34
873978ac4d52776b,Total equipe domicile,30095,< 0.5,3.21
873978ac4d52776b,Total equipe domicile,30095,> 1.5,2.97
873978ac4d52776b,Total equipe domicile,30095,< 1.5,1.38
873978ac4d52776b,Total equipe domicile,30095,> 2.5,10.11
873978ac4d52776b,Total equipe domicile,30095,< 2.5,1.04
873978ac4d52776b,Total equipe domicile,30095,> 3.5,52.71
873978ac4d52776b,Total equipe domicile,30095,< 3.5,0.96
873978ac4d52776b,Total equipe extérieur,30096,> 0.5,1.06
873978ac4d52776b,Total equipe extérieur,30096,< 0.5,8.28
873978ac4d52776b,Total equipe extérieur,30096,> 1.5,1.49
873978ac4d52776b,Total equipe extérieur,30096,< 1.5,2.57
873978ac4d52776b,Total equipe extérieur,30096,> 2.5,2.75
873978ac4d52776b,Total equipe extérieur,30096,< 2.5,1.44
873978ac4d52776b,Total equipe extérieur,30096,> 3.5,7.14
873978ac4d52776b,Total equipe extérieur,30096,< 3.5,1.09
873978ac4d52776b,G/NG equipe domicile,30097,Oui,1.34
873978ac4d52776b,G/NG equipe domicile,30097,Non,3.21
873978ac4d52776b,G/NG equipe extérieur,30098,Oui,1.06
873978ac4d52776b,G/NG equipe extérieur,30098,Non,8.28
873978ac4d52776b,Pair/Impair,30099,Impair,1.85
873978ac4d52776b,Pair/Impair,30099,Pair,1.85
873978ac4d52776b,Minute du premier but,30100,1-15,3.82
873978ac4d52776b,Minute du premier but,30100,16-30,2.66
873978ac4d52776b,Minute du premier but,30100,31-45,5.01
873978ac4d52776b,Minute du premier but,30100,46-60,7.97
873978ac4d52776b,Minute du premier but,30100,61-75,15.43
873978ac4d52776b,Minute du premier but,30100,76-90,19.28
873978ac4d52776b,Minute du premier but,30100,Pas de but,24.55
873978ac4d52776b,FTTS,30101,1,2.27
873978ac4d52776b,FTTS,30101,2,1.56
873978ac4d52776b,FTTS,30101,Pas de but,24.55
873978ac4d52776b,Multi-Buts,30102,"Le total de buts est de 0, 1 ou 2",2.81
873978ac4d52776b,Multi-Buts,30102,"Le total de buts est de 1, 2 ou 3",1.67
873978ac4d52776b,Multi-Buts,30102,"Le total de buts est de 2, 3 ou 4",1.35
873978ac4d52776b,Multi-Buts,30102,Le total de buts est supérieur à 4,4.67
873978ac4d52776b,2ème mi-tps - CS,30105,0-0,5.61
873978ac4d52776b,2ème mi-tps - CS,30105,0-1,6.29
873978ac4d52776b,2ème mi-tps - CS,30105,0-2,6.55
873978ac4d52776b,2ème mi-tps - CS,30105,0-3,10.24
873978ac4d52776b,2ème mi-tps - CS,30105,1-0,9.97
873978ac4d52776b,2ème mi-tps - CS,30105,1-1,4.97
873978ac4d52776b,2ème mi-tps - CS,30105,1-2,7.77
873978ac4d52776b,2ème mi-tps - CS,30105,2-0,20.17
873978ac4d52776b,2ème mi-tps - CS,30105,2-1,15.08
873978ac4d52776b,2ème mi-tps - CS,30105,3-0,61.22
1030915c017ed981,1X2,30083,1,3.54
1030915c017ed981,1X2,30083,X,4.18
1030915c017ed981,1X2,30083,2,1.86
1030915c017ed981,Mi-tps 1X2,30084,1,4.18
1030915c017ed981,Mi-tps 1X2,30084,X,2.32
1030915c017ed981,Mi-tps 1X2,30084,2,2.44
1030915c017ed981,Double Chance,30085,1X,1.88
1030915c017ed981,Double Chance,30085,X2,1.26
1030915c017ed981,Double Chance,30085,12,1.2
1030915c017ed981,Mi-tps DC,30086,1X,1.49
1030915c017ed981,Mi-tps DC,30086,X2,1.19
1030915c017ed981,Mi-tps DC,30086,12,1.54
1030915c017ed981,Score exact,30081,0-0,26.2
1030915c017ed981,Score exact,30081,0-1,16.91
1030915c017ed981,Score exact,30081,0-2,14.71
1030915c017ed981,Score exact,30081,0-3,17.29
1030915c017ed981,Score exact,30081,0-4,32.94
1030915c017ed981,Score exact,30081,0-5,77.94
1030915c017ed981,Score exact,30081,0-6,100.0
1030915c017ed981,Score exact,30081,1-0,23.0
1030915c017ed981,Score exact,30081,1-1,9.1
1030915c017ed981,Score exact,30081,1-2,8.13
1030915c017ed981,Score exact,30081,1-3,11.65
1030915c017ed981,Score exact,30081,1-4,22.96
1030915c017ed981,Score exact,30081,1-5,92.88
1030915c017ed981,Score exact,30081,2-0,28.96
1030915c017ed981,Score exact,30081,2-1,11.64
1030915c017ed981,Score exact,30081,2-2,11.03
1030915c017ed981,Score exact,30081,2-3,17.34
1030915c017ed981,Score exact,30081,2-4,61.34
1030915c017ed981,Score exact,30081,3-0,49.73
1030915c017ed981,Score exact,30081,3-1,24.15
1030915c017ed981,Score exact,30081,3-2,25.37
1030915c017ed981,Score exact,30081,3-3,70.28
1030915c017ed981,Score exact,30081,4-0,100.0
1030915c017ed981,Score exact,30081,4-1,70.48
1030915c017ed981,Score exact,30081,4-2,100.0
1030915c017ed981,Score exact,30081,5-0,100.0
1030915c017ed981,Score exact,30081,5-1,100.0
1030915c017ed981,Score exact,30081,6-0,100.0
1030915c017ed981,Mi-tps CS,30082,0-0,3.9
1030915c017ed981,Mi-tps CS,30082,0-1,5.54
1030915c017ed981,Mi-tps CS,30082,0-2,8.49
1030915c017ed981,Mi-tps CS,30082,0-3,19.53
1030915c017ed981,Mi-tps CS,30082,1-0,7.86
1030915c017ed981,Mi-tps CS,30082,1-1,4.96
1030915c017ed981,Mi-tps CS,30082,1-2,11.42
1030915c017ed981,Mi-tps CS,30082,2-0,18.37
1030915c017ed981,Mi-tps CS,30082,2-1,17.4
1030915c017ed981,Mi-tps CS,30082,3-0,64.43
1030915c017ed981,+/-,30087,> 0.5,0.98
1030915c017ed981,+/-,30087,< 0.5,27.69
1030915c017ed981,+/-,30087,> 1.5,1.08
1030915c017ed981,+/-,30087,< 1.5,7.51
1030915c017ed981,+/-,30087,> 2.5,1.38
1030915c017ed981,+/-,30087,< 2.5,2.99
1030915c017ed981,+/-,30087,> 3.5,2.2
1030915c017ed981,+/-,30087,< 3.5,1.65
1030915c017ed981,HT/FT,30089,1/1,6.1
1030915c017ed981,HT/FT,30089,1/X,20.27
1030915c017ed981,HT/FT,30089,1/2,28.75
1030915c017ed981,HT/FT,30089,X/1,8.97
1030915c017ed981,HT/FT,30089,X/X,6.6
1030915c017ed981,HT/FT,30089,X/2,5.46
1030915c017ed981,HT/FT,30089,2/1,43.08
1030915c017ed981,HT/FT,30089,2/X,19.16
1030915c017ed981,HT/FT,30089,2/2,2.85
1030915c017ed981,Total de buts,30090,0,26.2
1030915c017ed981,Total de buts,30090,1,9.75
1030915c017ed981,Total de buts,30090,2,4.71
1030915c017ed981,Total de buts,30090,3,3.49
1030915c017ed981,Total de buts,30090,4,3.91
1030915c017ed981,Total de buts,30090,5,5.89
1030915c017ed981,Total de buts,30090,6,18.29
1030915c017ed981,G/NG,30091,Oui,1.42
1030915c017ed981,G/NG,30091,Non,2.8
1030915c017ed981,Les deux équipes marquent / 1ère mi temps,30092,Oui,3.13
1030915c017ed981,Les deux équipes marquent / 1ère mi temps,30092,Non,1.35
1030915c017ed981,1X2 & Total,30093,1 / > 1.5,3.99
1030915c017ed981,1X2 & Total,30093,X / > 1.5,4.74
1030915c017ed981,1X2 & Total,30093,2 / > 1.5,2.0
1030915c017ed981,1X2 & Total,30093,1 / < 1.5,23.42
1030915c017ed981,1X2 & Total,30093,X / < 1.5,26.68
1030915c017ed981,1X2 & Total,30093,2 / < 1.5,17.22
1030915c017ed981,1X2 & Total,30093,1 / > 2.5,4.62
1030915c017ed981,1X2 & Total,30093,X / > 2.5,9.7
1030915c017ed981,1X2 & Total,30093,2 / > 2.5,2.31
1030915c017ed981,1X2 & Total,30093,1 / < 2.5,13.05
1030915c017ed981,1X2 & Total,30093,X / < 2.5,6.87
1030915c017ed981,1X2 & Total,30093,2 / < 2.5,8.01
1030915c017ed981,1X2 & Total,30093,1 / > 3.5,8.89
1030915c017ed981,1X2 & Total,30093,X / > 3.5,9.7
1030915c017ed981,1X2 & Total,30093,2 / > 3.5,3.91
1030915c017ed981,1X2 & Total,30093,1 / < 3.5,5.53
1030915c017ed981,1X2 & Total,30093,X / < 3.5,6.87
1030915c017ed981,1X2 & Total,30093,2 / < 3.5,3.31
1030915c017ed981,1X2 & G/NG,30094,1 gagne et les deux équipes marquent,5.24
1030915c017ed981,1X2 & G/NG,30094,1 gagne et seulement  1  marque,9.28
1030915c017ed981,1X2 & G/NG,30094,X et les deux équipes marquent,4.65
1030915c017ed981,1X2 & G/NG,30094,X et aucun but,26.2
1030915c017ed981,1X2 & G/NG,30094,2 gagne et les deux équipes marquent,2.97
1030915c017ed981,1X2 & G/NG,30094,2 gagne et seulement 2 marque,4.32
1030915c017ed981,Total equipe domicile,30095,> 0.5,1.24
1030915c017ed981,Total equipe domicile,30095,< 0.5,3.92
1030915c017ed981,Total equipe domicile,30095,> 1.5,2.43
1030915c017ed981,Total equipe domicile,30095,< 1.5,1.54
1030915c017ed981,Total equipe domicile,30095,> 2.5,7.1
1030915c017ed981,Total equipe domicile,30095,< 2.5,1.09
1030915c017ed981,Total equipe domicile,30095,> 3.5,31.37
1030915c017ed981,Total equipe domicile,30095,< 3.5,0.97
1030915c017ed981,Total equipe extérieur,30096,> 0.5,1.08
1030915c017ed981,Total equipe extérieur,30096,< 0.5,7.24
1030915c017ed981,Total equipe extérieur,30096,> 1.5,1.6
1030915c017ed981,Total equipe extérieur,30096,< 1.5,2.3
1030915c017ed981,Total equipe extérieur,30096,> 2.5,3.18
1030915c017ed981,Total equipe extérieur,30096,< 2.5,1.34
1030915c017ed981,Total equipe extérieur,30096,> 3.5,9.03
1030915c017ed981,Total equipe extérieur,30096,< 3.5,1.05
1030915c017ed981,G/NG equipe domicile,30097,Oui,1.24
1030915c017ed981,G/NG equipe domicile,30097,Non,3.92
1030915c017ed981,G/NG equipe extérieur,30098,Oui,1.08
1030915c017ed981,G/NG equipe extérieur,30098,Non,7.24
1030915c017ed981,Pair/Impair,30099,Impair,1.85
1030915c017ed981,Pair/Impair,30099,Pair,1.85
1030915c017ed981,Minute du premier but,30100,1-15,3.71
1030915c017ed981,Minute du premier but,30100,16-30,2.61
1030915c017ed981,Minute du premier but,30100,31-45,5.03
1030915c017ed981,Minute du premier but,30100,46-60,8.28
1030915c017ed981,Minute du premier but,30100,61-75,16.25
1030915c017ed981,Minute du premier but,30100,76-90,20.53
1030915c017ed981,Minute du premier but,30100,Pas de but,26.2
1030915c017ed981,FTTS,30101,1,2.1
1030915c017ed981,FTTS,30101,2,1.65
1030915c017ed981,FTTS,30101,Pas de but,26.2
1030915c017ed981,Multi-Buts,30102,"Le total de buts est de 0, 1 ou 2",2.88
1030915c017ed981,Multi-Buts,30102,"Le total de buts est de 1, 2 ou 3",1.69
1030915c017ed981,Multi-Buts,30102,"Le total de buts est de 2, 3 ou 4",1.35
1030915c017ed981,Multi-Buts,30102,Le total de buts est supérieur à 4,4.54
1030915c017ed981,2ème mi-tps - CS,30105,0-0,5.69
1030915c017ed981,2ème mi-tps - CS,30105,0-1,6.74
1030915c017ed981,2ème mi-tps - CS,30105,0-2,7.84
1030915c017ed981,2ème mi-tps - CS,30105,0-3,13.67
1030915c017ed981,2ème mi-tps - CS,30105,1-0,8.85
1030915c017ed981,2ème mi-tps - CS,30105,1-1,4.65
1030915c017ed981,2ème mi-tps - CS,30105,1-2,8.12
1030915c017ed981,2ème mi-tps - CS,30105,2-0,15.24
1030915c017ed981,2ème mi-tps - CS,30105,2-1,12.02
1030915c017ed981,2ème mi-tps - CS,30105,3-0,39.36
f0fea8011eb7d2fc,1X2,30083,1,2.32
f0fea8011eb7d2fc,1X2,30083,X,3.63
f0fea8011eb7d2fc,1X2,30083,2,2.83
f0fea8011eb7d2fc,Mi-tps 1X2,30084,1,3.14
f0fea8011eb7d2fc,Mi-tps 1X2,30084,X,2.07
f0fea8011eb7d2fc,Mi-tps 1X2,30084,2,3.58
f0fea8011eb7d2fc,Double Chance,30085,1X,1.39
f0fea8011eb7d2fc,Double Chance,30085,X2,1.56
f0fea8011eb7d2fc,Double Chance,30085,12,1.25
f0fea8011eb7d2fc,Mi-tps DC,30086,1X,1.25
f0fea8011eb7d2fc,Mi-tps DC,30086,X2,1.31
f0fea8011eb7d2fc,Mi-tps DC,30086,12,1.67
f0fea8011eb7d2fc,Score exact,30081,0-0,16.27
f0fea8011eb7d2fc,Score exact,30081,0-1,14.72
f0fea8011eb7d2fc,Score exact,30081,0-2,19.2
f0fea8011eb7d2fc,Score exact,30081,0-3,34.17
f0fea8011eb7d2fc,Score exact,30081,0-4,97.44
f0fea8011eb7d2fc,Score exact,30081,0-5,100.0
f0fea8011eb7d2fc,Score exact,30081,0-6,100.0
f0fea8011eb7d2fc,Score exact,30081,1-0,13.25
f0fea8011eb7d2fc,Score exact,30081,1-1,7.33
f0fea8011eb7d2fc,Score exact,30081,1-2,9.7
f0fea8011eb7d2fc,Score exact,30081,1-3,20.84
f0fea8011eb7d2fc,Score exact,30081,1-4,62.9
f0fea8011eb7d2fc,Score exact,30081,1-5,100.0
f0fea8011eb7d2fc,Score exact,30081,2-0,15.32
f0fea8011eb7d2fc,Score exact,30081,2-1,8.64
f0fea8011eb7d2fc,Score exact,30081,2-2,11.97
f0fea8011eb7d2fc,Score exact,30081,2-3,28.48
f0fea8011eb7d2fc,Score exact,30081,2-4,100.0
f0fea8011eb7d2fc,Score exact,30081,3-0,24.12
f0fea8011eb7d2fc,Score exact,30081,3-1,16.49
f0fea8011eb7d2fc,Score exact,30081,3-2,25.25
f0fea8011eb7d2fc,Score exact,30081,3-3,100.0
f0fea8011eb7d2fc,Score exact,30081,4-0,61.42
f0fea8011eb7d2fc,Score exact,30081,4-1,44.09
f0fea8011eb7d2fc,Score exact,30081,4-2,100.0
f0fea8011eb7d2fc,Score exact,30081,5-0,100.0
f0fea8011eb7d2fc,Score exact,30081,5-1,100.0
f0fea8011eb7d2fc,Score exact,30081,6-0,100.0
f0fea8011eb7d2fc,Mi-tps CS,30082,0-0,3.1
f0fea8011eb7d2fc,Mi-tps CS,30082,0-1,6.33
f0fea8011eb7d2fc,Mi-tps CS,30082,0-2,14.99
f0fea8011eb7d2fc,Mi-tps CS,30082,0-3,53.25
f0fea8011eb7d2fc,Mi-tps CS,30082,1-0,5.77
f0fea8011eb7d2fc,Mi-tps CS,30082,1-1,5.23
f0fea8011eb7d2fc,Mi-tps CS,30082,1-2,18.59
f0fea8011eb7d2fc,Mi-tps CS,30082,2-0,12.31
f0fea8011eb7d2fc,Mi-tps CS,30082,2-1,16.74
f0fea8011eb7d2fc,Mi-tps CS,30082,3-0,39.37
f0fea8011eb7d2fc,+/-,30087,> 0.5,1.0
f0fea8011eb7d2fc,+/-,30087,< 0.5,17.2
f0fea8011eb7d2fc,+/-,30087,> 1.5,1.15
f0fea8011eb7d2fc,+/-,30087,< 1.5,5.16
f0fea8011eb7d2fc,+/-,30087,> 2.5,1.6
f0fea8011eb7d2fc,+/-,30087,< 2.5,2.3
f0fea8011eb7d2fc,+/-,30087,> 3.5,2.84
f0fea8011eb7d2fc,+/-,30087,< 3.5,1.41
f0fea8011eb7d2fc,HT/FT,30089,1/1,3.85
f0fea8011eb7d2fc,HT/FT,30089,1/X,20.49
f0fea8011eb7d2fc,HT/FT,30089,1/2,44.43
f0fea8011eb7d2fc,HT/FT,30089,X/1,5.94
f0fea8011eb7d2fc,HT/FT,30089,X/X,5.22
f0fea8011eb7d2fc,HT/FT,30089,X/2,7.14
f0fea8011eb7d2fc,HT/FT,30089,2/1,36.25
f0fea8011eb7d2fc,HT/FT,30089,2/X,19.81
f0fea8011eb7d2fc,HT/FT,30089,2/2,4.73
f0fea8011eb7d2fc,Total de buts,30090,0,16.27
f0fea8011eb7d2fc,Total de buts,30090,1,6.97
f0fea8011eb7d2fc,Total de buts,30090,2,3.94
f0fea8011eb7d2fc,Total de buts,30090,3,3.45
f0fea8011eb7d2fc,Total de buts,30090,4,4.57
f0fea8011eb7d2fc,Total de buts,30090,5,8.26
f0fea8011eb7d2fc,Total de buts,30090,6,31.18
f0fea8011eb7d2fc,G/NG,30091,Oui,1.53
f0fea8011eb7d2fc,G/NG,30091,Non,2.47
f0fea8011eb7d2fc,Les deux équipes marquent / 1ère mi temps,30092,Oui,3.56
f0fea8011eb7d2fc,Les deux équipes marquent / 1ère mi temps,30092,Non,1.28
f0fea8011eb7d2fc,1X2 & Total,30093,1 / > 1.5,2.68
f0fea8011eb7d2fc,1X2 & Total,30093,X / > 1.5,4.44
f0fea8011eb7d2fc,1X2 & Total,30093,2 / > 1.5,3.33
f0fea8011eb7d2fc,1X2 & Total,30093,1 / < 1.5,13.49
f0fea8011eb7d2fc,1X2 & Total,30093,X / < 1.5,16.57
f0fea8011eb7d2fc,1X2 & Total,30093,2 / < 1.5,14.98
f0fea8011eb7d2fc,1X2 & Total,30093,1 / > 2.5,3.24
f0fea8011eb7d2fc,1X2 & Total,30093,X / > 2.5,10.95
f0fea8011eb7d2fc,1X2 & Total,30093,2 / > 2.5,4.01
f0fea8011eb7d2fc,1X2 & Total,30093,1 / < 2.5,7.24
f0fea8011eb7d2fc,1X2 & Total,30093,X / < 2.5,5.15
f0fea8011eb7d2fc,1X2 & Total,30093,2 / < 2.5,8.48
f0fea8011eb7d2fc,1X2 & Total,30093,1 / > 3.5,6.47
f0fea8011eb7d2fc,1X2 & Total,30093,X / > 3.5,10.95
f0fea8011eb7d2fc,1X2 & Total,30093,2 / > 3.5,8.38
f0fea8011eb7d2fc,1X2 & Total,30093,1 / < 3.5,3.42
f0fea8011eb7d2fc,1X2 & Total,30093,X / < 3.5,5.15
f0fea8011eb7d2fc,1X2 & Total,30093,2 / < 3.5,4.03
f0fea8011eb7d2fc,1X2 & G/NG,30094,1 gagne et les deux équipes marquent,3.98
f0fea8011eb7d2fc,1X2 & G/NG,30094,1 gagne et seulement  1  marque,4.89
f0fea8011eb7d2fc,1X2 & G/NG,30094,X et les deux équipes marquent,4.36
f0fea8011eb7d2fc,1X2 & G/NG,30094,X et aucun but,16.27
f0fea8011eb7d2fc,1X2 & G/NG,30094,2 gagne et les deux équipes marquent,4.74
f0fea8011eb7d2fc,1X2 & G/NG,30094,2 gagne et seulement 2 marque,6.14
f0fea8011eb7d2fc,Total equipe domicile,30095,> 0.5,1.18
f0fea8011eb7d2fc,Total equipe domicile,30095,< 0.5,4.71
f0fea8011eb7d2fc,Total equipe domicile,30095,> 1.5,2.05
f0fea8011eb7d2fc,Total equipe domicile,30095,< 1.5,1.74
f0fea8011eb7d2fc,Total equipe domicile,30095,> 2.5,5.07
f0fea8011eb7d2fc,Total equipe domicile,30095,< 2.5,1.16
f0fea8011eb7d2fc,Total equipe domicile,30095,> 3.5,18.48
f0fea8011eb7d2fc,Total equipe domicile,30095,< 3.5,0.99
f0fea8011eb7d2fc,Total equipe extérieur,30096,> 0.5,1.24
f0fea8011eb7d2fc,Total equipe extérieur,30096,< 0.5,3.98
f0fea8011eb7d2fc,Total equipe extérieur,30096,> 1.5,2.37
f0fea8011eb7d2fc,Total equipe extérieur,30096,< 1.5,1.57
f0fea8011eb7d2fc,Total equipe extérieur,30096,> 2.5,6.6
f0fea8011eb7d2fc,Total equipe extérieur,30096,< 2.5,1.1
f0fea8011eb7d2fc,Total equipe extérieur,30096,> 3.5,27.51
f0fea8011eb7d2fc,Total equipe extérieur,30096,< 3.5,0.98
f0fea8011eb7d2fc,G/NG equipe domicile,30097,Oui,1.18
f0fea8011eb7d2fc,G/NG equipe domicile,30097,Non,4.71
f0fea8011eb7d2fc,G/NG equipe extérieur,30098,Oui,1.24
f0fea8011eb7d2fc,G/NG equipe extérieur,30098,Non,3.98
f0fea8011eb7d2fc,Pair/Impair,30099,Impair,1.87
f0fea8011eb7d2fc,Pair/Impair,30099,Pair,1.83
f0fea8011eb7d2fc,Minute du premier but,30100,1-15,4.08
f0fea8011eb7d2fc,Minute du premier but,30100,16-30,2.8
f0fea8011eb7d2fc,Minute du premier but,30100,31-45,5.05
f0fea8011eb7d2fc,Minute du premier but,30100,46-60,7.63
f0fea8011eb7d2fc,Minute du premier but,30100,61-75,14.35
f0fea8011eb7d2fc,Minute du premier but,30100,76-90,17.53
f0fea8011eb7d2fc,Minute du premier but,30100,Pas de but,16.27
f0fea8011eb7d2fc,FTTS,30101,1,1.83
f0fea8011eb7d2fc,FTTS,30101,2,1.96
f0fea8011eb7d2fc,FTTS,30101,Pas de but,16.27
f0fea8011eb7d2fc,Multi-Buts,30102,"Le total de buts est de 0, 1 ou 2",2.22
f0fea8011eb7d2fc,Multi-Buts,30102,"Le total de buts est de 1, 2 ou 3",1.48
f0fea8011eb7d2fc,Multi-Buts,30102,"Le total de buts est de 2, 3 ou 4",1.34
f0fea8011eb7d2fc,Multi-Buts,30102,Le total de buts est supérieur à 4,6.65
f0fea8011eb7d2fc,2ème mi-tps - CS,30105,0-0,4.44
f0fea8011eb7d2fc,2ème mi-tps - CS,30105,0-1,7.21
f0fea8011eb7d2fc,2ème mi-tps - CS,30105,0-2,13.1
f0fea8011eb7d2fc,2ème mi-tps - CS,30105,0-3,35.71
f0fea8011eb7d2fc,2ème mi-tps - CS,30105,1-0,6.43
f0fea8011eb7d2fc,2ème mi-tps - CS,30105,1-1,4.64
f0fea8011eb7d2fc,2ème mi-tps - CS,30105,1-2,12.65
f0fea8011eb7d2fc,2ème mi-tps - CS,30105,2-0,10.12
f0fea8011eb7d2fc,2ème mi-tps - CS,30105,2-1,10.96
f0fea8011eb7d2fc,2ème mi-tps - CS,30105,3-0,23.89
35677ccb7c57efc4,1X2,30083,1,3.74
35677ccb7c57efc4,1X2,30083,X,3.99
35677ccb7c57efc4,1X2,30083,2,1.85
35677ccb7c57efc4,Mi-tps 1X2,30084,1,4.52
35677ccb7c57efc4,Mi-tps 1X2,30084,X,2.16
35677ccb7c57efc4,Mi-tps 1X2,30084,2,2.52
35677ccb7c57efc4,Double Chance,30085,1X,1.89
35677ccb7c57efc4,Double Chance,30085,X2,1.24
35677ccb7c57efc4,Double Chance,30085,12,1.21
35677ccb7c57efc4,Mi-tps DC,30086,1X,1.46
35677ccb7c57efc4,Mi-tps DC,30086,X2,1.16
35677ccb7c57efc4,Mi-tps DC,30086,12,1.62
35677ccb7c57efc4,Score exact,30081,0-0,20.11
35677ccb7c57efc4,Score exact,30081,0-1,13.76
35677ccb7c57efc4,Score exact,30081,0-2,12.82
35677ccb7c57efc4,Score exact,30081,0-3,16.17
35677ccb7c57efc4,Score exact,30081,0-4,33.51
35677ccb7c57efc4,Score exact,30081,0-5,87.0
35677ccb7c57efc4,Score exact,30081,0-6,100.0
35677ccb7c57efc4,Score exact,30081,1-0,19.67
35677ccb7c57efc4,Score exact,30081,1-1,8.22
35677ccb7c57efc4,Score exact,30081,1-2,7.87
35677ccb7c57efc4,Score exact,30081,1-3,12.25
35677ccb7c57efc4,Score exact,30081,1-4,26.33
35677ccb7c57efc4,Score exact,30081,1-5,100.0
35677ccb7c57efc4,Score exact,30081,2-0,27.8
35677ccb7c57efc4,Score exact,30081,2-1,11.82
35677ccb7c57efc4,Score exact,30081,2-2,12.07
35677ccb7c57efc4,Score exact,30081,2-3,20.61
35677ccb7c57efc4,Score exact,30081,2-4,79.78
35677ccb7c57efc4,Score exact,30081,3-0,53.72
35677ccb7c57efc4,Score exact,30081,3-1,27.93
35677ccb7c57efc4,Score exact,30081,3-2,31.6
35677ccb7c57efc4,Score exact,30081,3-3,95.37
35677ccb7c57efc4,Score exact,30081,4-0,100.0
35677ccb7c57efc4,Score exact,30081,4-1,92.92
35677ccb7c57efc4,Score exact,30081,4-2,100.0
35677ccb7c57efc4,Score exact,30081,5-0,100.0
35677ccb7c57efc4,Score exact,30081,5-1,100.0
35677ccb7c57efc4,Score exact,30081,6-0,100.0
35677ccb7c57efc4,Mi-tps CS,30082,0-0,3.29
35677ccb7c57efc4,Mi-tps CS,30082,0-1,5.14
35677ccb7c57efc4,Mi-tps CS,30082,0-2,8.9
35677ccb7c57efc4,Mi-tps CS,30082,0-3,23.15
35677ccb7c57efc4,Mi-tps CS,30082,1-0,7.66
35677ccb7c57efc4,Mi-tps CS,30082,1-1,5.32
35677ccb7c57efc4,Mi-tps CS,30082,1-2,13.83
35677ccb7c57efc4,Mi-tps CS,30082,2-0,21.02
35677ccb7c57efc4,Mi-tps CS,30082,2-1,21.9
35677ccb7c57efc4,Mi-tps CS,30082,3-0,86.53
35677ccb7c57efc4,+/-,30087,> 0.5,0.99
35677ccb7c57efc4,+/-,30087,< 0.5,21.24
35677ccb7c57efc4,+/-,30087,> 1.5,1.12
35677ccb7c57efc4,+/-,30087,< 1.5,6.1
35677ccb7c57efc4,+/-,30087,> 2.5,1.49
35677ccb7c57efc4,+/-,30087,< 2.5,2.58
35677ccb7c57efc4,+/-,30087,> 3.5,2.52
35677ccb7c57efc4,+/-,30087,< 3.5,1.51
35677ccb7c57efc4,HT/FT,30089,1/1,6.69
35677ccb7c57efc4,HT/FT,30089,1/X,21.35
35677ccb7c57efc4,HT/FT,30089,1/2,30.47
35677ccb7c57efc4,HT/FT,30089,X/1,8.88
35677ccb7c57efc4,HT/FT,30089,X/X,5.93
35677ccb7c57efc4,HT/FT,30089,X/2,5.05
35677ccb7c57efc4,HT/FT,30089,2/1,48.98
35677ccb7c57efc4,HT/FT,30089,2/X,20.33
35677ccb7c57efc4,HT/FT,30089,2/2,2.93
35677ccb7c57efc4,Total de buts,30090,0,20.11
35677ccb7c57efc4,Total de buts,30090,1,8.09
35677ccb7c57efc4,Total de buts,30090,2,4.24
35677ccb7c57efc4,Total de buts,30090,3,3.42
35677ccb7c57efc4,Total de buts,30090,4,4.24
35677ccb7c57efc4,Total de buts,30090,5,7.05
35677ccb7c57efc4,Total de buts,30090,6,24.25
35677ccb7c57efc4,G/NG,30091,Oui,1.51
35677ccb7c57efc4,G/NG,30091,Non,2.52
35677ccb7c57efc4,Les deux équipes marquent / 1ère mi temps,30092,Oui,3.55
35677ccb7c57efc4,Les deux équipes marquent / 1ère mi temps,30092,Non,1.29
35677ccb7c57efc4,1X2 & Total,30093,1 / > 1.5,4.39
35677ccb7c57efc4,1X2 & Total,30093,X / > 1.5,4.74
35677ccb7c57efc4,1X2 & Total,30093,2 / > 1.5,2.04
35677ccb7c57efc4,1X2 & Total,30093,1 / < 1.5,20.02
35677ccb7c57efc4,1X2 & Total,30093,X / < 1.5,20.47
35677ccb7c57efc4,1X2 & Total,30093,2 / < 1.5,14.01
35677ccb7c57efc4,1X2 & Total,30093,1 / > 2.5,5.2
35677ccb7c57efc4,1X2 & Total,30093,X / > 2.5,10.91
35677ccb7c57efc4,1X2 & Total,30093,2 / > 2.5,2.41
35677ccb7c57efc4,1X2 & Total,30093,1 / < 2.5,11.73
35677ccb7c57efc4,1X2 & Total,30093,X / < 2.5,5.94
35677ccb7c57efc4,1X2 & Total,30093,2 / < 2.5,6.76
35677ccb7c57efc4,1X2 & Total,30093,1 / > 3.5,11.0
35677ccb7c57efc4,1X2 & Total,30093,X / > 3.5,10.91
35677ccb7c57efc4,1X2 & Total,30093,2 / > 3.5,4.37
35677ccb7c57efc4,1X2 & Total,30093,1 / < 3.5,5.36
35677ccb7c57efc4,1X2 & Total,30093,X / < 3.5,5.94
35677ccb7c57efc4,1X2 & Total,30093,2 / < 3.5,3.0
35677ccb7c57efc4,1X2 & G/NG,30094,1 gagne et les deux équipes marquent,5.9
35677ccb7c57efc4,1X2 & G/NG,30094,1 gagne et seulement  1  marque,8.85
35677ccb7c57efc4,1X2 & G/NG,30094,X et les deux équipes marquent,4.65
35677ccb7c57efc4,1X2 & G/NG,30094,X et aucun but,20.11
35677ccb7c57efc4,1X2 & G/NG,30094,2 gagne et les deux équipes marquent,3.16
35677ccb7c57efc4,1X2 & G/NG,30094,2 gagne et seulement 2 marque,3.9
35677ccb7c57efc4,Total equipe domicile,30095,> 0.5,1.3
35677ccb7c57efc4,Total equipe domicile,30095,< 0.5,3.45
35677ccb7c57efc4,Total equipe domicile,30095,> 1.5,2.74
35677ccb7c57efc4,Total equipe domicile,30095,< 1.5,1.44
35677ccb7c57efc4,Total equipe domicile,30095,> 2.5,8.68
35677ccb7c57efc4,Total equipe domicile,30095,< 2.5,1.06
35677ccb7c57efc4,Total equipe domicile,30095,> 3.5,42.03
35677ccb7c57efc4,Total equipe domicile,30095,< 3.5,0.97
35677ccb7c57efc4,Total equipe extérieur,30096,> 0.5,1.1
35677ccb7c57efc4,Total equipe extérieur,30096,< 0.5,6.49
35677ccb7c57efc4,Total equipe extérieur,30096,> 1.5,1.68
35677ccb7c57efc4,Total equipe extérieur,30096,< 1.5,2.16
35677ccb7c57efc4,Total equipe extérieur,30096,> 2.5,3.46
35677ccb7c57efc4,Total equipe extérieur,30096,< 2.5,1.3
35677ccb7c57efc4,Total equipe extérieur,30096,> 3.5,10.26
35677ccb7c57efc4,Total equipe extérieur,30096,< 3.5,1.04
35677ccb7c57efc4,G/NG equipe domicile,30097,Oui,1.3
35677ccb7c57efc4,G/NG equipe domicile,30097,Non,3.45
35677ccb7c57efc4,G/NG equipe extérieur,30098,Oui,1.1
35677ccb7c57efc4,G/NG equipe extérieur,30098,Non,6.49
35677ccb7c57efc4,Pair/Impair,30099,Impair,1.86
35677ccb7c57efc4,Pair/Impair,30099,Pair,1.84
35677ccb7c57efc4,Minute du premier but,30100,1-15,4.0
35677ccb7c57efc4,Minute du premier but,30100,16-30,2.75
35677ccb7c57efc4,Minute du premier but,30100,31-45,5.02
35677ccb7c57efc4,Minute du premier but,30100,46-60,7.52
35677ccb7c57efc4,Minute du premier but,30100,61-75,14.49
35677ccb7c57efc4,Minute du premier but,30100,76-90,18.03
35677ccb7c57efc4,Minute du premier but,30100,Pas de but,20.11
35677ccb7c57efc4,FTTS,30101,1,2.16
35677ccb7c57efc4,FTTS,30101,2,1.65
35677ccb7c57efc4,FTTS,30101,Pas de but,20.11
35677ccb7c57efc4,Multi-Buts,30102,"Le total de buts est de 0, 1 ou 2",2.49
35677ccb7c57efc4,Multi-Buts,30102,"Le total de buts est de 1, 2 ou 3",1.56
35677ccb7c57efc4,Multi-Buts,30102,"Le total de buts est de 2, 3 ou 4",1.33
35677ccb7c57efc4,Multi-Buts,30102,Le total de buts est supérieur à 4,5.56
35677ccb7c57efc4,2ème mi-tps - CS,30105,0-0,5.18
35677ccb7c57efc4,2ème mi-tps - CS,30105,0-1,6.3
35677ccb7c57efc4,2ème mi-tps - CS,30105,0-2,7.7
35677ccb7c57efc4,2ème mi-tps - CS,30105,0-3,14.11
35677ccb7c57efc4,2ème mi-tps - CS,30105,1-0,8.73
35677ccb7c57efc4,2ème mi-tps - CS,30105,1-1,4.72
35677ccb7c57efc4,2ème mi-tps - CS,30105,1-2,8.65
35677ccb7c57efc4,2ème mi-tps - CS,30105,2-0,16.59
35677ccb7c57efc4,2ème mi-tps - CS,30105,2-1,13.46
35677ccb7c57efc4,2ème mi-tps - CS,30105,3-0,47.29
5b975cd2d2d64c20,1X2,30083,1,8.62
5b975cd2d2d64c20,1X2,30083,X,5.73
5b975cd2d2d64c20,1X2,30083,2,1.3
5b975cd2d2d64c20,Mi-tps 1X2,30084,1,8.07
5b975cd2d2d64c20,Mi-tps 1X2,30084,X,2.55
5b975cd2d2d64c20,Mi-tps 1X2,30084,2,1.77
5b975cd2d2d64c20,Double Chance,30085,1X,3.38
5b975cd2d2d64c20,Double Chance,30085,X2,1.04
5b975cd2d2d64c20,Double Chance,30085,12,1.11
5b975cd2d2d64c20,Mi-tps DC,30086,1X,1.94
5b975cd2d2d64c20,Mi-tps DC,30086,X2,1.05
5b975cd2d2d64c20,Mi-tps DC,30086,12,1.45
5b975cd2d2d64c20,Score exact,30081,0-0,25.3
5b975cd2d2d64c20,Score exact,30081,0-1,14.24
5b975cd2d2d64c20,Score exact,30081,0-2,9.55
5b975cd2d2d64c20,Score exact,30081,0-3,8.5
5b975cd2d2d64c20,Score exact,30081,0-4,12.75
5b975cd2d2d64c20,Score exact,30081,0-5,22.37
5b975cd2d2d64c20,Score exact,30081,0-6,66.95
5b975cd2d2d64c20,Score exact,30081,1-0,34.47
5b975cd2d2d64c20,Score exact,30081,1-1,11.9
5b975cd2d2d64c20,Score exact,30081,1-2,8.38
5b975cd2d2d64c20,Score exact,30081,1-3,9.39
5b975cd2d2d64c20,Score exact,30081,1-4,13.98
5b975cd2d2d64c20,Score exact,30081,1-5,41.86
5b975cd2d2d64c20,Score exact,30081,2-0,69.53
5b975cd2d2d64c20,Score exact,30081,2-1,24.25
5b975cd2d2d64c20,Score exact,30081,2-2,18.55
5b975cd2d2d64c20,Score exact,30081,2-3,22.45
5b975cd2d2d64c20,Score exact,30081,2-4,59.97
5b975cd2d2d64c20,Score exact,30081,3-0,100.0
5b975cd2d2d64c20,Score exact,30081,3-1,80.84
5b975cd2d2d64c20,Score exact,30081,3-2,69.24
5b975cd2d2d64c20,Score exact,30081,3-3,100.0
5b975cd2d2d64c20,Score exact,30081,4-0,100.0
5b975cd2d2d64c20,Score exact,30081,4-1,100.0
5b975cd2d2d64c20,Score exact,30081,4-2,100.0
5b975cd2d2d64c20,Score exact,30081,5-0,100.0
5b975cd2d2d64c20,Score exact,30081,5-1,100.0
5b975cd2d2d64c20,Score exact,30081,6-0,100.0
5b975cd2d2d64c20,Mi-tps CS,30082,0-0,3.79
5b975cd2d2d64c20,Mi-tps CS,30082,0-1,4.52
5b975cd2d2d64c20,Mi-tps CS,30082,0-2,5.34
5b975cd2d2d64c20,Mi-tps CS,30082,0-3,9.46
5b975cd2d2d64c20,Mi-tps CS,30082,1-0,12.28
5b975cd2d2d64c20,Mi-tps CS,30082,1-1,6.52
5b975cd2d2d64c20,Mi-tps CS,30082,1-2,11.54
5b975cd2d2d64c20,Mi-tps CS,30082,2-0,47.99
5b975cd2d2d64c20,Mi-tps CS,30082,2-1,38.18
5b975cd2d2d64c20,Mi-tps CS,30082,3-0,100.0
5b975cd2d2d64c20,+/-,30087,> 0.5,0.98
5b975cd2d2d64c20,+/-,30087,< 0.5,26.74
5b975cd2d2d64c20,+/-,30087,> 1.5,1.08
5b975cd2d2d64c20,+/-,30087,< 1.5,7.62
5b975cd2d2d64c20,+/-,30087,> 2.5,1.36
5b975cd2d2d64c20,+/-,30087,< 2.5,3.09
5b975cd2d2d64c20,+/-,30087,> 3.5,2.14
5b975cd2d2d64c20,+/-,30087,< 3.5,1.69
5b975cd2d2d64c20,HT/FT,30089,1/1,16.47
5b975cd2d2d64c20,HT/FT,30089,1/X,32.17
5b975cd2d2d64c20,HT/FT,30089,1/2,27.22
5b975cd2d2d64c20,HT/FT,30089,X/1,19.21
5b975cd2d2d64c20,HT/FT,30089,X/X,8.43
5b975cd2d2d64c20,HT/FT,30089,X/2,4.24
5b975cd2d2d64c20,HT/FT,30089,2/1,100.0
5b975cd2d2d64c20,HT/FT,30089,2/X,29.0
5b975cd2d2d64c20,HT/FT,30089,2/2,1.85
5b975cd2d2d64c20,Total de buts,30090,0,25.3
5b975cd2d2d64c20,Total de buts,30090,1,10.08
5b975cd2d2d64c20,Total de buts,30090,2,4.92
5b975cd2d2d64c20,Total de buts,30090,3,3.53
5b975cd2d2d64c20,Total de buts,30090,4,3.96
5b975cd2d2d64c20,Total de buts,30090,5,5.62
5b975cd2d2d64c20,Total de buts,30090,6,15.56
5b975cd2d2d64c20,G/NG,30091,Oui,1.76
5b975cd2d2d64c20,G/NG,30091,Non,2.03
5b975cd2d2d64c20,Les deux équipes marquent / 1ère mi temps,30092,Oui,4.07
5b975cd2d2d64c20,Les deux équipes marquent / 1ère mi temps,30092,Non,1.23
5b975cd2d2d64c20,1X2 & Total,30093,1 / > 1.5,10.88
5b975cd2d2d64c20,1X2 & Total,30093,X / > 1.5,7.03
5b975cd2d2d64c20,1X2 & Total,30093,2 / > 1.5,1.37
5b975cd2d2d64c20,1X2 & Total,30093,1 / < 1.5,35.1
5b975cd2d2d64c20,1X2 & Total,30093,X / < 1.5,25.76
5b975cd2d2d64c20,1X2 & Total,30093,2 / < 1.5,14.5
5b975cd2d2d64c20,1X2 & Total,30093,1 / > 2.5,12.85
5b975cd2d2d64c20,1X2 & Total,30093,X / > 2.5,16.78
5b975cd2d2d64c20,1X2 & Total,30093,2 / > 2.5,1.6
5b975cd2d2d64c20,1X2 & Total,30093,1 / < 2.5,23.47
5b975cd2d2d64c20,1X2 & Total,30093,X / < 2.5,8.24
5b975cd2d2d64c20,1X2 & Total,30093,2 / < 2.5,5.82
5b975cd2d2d64c20,1X2 & Total,30093,1 / > 3.5,31.07
5b975cd2d2d64c20,1X2 & Total,30093,X / > 3.5,16.78
5b975cd2d2d64c20,1X2 & Total,30093,2 / > 3.5,2.54
5b975cd2d2d64c20,1X2 & Total,30093,1 / < 3.5,11.34
5b975cd2d2d64c20,1X2 & Total,30093,X / < 3.5,8.24
5b975cd2d2d64c20,1X2 & Total,30093,2 / < 3.5,2.47
5b975cd2d2d64c20,1X2 & G/NG,30094,1 gagne et les deux équipes marquent,13.77
5b975cd2d2d64c20,1X2 & G/NG,30094,1 gagne et seulement  1  marque,20.02
5b975cd2d2d64c20,1X2 & G/NG,30094,X et les deux équipes marquent,6.91
5b975cd2d2d64c20,1X2 & G/NG,30094,X et aucun but,25.3
5b975cd2d2d64c20,1X2 & G/NG,30094,2 gagne et les deux équipes marquent,2.61
5b975cd2d2d64c20,1X2 & G/NG,30094,2 gagne et seulement 2 marque,2.32
5b975cd2d2d64c20,Total equipe domicile,30095,> 0.5,1.63
5b975cd2d2d64c20,Total equipe domicile,30095,< 0.5,2.25
5b975cd2d2d64c20,Total equipe domicile,30095,> 1.5,4.9
5b975cd2d2d64c20,Total equipe domicile,30095,< 1.5,1.17
5b975cd2d2d64c20,Total equipe domicile,30095,> 2.5,23.61
5b975cd2d2d64c20,Total equipe domicile,30095,< 2.5,0.98
5b975cd2d2d64c20,Total equipe domicile,30095,> 3.5,100.0
5b975cd2d2d64c20,Total equipe domicile,30095,< 3.5,0.95
5b975cd2d2d64c20,Total equipe extérieur,30096,> 0.5,1.03
5b975cd2d2d64c20,Total equipe extérieur,30096,< 0.5,11.81
5b975cd2d2d64c20,Total equipe extérieur,30096,> 1.5,1.29
5b975cd2d2d64c20,Total equipe extérieur,30096,< 1.5,3.52
5b975cd2d2d64c20,Total equipe extérieur,30096,> 2.5,2.01
5b975cd2d2d64c20,Total equipe extérieur,30096,< 2.5,1.78
5b975cd2d2d64c20,Total equipe extérieur,30096,> 3.5,4.22
5b975cd2d2d64c20,Total equipe extérieur,30096,< 3.5,1.21
5b975cd2d2d64c20,G/NG equipe domicile,30097,Oui,1.63
5b975cd2d2d64c20,G/NG equipe domicile,30097,Non,2.25
5b975cd2d2d64c20,G/NG equipe extérieur,30098,Oui,1.03
5b975cd2d2d64c20,G/NG equipe extérieur,30098,Non,11.81
5b975cd2d2d64c20,Pair/Impair,30099,Impair,1.85
5b975cd2d2d64c20,Pair/Impair,30099,Pair,1.85
5b975cd2d2d64c20,Minute du premier but,30100,1-15,3.93
5b975cd2d2d64c20,Minute du premier but,30100,16-30,2.71
5b975cd2d2d64c20,Minute du premier but,30100,31-45,4.94
5b975cd2d2d64c20,Minute du premier but,30100,46-60,7.75
5b975cd2d2d64c20,Minute du premier but,30100,61-75,14.5
5b975cd2d2d64c20,Minute du premier but,30100,76-90,17.65
5b975cd2d2d64c20,Minute du premier but,30100,Pas de but,25.3
5b975cd2d2d64c20,FTTS,30101,1,2.84
5b975cd2d2d64c20,FTTS,30101,2,1.37
5b975cd2d2d64c20,FTTS,30101,Pas de but,25.3
5b975cd2d2d64c20,Multi-Buts,30102,"Le total de buts est de 0, 1 ou 2",2.98
5b975cd2d2d64c20,Multi-Buts,30102,"Le total de buts est de 1, 2 ou 3",1.74
5b975cd2d2d64c20,Multi-Buts,30102,"Le total de buts est de 2, 3 ou 4",1.38
5b975cd2d2d64c20,Multi-Buts,30102,Le total de buts est supérieur à 4,4.2
5b975cd2d2d64c20,2ème mi-tps - CS,30105,0-0,5.65
5b975cd2d2d64c20,2ème mi-tps - CS,30105,0-1,6.02
5b975cd2d2d64c20,2ème mi-tps - CS,30105,0-2,4.9
5b975cd2d2d64c20,2ème mi-tps - CS,30105,0-3,5.99
5b975cd2d2d64c20,2ème mi-tps - CS,30105,1-0,13.29
5b975cd2d2d64c20,2ème mi-tps - CS,30105,1-1,6.29
5b975cd2d2d64c20,2ème mi-tps - CS,30105,1-2,7.68
5b975cd2d2d64c20,2ème mi-tps - CS,30105,2-0,36.79
5b975cd2d2d64c20,2ème mi-tps - CS,30105,2-1,26.13
5b975cd2d2d64c20,2ème mi-tps - CS,30105,3-0,100.0
abdb9f32f3f77723,1X2,30083,1,3.25
abdb9f32f3f77723,1X2,30083,X,3.74
abdb9f32f3f77723,1X2,30083,2,2.06
abdb9f32f3f77723,Mi-tps 1X2,30084,1,3.88
abdb9f32f3f77723,Mi-tps 1X2,30084,X,2.08
abdb9f32f3f77723,Mi-tps 1X2,30084,2,2.92
abdb9f32f3f77723,Double Chance,30085,1X,1.71
abdb9f32f3f77723,Double Chance,30085,X2,1.3
abdb9f32f3f77723,Double Chance,30085,12,1.24
abdb9f32f3f77723,Mi-tps DC,30086,1X,1.36
abdb9f32f3f77723,Mi-tps DC,30086,X2,1.22
abdb9f32f3f77723,Mi-tps DC,30086,12,1.67
abdb9f32f3f77723,Score exact,30081,0-0,17.08
abdb9f32f3f77723,Score exact,30081,0-1,12.91
abdb9f32f3f77723,Score exact,30081,0-2,13.59
abdb9f32f3f77723,Score exact,30081,0-3,19.43
abdb9f32f3f77723,Score exact,30081,0-4,45.75
abdb9f32f3f77723,Score exact,30081,0-5,100.0
abdb9f32f3f77723,Score exact,30081,0-6,100.0
abdb9f32f3f77723,Score exact,30081,1-0,16.37
abdb9f32f3f77723,Score exact,30081,1-1,7.57
abdb9f32f3f77723,Score exact,30081,1-2,8.16
abdb9f32f3f77723,Score exact,30081,1-3,14.31
abdb9f32f3f77723,Score exact,30081,1-4,34.99
abdb9f32f3f77723,Score exact,30081,1-5,100.0
abdb9f32f3f77723,Score exact,30081,2-0,22.79
abdb9f32f3f77723,Score exact,30081,2-1,10.67
abdb9f32f3f77723,Score exact,30081,2-2,12.11
abdb9f32f3f77723,Score exact,30081,2-3,23.39
abdb9f32f3f77723,Score exact,30081,2-4,100.0
abdb9f32f3f77723,Score exact,30081,3-0,43.34
abdb9f32f3f77723,Score exact,30081,3-1,24.47
abdb9f32f3f77723,Score exact,30081,3-2,30.83
abdb9f32f3f77723,Score exact,30081,3-3,100.0
abdb9f32f3f77723,Score exact,30081,4-0,100.0
abdb9f32f3f77723,Score exact,30081,4-1,78.97
abdb9f32f3f77723,Score exact,30081,4-2,100.0
abdb9f32f3f77723,Score exact,30081,5-0,100.0
abdb9f32f3f77723,Score exact,30081,5-1,100.0
abdb9f32f3f77723,Score exact,30081,6-0,100.0
abdb9f32f3f77723,Mi-tps CS,30082,0-0,3.11
abdb9f32f3f77723,Mi-tps CS,30082,0-1,5.51
abdb9f32f3f77723,Mi-tps CS,30082,0-2,11.09
abdb9f32f3f77723,Mi-tps CS,30082,0-3,33.49
abdb9f32f3f77723,Mi-tps CS,30082,1-0,6.7
abdb9f32f3f77723,Mi-tps CS,30082,1-1,5.27
abdb9f32f3f77723,Mi-tps CS,30082,1-2,15.92
abdb9f32f3f77723,Mi-tps CS,30082,2-0,16.85
abdb9f32f3f77723,Mi-tps CS,30082,2-1,19.89
abdb9f32f3f77723,Mi-tps CS,30082,3-0,63.57
abdb9f32f3f77723,+/-,30087,> 0.5,1.0
abdb9f32f3f77723,+/-,30087,< 0.5,18.05
abdb9f32f3f77723,+/-,30087,> 1.5,1.14
abdb9f32f3f77723,+/-,30087,< 1.5,5.36
abdb9f32f3f77723,+/-,30087,> 2.5,1.57
abdb9f32f3f77723,+/-,30087,< 2.5,2.37
abdb9f32f3f77723,+/-,30087,> 3.5,2.76
abdb9f32f3f77723,+/-,30087,< 3.5,1.43
abdb9f32f3f77723,HT/FT,30089,1/1,5.45
abdb9f32f3f77723,HT/FT,30089,1/X,19.4
abdb9f32f3f77723,HT/FT,30089,1/2,30.89
abdb9f32f3f77723,HT/FT,30089,X/1,8.19
abdb9f32f3f77723,HT/FT,30089,X/X,5.4
abdb9f32f3f77723,HT/FT,30089,X/2,5.25
abdb9f32f3f77723,HT/FT,30089,2/1,51.77
abdb9f32f3f77723,HT/FT,30089,2/X,21.67
abdb9f32f3f77723,HT/FT,30089,2/2,3.46
abdb9f32f3f77723,Total de buts,30090,0,17.08
abdb9f32f3f77723,Total de buts,30090,1,7.22
abdb9f32f3f77723,Total de buts,30090,2,4.01
abdb9f32f3f77723,Total de buts,30090,3,3.44
abdb9f32f3f77723,Total de buts,30090,4,4.49
abdb9f32f3f77723,Total de buts,30090,5,7.96
abdb9f32f3f77723,Total de buts,30090,6,29.39
abdb9f32f3f77723,G/NG,30091,Oui,1.53
abdb9f32f3f77723,G/NG,30091,Non,2.46
abdb9f32f3f77723,Les deux équipes marquent / 1ère mi temps,30092,Oui,3.58
abdb9f32f3f77723,Les deux équipes marquent / 1ère mi temps,30092,Non,1.28
abdb9f32f3f77723,1X2 & Total,30093,1 / > 1.5,3.86
abdb9f32f3f77723,1X2 & Total,30093,X / > 1.5,4.54
abdb9f32f3f77723,1X2 & Total,30093,2 / > 1.5,2.34
abdb9f32f3f77723,1X2 & Total,30093,1 / < 1.5,16.67
abdb9f32f3f77723,1X2 & Total,30093,X / < 1.5,17.39
abdb9f32f3f77723,1X2 & Total,30093,2 / < 1.5,13.14
abdb9f32f3f77723,1X2 & Total,30093,1 / > 2.5,4.63
abdb9f32f3f77723,1X2 & Total,30093,X / > 2.5,11.06
abdb9f32f3f77723,1X2 & Total,30093,2 / > 2.5,2.82
abdb9f32f3f77723,1X2 & Total,30093,1 / < 2.5,9.7
abdb9f32f3f77723,1X2 & Total,30093,X / < 2.5,5.34
abdb9f32f3f77723,1X2 & Total,30093,2 / < 2.5,6.74
abdb9f32f3f77723,1X2 & Total,30093,1 / > 3.5,9.86
abdb9f32f3f77723,1X2 & Total,30093,X / > 3.5,11.06
abdb9f32f3f77723,1X2 & Total,30093,2 / > 3.5,5.44
abdb9f32f3f77723,1X2 & Total,30093,1 / < 3.5,4.59
abdb9f32f3f77723,1X2 & Total,30093,X / < 3.5,5.34
abdb9f32f3f77723,1X2 & Total,30093,2 / < 3.5,3.13
abdb9f32f3f77723,1X2 & G/NG,30094,1 gagne et les deux équipes marquent,5.34
abdb9f32f3f77723,1X2 & G/NG,30094,1 gagne et seulement  1  marque,7.25
abdb9f32f3f77723,1X2 & G/NG,30094,X et les deux équipes marquent,4.46
abdb9f32f3f77723,1X2 & G/NG,30094,X et aucun but,17.08
abdb9f32f3f77723,1X2 & G/NG,30094,2 gagne et les deux équipes marquent,3.58
abdb9f32f3f77723,1X2 & G/NG,30094,2 gagne et seulement 2 marque,4.29
abdb9f32f3f77723,Total equipe domicile,30095,> 0.5,1.28
abdb9f32f3f77723,Total equipe domicile,30095,< 0.5,3.62
abdb9f32f3f77723,Total equipe domicile,30095,> 1.5,2.59
abdb9f32f3f77723,Total equipe domicile,30095,< 1.5,1.48
abdb9f32f3f77723,Total equipe domicile,30095,> 2.5,7.78
abdb9f32f3f77723,Total equipe domicile,30095,< 2.5,1.07
abdb9f32f3f77723,Total equipe domicile,30095,> 3.5,35.25
abdb9f32f3f77723,Total equipe domicile,30095,< 3.5,0.97
abdb9f32f3f77723,Total equipe extérieur,30096,> 0.5,1.14
abdb9f32f3f77723,Total equipe extérieur,30096,< 0.5,5.38
abdb9f32f3f77723,Total equipe extérieur,30096,> 1.5,1.87
abdb9f32f3f77723,Total equipe extérieur,30096,< 1.5,1.9
abdb9f32f3f77723,Total equipe extérieur,30096,> 2.5,4.26
abdb9f32f3f77723,Total equipe extérieur,30096,< 2.5,1.21
abdb9f32f3f77723,Total equipe extérieur,30096,> 3.5,14.18
abdb9f32f3f77723,Total equipe extérieur,30096,< 3.5,1.01
abdb9f32f3f77723,G/NG equipe domicile,30097,Oui,1.28
abdb9f32f3f77723,G/NG equipe domicile,30097,Non,3.62
abdb9f32f3f77723,G/NG equipe extérieur,30098,Oui,1.14
abdb9f32f3f77723,G/NG equipe extérieur,30098,Non,5.38
abdb9f32f3f77723,Pair/Impair,30099,Impair,1.87
abdb9f32f3f77723,Pair/Impair,30099,Pair,1.84
abdb9f32f3f77723,Minute du premier but,30100,1-15,4.08
abdb9f32f3f77723,Minute du premier but,30100,16-30,2.79
abdb9f32f3f77723,Minute du premier but,30100,31-45,5.04
abdb9f32f3f77723,Minute du premier but,30100,46-60,7.54
abdb9f32f3f77723,Minute du premier but,30100,61-75,14.27
abdb9f32f3f77723,Minute du premier but,30100,76-90,17.51
abdb9f32f3f77723,Minute du premier but,30100,Pas de but,17.08
abdb9f32f3f77723,FTTS,30101,1,2.04
abdb9f32f3f77723,FTTS,30101,2,1.75
abdb9f32f3f77723,FTTS,30101,Pas de but,17.08
abdb9f32f3f77723,Multi-Buts,30102,"Le total de buts est de 0, 1 ou 2",2.28
abdb9f32f3f77723,Multi-Buts,30102,"Le total de buts est de 1, 2 ou 3",1.5
abdb9f32f3f77723,Multi-Buts,30102,"Le total de buts est de 2, 3 ou 4",1.33
abdb9f32f3f77723,Multi-Buts,30102,Le total de buts est supérieur à 4,6.38
abdb9f32f3f77723,2ème mi-tps - CS,30105,0-0,4.65
abdb9f32f3f77723,2ème mi-tps - CS,30105,0-1,6.13
abdb9f32f3f77723,2ème mi-tps - CS,30105,0-2,8.48
abdb9f32f3f77723,2ème mi-tps - CS,30105,0-3,17.61
abdb9f32f3f77723,2ème mi-tps - CS,30105,1-0,8.03
abdb9f32f3f77723,2ème mi-tps - CS,30105,1-1,4.71
abdb9f32f3f77723,2ème mi-tps - CS,30105,1-2,9.77
abdb9f32f3f77723,2ème mi-tps - CS,30105,2-0,15.71
abdb9f32f3f77723,2ème mi-tps - CS,30105,2-1,13.82
abdb9f32f3f77723,2ème mi-tps - CS,30105,3-0,46.11
abbabe53b6b3b243,1X2,30083,1,5.55
abbabe53b6b3b243,1X2,30083,X,4.45
abbabe53b6b3b243,1X2,30083,2,1.53
abbabe53b6b3b243,Mi-tps 1X2,30084,1,5.94
abbabe53b6b3b243,Mi-tps 1X2,30084,X,2.28
abbabe53b6b3b243,Mi-tps 1X2,30084,2,2.12
abbabe53b6b3b243,Double Chance,30085,1X,2.42
abbabe53b6b3b243,Double Chance,30085,X2,1.12
abbabe53b6b3b243,Double Chance,30085,12,1.18
abbabe53b6b3b243,Mi-tps DC,30086,1X,1.65
abbabe53b6b3b243,Mi-tps DC,30086,X2,1.1
abbabe53b6b3b243,Mi-tps DC,30086,12,1.56
abbabe53b6b3b243,Score exact,30081,0-0,19.6
abbabe53b6b3b243,Score exact,30081,0-1,12.24
abbabe53b6b3b243,Score exact,30081,0-2,10.13
abbabe53b6b3b243,Score exact,30081,0-3,11.29
abbabe53b6b3b243,Score exact,30081,0-4,20.57
abbabe53b6b3b243,Score exact,30081,0-5,46.16
abbabe53b6b3b243,Score exact,30081,0-6,100.0
abbabe53b6b3b243,Score exact,30081,1-0,23.66
abbabe53b6b3b243,Score exact,30081,1-1,9.05
abbabe53b6b3b243,Score exact,30081,1-2,7.72
abbabe53b6b3b243,Score exact,30081,1-3,10.55
abbabe53b6b3b243,Score exact,30081,1-4,19.76
abbabe53b6b3b243,Score exact,30081,1-5,75.78
abbabe53b6b3b243,Score exact,30081,2-0,42.13
abbabe53b6b3b243,Score exact,30081,2-1,16.27
abbabe53b6b3b243,Score exact,30081,2-2,14.69
abbabe53b6b3b243,Score exact,30081,2-3,21.97
abbabe53b6b3b243,Score exact,30081,2-4,74.03
abbabe53b6b3b243,Score exact,30081,3-0,100.0
abbabe53b6b3b243,Score exact,30081,3-1,47.72
abbabe53b6b3b243,Score exact,30081,3-2,47.99
abbabe53b6b3b243,Score exact,30081,3-3,100.0
abbabe53b6b3b243,Score exact,30081,4-0,100.0
abbabe53b6b3b243,Score exact,30081,4-1,100.0
abbabe53b6b3b243,Score exact,30081,4-2,100.0
abbabe53b6b3b243,Score exact,30081,5-0,100.0
abbabe53b6b3b243,Score exact,30081,5-1,100.0
abbabe53b6b3b243,Score exact,30081,6-0,100.0
abbabe53b6b3b243,Mi-tps CS,30082,0-0,3.4
abbabe53b6b3b243,Mi-tps CS,30082,0-1,4.68
abbabe53b6b3b243,Mi-tps CS,30082,0-2,6.89
abbabe53b6b3b243,Mi-tps CS,30082,0-3,15.19
abbabe53b6b3b243,Mi-tps CS,30082,1-0,9.43
abbabe53b6b3b243,Mi-tps CS,30082,1-1,5.77
abbabe53b6b3b243,Mi-tps CS,30082,1-2,12.74
abbabe53b6b3b243,Mi-tps CS,30082,2-0,31.26
abbabe53b6b3b243,Mi-tps CS,30082,2-1,28.71
abbabe53b6b3b243,Mi-tps CS,30082,3-0,100.0
abbabe53b6b3b243,+/-,30087,> 0.5,0.99
abbabe53b6b3b243,+/-,30087,< 0.5,20.71
abbabe53b6b3b243,+/-,30087,> 1.5,1.12
abbabe53b6b3b243,+/-,30087,< 1.5,6.04
abbabe53b6b3b243,+/-,30087,> 2.5,1.48
abbabe53b6b3b243,+/-,30087,< 2.5,2.59
abbabe53b6b3b243,+/-,30087,> 3.5,2.5
abbabe53b6b3b243,+/-,30087,< 3.5,1.52
abbabe53b6b3b243,HT/FT,30089,1/1,10.01
abbabe53b6b3b243,HT/FT,30089,1/X,24.86
abbabe53b6b3b243,HT/FT,30089,1/2,28.97
abbabe53b6b3b243,HT/FT,30089,X/1,12.95
abbabe53b6b3b243,HT/FT,30089,X/X,6.42
abbabe53b6b3b243,HT/FT,30089,X/2,4.5
abbabe53b6b3b243,HT/FT,30089,2/1,75.05
abbabe53b6b3b243,HT/FT,30089,2/X,24.09
abbabe53b6b3b243,HT/FT,30089,2/2,2.3
abbabe53b6b3b243,Total de buts,30090,0,19.6
abbabe53b6b3b243,Total de buts,30090,1,8.07
abbabe53b6b3b243,Total de buts,30090,2,4.29
abbabe53b6b3b243,Total de buts,30090,3,3.46
abbabe53b6b3b243,Total de buts,30090,4,4.26
abbabe53b6b3b243,Total de buts,30090,5,6.94
abbabe53b6b3b243,Total de buts,30090,6,22.89
abbabe53b6b3b243,G/NG,30091,Oui,1.64
abbabe53b6b3b243,G/NG,30091,Non,2.23
abbabe53b6b3b243,Les deux équipes marquent / 1ère mi temps,30092,Oui,3.79
abbabe53b6b3b243,Les deux équipes marquent / 1ère mi temps,30092,Non,1.26
abbabe53b6b3b243,1X2 & Total,30093,1 / > 1.5,6.87
abbabe53b6b3b243,1X2 & Total,30093,X / > 1.5,5.46
abbabe53b6b3b243,1X2 & Total,30093,2 / > 1.5,1.67
abbabe53b6b3b243,1X2 & Total,30093,1 / < 1.5,24.09
abbabe53b6b3b243,1X2 & Total,30093,X / < 1.5,19.96
abbabe53b6b3b243,1X2 & Total,30093,2 / < 1.5,12.46
abbabe53b6b3b243,1X2 & Total,30093,1 / > 2.5,8.18
abbabe53b6b3b243,1X2 & Total,30093,X / > 2.5,13.4
abbabe53b6b3b243,1X2 & Total,30093,2 / > 2.5,1.99
abbabe53b6b3b243,1X2 & Total,30093,1 / < 2.5,15.43
abbabe53b6b3b243,1X2 & Total,30093,X / < 2.5,6.3
abbabe53b6b3b243,1X2 & Total,30093,2 / < 2.5,5.64
abbabe53b6b3b243,1X2 & Total,30093,1 / > 3.5,19.12
abbabe53b6b3b243,1X2 & Total,30093,X / > 3.5,13.4
abbabe53b6b3b243,1X2 & Total,30093,2 / > 3.5,3.47
abbabe53b6b3b243,1X2 & Total,30093,1 / < 3.5,7.42
abbabe53b6b3b243,1X2 & Total,30093,X / < 3.5,6.3
abbabe53b6b3b243,1X2 & Total,30093,2 / < 3.5,2.55
abbabe53b6b3b243,1X2 & G/NG,30094,1 gagne et les deux équipes marquent,8.96
abbabe53b6b3b243,1X2 & G/NG,30094,1 gagne et seulement  1  marque,12.7
abbabe53b6b3b243,1X2 & G/NG,30094,X et les deux équipes marquent,5.36
abbabe53b6b3b243,1X2 & G/NG,30094,X et aucun but,19.6
abbabe53b6b3b243,1X2 & G/NG,30094,2 gagne et les deux équipes marquent,2.88
abbabe53b6b3b243,1X2 & G/NG,30094,2 gagne et seulement 2 marque,2.9
abbabe53b6b3b243,Total equipe domicile,30095,> 0.5,1.46
abbabe53b6b3b243,Total equipe domicile,30095,< 0.5,2.67
abbabe53b6b3b243,Total equipe domicile,30095,> 1.5,3.73
abbabe53b6b3b243,Total equipe domicile,30095,< 1.5,1.26
abbabe53b6b3b243,Total equipe domicile,30095,> 2.5,14.91
abbabe53b6b3b243,Total equipe domicile,30095,< 2.5,1.01
abbabe53b6b3b243,Total equipe domicile,30095,> 3.5,92.23
abbabe53b6b3b243,Total equipe domicile,30095,< 3.5,0.95
abbabe53b6b3b243,Total equipe extérieur,30096,> 0.5,1.07
abbabe53b6b3b243,Total equipe extérieur,30096,< 0.5,8.14
abbabe53b6b3b243,Total equipe extérieur,30096,> 1.5,1.49
abbabe53b6b3b243,Total equipe extérieur,30096,< 1.5,2.58
abbabe53b6b3b243,Total equipe extérieur,30096,> 2.5,2.71
abbabe53b6b3b243,Total equipe extérieur,30096,< 2.5,1.45
abbabe53b6b3b243,Total equipe extérieur,30096,> 3.5,6.89
abbabe53b6b3b243,Total equipe extérieur,30096,< 3.5,1.09
abbabe53b6b3b243,G/NG equipe domicile,30097,Oui,1.46
abbabe53b6b3b243,G/NG equipe domicile,30097,Non,2.67
abbabe53b6b3b243,G/NG equipe extérieur,30098,Oui,1.07
abbabe53b6b3b243,G/NG equipe extérieur,30098,Non,8.14
abbabe53b6b3b243,Pair/Impair,30099,Impair,1.86
abbabe53b6b3b243,Pair/Impair,30099,Pair,1.84
abbabe53b6b3b243,Minute du premier but,30100,1-15,4.01
abbabe53b6b3b243,Minute du premier but,30100,16-30,2.75
abbabe53b6b3b243,Minute du premier but,30100,31-45,4.99
abbabe53b6b3b243,Minute du premier but,30100,46-60,7.71
abbabe53b6b3b243,Minute du premier but,30100,61-75,14.44
abbabe53b6b3b243,Minute du premier but,30100,76-90,17.57
abbabe53b6b3b243,Minute du premier but,30100,Pas de but,19.6
abbabe53b6b3b243,FTTS,30101,1,2.47
abbabe53b6b3b243,FTTS,30101,2,1.51
abbabe53b6b3b243,FTTS,30101,Pas de but,19.6
abbabe53b6b3b243,Multi-Buts,30102,"Le total de buts est de 0, 1 ou 2",2.5
abbabe53b6b3b243,Multi-Buts,30102,"Le total de buts est de 1, 2 ou 3",1.58
abbabe53b6b3b243,Multi-Buts,30102,"Le total de buts est de 2, 3 ou 4",1.34
abbabe53b6b3b243,Multi-Buts,30102,Le total de buts est supérieur à 4,5.42
abbabe53b6b3b243,2ème mi-tps - CS,30105,0-0,4.89
abbabe53b6b3b243,2ème mi-tps - CS,30105,0-1,5.58
abbabe53b6b3b243,2ème mi-tps - CS,30105,0-2,6.06
abbabe53b6b3b243,2ème mi-tps - CS,30105,0-3,9.87
abbabe53b6b3b243,2ème mi-tps - CS,30105,1-0,10.43
abbabe53b6b3b243,2ème mi-tps - CS,30105,1-1,5.3
abbabe53b6b3b243,2ème mi-tps - CS,30105,1-2,8.63
abbabe53b6b3b243,2ème mi-tps - CS,30105,2-0,26.0
abbabe53b6b3b243,2ème mi-tps - CS,30105,2-1,19.8
abbabe53b6b3b243,2ème mi-tps - CS,30105,3-0,97.21
197de0dce777e4ad,1X2,30083,1,2.71
197de0dce777e4ad,1X2,30083,X,3.42
197de0dce777e4ad,1X2,30083,2,2.51
197de0dce777e4ad,Mi-tps 1X2,30084,1,3.67
197de0dce777e4ad,Mi-tps 1X2,30084,X,1.98
197de0dce777e4ad,Mi-tps 1X2,30084,2,3.32
197de0dce777e4ad,Double Chance,30085,1X,1.48
197de0dce777e4ad,Double Chance,30085,X2,1.42
197de0dce777e4ad,Double Chance,30085,12,1.28
197de0dce777e4ad,Mi-tps DC,30086,1X,1.28
197de0dce777e4ad,Mi-tps DC,30086,X2,1.24
197de0dce777e4ad,Mi-tps DC,30086,12,1.74
197de0dce777e4ad,Score exact,30081,0-0,12.72
197de0dce777e4ad,Score exact,30081,0-1,11.62
197de0dce777e4ad,Score exact,30081,0-2,15.35
197de0dce777e4ad,Score exact,30081,0-3,27.68
197de0dce777e4ad,Score exact,30081,0-4,79.7
197de0dce777e4ad,Score exact,30081,0-5,100.0
197de0dce777e4ad,Score exact,30081,0-6,100.0
197de0dce777e4ad,Score exact,30081,1-0,12.12
197de0dce777e4ad,Score exact,30081,1-1,6.78
197de0dce777e4ad,Score exact,30081,1-2,9.08
197de0dce777e4ad,Score exact,30081,1-3,19.72
197de0dce777e4ad,Score exact,30081,1-4,60.21
197de0dce777e4ad,Score exact,30081,1-5,100.0
197de0dce777e4ad,Score exact,30081,2-0,16.74
197de0dce777e4ad,Score exact,30081,2-1,9.5
197de0dce777e4ad,Score exact,30081,2-2,13.24
197de0dce777e4ad,Score exact,30081,2-3,31.88
197de0dce777e4ad,Score exact,30081,2-4,100.0
197de0dce777e4ad,Score exact,30081,3-0,31.56
197de0dce777e4ad,Score exact,30081,3-1,21.65
197de0dce777e4ad,Score exact,30081,3-2,33.45
197de0dce777e4ad,Score exact,30081,3-3,100.0
197de0dce777e4ad,Score exact,30081,4-0,95.94
197de0dce777e4ad,Score exact,30081,4-1,69.52
197de0dce777e4ad,Score exact,30081,4-2,100.0
197de0dce777e4ad,Score exact,30081,5-0,100.0
197de0dce777e4ad,Score exact,30081,5-1,100.0
197de0dce777e4ad,Score exact,30081,6-0,100.0
197de0dce777e4ad,Mi-tps CS,30082,0-0,2.79
197de0dce777e4ad,Mi-tps CS,30082,0-1,5.7
197de0dce777e4ad,Mi-tps CS,30082,0-2,13.53
197de0dce777e4ad,Mi-tps CS,30082,0-3,48.19
197de0dce777e4ad,Mi-tps CS,30082,1-0,6.11
197de0dce777e4ad,Mi-tps CS,30082,1-1,5.56
197de0dce777e4ad,Mi-tps CS,30082,1-2,19.8
197de0dce777e4ad,Mi-tps CS,30082,2-0,15.71
197de0dce777e4ad,Mi-tps CS,30082,2-1,21.42
197de0dce777e4ad,Mi-tps CS,30082,3-0,60.57
197de0dce777e4ad,+/-,30087,> 0.5,1.01
197de0dce777e4ad,+/-,30087,< 0.5,13.44
197de0dce777e4ad,+/-,30087,> 1.5,1.21
197de0dce777e4ad,+/-,30087,< 1.5,4.27
197de0dce777e4ad,+/-,30087,> 2.5,1.76
197de0dce777e4ad,+/-,30087,< 2.5,2.03
197de0dce777e4ad,+/-,30087,> 3.5,3.33
197de0dce777e4ad,+/-,30087,< 3.5,1.32
197de0dce777e4ad,HT/FT,30089,1/1,4.66
197de0dce777e4ad,HT/FT,30089,1/X,21.64
197de0dce777e4ad,HT/FT,30089,1/2,45.32
197de0dce777e4ad,HT/FT,30089,X/1,6.52
197de0dce777e4ad,HT/FT,30089,X/X,4.69
197de0dce777e4ad,HT/FT,30089,X/2,6.32
197de0dce777e4ad,HT/FT,30089,2/1,44.13
197de0dce777e4ad,HT/FT,30089,2/X,20.42
197de0dce777e4ad,HT/FT,30089,2/2,4.15
197de0dce777e4ad,Total de buts,30090,0,12.72
197de0dce777e4ad,Total de buts,30090,1,5.93
197de0dce777e4ad,Total de buts,30090,2,3.67
197de0dce777e4ad,Total de buts,30090,3,3.53
197de0dce777e4ad,Total de buts,30090,4,5.12
197de0dce777e4ad,Total de buts,30090,5,10.17
197de0dce777e4ad,Total de buts,30090,6,42.4
197de0dce777e4ad,G/NG,30091,Oui,1.63
197de0dce777e4ad,G/NG,30091,Non,2.25
197de0dce777e4ad,Les deux équipes marquent / 1ère mi temps,30092,Oui,3.92
197de0dce777e4ad,Les deux équipes marquent / 1ère mi temps,30092,Non,1.24
197de0dce777e4ad,1X2 & Total,30093,1 / > 1.5,3.31
197de0dce777e4ad,1X2 & Total,30093,X / > 1.5,4.43
197de0dce777e4ad,1X2 & Total,30093,2 / > 1.5,3.04
197de0dce777e4ad,1X2 & Total,30093,1 / < 1.5,12.35
197de0dce777e4ad,1X2 & Total,30093,X / < 1.5,12.95
197de0dce777e4ad,1X2 & Total,30093,2 / < 1.5,11.83
197de0dce777e4ad,1X2 & Total,30093,1 / > 2.5,4.1
197de0dce777e4ad,1X2 & Total,30093,X / > 2.5,12.34
197de0dce777e4ad,1X2 & Total,30093,2 / > 2.5,3.77
197de0dce777e4ad,1X2 & Total,30093,1 / < 2.5,7.16
197de0dce777e4ad,1X2 & Total,30093,X / < 2.5,4.5
197de0dce777e4ad,1X2 & Total,30093,2 / < 2.5,6.73
197de0dce777e4ad,1X2 & Total,30093,1 / > 3.5,9.15
197de0dce777e4ad,1X2 & Total,30093,X / > 3.5,12.34
197de0dce777e4ad,1X2 & Total,30093,2 / > 3.5,8.25
197de0dce777e4ad,1X2 & Total,30093,1 / < 3.5,3.65
197de0dce777e4ad,1X2 & Total,30093,X / < 3.5,4.5
197de0dce777e4ad,1X2 & Total,30093,2 / < 3.5,3.42
197de0dce777e4ad,1X2 & G/NG,30094,1 gagne et les deux équipes marquent,4.92
197de0dce777e4ad,1X2 & G/NG,30094,1 gagne et seulement  1  marque,5.34
197de0dce777e4ad,1X2 & G/NG,30094,X et les deux équipes marquent,4.35
197de0dce777e4ad,1X2 & G/NG,30094,X et aucun but,12.72
197de0dce777e4ad,1X2 & G/NG,30094,2 gagne et les deux équipes marquent,4.61
197de0dce777e4ad,1X2 & G/NG,30094,2 gagne et seulement 2 marque,4.91
197de0dce777e4ad,Total equipe domicile,30095,> 0.5,1.26
197de0dce777e4ad,Total equipe domicile,30095,< 0.5,3.74
197de0dce777e4ad,Total equipe domicile,30095,> 1.5,2.47
197de0dce777e4ad,Total equipe domicile,30095,< 1.5,1.53
197de0dce777e4ad,Total equipe domicile,30095,> 2.5,7.05
197de0dce777e4ad,Total equipe domicile,30095,< 2.5,1.09
197de0dce777e4ad,Total equipe domicile,30095,> 3.5,30.05
197de0dce777e4ad,Total equipe domicile,30095,< 3.5,0.97
197de0dce777e4ad,Total equipe extérieur,30096,> 0.5,1.24
197de0dce777e4ad,Total equipe extérieur,30096,< 0.5,3.97
197de0dce777e4ad,Total equipe extérieur,30096,> 1.5,2.34
197de0dce777e4ad,Total equipe extérieur,30096,< 1.5,1.58
197de0dce777e4ad,Total equipe extérieur,30096,> 2.5,6.34
197de0dce777e4ad,Total equipe extérieur,30096,< 2.5,1.11
197de0dce777e4ad,Total equipe extérieur,30096,> 3.5,25.53
197de0dce777e4ad,Total equipe extérieur,30096,< 3.5,0.98
197de0dce777e4ad,G/NG equipe domicile,30097,Oui,1.26
197de0dce777e4ad,G/NG equipe domicile,30097,Non,3.74
197de0dce777e4ad,G/NG equipe extérieur,30098,Oui,1.24
197de0dce777e4ad,G/NG equipe extérieur,30098,Non,3.97
197de0dce777e4ad,Pair/Impair,30099,Impair,1.89
197de0dce777e4ad,Pair/Impair,30099,Pair,1.82
197de0dce777e4ad,Minute du premier but,30100,1-15,4.34
197de0dce777e4ad,Minute du premier but,30100,16-30,2.93
197de0dce777e4ad,Minute du premier but,30100,31-45,5.09
197de0dce777e4ad,Minute du premier but,30100,46-60,7.37
197de0dce777e4ad,Minute du premier but,30100,61-75,13.46
197de0dce777e4ad,Minute du premier but,30100,76-90,16.06
197de0dce777e4ad,Minute du premier but,30100,Pas de but,12.72
197de0dce777e4ad,FTTS,30101,1,1.96
197de0dce777e4ad,FTTS,30101,2,1.88
197de0dce777e4ad,FTTS,30101,Pas de but,12.72
197de0dce777e4ad,Multi-Buts,30102,"Le total de buts est de 0, 1 ou 2",1.96
197de0dce777e4ad,Multi-Buts,30102,"Le total de buts est de 1, 2 ou 3",1.41
197de0dce777e4ad,Multi-Buts,30102,"Le total de buts est de 2, 3 ou 4",1.36
197de0dce777e4ad,Multi-Buts,30102,Le total de buts est supérieur à 4,8.35
197de0dce777e4ad,2ème mi-tps - CS,30105,0-0,3.87
197de0dce777e4ad,2ème mi-tps - CS,30105,0-1,6.39
197de0dce777e4ad,2ème mi-tps - CS,30105,0-2,11.85
197de0dce777e4ad,2ème mi-tps - CS,30105,0-3,32.96
197de0dce777e4ad,2ème mi-tps - CS,30105,1-0,6.52
197de0dce777e4ad,2ème mi-tps - CS,30105,1-1,4.78
197de0dce777e4ad,2ème mi-tps - CS,30105,1-2,13.31
197de0dce777e4ad,2ème mi-tps - CS,30105,2-0,12.38
197de0dce777e4ad,2ème mi-tps - CS,30105,2-1,13.64
197de0dce777e4ad,2ème mi-tps - CS,30105,3-0,35.29
fec19352cb379003,1X2,30083,1,4.26
fec19352cb379003,1X2,30083,X,4.22
fec19352cb379003,1X2,30083,2,1.7
fec19352cb379003,Mi-tps 1X2,30084,1,4.85
fec19352cb379003,Mi-tps 1X2,30084,X,2.26
fec19352cb379003,Mi-tps 1X2,30084,2,2.32
fec19352cb379003,Double Chance,30085,1X,2.08
fec19352cb379003,Double Chance,30085,X2,1.19
fec19352cb379003,Double Chance,30085,12,1.19
fec19352cb379003,Mi-tps DC,30086,1X,1.54
fec19352cb379003,Mi-tps DC,30086,X2,1.14
fec19352cb379003,Mi-tps DC,30086,12,1.57
fec19352cb379003,Score exact,30081,0-0,22.19
fec19352cb379003,Score exact,30081,0-1,14.26
fec19352cb379003,Score exact,30081,0-2,12.24
fec19352cb379003,Score exact,30081,0-3,14.17
fec19352cb379003,Score exact,30081,0-4,26.92
fec19352cb379003,Score exact,30081,0-5,63.37
fec19352cb379003,Score exact,30081,0-6,100.0
fec19352cb379003,Score exact,30081,1-0,22.44
fec19352cb379003,Score exact,30081,1-1,8.82
fec19352cb379003,Score exact,30081,1-2,7.8
fec19352cb379003,Score exact,30081,1-3,11.11
fec19352cb379003,Score exact,30081,1-4,21.75
fec19352cb379003,Score exact,30081,1-5,87.43
fec19352cb379003,Score exact,30081,2-0,32.99
fec19352cb379003,Score exact,30081,2-1,13.15
fec19352cb379003,Score exact,30081,2-2,12.36
fec19352cb379003,Score exact,30081,2-3,19.29
fec19352cb379003,Score exact,30081,2-4,67.91
fec19352cb379003,Score exact,30081,3-0,66.3
fec19352cb379003,Score exact,30081,3-1,32.0
fec19352cb379003,Score exact,30081,3-2,33.43
fec19352cb379003,Score exact,30081,3-3,92.03
fec19352cb379003,Score exact,30081,4-0,100.0
fec19352cb379003,Score exact,30081,4-1,100.0
fec19352cb379003,Score exact,30081,4-2,100.0
fec19352cb379003,Score exact,30081,5-0,100.0
fec19352cb379003,Score exact,30081,5-1,100.0
fec19352cb379003,Score exact,30081,6-0,100.0
fec19352cb379003,Mi-tps CS,30082,0-0,3.53
fec19352cb379003,Mi-tps CS,30082,0-1,5.07
fec19352cb379003,Mi-tps CS,30082,0-2,7.91
fec19352cb379003,Mi-tps CS,30082,0-3,18.49
fec19352cb379003,Mi-tps CS,30082,1-0,8.3
fec19352cb379003,Mi-tps CS,30082,1-1,5.31
fec19352cb379003,Mi-tps CS,30082,1-2,12.41
fec19352cb379003,Mi-tps CS,30082,2-0,23.02
fec19352cb379003,Mi-tps CS,30082,2-1,22.08
fec19352cb379003,Mi-tps CS,30082,3-0,95.81
fec19352cb379003,+/-,30087,> 0.5,0.98
fec19352cb379003,+/-,30087,< 0.5,23.45
fec19352cb379003,+/-,30087,> 1.5,1.1
fec19352cb379003,+/-,30087,< 1.5,6.61
fec19352cb379003,+/-,30087,> 2.5,1.44
fec19352cb379003,+/-,30087,< 2.5,2.74
fec19352cb379003,+/-,30087,> 3.5,2.37
fec19352cb379003,+/-,30087,< 3.5,1.57
fec19352cb379003,HT/FT,30089,1/1,7.54
fec19352cb379003,HT/FT,30089,1/X,21.79
fec19352cb379003,HT/FT,30089,1/2,28.23
fec19352cb379003,HT/FT,30089,X/1,10.27
fec19352cb379003,HT/FT,30089,X/X,6.37
fec19352cb379003,HT/FT,30089,X/2,4.87
fec19352cb379003,HT/FT,30089,2/1,54.64
fec19352cb379003,HT/FT,30089,2/X,21.15
fec19352cb379003,HT/FT,30089,2/2,2.63
fec19352cb379003,Total de buts,30090,0,22.19
fec19352cb379003,Total de buts,30090,1,8.72
fec19352cb379003,Total de buts,30090,2,4.44
fec19352cb379003,Total de buts,30090,3,3.45
fec19352cb379003,Total de buts,30090,4,4.1
fec19352cb379003,Total de buts,30090,5,6.51
fec19352cb379003,Total de buts,30090,6,21.17
fec19352cb379003,G/NG,30091,Oui,1.51
fec19352cb379003,G/NG,30091,Non,2.51
fec19352cb379003,Les deux équipes marquent / 1ère mi temps,30092,Oui,3.45
fec19352cb379003,Les deux équipes marquent / 1ère mi temps,30092,Non,1.3
fec19352cb379003,1X2 & Total,30093,1 / > 1.5,5.0
fec19352cb379003,1X2 & Total,30093,X / > 1.5,4.96
fec19352cb379003,1X2 & Total,30093,2 / > 1.5,1.85
fec19352cb379003,1X2 & Total,30093,1 / < 1.5,22.85
fec19352cb379003,1X2 & Total,30093,X / < 1.5,22.6
fec19352cb379003,1X2 & Total,30093,2 / < 1.5,14.52
fec19352cb379003,1X2 & Total,30093,1 / > 2.5,5.87
fec19352cb379003,1X2 & Total,30093,X / > 2.5,11.1
fec19352cb379003,1X2 & Total,30093,2 / > 2.5,2.17
fec19352cb379003,1X2 & Total,30093,1 / < 2.5,13.6
fec19352cb379003,1X2 & Total,30093,X / < 2.5,6.43
fec19352cb379003,1X2 & Total,30093,2 / < 2.5,6.71
fec19352cb379003,1X2 & Total,30093,1 / > 3.5,12.37
fec19352cb379003,1X2 & Total,30093,X / > 3.5,11.1
fec19352cb379003,1X2 & Total,30093,2 / > 3.5,3.76
fec19352cb379003,1X2 & Total,30093,1 / < 3.5,6.13
fec19352cb379003,1X2 & Total,30093,X / < 3.5,6.43
fec19352cb379003,1X2 & Total,30093,2 / < 3.5,2.9
fec19352cb379003,1X2 & G/NG,30094,1 gagne et les deux équipes marquent,6.56
fec19352cb379003,1X2 & G/NG,30094,1 gagne et seulement  1  marque,10.43
fec19352cb379003,1X2 & G/NG,30094,X et les deux équipes marquent,4.87
fec19352cb379003,1X2 & G/NG,30094,X et aucun but,22.19
fec19352cb379003,1X2 & G/NG,30094,2 gagne et les deux équipes marquent,2.92
fec19352cb379003,1X2 & G/NG,30094,2 gagne et seulement 2 marque,3.58
fec19352cb379003,Total equipe domicile,30095,> 0.5,1.33
fec19352cb379003,Total equipe domicile,30095,< 0.5,3.26
fec19352cb379003,Total equipe domicile,30095,> 1.5,2.92
fec19352cb379003,Total equipe domicile,30095,< 1.5,1.39
fec19352cb379003,Total equipe domicile,30095,> 2.5,9.76
fec19352cb379003,Total equipe domicile,30095,< 2.5,1.04
fec19352cb379003,Total equipe domicile,30095,> 3.5,50.01
fec19352cb379003,Total equipe domicile,30095,< 3.5,0.96
fec19352cb379003,Total equipe extérieur,30096,> 0.5,1.08
fec19352cb379003,Total equipe extérieur,30096,< 0.5,7.5
fec19352cb379003,Total equipe extérieur,30096,> 1.5,1.56
fec19352cb379003,Total equipe extérieur,30096,< 1.5,2.39
fec19352cb379003,Total equipe extérieur,30096,> 2.5,3.0
fec19352cb379003,Total equipe extérieur,30096,< 2.5,1.38
fec19352cb379003,Total equipe extérieur,30096,> 3.5,8.19
fec19352cb379003,Total equipe extérieur,30096,< 3.5,1.07
fec19352cb379003,G/NG equipe domicile,30097,Oui,1.33
fec19352cb379003,G/NG equipe domicile,30097,Non,3.26
fec19352cb379003,G/NG equipe extérieur,30098,Oui,1.08
fec19352cb379003,G/NG equipe extérieur,30098,Non,7.5
fec19352cb379003,Pair/Impair,30099,Impair,1.86
fec19352cb379003,Pair/Impair,30099,Pair,1.85
fec19352cb379003,Minute du premier but,30100,1-15,3.89
fec19352cb379003,Minute du premier but,30100,16-30,2.7
fec19352cb379003,Minute du premier but,30100,31-45,5.01
fec19352cb379003,Minute du premier but,30100,46-60,7.82
fec19352cb379003,Minute du premier but,30100,61-75,15.06
fec19352cb379003,Minute du premier but,30100,76-90,18.73
fec19352cb379003,Minute du premier but,30100,Pas de but,22.19
fec19352cb379003,FTTS,30101,1,2.24
fec19352cb379003,FTTS,30101,2,1.59
fec19352cb379003,FTTS,30101,Pas de but,22.19
fec19352cb379003,Multi-Buts,30102,"Le total de buts est de 0, 1 ou 2",2.64
fec19352cb379003,Multi-Buts,30102,"Le total de buts est de 1, 2 ou 3",1.62
fec19352cb379003,Multi-Buts,30102,"Le total de buts est de 2, 3 ou 4",1.34
fec19352cb379003,Multi-Buts,30102,Le total de buts est supérieur à 4,5.07
fec19352cb379003,2ème mi-tps - CS,30105,0-0,5.33
fec19352cb379003,2ème mi-tps - CS,30105,0-1,6.19
fec19352cb379003,2ème mi-tps - CS,30105,0-2,6.94
fec19352cb379003,2ème mi-tps - CS,30105,0-3,11.67
fec19352cb379003,2ème mi-tps - CS,30105,1-0,9.45
fec19352cb379003,2ème mi-tps - CS,30105,1-1,4.87
fec19352cb379003,2ème mi-tps - CS,30105,1-2,8.2
fec19352cb379003,2ème mi-tps - CS,30105,2-0,19.04
fec19352cb379003,2ème mi-tps - CS,30105,2-1,14.73
fec19352cb379003,2ème mi-tps - CS,30105,3-0,57.57
5811b7eefde6cfc9,1X2,30083,1,1.77
5811b7eefde6cfc9,1X2,30083,X,3.49
5811b7eefde6cfc9,1X2,30083,2,4.81
5811b7eefde6cfc9,Mi-tps 1X2,30084,1,2.67
5811b7eefde6cfc9,Mi-tps 1X2,30084,X,1.88
5811b7eefde6cfc9,Mi-tps 1X2,30084,2,5.76
5811b7eefde6cfc9,Double Chance,30085,1X,1.15
5811b7eefde6cfc9,Double Chance,30085,X2,1.99
5811b7eefde6cfc9,Double Chance,30085,12,1.27
5811b7eefde6cfc9,Mi-tps DC,30086,1X,1.1
5811b7eefde6cfc9,Mi-tps DC,30086,X2,1.42
5811b7eefde6cfc9,Mi-tps DC,30086,12,1.83
5811b7eefde6cfc9,Score exact,30081,0-0,9.83
5811b7eefde6cfc9,Score exact,30081,0-1,14.24
5811b7eefde6cfc9,Score exact,30081,0-2,30.71
5811b7eefde6cfc9,Score exact,30081,0-3,90.86
5811b7eefde6cfc9,Score exact,30081,0-4,100.0
5811b7eefde6cfc9,Score exact,30081,0-5,100.0
5811b7eefde6cfc9,Score exact,30081,0-6,100.0
5811b7eefde6cfc9,Score exact,30081,1-0,7.91
5811b7eefde6cfc9,Score exact,30081,1-1,6.99
5811b7eefde6cfc9,Score exact,30081,1-2,15.23
5811b7eefde6cfc9,Score exact,30081,1-3,54.5
5811b7eefde6cfc9,Score exact,30081,1-4,100.0
5811b7eefde6cfc9,Score exact,30081,1-5,100.0
5811b7eefde6cfc9,Score exact,30081,2-0,8.96
5811b7eefde6cfc9,Score exact,30081,2-1,8.11
5811b7eefde6cfc9,Score exact,30081,2-2,18.51
5811b7eefde6cfc9,Score exact,30081,2-3,73.7
5811b7eefde6cfc9,Score exact,30081,2-4,100.0
5811b7eefde6cfc9,Score exact,30081,3-0,13.82
5811b7eefde6cfc9,Score exact,30081,3-1,15.37
5811b7eefde6cfc9,Score exact,30081,3-2,38.65
5811b7eefde6cfc9,Score exact,30081,3-3,100.0
5811b7eefde6cfc9,Score exact,30081,4-0,35.05
5811b7eefde6cfc9,Score exact,30081,4-1,40.72
5811b7eefde6cfc9,Score exact,30081,4-2,100.0
5811b7eefde6cfc9,Score exact,30081,5-0,100.0
5811b7eefde6cfc9,Score exact,30081,5-1,100.0
5811b7eefde6cfc9,Score exact,30081,6-0,100.0
5811b7eefde6cfc9,Mi-tps CS,30082,0-0,2.39
5811b7eefde6cfc9,Mi-tps CS,30082,0-1,8.02
5811b7eefde6cfc9,Mi-tps CS,30082,0-2,32.51
5811b7eefde6cfc9,Mi-tps CS,30082,0-3,100.0
5811b7eefde6cfc9,Mi-tps CS,30082,1-0,4.53
5811b7eefde6cfc9,Mi-tps CS,30082,1-1,6.76
5811b7eefde6cfc9,Mi-tps CS,30082,1-2,41.08
5811b7eefde6cfc9,Mi-tps CS,30082,2-0,9.86
5811b7eefde6cfc9,Mi-tps CS,30082,2-1,22.08
5811b7eefde6cfc9,Mi-tps CS,30082,3-0,32.23
5811b7eefde6cfc9,+/-,30087,> 0.5,1.04
5811b7eefde6cfc9,+/-,30087,< 0.5,10.39
5811b7eefde6cfc9,+/-,30087,> 1.5,1.29
5811b7eefde6cfc9,+/-,30087,< 1.5,3.54
5811b7eefde6cfc9,+/-,30087,> 2.5,1.98
5811b7eefde6cfc9,+/-,30087,< 2.5,1.8
5811b7eefde6cfc9,+/-,30087,> 3.5,4.03
5811b7eefde6cfc9,+/-,30087,< 3.5,1.23
5811b7eefde6cfc9,HT/FT,30089,1/1,2.95
5811b7eefde6cfc9,HT/FT,30089,1/X,26.45
5811b7eefde6cfc9,HT/FT,30089,1/2,91.31
5811b7eefde6cfc9,HT/FT,30089,X/1,4.31
5811b7eefde6cfc9,HT/FT,30089,X/X,4.45
5811b7eefde6cfc9,HT/FT,30089,X/2,10.52
5811b7eefde6cfc9,HT/FT,30089,2/1,37.68
5811b7eefde6cfc9,HT/FT,30089,2/X,25.06
5811b7eefde6cfc9,HT/FT,30089,2/2,8.81
5811b7eefde6cfc9,Total de buts,30090,0,9.83
5811b7eefde6cfc9,Total de buts,30090,1,5.08
5811b7eefde6cfc9,Total de buts,30090,2,3.48
5811b7eefde6cfc9,Total de buts,30090,3,3.67
5811b7eefde6cfc9,Total de buts,30090,4,5.94
5811b7eefde6cfc9,Total de buts,30090,5,13.02
5811b7eefde6cfc9,Total de buts,30090,6,58.91
5811b7eefde6cfc9,G/NG,30091,Oui,1.91
5811b7eefde6cfc9,G/NG,30091,Non,1.86
5811b7eefde6cfc9,Les deux équipes marquent / 1ère mi temps,30092,Oui,4.98
5811b7eefde6cfc9,Les deux équipes marquent / 1ère mi temps,30092,Non,1.16
5811b7eefde6cfc9,1X2 & Total,30093,1 / > 1.5,2.16
5811b7eefde6cfc9,1X2 & Total,30093,X / > 1.5,5.07
5811b7eefde6cfc9,1X2 & Total,30093,2 / > 1.5,6.82
5811b7eefde6cfc9,1X2 & Total,30093,1 / < 1.5,8.05
5811b7eefde6cfc9,1X2 & Total,30093,X / < 1.5,10.01
5811b7eefde6cfc9,1X2 & Total,30093,2 / < 1.5,14.5
5811b7eefde6cfc9,1X2 & Total,30093,1 / > 2.5,2.83
5811b7eefde6cfc9,1X2 & Total,30093,X / > 2.5,17.65
5811b7eefde6cfc9,1X2 & Total,30093,2 / > 2.5,8.72
5811b7eefde6cfc9,1X2 & Total,30093,1 / < 2.5,4.28
5811b7eefde6cfc9,1X2 & Total,30093,X / < 2.5,4.16
5811b7eefde6cfc9,1X2 & Total,30093,2 / < 2.5,9.91
5811b7eefde6cfc9,1X2 & Total,30093,1 / > 3.5,6.2
5811b7eefde6cfc9,1X2 & Total,30093,X / > 3.5,17.65
5811b7eefde6cfc9,1X2 & Total,30093,2 / > 3.5,25.4
5811b7eefde6cfc9,1X2 & Total,30093,1 / < 3.5,2.35
5811b7eefde6cfc9,1X2 & Total,30093,X / < 3.5,4.16
5811b7eefde6cfc9,1X2 & Total,30093,2 / < 3.5,5.67
5811b7eefde6cfc9,1X2 & G/NG,30094,1 gagne et les deux équipes marquent,4.02
5811b7eefde6cfc9,1X2 & G/NG,30094,1 gagne et seulement  1  marque,2.86
5811b7eefde6cfc9,1X2 & G/NG,30094,X et les deux équipes marquent,4.98
5811b7eefde6cfc9,1X2 & G/NG,30094,X et aucun but,9.83
5811b7eefde6cfc9,1X2 & G/NG,30094,2 gagne et les deux équipes marquent,9.71
5811b7eefde6cfc9,1X2 & G/NG,30094,2 gagne et seulement 2 marque,8.58
5811b7eefde6cfc9,Total equipe domicile,30095,> 0.5,1.17
5811b7eefde6cfc9,Total equipe domicile,30095,< 0.5,4.84
5811b7eefde6cfc9,Total equipe domicile,30095,> 1.5,1.94
5811b7eefde6cfc9,Total equipe domicile,30095,< 1.5,1.84
5811b7eefde6cfc9,Total equipe domicile,30095,> 2.5,4.4
5811b7eefde6cfc9,Total equipe domicile,30095,< 2.5,1.2
5811b7eefde6cfc9,Total equipe domicile,30095,> 3.5,14.4
5811b7eefde6cfc9,Total equipe domicile,30095,< 3.5,1.01
5811b7eefde6cfc9,Total equipe extérieur,30096,> 0.5,1.58
5811b7eefde6cfc9,Total equipe extérieur,30096,< 0.5,2.34
5811b7eefde6cfc9,Total equipe extérieur,30096,> 1.5,4.43
5811b7eefde6cfc9,Total equipe extérieur,30096,< 1.5,1.2
5811b7eefde6cfc9,Total equipe extérieur,30096,> 2.5,19.29
5811b7eefde6cfc9,Total equipe extérieur,30096,< 2.5,0.99
5811b7eefde6cfc9,Total equipe extérieur,30096,> 3.5,100.0
5811b7eefde6cfc9,Total equipe extérieur,30096,< 3.5,0.95
5811b7eefde6cfc9,G/NG equipe domicile,30097,Oui,1.17
5811b7eefde6cfc9,G/NG equipe domicile,30097,Non,4.84
5811b7eefde6cfc9,G/NG equipe extérieur,30098,Oui,1.58
5811b7eefde6cfc9,G/NG equipe extérieur,30098,Non,2.34
5811b7eefde6cfc9,Pair/Impair,30099,Impair,1.9
5811b7eefde6cfc9,Pair/Impair,30099,Pair,1.81
5811b7eefde6cfc9,Minute du premier but,30100,1-15,4.85
5811b7eefde6cfc9,Minute du premier but,30100,16-30,3.18
5811b7eefde6cfc9,Minute du premier but,30100,31-45,5.18
5811b7eefde6cfc9,Minute du premier but,30100,46-60,6.75
5811b7eefde6cfc9,Minute du premier but,30100,61-75,11.87
5811b7eefde6cfc9,Minute du premier but,30100,76-90,13.72
5811b7eefde6cfc9,Minute du premier but,30100,Pas de but,9.83
5811b7eefde6cfc9,FTTS,30101,1,1.63
5811b7eefde6cfc9,FTTS,30101,2,2.47
5811b7eefde6cfc9,FTTS,30101,Pas de but,9.83
5811b7eefde6cfc9,Multi-Buts,30102,"Le total de buts est de 0, 1 ou 2",1.74
5811b7eefde6cfc9,Multi-Buts,30102,"Le total de buts est de 1, 2 ou 3",1.35
5811b7eefde6cfc9,Multi-Buts,30102,"Le total de buts est de 2, 3 ou 4",1.4
5811b7eefde6cfc9,Multi-Buts,30102,Le total de buts est supérieur à 4,10.86
5811b7eefde6cfc9,2ème mi-tps - CS,30105,0-0,3.48
5811b7eefde6cfc9,2ème mi-tps - CS,30105,0-1,8.88
5811b7eefde6cfc9,2ème mi-tps - CS,30105,0-2,26.85
5811b7eefde6cfc9,2ème mi-tps - CS,30105,0-3,100.0
5811b7eefde6cfc9,2ème mi-tps - CS,30105,1-0,4.87
5811b7eefde6cfc9,2ème mi-tps - CS,30105,1-1,5.52
5811b7eefde6cfc9,2ème mi-tps - CS,30105,1-2,25.01
5811b7eefde6cfc9,2ème mi-tps - CS,30105,2-0,7.3
5811b7eefde6cfc9,2ème mi-tps - CS,30105,2-1,12.41
5811b7eefde6cfc9,2ème mi-tps - CS,30105,3-0,16.44
92a66c6677ad2d47,1X2,30083,1,6.07
92a66c6677ad2d47,1X2,30083,X,4.56
92a66c6677ad2d47,1X2,30083,2,1.48
92a66c6677ad2d47,Mi-tps 1X2,30084,1,6.57
92a66c6677ad2d47,Mi-tps 1X2,30084,X,2.27
92a66c6677ad2d47,Mi-tps 1X2,30084,2,2.05
92a66c6677ad2d47,Double Chance,30085,1X,2.56
92a66c6677ad2d47,Double Chance,30085,X2,1.1
92a66c6677ad2d47,Double Chance,30085,12,1.17
92a66c6677ad2d47,Mi-tps DC,30086,1X,1.69
92a66c6677ad2d47,Mi-tps DC,30086,X2,1.08
92a66c6677ad2d47,Mi-tps DC,30086,12,1.56
92a66c6677ad2d47,Score exact,30081,0-0,19.06
92a66c6677ad2d47,Score exact,30081,0-1,11.79
92a66c6677ad2d47,Score exact,30081,0-2,9.59
92a66c6677ad2d47,Score exact,30081,0-3,10.49
92a66c6677ad2d47,Score exact,30081,0-4,18.87
92a66c6677ad2d47,Score exact,30081,0-5,41.71
92a66c6677ad2d47,Score exact,30081,0-6,100.0
92a66c6677ad2d47,Score exact,30081,1-0,24.32
92a66c6677ad2d47,Score exact,30081,1-1,9.2
92a66c6677ad2d47,Score exact,30081,1-2,7.73
92a66c6677ad2d47,Score exact,30081,1-3,10.46
92a66c6677ad2d47,Score exact,30081,1-4,19.32
92a66c6677ad2d47,Score exact,30081,1-5,72.92
92a66c6677ad2d47,Score exact,30081,2-0,45.76
92a66c6677ad2d47,Score exact,30081,2-1,17.54
92a66c6677ad2d47,Score exact,30081,2-2,15.72
92a66c6677ad2d47,Score exact,30081,2-3,23.22
92a66c6677ad2d47,Score exact,30081,2-4,77.2
92a66c6677ad2d47,Score exact,30081,3-0,100.0
92a66c6677ad2d47,Score exact,30081,3-1,54.94
92a66c6677ad2d47,Score exact,30081,3-2,54.82
92a66c6677ad2d47,Score exact,30081,3-3,100.0
92a66c6677ad2d47,Score exact,30081,4-0,100.0
92a66c6677ad2d47,Score exact,30081,4-1,100.0
92a66c6677ad2d47,Score exact,30081,4-2,100.0
92a66c6677ad2d47,Score exact,30081,5-0,100.0
92a66c6677ad2d47,Score exact,30081,5-1,100.0
92a66c6677ad2d47,Score exact,30081,6-0,100.0
92a66c6677ad2d47,Mi-tps CS,30082,0-0,3.28
92a66c6677ad2d47,Mi-tps CS,30082,0-1,4.49
92a66c6677ad2d47,Mi-tps CS,30082,0-2,6.57
92a66c6677ad2d47,Mi-tps CS,30082,0-3,14.42
92a66c6677ad2d47,Mi-tps CS,30082,1-0,10.0
92a66c6677ad2d47,Mi-tps CS,30082,1-1,6.1
92a66c6677ad2d47,Mi-tps CS,30082,1-2,13.38
92a66c6677ad2d47,Mi-tps CS,30082,2-0,36.7
92a66c6677ad2d47,Mi-tps CS,30082,2-1,33.56
92a66c6677ad2d47,Mi-tps CS,30082,3-0,100.0
92a66c6677ad2d47,+/-,30087,> 0.5,0.99
92a66c6677ad2d47,+/-,30087,< 0.5,20.14
92a66c6677ad2d47,+/-,30087,> 1.5,1.12
92a66c6677ad2d47,+/-,30087,< 1.5,5.92
92a66c6677ad2d47,+/-,30087,> 2.5,1.49
92a66c6677ad2d47,+/-,30087,< 2.5,2.56
92a66c6677ad2d47,+/-,30087,> 3.5,2.54
92a66c6677ad2d47,+/-,30087,< 3.5,1.5
92a66c6677ad2d47,HT/FT,30089,1/1,11.42
92a66c6677ad2d47,HT/FT,30089,1/X,27.0
92a66c6677ad2d47,HT/FT,30089,1/2,30.15
92a66c6677ad2d47,HT/FT,30089,X/1,13.52
92a66c6677ad2d47,HT/FT,30089,X/X,6.49
92a66c6677ad2d47,HT/FT,30089,X/2,4.37
92a66c6677ad2d47,HT/FT,30089,2/1,79.03
92a66c6677ad2d47,HT/FT,30089,2/X,24.63
92a66c6677ad2d47,HT/FT,30089,2/2,2.21
92a66c6677ad2d47,Total de buts,30090,0,19.06
92a66c6677ad2d47,Total de buts,30090,1,7.94
92a66c6677ad2d47,Total de buts,30090,2,4.26
92a66c6677ad2d47,Total de buts,30090,3,3.45
92a66c6677ad2d47,Total de buts,30090,4,4.3
92a66c6677ad2d47,Total de buts,30090,5,7.07
92a66c6677ad2d47,Total de buts,30090,6,23.37
92a66c6677ad2d47,G/NG,30091,Oui,1.69
92a66c6677ad2d47,G/NG,30091,Non,2.14
92a66c6677ad2d47,Les deux équipes marquent / 1ère mi temps,30092,Oui,4.04
92a66c6677ad2d47,Les deux équipes marquent / 1ère mi temps,30092,Non,1.23
92a66c6677ad2d47,1X2 & Total,30093,1 / > 1.5,7.65
92a66c6677ad2d47,1X2 & Total,30093,X / > 1.5,5.68
92a66c6677ad2d47,1X2 & Total,30093,2 / > 1.5,1.62
92a66c6677ad2d47,1X2 & Total,30093,1 / < 1.5,24.76
92a66c6677ad2d47,1X2 & Total,30093,X / < 1.5,19.41
92a66c6677ad2d47,1X2 & Total,30093,2 / < 1.5,12.01
92a66c6677ad2d47,1X2 & Total,30093,1 / > 2.5,9.16
92a66c6677ad2d47,1X2 & Total,30093,X / > 2.5,14.42
92a66c6677ad2d47,1X2 & Total,30093,2 / > 2.5,1.94
92a66c6677ad2d47,1X2 & Total,30093,1 / < 2.5,16.17
92a66c6677ad2d47,1X2 & Total,30093,X / < 2.5,6.32
92a66c6677ad2d47,1X2 & Total,30093,2 / < 2.5,5.38
92a66c6677ad2d47,1X2 & Total,30093,1 / > 3.5,22.28
92a66c6677ad2d47,1X2 & Total,30093,X / > 3.5,14.42
92a66c6677ad2d47,1X2 & Total,30093,2 / > 3.5,3.39
92a66c6677ad2d47,1X2 & Total,30093,1 / < 3.5,7.93
92a66c6677ad2d47,1X2 & Total,30093,X / < 3.5,6.32
92a66c6677ad2d47,1X2 & Total,30093,2 / < 3.5,2.46
92a66c6677ad2d47,1X2 & G/NG,30094,1 gagne et les deux équipes marquent,9.97
92a66c6677ad2d47,1X2 & G/NG,30094,1 gagne et seulement  1  marque,13.54
92a66c6677ad2d47,1X2 & G/NG,30094,X et les deux équipes marquent,5.58
92a66c6677ad2d47,1X2 & G/NG,30094,X et aucun but,19.06
92a66c6677ad2d47,1X2 & G/NG,30094,2 gagne et les deux équipes marquent,2.89
92a66c6677ad2d47,1X2 & G/NG,30094,2 gagne et seulement 2 marque,2.72
92a66c6677ad2d47,Total equipe domicile,30095,> 0.5,1.51
92a66c6677ad2d47,Total equipe domicile,30095,< 0.5,2.51
92a66c6677ad2d47,Total equipe domicile,30095,> 1.5,4.07
92a66c6677ad2d47,Total equipe domicile,30095,< 1.5,1.23
92a66c6677ad2d47,Total equipe domicile,30095,> 2.5,17.28
92a66c6677ad2d47,Total equipe domicile,30095,< 2.5,1.0
92a66c6677ad2d47,Total equipe domicile,30095,> 3.5,100.0
92a66c6677ad2d47,Total equipe domicile,30095,< 3.5,0.95
92a66c6677ad2d47,Total equipe extérieur,30096,> 0.5,1.06
92a66c6677ad2d47,Total equipe extérieur,30096,< 0.5,8.36
92a66c6677ad2d47,Total equipe extérieur,30096,> 1.5,1.47
92a66c6677ad2d47,Total equipe extérieur,30096,< 1.5,2.64
92a66c6677ad2d47,Total equipe extérieur,30096,> 2.5,2.62
92a66c6677ad2d47,Total equipe extérieur,30096,< 2.5,1.47
92a66c6677ad2d47,Total equipe extérieur,30096,> 3.5,6.53
92a66c6677ad2d47,Total equipe extérieur,30096,< 3.5,1.1
92a66c6677ad2d47,G/NG equipe domicile,30097,Oui,1.51
92a66c6677ad2d47,G/NG equipe domicile,30097,Non,2.51
92a66c6677ad2d47,G/NG equipe extérieur,30098,Oui,1.06
92a66c6677ad2d47,G/NG equipe extérieur,30098,Non,8.36
92a66c6677ad2d47,Pair/Impair,30099,Impair,1.86
92a66c6677ad2d47,Pair/Impair,30099,Pair,1.84
92a66c6677ad2d47,Minute du premier but,30100,1-15,4.1
92a66c6677ad2d47,Minute du premier but,30100,16-30,2.8
92a66c6677ad2d47,Minute du premier but,30100,31-45,4.99
92a66c6677ad2d47,Minute du premier but,30100,46-60,7.42
92a66c6677ad2d47,Minute du premier but,30100,61-75,13.87
92a66c6677ad2d47,Minute du premier but,30100,76-90,16.86
92a66c6677ad2d47,Minute du premier but,30100,Pas de but,19.06
92a66c6677ad2d47,FTTS,30101,1,2.57
92a66c6677ad2d47,FTTS,30101,2,1.47
92a66c6677ad2d47,FTTS,30101,Pas de but,19.06
92a66c6677ad2d47,Multi-Buts,30102,"Le total de buts est de 0, 1 ou 2",2.46
92a66c6677ad2d47,Multi-Buts,30102,"Le total de buts est de 1, 2 ou 3",1.56
92a66c6677ad2d47,Multi-Buts,30102,"Le total de buts est de 2, 3 ou 4",1.34
92a66c6677ad2d47,Multi-Buts,30102,Le total de buts est supérieur à 4,5.52
92a66c6677ad2d47,2ème mi-tps - CS,30105,0-0,4.93
92a66c6677ad2d47,2ème mi-tps - CS,30105,0-1,5.55
92a66c6677ad2d47,2ème mi-tps - CS,30105,0-2,5.85
92a66c6677ad2d47,2ème mi-tps - CS,30105,0-3,9.25
92a66c6677ad2d47,2ème mi-tps - CS,30105,1-0,10.8
92a66c6677ad2d47,2ème mi-tps - CS,30105,1-1,5.41
92a66c6677ad2d47,2ème mi-tps - CS,30105,1-2,8.55
92a66c6677ad2d47,2ème mi-tps - CS,30105,2-0,27.71
92a66c6677ad2d47,2ème mi-tps - CS,30105,2-1,20.82
92a66c6677ad2d47,2ème mi-tps - CS,30105,3-0,100.0
b99f7b04650cb7f9,1X2,30083,1,3.95
b99f7b04650cb7f9,1X2,30083,X,3.86
b99f7b04650cb7f9,1X2,30083,2,1.82
b99f7b04650cb7f9,Mi-tps 1X2,30084,1,4.79
b99f7b04650cb7f9,Mi-tps 1X2,30084,X,2.13
b99f7b04650cb7f9,Mi-tps 1X2,30084,2,2.49
b99f7b04650cb7f9,Double Chance,30085,1X,1.92
b99f7b04650cb7f9,Double Chance,30085,X2,1.22
b99f7b04650cb7f9,Double Chance,30085,12,1.22
b99f7b04650cb7f9,Mi-tps DC,30086,1X,1.47
b99f7b04650cb7f9,Mi-tps DC,30086,X2,1.15
b99f7b04650cb7f9,Mi-tps DC,30086,12,1.64
b99f7b04650cb7f9,Score exact,30081,0-0,16.74
b99f7b04650cb7f9,Score exact,30081,0-1,11.88
b99f7b04650cb7f9,Score exact,30081,0-2,11.69
b99f7b04650cb7f9,Score exact,30081,0-3,15.6
b99f7b04650cb7f9,Score exact,30081,0-4,33.61
b99f7b04650cb7f9,Score exact,30081,0-5,91.23
b99f7b04650cb7f9,Score exact,30081,0-6,100.0
b99f7b04650cb7f9,Score exact,30081,1-0,17.92
b99f7b04650cb7f9,Score exact,30081,1-1,7.78
b99f7b04650cb7f9,Score exact,30081,1-2,7.83
b99f7b04650cb7f9,Score exact,30081,1-3,12.7
b99f7b04650cb7f9,Score exact,30081,1-4,28.59
b99f7b04650cb7f9,Score exact,30081,1-5,100.0
b99f7b04650cb7f9,Score exact,30081,2-0,28.02
b99f7b04650cb7f9,Score exact,30081,2-1,12.33
b99f7b04650cb7f9,Score exact,30081,2-2,13.03
b99f7b04650cb7f9,Score exact,30081,2-3,23.28
b99f7b04650cb7f9,Score exact,30081,2-4,94.35
b99f7b04650cb7f9,Score exact,30081,3-0,59.97
b99f7b04650cb7f9,Score exact,30081,3-1,31.88
b99f7b04650cb7f9,Score exact,30081,3-2,37.43
b99f7b04650cb7f9,Score exact,30081,3-3,100.0
b99f7b04650cb7f9,Score exact,30081,4-0,100.0
b99f7b04650cb7f9,Score exact,30081,4-1,100.0
b99f7b04650cb7f9,Score exact,30081,4-2,100.0
b99f7b04650cb7f9,Score exact,30081,5-0,100.0
b99f7b04650cb7f9,Score exact,30081,5-1,100.0
b99f7b04650cb7f9,Score exact,30081,6-0,100.0
b99f7b04650cb7f9,Mi-tps CS,30082,0-0,3.15
b99f7b04650cb7f9,Mi-tps CS,30082,0-1,4.97
b99f7b04650cb7f9,Mi-tps CS,30082,0-2,8.74
b99f7b04650cb7f9,Mi-tps CS,30082,0-3,23.04
b99f7b04650cb7f9,Mi-tps CS,30082,1-0,7.82
b99f7b04650cb7f9,Mi-tps CS,30082,1-1,5.5
b99f7b04650cb7f9,Mi-tps CS,30082,1-2,14.49
b99f7b04650cb7f9,Mi-tps CS,30082,2-0,23.04
b99f7b04650cb7f9,Mi-tps CS,30082,2-1,24.28
b99f7b04650cb7f9,Mi-tps CS,30082,3-0,100.0
b99f7b04650cb7f9,+/-,30087,> 0.5,1.0
b99f7b04650cb7f9,+/-,30087,< 0.5,17.69
b99f7b04650cb7f9,+/-,30087,> 1.5,1.15
b99f7b04650cb7f9,+/-,30087,< 1.5,5.29
b99f7b04650cb7f9,+/-,30087,> 2.5,1.58
b99f7b04650cb7f9,+/-,30087,< 2.5,2.35
b99f7b04650cb7f9,+/-,30087,> 3.5,2.77
b99f7b04650cb7f9,+/-,30087,< 3.5,1.43
b99f7b04650cb7f9,HT/FT,30089,1/1,7.05
b99f7b04650cb7f9,HT/FT,30089,1/X,22.39
b99f7b04650cb7f9,HT/FT,30089,1/2,33.33
b99f7b04650cb7f9,HT/FT,30089,X/1,9.32
b99f7b04650cb7f9,HT/FT,30089,X/X,5.52
b99f7b04650cb7f9,HT/FT,30089,X/2,5.05
b99f7b04650cb7f9,HT/FT,30089,2/1,55.43
b99f7b04650cb7f9,HT/FT,30089,2/X,21.04
b99f7b04650cb7f9,HT/FT,30089,2/2,2.85
b99f7b04650cb7f9,Total de buts,30090,0,16.74
b99f7b04650cb7f9,Total de buts,30090,1,7.14
b99f7b04650cb7f9,Total de buts,30090,2,4.0
b99f7b04650cb7f9,Total de buts,30090,3,3.45
b99f7b04650cb7f9,Total de buts,30090,4,4.52
b99f7b04650cb7f9,Total de buts,30090,5,7.98
b99f7b04650cb7f9,Total de buts,30090,6,29.15
b99f7b04650cb7f9,G/NG,30091,Oui,1.58
b99f7b04650cb7f9,G/NG,30091,Non,2.34
b99f7b04650cb7f9,Les deux équipes marquent / 1ère mi temps,30092,Oui,3.71
b99f7b04650cb7f9,Les deux équipes marquent / 1ère mi temps,30092,Non,1.26
b99f7b04650cb7f9,1X2 & Total,30093,1 / > 1.5,4.82
b99f7b04650cb7f9,1X2 & Total,30093,X / > 1.5,4.76
b99f7b04650cb7f9,1X2 & Total,30093,2 / > 1.5,2.06
b99f7b04650cb7f9,1X2 & Total,30093,1 / < 1.5,18.24
b99f7b04650cb7f9,1X2 & Total,30093,X / < 1.5,17.05
b99f7b04650cb7f9,1X2 & Total,30093,2 / < 1.5,12.1
b99f7b04650cb7f9,1X2 & Total,30093,1 / > 2.5,5.8
b99f7b04650cb7f9,1X2 & Total,30093,X / > 2.5,11.95
b99f7b04650cb7f9,1X2 & Total,30093,2 / > 2.5,2.49
b99f7b04650cb7f9,1X2 & Total,30093,1 / < 2.5,11.13
b99f7b04650cb7f9,1X2 & Total,30093,X / < 2.5,5.41
b99f7b04650cb7f9,1X2 & Total,30093,2 / < 2.5,6.0
b99f7b04650cb7f9,1X2 & Total,30093,1 / > 3.5,13.07
b99f7b04650cb7f9,1X2 & Total,30093,X / > 3.5,11.95
b99f7b04650cb7f9,1X2 & Total,30093,2 / > 3.5,4.67
b99f7b04650cb7f9,1X2 & Total,30093,1 / < 3.5,5.38
b99f7b04650cb7f9,1X2 & Total,30093,X / < 3.5,5.41
b99f7b04650cb7f9,1X2 & Total,30093,2 / < 3.5,2.82
b99f7b04650cb7f9,1X2 & G/NG,30094,1 gagne et les deux équipes marquent,6.54
b99f7b04650cb7f9,1X2 & G/NG,30094,1 gagne et seulement  1  marque,8.75
b99f7b04650cb7f9,1X2 & G/NG,30094,X et les deux équipes marquent,4.68
b99f7b04650cb7f9,1X2 & G/NG,30094,X et aucun but,16.74
b99f7b04650cb7f9,1X2 & G/NG,30094,2 gagne et les deux équipes marquent,3.31
b99f7b04650cb7f9,1X2 & G/NG,30094,2 gagne et seulement 2 marque,3.61
b99f7b04650cb7f9,Total equipe domicile,30095,> 0.5,1.35
b99f7b04650cb7f9,Total equipe domicile,30095,< 0.5,3.14
b99f7b04650cb7f9,Total equipe domicile,30095,> 1.5,3.02
b99f7b04650cb7f9,Total equipe domicile,30095,< 1.5,1.37
b99f7b04650cb7f9,Total equipe domicile,30095,> 2.5,10.25
b99f7b04650cb7f9,Total equipe domicile,30095,< 2.5,1.04
b99f7b04650cb7f9,Total equipe domicile,30095,> 3.5,53.31
b99f7b04650cb7f9,Total equipe domicile,30095,< 3.5,0.96
b99f7b04650cb7f9,Total equipe extérieur,30096,> 0.5,1.12
b99f7b04650cb7f9,Total equipe extérieur,30096,< 0.5,6.07
b99f7b04650cb7f9,Total equipe extérieur,30096,> 1.5,1.73
b99f7b04650cb7f9,Total equipe extérieur,30096,< 1.5,2.08
b99f7b04650cb7f9,Total equipe extérieur,30096,> 2.5,3.64
b99f7b04650cb7f9,Total equipe extérieur,30096,< 2.5,1.27
b99f7b04650cb7f9,Total equipe extérieur,30096,> 3.5,10.98
b99f7b04650cb7f9,Total equipe extérieur,30096,< 3.5,1.03
b99f7b04650cb7f9,G/NG equipe domicile,30097,Oui,1.35
b99f7b04650cb7f9,G/NG equipe domicile,30097,Non,3.14
b99f7b04650cb7f9,G/NG equipe extérieur,30098,Oui,1.12
b99f7b04650cb7f9,G/NG equipe extérieur,30098,Non,6.07
b99f7b04650cb7f9,Pair/Impair,30099,Impair,1.87
b99f7b04650cb7f9,Pair/Impair,30099,Pair,1.83
b99f7b04650cb7f9,Minute du premier but,30100,1-15,4.1
b99f7b04650cb7f9,Minute du premier but,30100,16-30,2.8
b99f7b04650cb7f9,Minute du premier but,30100,31-45,5.03
b99f7b04650cb7f9,Minute du premier but,30100,46-60,7.57
b99f7b04650cb7f9,Minute du premier but,30100,61-75,14.19
b99f7b04650cb7f9,Minute du premier but,30100,76-90,17.27
b99f7b04650cb7f9,Minute du premier but,30100,Pas de but,16.74
b99f7b04650cb7f9,FTTS,30101,1,2.23
b99f7b04650cb7f9,FTTS,30101,2,1.64
b99f7b04650cb7f9,FTTS,30101,Pas de but,16.74
b99f7b04650cb7f9,Multi-Buts,30102,"Le total de buts est de 0, 1 ou 2",2.27
b99f7b04650cb7f9,Multi-Buts,30102,"Le total de buts est de 1, 2 ou 3",1.5
b99f7b04650cb7f9,Multi-Buts,30102,"Le total de buts est de 2, 3 ou 4",1.34
b99f7b04650cb7f9,Multi-Buts,30102,Le total de buts est supérieur à 4,6.38
b99f7b04650cb7f9,2ème mi-tps - CS,30105,0-0,4.51
b99f7b04650cb7f9,2ème mi-tps - CS,30105,0-1,5.81
b99f7b04650cb7f9,2ème mi-tps - CS,30105,0-2,7.76
b99f7b04650cb7f9,2ème mi-tps - CS,30105,0-3,15.56
b99f7b04650cb7f9,2ème mi-tps - CS,30105,1-0,8.47
b99f7b04650cb7f9,2ème mi-tps - CS,30105,1-1,4.85
b99f7b04650cb7f9,2ème mi-tps - CS,30105,1-2,9.72
b99f7b04650cb7f9,2ème mi-tps - CS,30105,2-0,18.26
b99f7b04650cb7f9,2ème mi-tps - CS,30105,2-1,15.68
b99f7b04650cb7f9,2ème mi-tps - CS,30105,3-0,59.07
402a4606ab1b1ca5,1X2,30083,1,1.44
402a4606ab1b1ca5,1X2,30083,X,4.87
402a4606ab1b1ca5,1X2,30083,2,6.2
402a4606ab1b1ca5,Mi-tps 1X2,30084,1,2.02
402a4606ab1b1ca5,Mi-tps 1X2,30084,X,2.37
402a4606ab1b1ca5,Mi-tps 1X2,30084,2,6.11
402a4606ab1b1ca5,Double Chance,30085,1X,1.09
402a4606ab1b1ca5,Double Chance,30085,X2,2.67
402a4606ab1b1ca5,Double Chance,30085,12,1.15
402a4606ab1b1ca5,Mi-tps DC,30086,1X,1.09
402a4606ab1b1ca5,Mi-tps DC,30086,X2,1.71
402a4606ab1b1ca5,Mi-tps DC,30086,12,1.52
402a4606ab1b1ca5,Score exact,30081,0-0,23.32
402a4606ab1b1ca5,Score exact,30081,0-1,27.9
402a4606ab1b1ca5,Score exact,30081,0-2,49.25
402a4606ab1b1ca5,Score exact,30081,0-3,100.0
402a4606ab1b1ca5,Score exact,30081,0-4,100.0
402a4606ab1b1ca5,Score exact,30081,0-5,100.0
402a4606ab1b1ca5,Score exact,30081,0-6,100.0
402a4606ab1b1ca5,Score exact,30081,1-0,13.79
402a4606ab1b1ca5,Score exact,30081,1-1,10.11
402a4606ab1b1ca5,Score exact,30081,1-2,18.01
402a4606ab1b1ca5,Score exact,30081,1-3,52.2
402a4606ab1b1ca5,Score exact,30081,1-4,100.0
402a4606ab1b1ca5,Score exact,30081,1-5,100.0
402a4606ab1b1ca5,Score exact,30081,2-0,10.34
402a4606ab1b1ca5,Score exact,30081,2-1,7.88
402a4606ab1b1ca5,Score exact,30081,2-2,14.99
402a4606ab1b1ca5,Score exact,30081,2-3,48.52
402a4606ab1b1ca5,Score exact,30081,2-4,100.0
402a4606ab1b1ca5,Score exact,30081,3-0,10.37
402a4606ab1b1ca5,Score exact,30081,3-1,9.81
402a4606ab1b1ca5,Score exact,30081,3-2,20.32
402a4606ab1b1ca5,Score exact,30081,3-3,100.0
402a4606ab1b1ca5,Score exact,30081,4-0,17.34
402a4606ab1b1ca5,Score exact,30081,4-1,16.57
402a4606ab1b1ca5,Score exact,30081,4-2,61.68
402a4606ab1b1ca5,Score exact,30081,5-0,35.04
402a4606ab1b1ca5,Score exact,30081,5-1,57.13
402a4606ab1b1ca5,Score exact,30081,6-0,100.0
402a4606ab1b1ca5,Mi-tps CS,30082,0-0,3.65
402a4606ab1b1ca5,Mi-tps CS,30082,0-1,9.91
402a4606ab1b1ca5,Mi-tps CS,30082,0-2,32.14
402a4606ab1b1ca5,Mi-tps CS,30082,0-3,100.0
402a4606ab1b1ca5,Mi-tps CS,30082,1-0,4.75
402a4606ab1b1ca5,Mi-tps CS,30082,1-1,5.74
402a4606ab1b1ca5,Mi-tps CS,30082,1-2,27.9
402a4606ab1b1ca5,Mi-tps CS,30082,2-0,6.45
402a4606ab1b1ca5,Mi-tps CS,30082,2-1,11.69
402a4606ab1b1ca5,Mi-tps CS,30082,3-0,13.14
402a4606ab1b1ca5,+/-,30087,> 0.5,0.98
402a4606ab1b1ca5,+/-,30087,< 0.5,24.64
402a4606ab1b1ca5,+/-,30087,> 1.5,1.09
402a4606ab1b1ca5,+/-,30087,< 1.5,6.99
402a4606ab1b1ca5,+/-,30087,> 2.5,1.4
402a4606ab1b1ca5,+/-,30087,< 2.5,2.88
402a4606ab1b1ca5,+/-,30087,> 3.5,2.27
402a4606ab1b1ca5,+/-,30087,< 3.5,1.61
402a4606ab1b1ca5,HT/FT,30089,1/1,2.16
402a4606ab1b1ca5,HT/FT,30089,1/X,25.72
402a4606ab1b1ca5,HT/FT,30089,1/2,81.67
402a4606ab1b1ca5,HT/FT,30089,X/1,4.33
402a4606ab1b1ca5,HT/FT,30089,X/X,7.23
402a4606ab1b1ca5,HT/FT,30089,X/2,14.75
402a4606ab1b1ca5,HT/FT,30089,2/1,25.49
402a4606ab1b1ca5,HT/FT,30089,2/X,25.04
402a4606ab1b1ca5,HT/FT,30089,2/2,11.05
402a4606ab1b1ca5,Total de buts,30090,0,23.32
402a4606ab1b1ca5,Total de buts,30090,1,9.23
402a4606ab1b1ca5,Total de buts,30090,2,4.63
402a4606ab1b1ca5,Total de buts,30090,3,3.48
402a4606ab1b1ca5,Total de buts,30090,4,4.04
402a4606ab1b1ca5,Total de buts,30090,5,6.1
402a4606ab1b1ca5,Total de buts,30090,6,18.5
402a4606ab1b1ca5,G/NG,30091,Oui,1.63
402a4606ab1b1ca5,G/NG,30091,Non,2.25
402a4606ab1b1ca5,Les deux équipes marquent / 1ère mi temps,30092,Oui,3.67
402a4606ab1b1ca5,Les deux équipes marquent / 1ère mi temps,30092,Non,1.27
402a4606ab1b1ca5,1X2 & Total,30093,1 / > 1.5,1.54
402a4606ab1b1ca5,1X2 & Total,30093,X / > 1.5,5.84
402a4606ab1b1ca5,1X2 & Total,30093,2 / > 1.5,7.56
402a4606ab1b1ca5,1X2 & Total,30093,1 / < 1.5,14.04
402a4606ab1b1ca5,1X2 & Total,30093,X / < 1.5,23.75
402a4606ab1b1ca5,1X2 & Total,30093,2 / < 1.5,28.4
402a4606ab1b1ca5,1X2 & Total,30093,1 / > 2.5,1.81
402a4606ab1b1ca5,1X2 & Total,30093,X / > 2.5,13.51
402a4606ab1b1ca5,1X2 & Total,30093,2 / > 2.5,8.9
402a4606ab1b1ca5,1X2 & Total,30093,1 / < 2.5,6.02
402a4606ab1b1ca5,1X2 & Total,30093,X / < 2.5,7.18
402a4606ab1b1ca5,1X2 & Total,30093,2 / < 2.5,18.13
402a4606ab1b1ca5,1X2 & Total,30093,1 / > 3.5,3.0
402a4606ab1b1ca5,1X2 & Total,30093,X / > 3.5,13.51
402a4606ab1b1ca5,1X2 & Total,30093,2 / > 3.5,20.18
402a4606ab1b1ca5,1X2 & Total,30093,1 / < 3.5,2.59
402a4606ab1b1ca5,1X2 & Total,30093,X / < 3.5,7.18
402a4606ab1b1ca5,1X2 & Total,30093,2 / < 3.5,8.48
402a4606ab1b1ca5,1X2 & G/NG,30094,1 gagne et les deux équipes marquent,2.69
402a4606ab1b1ca5,1X2 & G/NG,30094,1 gagne et seulement  1  marque,2.78
402a4606ab1b1ca5,1X2 & G/NG,30094,X et les deux équipes marquent,5.74
402a4606ab1b1ca5,1X2 & G/NG,30094,X et aucun but,23.32
402a4606ab1b1ca5,1X2 & G/NG,30094,2 gagne et les deux équipes marquent,9.68
402a4606ab1b1ca5,1X2 & G/NG,30094,2 gagne et seulement 2 marque,14.88
402a4606ab1b1ca5,Total equipe domicile,30095,> 0.5,1.05
402a4606ab1b1ca5,Total equipe domicile,30095,< 0.5,9.6
402a4606ab1b1ca5,Total equipe domicile,30095,> 1.5,1.39
402a4606ab1b1ca5,Total equipe domicile,30095,< 1.5,2.92
402a4606ab1b1ca5,Total equipe domicile,30095,> 2.5,2.38
402a4606ab1b1ca5,Total equipe domicile,30095,< 2.5,1.56
402a4606ab1b1ca5,Total equipe domicile,30095,> 3.5,5.6
402a4606ab1b1ca5,Total equipe domicile,30095,< 3.5,1.13
402a4606ab1b1ca5,Total equipe extérieur,30096,> 0.5,1.47
402a4606ab1b1ca5,Total equipe extérieur,30096,< 0.5,2.62
402a4606ab1b1ca5,Total equipe extérieur,30096,> 1.5,3.84
402a4606ab1b1ca5,Total equipe extérieur,30096,< 1.5,1.25
402a4606ab1b1ca5,Total equipe extérieur,30096,> 2.5,15.66
402a4606ab1b1ca5,Total equipe extérieur,30096,< 2.5,1.0
402a4606ab1b1ca5,Total equipe extérieur,30096,> 3.5,98.92
402a4606ab1b1ca5,Total equipe extérieur,30096,< 3.5,0.95
402a4606ab1b1ca5,G/NG equipe domicile,30097,Oui,1.05
402a4606ab1b1ca5,G/NG equipe domicile,30097,Non,9.6
402a4606ab1b1ca5,G/NG equipe extérieur,30098,Oui,1.47
402a4606ab1b1ca5,G/NG equipe extérieur,30098,Non,2.62
402a4606ab1b1ca5,Pair/Impair,30099,Impair,1.85
402a4606ab1b1ca5,Pair/Impair,30099,Pair,1.85
402a4606ab1b1ca5,Minute du premier but,30100,1-15,3.9
402a4606ab1b1ca5,Minute du premier but,30100,16-30,2.7
402a4606ab1b1ca5,Minute du premier but,30100,31-45,4.98
402a4606ab1b1ca5,Minute du premier but,30100,46-60,7.88
402a4606ab1b1ca5,Minute du premier but,30100,61-75,14.91
402a4606ab1b1ca5,Minute du premier but,30100,76-90,18.28
402a4606ab1b1ca5,Minute du premier but,30100,Pas de but,23.32
402a4606ab1b1ca5,FTTS,30101,1,1.47
402a4606ab1b1ca5,FTTS,30101,2,2.51
402a4606ab1b1ca5,FTTS,30101,Pas de but,23.32
402a4606ab1b1ca5,Multi-Buts,30102,"Le total de buts est de 0, 1 ou 2",2.77
402a4606ab1b1ca5,Multi-Buts,30102,"Le total de buts est de 1, 2 ou 3",1.66
402a4606ab1b1ca5,Multi-Buts,30102,"Le total de buts est de 2, 3 ou 4",1.36
402a4606ab1b1ca5,Multi-Buts,30102,Le total de buts est supérieur à 4,4.67
402a4606ab1b1ca5,2ème mi-tps - CS,30105,0-0,5.42
402a4606ab1b1ca5,2ème mi-tps - CS,30105,0-1,11.57
402a4606ab1b1ca5,2ème mi-tps - CS,30105,0-2,28.83
402a4606ab1b1ca5,2ème mi-tps - CS,30105,0-3,100.0
402a4606ab1b1ca5,2ème mi-tps - CS,30105,1-0,5.87
402a4606ab1b1ca5,2ème mi-tps - CS,30105,1-1,5.57
402a4606ab1b1ca5,2ème mi-tps - CS,30105,1-2,20.81
402a4606ab1b1ca5,2ème mi-tps - CS,30105,2-0,5.52
402a4606ab1b1ca5,2ème mi-tps - CS,30105,2-1,7.86
402a4606ab1b1ca5,2ème mi-tps - CS,30105,3-0,7.79
45681876230807e1,1X2,30083,1,8.32
45681876230807e1,1X2,30083,X,5.04
45681876230807e1,1X2,30083,2,1.35
45681876230807e1,Mi-tps 1X2,30084,1,7.84
45681876230807e1,Mi-tps 1X2,30084,X,2.33
45681876230807e1,Mi-tps 1X2,30084,2,1.91
45681876230807e1,Double Chance,30085,1X,3.08
45681876230807e1,Double Chance,30085,X2,1.04
45681876230807e1,Double Chance,30085,12,1.14
45681876230807e1,Mi-tps DC,30086,1X,1.79
45681876230807e1,Mi-tps DC,30086,X2,1.05
45681876230807e1,Mi-tps DC,30086,12,1.54
45681876230807e1,Score exact,30081,0-0,17.91
45681876230807e1,Score exact,30081,0-1,10.71
45681876230807e1,Score exact,30081,0-2,8.24
45681876230807e1,Score exact,30081,0-3,8.51
45681876230807e1,Score exact,30081,0-4,14.52
45681876230807e1,Score exact,30081,0-5,30.14
45681876230807e1,Score exact,30081,0-6,100.0
45681876230807e1,Score exact,30081,1-0,27.66
45681876230807e1,Score exact,30081,1-1,10.14
45681876230807e1,Score exact,30081,1-2,8.09
45681876230807e1,Score exact,30081,1-3,10.31
45681876230807e1,Score exact,30081,1-4,17.87
45681876230807e1,Score exact,30081,1-5,63.32
45681876230807e1,Score exact,30081,2-0,63.85
45681876230807e1,Score exact,30081,2-1,23.55
45681876230807e1,Score exact,30081,2-2,19.92
45681876230807e1,Score exact,30081,2-3,27.68
45681876230807e1,Score exact,30081,2-4,86.37
45681876230807e1,Score exact,30081,3-0,100.0
45681876230807e1,Score exact,30081,3-1,89.17
45681876230807e1,Score exact,30081,3-2,84.35
45681876230807e1,Score exact,30081,3-3,100.0
45681876230807e1,Score exact,30081,4-0,100.0
45681876230807e1,Score exact,30081,4-1,100.0
45681876230807e1,Score exact,30081,4-2,100.0
45681876230807e1,Score exact,30081,5-0,100.0
45681876230807e1,Score exact,30081,5-1,100.0
45681876230807e1,Score exact,30081,6-0,100.0
45681876230807e1,Mi-tps CS,30082,0-0,3.25
45681876230807e1,Mi-tps CS,30082,0-1,4.29
45681876230807e1,Mi-tps CS,30082,0-2,5.92
45681876230807e1,Mi-tps CS,30082,0-3,12.27
45681876230807e1,Mi-tps CS,30082,1-0,11.36
45681876230807e1,Mi-tps CS,30082,1-1,6.65
45681876230807e1,Mi-tps CS,30082,1-2,13.79
45681876230807e1,Mi-tps CS,30082,2-0,47.99
45681876230807e1,Mi-tps CS,30082,2-1,42.15
45681876230807e1,Mi-tps CS,30082,3-0,100.0
45681876230807e1,+/-,30087,> 0.5,0.99
45681876230807e1,+/-,30087,< 0.5,18.92
45681876230807e1,+/-,30087,> 1.5,1.13
45681876230807e1,+/-,30087,< 1.5,5.7
45681876230807e1,+/-,30087,> 2.5,1.51
45681876230807e1,+/-,30087,< 2.5,2.51
45681876230807e1,+/-,30087,> 3.5,2.57
45681876230807e1,+/-,30087,< 3.5,1.49
45681876230807e1,HT/FT,30089,1/1,15.25
45681876230807e1,HT/FT,30089,1/X,30.63
45681876230807e1,HT/FT,30089,1/2,29.31
45681876230807e1,HT/FT,30089,X/1,18.73
45681876230807e1,HT/FT,30089,X/X,6.91
45681876230807e1,HT/FT,30089,X/2,4.04
45681876230807e1,HT/FT,30089,2/1,100.0
45681876230807e1,HT/FT,30089,2/X,31.2
45681876230807e1,HT/FT,30089,2/2,1.99
45681876230807e1,Total de buts,30090,0,17.91
45681876230807e1,Total de buts,30090,1,7.72
45681876230807e1,Total de buts,30090,2,4.25
45681876230807e1,Total de buts,30090,3,3.47
45681876230807e1,Total de buts,30090,4,4.38
45681876230807e1,Total de buts,30090,5,7.18
45681876230807e1,Total de buts,30090,6,23.25
45681876230807e1,G/NG,30091,Oui,1.88
45681876230807e1,G/NG,30091,Non,1.9
45681876230807e1,Les deux équipes marquent / 1ère mi temps,30092,Oui,4.4
45681876230807e1,Les deux équipes marquent / 1ère mi temps,30092,Non,1.2
45681876230807e1,1X2 & Total,30093,1 / > 1.5,11.22
45681876230807e1,1X2 & Total,30093,X / > 1.5,6.63
45681876230807e1,1X2 & Total,30093,2 / > 1.5,1.48
45681876230807e1,1X2 & Total,30093,1 / < 1.5,28.16
45681876230807e1,1X2 & Total,30093,X / < 1.5,18.23
45681876230807e1,1X2 & Total,30093,2 / < 1.5,10.91
45681876230807e1,1X2 & Total,30093,1 / > 2.5,13.56
45681876230807e1,1X2 & Total,30093,X / > 2.5,18.5
45681876230807e1,1X2 & Total,30093,2 / > 2.5,1.79
45681876230807e1,1X2 & Total,30093,1 / < 2.5,19.65
45681876230807e1,1X2 & Total,30093,X / < 2.5,6.59
45681876230807e1,1X2 & Total,30093,2 / < 2.5,4.74
45681876230807e1,1X2 & Total,30093,1 / > 3.5,36.74
45681876230807e1,1X2 & Total,30093,X / > 3.5,18.5
45681876230807e1,1X2 & Total,30093,2 / > 3.5,3.11
45681876230807e1,1X2 & Total,30093,1 / < 3.5,10.26
45681876230807e1,1X2 & Total,30093,X / < 3.5,6.59
45681876230807e1,1X2 & Total,30093,2 / < 3.5,2.23
45681876230807e1,1X2 & G/NG,30094,1 gagne et les deux équipes marquent,14.49
45681876230807e1,1X2 & G/NG,30094,1 gagne et seulement  1  marque,17.27
45681876230807e1,1X2 & G/NG,30094,X et les deux équipes marquent,6.51
45681876230807e1,1X2 & G/NG,30094,X et aucun but,17.91
45681876230807e1,1X2 & G/NG,30094,2 gagne et les deux équipes marquent,2.94
45681876230807e1,1X2 & G/NG,30094,2 gagne et seulement 2 marque,2.25
45681876230807e1,Total equipe domicile,30095,> 0.5,1.7
45681876230807e1,Total equipe domicile,30095,< 0.5,2.12
45681876230807e1,Total equipe domicile,30095,> 1.5,5.46
45681876230807e1,Total equipe domicile,30095,< 1.5,1.14
45681876230807e1,Total equipe domicile,30095,> 2.5,28.18
45681876230807e1,Total equipe domicile,30095,< 2.5,0.98
45681876230807e1,Total equipe domicile,30095,> 3.5,100.0
45681876230807e1,Total equipe domicile,30095,< 3.5,0.95
45681876230807e1,Total equipe extérieur,30096,> 0.5,1.05
45681876230807e1,Total equipe extérieur,30096,< 0.5,9.29
45681876230807e1,Total equipe extérieur,30096,> 1.5,1.39
45681876230807e1,Total equipe extérieur,30096,< 1.5,2.92
45681876230807e1,Total equipe extérieur,30096,> 2.5,2.35
45681876230807e1,Total equipe extérieur,30096,< 2.5,1.58
45681876230807e1,Total equipe extérieur,30096,> 3.5,5.43
45681876230807e1,Total equipe extérieur,30096,< 3.5,1.14
45681876230807e1,G/NG equipe domicile,30097,Oui,1.7
45681876230807e1,G/NG equipe domicile,30097,Non,2.12
45681876230807e1,G/NG equipe extérieur,30098,Oui,1.05
45681876230807e1,G/NG equipe extérieur,30098,Non,9.29
45681876230807e1,Pair/Impair,30099,Impair,1.86
45681876230807e1,Pair/Impair,30099,Pair,1.84
45681876230807e1,Minute du premier but,30100,1-15,4.16
45681876230807e1,Minute du premier but,30100,16-30,2.82
45681876230807e1,Minute du premier but,30100,31-45,4.97
45681876230807e1,Minute du premier but,30100,46-60,7.5
45681876230807e1,Minute du premier but,30100,61-75,13.61
45681876230807e1,Minute du premier but,30100,76-90,16.15
45681876230807e1,Minute du premier but,30100,Pas de but,17.91
45681876230807e1,FTTS,30101,1,2.86
45681876230807e1,FTTS,30101,2,1.4
45681876230807e1,FTTS,30101,Pas de but,17.91
45681876230807e1,Multi-Buts,30102,"Le total de buts est de 0, 1 ou 2",2.42
45681876230807e1,Multi-Buts,30102,"Le total de buts est de 1, 2 ou 3",1.56
45681876230807e1,Multi-Buts,30102,"Le total de buts est de 2, 3 ou 4",1.35
45681876230807e1,Multi-Buts,30102,Le total de buts est supérieur à 4,5.58
45681876230807e1,2ème mi-tps - CS,30105,0-0,4.66
45681876230807e1,2ème mi-tps - CS,30105,0-1,5.11
45681876230807e1,2ème mi-tps - CS,30105,0-2,5.01
45681876230807e1,2ème mi-tps - CS,30105,0-3,7.37
45681876230807e1,2ème mi-tps - CS,30105,1-0,12.91
45681876230807e1,2ème mi-tps - CS,30105,1-1,6.29
45681876230807e1,2ème mi-tps - CS,30105,1-2,9.25
45681876230807e1,2ème mi-tps - CS,30105,2-0,42.67
45681876230807e1,2ème mi-tps - CS,30105,2-1,31.19
45681876230807e1,2ème mi-tps - CS,30105,3-0,100.0
3bcfb7775d241658,1X2,30083,1,2.22
3bcfb7775d241658,1X2,30083,X,3.89
3bcfb7775d241658,1X2,30083,2,2.83
3bcfb7775d241658,Mi-tps 1X2,30084,1,2.85
3bcfb7775d241658,Mi-tps 1X2,30084,X,2.2
3bcfb7775d241658,Mi-tps 1X2,30084,2,3.65
3bcfb7775d241658,Double Chance,30085,1X,1.39
3bcfb7775d241658,Double Chance,30085,X2,1.61
3bcfb7775d241658,Double Chance,30085,12,1.22
3bcfb7775d241658,Mi-tps DC,30086,1X,1.24
3bcfb7775d241658,Mi-tps DC,30086,X2,1.37
3bcfb7775d241658,Mi-tps DC,30086,12,1.6
3bcfb7775d241658,Score exact,30081,0-0,22.27
3bcfb7775d241658,Score exact,30081,0-1,18.4
3bcfb7775d241658,Score exact,30081,0-2,21.56
3bcfb7775d241658,Score exact,30081,0-3,34.38
3bcfb7775d241658,Score exact,30081,0-4,89.77
3bcfb7775d241658,Score exact,30081,0-5,100.0
3bcfb7775d241658,Score exact,30081,0-6,100.0
3bcfb7775d241658,Score exact,30081,1-0,16.28
3bcfb7775d241658,Score exact,30081,1-1,8.23
3bcfb7775d241658,Score exact,30081,1-2,9.84
3bcfb7775d241658,Score exact,30081,1-3,19.16
3bcfb7775d241658,Score exact,30081,1-4,52.29
3bcfb7775d241658,Score exact,30081,1-5,100.0
3bcfb7775d241658,Score exact,30081,2-0,16.61
3bcfb7775d241658,Score exact,30081,2-1,8.58
3bcfb7775d241658,Score exact,30081,2-2,10.86
3bcfb7775d241658,Score exact,30081,2-3,23.36
3bcfb7775d241658,Score exact,30081,2-4,100.0
3bcfb7775d241658,Score exact,30081,3-0,22.99
3bcfb7775d241658,Score exact,30081,3-1,14.45
3bcfb7775d241658,Score exact,30081,3-2,20.17
3bcfb7775d241658,Score exact,30081,3-3,76.59
3bcfb7775d241658,Score exact,30081,4-0,51.4
3bcfb7775d241658,Score exact,30081,4-1,33.84
3bcfb7775d241658,Score exact,30081,4-2,84.83
3bcfb7775d241658,Score exact,30081,5-0,100.0
3bcfb7775d241658,Score exact,30081,5-1,100.0
3bcfb7775d241658,Score exact,30081,6-0,100.0
3bcfb7775d241658,Mi-tps CS,30082,0-0,3.52
3bcfb7775d241658,Mi-tps CS,30082,0-1,6.83
3bcfb7775d241658,Mi-tps CS,30082,0-2,15.26
3bcfb7775d241658,Mi-tps CS,30082,0-3,51.15
3bcfb7775d241658,Mi-tps CS,30082,1-0,5.78
3bcfb7775d241658,Mi-tps CS,30082,1-1,4.98
3bcfb7775d241658,Mi-tps CS,30082,1-2,16.69
3bcfb7775d241658,Mi-tps CS,30082,2-0,10.63
3bcfb7775d241658,Mi-tps CS,30082,2-1,13.73
3bcfb7775d241658,Mi-tps CS,30082,3-0,29.32
3bcfb7775d241658,+/-,30087,> 0.5,0.98
3bcfb7775d241658,+/-,30087,< 0.5,23.53
3bcfb7775d241658,+/-,30087,> 1.5,1.1
3bcfb7775d241658,+/-,30087,< 1.5,6.58
3bcfb7775d241658,+/-,30087,> 2.5,1.44
3bcfb7775d241658,+/-,30087,< 2.5,2.72
3bcfb7775d241658,+/-,30087,> 3.5,2.4
3bcfb7775d241658,+/-,30087,< 3.5,1.55
3bcfb7775d241658,HT/FT,30089,1/1,3.54
3bcfb7775d241658,HT/FT,30089,1/X,18.43
3bcfb7775d241658,HT/FT,30089,1/2,36.42
3bcfb7775d241658,HT/FT,30089,X/1,6.1
3bcfb7775d241658,HT/FT,30089,X/X,5.97
3bcfb7775d241658,HT/FT,30089,X/2,7.12
3bcfb7775d241658,HT/FT,30089,2/1,34.23
3bcfb7775d241658,HT/FT,30089,2/X,20.06
3bcfb7775d241658,HT/FT,30089,2/2,4.88
3bcfb7775d241658,Total de buts,30090,0,22.27
3bcfb7775d241658,Total de buts,30090,1,8.64
3bcfb7775d241658,Total de buts,30090,2,4.38
3bcfb7775d241658,Total de buts,30090,3,3.44
3bcfb7775d241658,Total de buts,30090,4,4.1
3bcfb7775d241658,Total de buts,30090,5,6.61
3bcfb7775d241658,Total de buts,30090,6,22.2
3bcfb7775d241658,G/NG,30091,Oui,1.43
3bcfb7775d241658,G/NG,30091,Non,2.76
3bcfb7775d241658,Les deux équipes marquent / 1ère mi temps,30092,Oui,3.25
3bcfb7775d241658,Les deux équipes marquent / 1ère mi temps,30092,Non,1.33
3bcfb7775d241658,1X2 & Total,30093,1 / > 1.5,2.46
3bcfb7775d241658,1X2 & Total,30093,X / > 1.5,4.49
3bcfb7775d241658,1X2 & Total,30093,2 / > 1.5,3.2
3bcfb7775d241658,1X2 & Total,30093,1 / < 1.5,16.58
3bcfb7775d241658,1X2 & Total,30093,X / < 1.5,22.67
3bcfb7775d241658,1X2 & Total,30093,2 / < 1.5,18.74
3bcfb7775d241658,1X2 & Total,30093,1 / > 2.5,2.88
3bcfb7775d241658,1X2 & Total,30093,X / > 2.5,9.68
3bcfb7775d241658,1X2 & Total,30093,2 / > 2.5,3.74
3bcfb7775d241658,1X2 & Total,30093,1 / < 2.5,8.37
3bcfb7775d241658,1X2 & Total,30093,X / < 2.5,6.12
3bcfb7775d241658,1X2 & Total,30093,2 / < 2.5,10.11
3bcfb7775d241658,1X2 & Total,30093,1 / > 3.5,5.25
3bcfb7775d241658,1X2 & Total,30093,X / > 3.5,9.68
3bcfb7775d241658,1X2 & Total,30093,2 / > 3.5,7.21
3bcfb7775d241658,1X2 & Total,30093,1 / < 3.5,3.61
3bcfb7775d241658,1X2 & Total,30093,X / < 3.5,6.12
3bcfb7775d241658,1X2 & Total,30093,2 / < 3.5,4.4
3bcfb7775d241658,1X2 & G/NG,30094,1 gagne et les deux équipes marquent,3.54
3bcfb7775d241658,1X2 & G/NG,30094,1 gagne et seulement  1  marque,5.18
3bcfb7775d241658,1X2 & G/NG,30094,X et les deux équipes marquent,4.41
3bcfb7775d241658,1X2 & G/NG,30094,X et aucun but,22.27
3bcfb7775d241658,1X2 & G/NG,30094,2 gagne et les deux équipes marquent,4.39
3bcfb7775d241658,1X2 & G/NG,30094,2 gagne et seulement 2 marque,6.9
3bcfb7775d241658,Total equipe domicile,30095,> 0.5,1.14
3bcfb7775d241658,Total equipe domicile,30095,< 0.5,5.57
3bcfb7775d241658,Total equipe domicile,30095,> 1.5,1.85
3bcfb7775d241658,Total equipe domicile,30095,< 1.5,1.92
3bcfb7775d241658,Total equipe domicile,30095,> 2.5,4.22
3bcfb7775d241658,Total equipe domicile,30095,< 2.5,1.22
3bcfb7775d241658,Total equipe domicile,30095,> 3.5,14.05
3bcfb7775d241658,Total equipe domicile,30095,< 3.5,1.01
3bcfb7775d241658,Total equipe extérieur,30096,> 0.5,1.2
3bcfb7775d241658,Total equipe extérieur,30096,< 0.5,4.44
3bcfb7775d241658,Total equipe extérieur,30096,> 1.5,2.18
3bcfb7775d241658,Total equipe extérieur,30096,< 1.5,1.66
3bcfb7775d241658,Total equipe extérieur,30096,> 2.5,5.76
3bcfb7775d241658,Total equipe extérieur,30096,< 2.5,1.13
3bcfb7775d241658,Total equipe extérieur,30096,> 3.5,22.83
3bcfb7775d241658,Total equipe extérieur,30096,< 3.5,0.98
3bcfb7775d241658,G/NG equipe domicile,30097,Oui,1.14
3bcfb7775d241658,G/NG equipe domicile,30097,Non,5.57
3bcfb7775d241658,G/NG equipe extérieur,30098,Oui,1.2
3bcfb7775d241658,G/NG equipe extérieur,30098,Non,4.44
3bcfb7775d241658,Pair/Impair,30099,Impair,1.86
3bcfb7775d241658,Pair/Impair,30099,Pair,1.84
3bcfb7775d241658,Minute du premier but,30100,1-15,3.84
3bcfb7775d241658,Minute du premier but,30100,16-30,2.68
3bcfb7775d241658,Minute du premier but,30100,31-45,5.03
3bcfb7775d241658,Minute du premier but,30100,46-60,7.9
3bcfb7775d241658,Minute du premier but,30100,61-75,15.42
3bcfb7775d241658,Minute du premier but,30100,76-90,19.4
3bcfb7775d241658,Minute du premier but,30100,Pas de but,22.27
3bcfb7775d241658,FTTS,30101,1,1.77
3bcfb7775d241658,FTTS,30101,2,1.96
3bcfb7775d241658,FTTS,30101,Pas de but,22.27
3bcfb7775d241658,Multi-Buts,30102,"Le total de buts est de 0, 1 ou 2",2.62
3bcfb7775d241658,Multi-Buts,30102,"Le total de buts est de 1, 2 ou 3",1.6
3bcfb7775d241658,Multi-Buts,30102,"Le total de buts est de 2, 3 ou 4",1.33
3bcfb7775d241658,Multi-Buts,30102,Le total de buts est supérieur à 4,5.19
3bcfb7775d241658,2ème mi-tps - CS,30105,0-0,5.35
3bcfb7775d241658,2ème mi-tps - CS,30105,0-1,7.71
3bcfb7775d241658,2ème mi-tps - CS,30105,0-2,12.05
3bcfb7775d241658,2ème mi-tps - CS,30105,0-3,28.26
3bcfb7775d241658,2ème mi-tps - CS,30105,1-0,7.06
3bcfb7775d241658,2ème mi-tps - CS,30105,1-1,4.52
3bcfb7775d241658,2ème mi-tps - CS,30105,1-2,10.6
3bcfb7775d241658,2ème mi-tps - CS,30105,2-0,9.78
3bcfb7775d241658,2ème mi-tps - CS,30105,2-1,9.39
3bcfb7775d241658,2ème mi-tps - CS,30105,3-0,20.3
427f758acd9ef054,1X2,30083,1,5.42
427f758acd9ef054,1X2,30083,X,4.7
427f758acd9ef054,1X2,30083,2,1.51
427f758acd9ef054,Mi-tps 1X2,30084,1,5.64
427f758acd9ef054,Mi-tps 1X2,30084,X,2.43
427f758acd9ef054,Mi-tps 1X2,30084,2,2.04
427f758acd9ef054,Double Chance,30085,1X,2.47
427f758acd9ef054,Double Chance,30085,X2,1.12
427f758acd9ef054,Double Chance,30085,12,1.16
427f758acd9ef054,Mi-tps DC,30086,1X,1.7
427f758acd9ef054,Mi-tps DC,30086,X2,1.11
427f758acd9ef054,Mi-tps DC,30086,12,1.5
427f758acd9ef054,Score exact,30081,0-0,24.96
427f758acd9ef054,Score exact,30081,0-1,14.78
427f758acd9ef054,Score exact,30081,0-2,11.32
427f758acd9ef054,Score exact,30081,0-3,11.65
427f758acd9ef054,Score exact,30081,0-4,19.56
427f758acd9ef054,Score exact,30081,0-5,39.86
427f758acd9ef054,Score exact,30081,0-6,100.0
427f758acd9ef054,Score exact,30081,1-0,27.34
427f758acd9ef054,Score exact,30081,1-1,9.93
427f758acd9ef054,Score exact,30081,1-2,7.87
427f758acd9ef054,Score exact,30081,1-3,9.92
427f758acd9ef054,Score exact,30081,1-4,16.97
427f758acd9ef054,Score exact,30081,1-5,59.11
427f758acd9ef054,Score exact,30081,2-0,43.96
427f758acd9ef054,Score exact,30081,2-1,16.12
427f758acd9ef054,Score exact,30081,2-2,13.55
427f758acd9ef054,Score exact,30081,2-3,18.63
427f758acd9ef054,Score exact,30081,2-4,57.21
427f758acd9ef054,Score exact,30081,3-0,96.76
427f758acd9ef054,Score exact,30081,3-1,42.44
427f758acd9ef054,Score exact,30081,3-2,39.76
427f758acd9ef054,Score exact,30081,3-3,96.1
427f758acd9ef054,Score exact,30081,4-0,100.0
427f758acd9ef054,Score exact,30081,4-1,100.0
427f758acd9ef054,Score exact,30081,4-2,100.0
427f758acd9ef054,Score exact,30081,5-0,100.0
427f758acd9ef054,Score exact,30081,5-1,100.0
427f758acd9ef054,Score exact,30081,6-0,100.0
427f758acd9ef054,Mi-tps CS,30082,0-0,3.9
427f758acd9ef054,Mi-tps CS,30082,0-1,4.98
427f758acd9ef054,Mi-tps CS,30082,0-2,6.57
427f758acd9ef054,Mi-tps CS,30082,0-3,12.99
427f758acd9ef054,Mi-tps CS,30082,1-0,9.65
427f758acd9ef054,Mi-tps CS,30082,1-1,5.47
427f758acd9ef054,Mi-tps CS,30082,1-2,10.82
427f758acd9ef054,Mi-tps CS,30082,2-0,28.23
427f758acd9ef054,Mi-tps CS,30082,2-1,24.02
427f758acd9ef054,Mi-tps CS,30082,3-0,100.0
427f758acd9ef054,+/-,30087,> 0.5,0.98
427f758acd9ef054,+/-,30087,< 0.5,26.37
427f758acd9ef054,+/-,30087,> 1.5,1.08
427f758acd9ef054,+/-,30087,< 1.5,7.32
427f758acd9ef054,+/-,30087,> 2.5,1.38
427f758acd9ef054,+/-,30087,< 2.5,2.97
427f758acd9ef054,+/-,30087,> 3.5,2.21
427f758acd9ef054,+/-,30087,< 3.5,1.65
427f758acd9ef054,HT/FT,30089,1/1,9.56
427f758acd9ef054,HT/FT,30089,1/X,23.86
427f758acd9ef054,HT/FT,30089,1/2,26.76
427f758acd9ef054,HT/FT,30089,X/1,13.23
427f758acd9ef054,HT/FT,30089,X/X,7.16
427f758acd9ef054,HT/FT,30089,X/2,4.71
427f758acd9ef054,HT/FT,30089,2/1,67.44
427f758acd9ef054,HT/FT,30089,2/X,23.07
427f758acd9ef054,HT/FT,30089,2/2,2.22
427f758acd9ef054,Total de buts,30090,0,24.96
427f758acd9ef054,Total de buts,30090,1,9.6
427f758acd9ef054,Total de buts,30090,2,4.72
427f758acd9ef054,Total de buts,30090,3,3.51
427f758acd9ef054,Total de buts,30090,4,3.96
427f758acd9ef054,Total de buts,30090,5,5.89
427f758acd9ef054,Total de buts,30090,6,17.64
427f758acd9ef054,G/NG,30091,Oui,1.55
427f758acd9ef054,G/NG,30091,Non,2.41
427f758acd9ef054,Les deux équipes marquent / 1ère mi temps,30092,Oui,3.43
427f758acd9ef054,Les deux équipes marquent / 1ère mi temps,30092,Non,1.3
427f758acd9ef054,1X2 & Total,30093,1 / > 1.5,6.43
427f758acd9ef054,1X2 & Total,30093,X / > 1.5,5.51
427f758acd9ef054,1X2 & Total,30093,2 / > 1.5,1.61
427f758acd9ef054,1X2 & Total,30093,1 / < 1.5,27.83
427f758acd9ef054,1X2 & Total,30093,X / < 1.5,25.41
427f758acd9ef054,1X2 & Total,30093,2 / < 1.5,15.05
427f758acd9ef054,1X2 & Total,30093,1 / > 2.5,7.51
427f758acd9ef054,1X2 & Total,30093,X / > 2.5,12.09
427f758acd9ef054,1X2 & Total,30093,2 / > 2.5,1.87
427f758acd9ef054,1X2 & Total,30093,1 / < 2.5,17.16
427f758acd9ef054,1X2 & Total,30093,X / < 2.5,7.23
427f758acd9ef054,1X2 & Total,30093,2 / < 2.5,6.53
427f758acd9ef054,1X2 & Total,30093,1 / > 3.5,16.08
427f758acd9ef054,1X2 & Total,30093,X / > 3.5,12.09
427f758acd9ef054,1X2 & Total,30093,2 / > 3.5,3.07
427f758acd9ef054,1X2 & Total,30093,1 / < 3.5,7.73
427f758acd9ef054,1X2 & Total,30093,X / < 3.5,7.23
427f758acd9ef054,1X2 & Total,30093,2 / < 3.5,2.76
427f758acd9ef054,1X2 & G/NG,30094,1 gagne et les deux équipes marquent,8.22
427f758acd9ef054,1X2 & G/NG,30094,1 gagne et seulement  1  marque,13.64
427f758acd9ef054,1X2 & G/NG,30094,X et les deux équipes marquent,5.41
427f758acd9ef054,1X2 & G/NG,30094,X et aucun but,24.96
427f758acd9ef054,1X2 & G/NG,30094,2 gagne et les deux équipes marquent,2.67
427f758acd9ef054,1X2 & G/NG,30094,2 gagne et seulement 2 marque,3.08
427f758acd9ef054,Total equipe domicile,30095,> 0.5,1.4
427f758acd9ef054,Total equipe domicile,30095,< 0.5,2.89
427f758acd9ef054,Total equipe domicile,30095,> 1.5,3.37
427f758acd9ef054,Total equipe domicile,30095,< 1.5,1.31
427f758acd9ef054,Total equipe domicile,30095,> 2.5,12.57
427f758acd9ef054,Total equipe domicile,30095,< 2.5,1.02
427f758acd9ef054,Total equipe domicile,30095,> 3.5,72.38
427f758acd9ef054,Total equipe domicile,30095,< 3.5,0.96
427f758acd9ef054,Total equipe extérieur,30096,> 0.5,1.05
427f758acd9ef054,Total equipe extérieur,30096,< 0.5,9.32
427f758acd9ef054,Total equipe extérieur,30096,> 1.5,1.42
427f758acd9ef054,Total equipe extérieur,30096,< 1.5,2.82
427f758acd9ef054,Total equipe extérieur,30096,> 2.5,2.47
427f758acd9ef054,Total equipe extérieur,30096,< 2.5,1.53
427f758acd9ef054,Total equipe extérieur,30096,> 3.5,5.98
427f758acd9ef054,Total equipe extérieur,30096,< 3.5,1.12
427f758acd9ef054,G/NG equipe domicile,30097,Oui,1.4
427f758acd9ef054,G/NG equipe domicile,30097,Non,2.89
427f758acd9ef054,G/NG equipe extérieur,30098,Oui,1.05
427f758acd9ef054,G/NG equipe extérieur,30098,Non,9.32
427f758acd9ef054,Pair/Impair,30099,Impair,1.85
427f758acd9ef054,Pair/Impair,30099,Pair,1.85
427f758acd9ef054,Minute du premier but,30100,1-15,3.78
427f758acd9ef054,Minute du premier but,30100,16-30,2.64
427f758acd9ef054,Minute du premier but,30100,31-45,4.99
427f758acd9ef054,Minute du premier but,30100,46-60,8.23
427f758acd9ef054,Minute du premier but,30100,61-75,15.71
427f758acd9ef054,Minute du premier but,30100,76-90,19.4
427f758acd9ef054,Minute du premier but,30100,Pas de but,24.96
427f758acd9ef054,FTTS,30101,1,2.41
427f758acd9ef054,FTTS,30101,2,1.5
427f758acd9ef054,FTTS,30101,Pas de but,24.96
427f758acd9ef054,Multi-Buts,30102,"Le total de buts est de 0, 1 ou 2",2.86
427f758acd9ef054,Multi-Buts,30102,"Le total de buts est de 1, 2 ou 3",1.69
427f758acd9ef054,Multi-Buts,30102,"Le total de buts est de 2, 3 ou 4",1.36
427f758acd9ef054,Multi-Buts,30102,Le total de buts est supérieur à 4,4.49
427f758acd9ef054,2ème mi-tps - CS,30105,0-0,5.41
427f758acd9ef054,2ème mi-tps - CS,30105,0-1,5.99
427f758acd9ef054,2ème mi-tps - CS,30105,0-2,6.01
427f758acd9ef054,2ème mi-tps - CS,30105,0-3,9.05
427f758acd9ef054,2ème mi-tps - CS,30105,1-0,10.65
427f758acd9ef054,2ème mi-tps - CS,30105,1-1,5.23
427f758acd9ef054,2ème mi-tps - CS,30105,1-2,7.88
427f758acd9ef054,2ème mi-tps - CS,30105,2-0,24.2
427f758acd9ef054,2ème mi-tps - CS,30105,2-1,17.83
427f758acd9ef054,2ème mi-tps - CS,30105,3-0,82.49
e8db48ab59447b33,1X2,30083,1,2.61
e8db48ab59447b33,1X2,30083,X,3.55
e8db48ab59447b33,1X2,30083,2,2.53
e8db48ab59447b33,Mi-tps 1X2,30084,1,3.53
e8db48ab59447b33,Mi-tps 1X2,30084,X,2.02
e8db48ab59447b33,Mi-tps 1X2,30084,2,3.32
e8db48ab59447b33,Double Chance,30085,1X,1.48
e8db48ab59447b33,Double Chance,30085,X2,1.45
e8db48ab59447b33,Double Chance,30085,12,1.26
e8db48ab59447b33,Mi-tps DC,30086,1X,1.28
e8db48ab59447b33,Mi-tps DC,30086,X2,1.25
e8db48ab59447b33,Mi-tps DC,30086,12,1.71
e8db48ab59447b33,Score exact,30081,0-0,14.82
e8db48ab59447b33,Score exact,30081,0-1,12.98
e8db48ab59447b33,Score exact,30081,0-2,16.32
e8db48ab59447b33,Score exact,30081,0-3,27.99
e8db48ab59447b33,Score exact,30081,0-4,77.3
e8db48ab59447b33,Score exact,30081,0-5,100.0
e8db48ab59447b33,Score exact,30081,0-6,100.0
e8db48ab59447b33,Score exact,30081,1-0,13.22
e8db48ab59447b33,Score exact,30081,1-1,7.08
e8db48ab59447b33,Score exact,30081,1-2,9.05
e8db48ab59447b33,Score exact,30081,1-3,18.83
e8db48ab59447b33,Score exact,30081,1-4,54.96
e8db48ab59447b33,Score exact,30081,1-5,100.0
e8db48ab59447b33,Score exact,30081,2-0,16.92
e8db48ab59447b33,Score exact,30081,2-1,9.22
e8db48ab59447b33,Score exact,30081,2-2,12.38
e8db48ab59447b33,Score exact,30081,2-3,28.5
e8db48ab59447b33,Score exact,30081,2-4,100.0
e8db48ab59447b33,Score exact,30081,3-0,29.52
e8db48ab59447b33,Score exact,30081,3-1,19.61
e8db48ab59447b33,Score exact,30081,3-2,29.11
e8db48ab59447b33,Score exact,30081,3-3,100.0
e8db48ab59447b33,Score exact,30081,4-0,83.88
e8db48ab59447b33,Score exact,30081,4-1,58.59
e8db48ab59447b33,Score exact,30081,4-2,100.0
e8db48ab59447b33,Score exact,30081,5-0,100.0
e8db48ab59447b33,Score exact,30081,5-1,100.0
e8db48ab59447b33,Score exact,30081,6-0,100.0
e8db48ab59447b33,Mi-tps CS,30082,0-0,2.92
e8db48ab59447b33,Mi-tps CS,30082,0-1,5.83
e8db48ab59447b33,Mi-tps CS,30082,0-2,13.47
e8db48ab59447b33,Mi-tps CS,30082,0-3,46.72
e8db48ab59447b33,Mi-tps CS,30082,1-0,6.09
e8db48ab59447b33,Mi-tps CS,30082,1-1,5.4
e8db48ab59447b33,Mi-tps CS,30082,1-2,18.74
e8db48ab59447b33,Mi-tps CS,30082,2-0,14.78
e8db48ab59447b33,Mi-tps CS,30082,2-1,19.68
e8db48ab59447b33,Mi-tps CS,30082,3-0,53.84
e8db48ab59447b33,+/-,30087,> 0.5,1.0
e8db48ab59447b33,+/-,30087,< 0.5,15.66
e8db48ab59447b33,+/-,30087,> 1.5,1.17
e8db48ab59447b33,+/-,30087,< 1.5,4.8
e8db48ab59447b33,+/-,30087,> 2.5,1.66
e8db48ab59447b33,+/-,30087,< 2.5,2.19
e8db48ab59447b33,+/-,30087,> 3.5,3.02
e8db48ab59447b33,+/-,30087,< 3.5,1.37
e8db48ab59447b33,HT/FT,30089,1/1,4.5
e8db48ab59447b33,HT/FT,30089,1/X,20.97
e8db48ab59447b33,HT/FT,30089,1/2,42.31
e8db48ab59447b33,HT/FT,30089,X/1,6.36
e8db48ab59447b33,HT/FT,30089,X/X,5.0
e8db48ab59447b33,HT/FT,30089,X/2,6.37
e8db48ab59447b33,HT/FT,30089,2/1,40.19
e8db48ab59447b33,HT/FT,30089,2/X,19.9
e8db48ab59447b33,HT/FT,30089,2/2,4.22
e8db48ab59447b33,Total de buts,30090,0,14.82
e8db48ab59447b33,Total de buts,30090,1,6.55
e8db48ab59447b33,Total de buts,30090,2,3.82
e8db48ab59447b33,Total de buts,30090,3,3.47
e8db48ab59447b33,Total de buts,30090,4,4.77
e8db48ab59447b33,Total de buts,30090,5,8.96
e8db48ab59447b33,Total de buts,30090,6,35.27
e8db48ab59447b33,G/NG,30091,Oui,1.56
e8db48ab59447b33,G/NG,30091,Non,2.39
e8db48ab59447b33,Les deux équipes marquent / 1ère mi temps,30092,Oui,3.75
e8db48ab59447b33,Les deux équipes marquent / 1ère mi temps,30092,Non,1.26
e8db48ab59447b33,1X2 & Total,30093,1 / > 1.5,3.1
e8db48ab59447b33,1X2 & Total,30093,X / > 1.5,4.42
e8db48ab59447b33,1X2 & Total,30093,2 / > 1.5,2.99
e8db48ab59447b33,1X2 & Total,30093,1 / < 1.5,13.46
e8db48ab59447b33,1X2 & Total,30093,X / < 1.5,15.09
e8db48ab59447b33,1X2 & Total,30093,2 / < 1.5,13.22
e8db48ab59447b33,1X2 & Total,30093,1 / > 2.5,3.78
e8db48ab59447b33,1X2 & Total,30093,X / > 2.5,11.41
e8db48ab59447b33,1X2 & Total,30093,2 / > 2.5,3.64
e8db48ab59447b33,1X2 & Total,30093,1 / < 2.5,7.56
e8db48ab59447b33,1X2 & Total,30093,X / < 2.5,4.88
e8db48ab59447b33,1X2 & Total,30093,2 / < 2.5,7.36
e8db48ab59447b33,1X2 & Total,30093,1 / > 3.5,8.0
e8db48ab59447b33,1X2 & Total,30093,X / > 3.5,11.41
e8db48ab59447b33,1X2 & Total,30093,2 / > 3.5,7.64
e8db48ab59447b33,1X2 & Total,30093,1 / < 3.5,3.67
e8db48ab59447b33,1X2 & Total,30093,X / < 3.5,4.88
e8db48ab59447b33,1X2 & Total,30093,2 / < 3.5,3.58
e8db48ab59447b33,1X2 & G/NG,30094,1 gagne et les deux équipes marquent,4.55
e8db48ab59447b33,1X2 & G/NG,30094,1 gagne et seulement  1  marque,5.43
e8db48ab59447b33,1X2 & G/NG,30094,X et les deux équipes marquent,4.34
e8db48ab59447b33,1X2 & G/NG,30094,X et aucun but,14.82
e8db48ab59447b33,1X2 & G/NG,30094,2 gagne et les deux équipes marquent,4.41
e8db48ab59447b33,1X2 & G/NG,30094,2 gagne et seulement 2 marque,5.23
e8db48ab59447b33,Total equipe domicile,30095,> 0.5,1.23
e8db48ab59447b33,Total equipe domicile,30095,< 0.5,4.08
e8db48ab59447b33,Total equipe domicile,30095,> 1.5,2.3
e8db48ab59447b33,Total equipe domicile,30095,< 1.5,1.6
e8db48ab59447b33,Total equipe domicile,30095,> 2.5,6.23
e8db48ab59447b33,Total equipe domicile,30095,< 2.5,1.11
e8db48ab59447b33,Total equipe domicile,30095,> 3.5,25.22
e8db48ab59447b33,Total equipe domicile,30095,< 3.5,0.98
e8db48ab59447b33,Total equipe extérieur,30096,> 0.5,1.22
e8db48ab59447b33,Total equipe extérieur,30096,< 0.5,4.2
e8db48ab59447b33,Total equipe extérieur,30096,> 1.5,2.24
e8db48ab59447b33,Total equipe extérieur,30096,< 1.5,1.63
e8db48ab59447b33,Total equipe extérieur,30096,> 2.5,5.96
e8db48ab59447b33,Total equipe extérieur,30096,< 2.5,1.12
e8db48ab59447b33,Total equipe extérieur,30096,> 3.5,23.45
e8db48ab59447b33,Total equipe extérieur,30096,< 3.5,0.98
e8db48ab59447b33,G/NG equipe domicile,30097,Oui,1.23
e8db48ab59447b33,G/NG equipe domicile,30097,Non,4.08
e8db48ab59447b33,G/NG equipe extérieur,30098,Oui,1.22
e8db48ab59447b33,G/NG equipe extérieur,30098,Non,4.2
e8db48ab59447b33,Pair/Impair,30099,Impair,1.88
e8db48ab59447b33,Pair/Impair,30099,Pair,1.83
e8db48ab59447b33,Minute du premier but,30100,1-15,4.22
e8db48ab59447b33,Minute du premier but,30100,16-30,2.87
e8db48ab59447b33,Minute du premier but,30100,31-45,5.06
e8db48ab59447b33,Minute du premier but,30100,46-60,7.34
e8db48ab59447b33,Minute du premier but,30100,61-75,13.74
e8db48ab59447b33,Minute du premier but,30100,76-90,16.7
e8db48ab59447b33,Minute du premier but,30100,Pas de but,14.82
e8db48ab59447b33,FTTS,30101,1,1.92
e8db48ab59447b33,FTTS,30101,2,1.88
e8db48ab59447b33,FTTS,30101,Pas de but,14.82
e8db48ab59447b33,Multi-Buts,30102,"Le total de buts est de 0, 1 ou 2",2.11
e8db48ab59447b33,Multi-Buts,30102,"Le total de buts est de 1, 2 ou 3",1.45
e8db48ab59447b33,Multi-Buts,30102,"Le total de buts est de 2, 3 ou 4",1.34
e8db48ab59447b33,Multi-Buts,30102,Le total de buts est supérieur à 4,7.27
e8db48ab59447b33,2ème mi-tps - CS,30105,0-0,4.3
e8db48ab59447b33,2ème mi-tps - CS,30105,0-1,6.71
e8db48ab59447b33,2ème mi-tps - CS,30105,0-2,11.61
e8db48ab59447b33,2ème mi-tps - CS,30105,0-3,30.14
e8db48ab59447b33,2ème mi-tps - CS,30105,1-0,6.71
e8db48ab59447b33,2ème mi-tps - CS,30105,1-1,4.65
e8db48ab59447b33,2ème mi-tps - CS,30105,1-2,12.07
e8db48ab59447b33,2ème mi-tps - CS,30105,2-0,11.59
e8db48ab59447b33,2ème mi-tps - CS,30105,2-1,12.06
e8db48ab59447b33,2ème mi-tps - CS,30105,3-0,30.04
08fd20a3c3076742,1X2,30083,1,1.84
08fd20a3c3076742,1X2,30083,X,3.79
08fd20a3c3076742,1X2,30083,2,3.98
08fd20a3c3076742,Mi-tps 1X2,30084,1,2.54
08fd20a3c3076742,Mi-tps 1X2,30084,X,2.1
08fd20a3c3076742,Mi-tps 1X2,30084,2,4.74
08fd20a3c3076742,Double Chance,30085,1X,1.21
08fd20a3c3076742,Double Chance,30085,X2,1.9
08fd20a3c3076742,Double Chance,30085,12,1.23
08fd20a3c3076742,Mi-tps DC,30086,1X,1.15
08fd20a3c3076742,Mi-tps DC,30086,X2,1.46
08fd20a3c3076742,Mi-tps DC,30086,12,1.65
08fd20a3c3076742,Score exact,30081,0-0,15.43
08fd20a3c3076742,Score exact,30081,0-1,17.03
08fd20a3c3076742,Score exact,30081,0-2,27.6
08fd20a3c3076742,Score exact,30081,0-3,61.23
08fd20a3c3076742,Score exact,30081,0-4,100.0
08fd20a3c3076742,Score exact,30081,0-5,100.0
08fd20a3c3076742,Score exact,30081,0-6,100.0
08fd20a3c3076742,Score exact,30081,1-0,11.22
08fd20a3c3076742,Score exact,30081,1-1,7.59
08fd20a3c3076742,Score exact,30081,1-2,12.42
08fd20a3c3076742,Score exact,30081,1-3,33.09
08fd20a3c3076742,Score exact,30081,1-4,100.0
08fd20a3c3076742,Score exact,30081,1-5,100.0
08fd20a3c3076742,Score exact,30081,2-0,11.38
08fd20a3c3076742,Score exact,30081,2-1,7.85
08fd20a3c3076742,Score exact,30081,2-2,13.44
08fd20a3c3076742,Score exact,30081,2-3,39.81
08fd20a3c3076742,Score exact,30081,2-4,100.0
08fd20a3c3076742,Score exact,30081,3-0,15.67
08fd20a3c3076742,Score exact,30081,3-1,13.1
08fd20a3c3076742,Score exact,30081,3-2,24.71
08fd20a3c3076742,Score exact,30081,3-3,100.0
08fd20a3c3076742,Score exact,30081,4-0,34.75
08fd20a3c3076742,Score exact,30081,4-1,30.39
08fd20a3c3076742,Score exact,30081,4-2,100.0
08fd20a3c3076742,Score exact,30081,5-0,97.44
08fd20a3c3076742,Score exact,30081,5-1,100.0
08fd20a3c3076742,Score exact,30081,6-0,100.0
08fd20a3c3076742,Mi-tps CS,30082,0-0,3.07
08fd20a3c3076742,Mi-tps CS,30082,0-1,7.68
08fd20a3c3076742,Mi-tps CS,30082,0-2,22.79
08fd20a3c3076742,Mi-tps CS,30082,0-3,100.0
08fd20a3c3076742,Mi-tps CS,30082,1-0,4.98
08fd20a3c3076742,Mi-tps CS,30082,1-1,5.54
08fd20a3c3076742,Mi-tps CS,30082,1-2,24.62
08fd20a3c3076742,Mi-tps CS,30082,2-0,9.02
08fd20a3c3076742,Mi-tps CS,30082,2-1,15.04
08fd20a3c3076742,Mi-tps CS,30082,3-0,24.51
08fd20a3c3076742,+/-,30087,> 0.5,1.0
08fd20a3c3076742,+/-,30087,< 0.5,16.3
08fd20a3c3076742,+/-,30087,> 1.5,1.16
08fd20a3c3076742,+/-,30087,< 1.5,4.97
08fd20a3c3076742,+/-,30087,> 2.5,1.62
08fd20a3c3076742,+/-,30087,< 2.5,2.25
08fd20a3c3076742,+/-,30087,> 3.5,2.91
08fd20a3c3076742,+/-,30087,< 3.5,1.4
08fd20a3c3076742,HT/FT,30089,1/1,2.89
08fd20a3c3076742,HT/FT,30089,1/X,21.83
08fd20a3c3076742,HT/FT,30089,1/2,59.92
08fd20a3c3076742,HT/FT,30089,X/1,5.0
08fd20a3c3076742,HT/FT,30089,X/X,5.32
08fd20a3c3076742,HT/FT,30089,X/2,9.49
08fd20a3c3076742,HT/FT,30089,2/1,33.49
08fd20a3c3076742,HT/FT,30089,2/X,22.13
08fd20a3c3076742,HT/FT,30089,2/2,6.96
08fd20a3c3076742,Total de buts,30090,0,15.43
08fd20a3c3076742,Total de buts,30090,1,6.76
08fd20a3c3076742,Total de buts,30090,2,3.91
08fd20a3c3076742,Total de buts,30090,3,3.47
08fd20a3c3076742,Total de buts,30090,4,4.66
08fd20a3c3076742,Total de buts,30090,5,8.49
08fd20a3c3076742,Total de buts,30090,6,31.97
08fd20a3c3076742,G/NG,30091,Oui,1.61
08fd20a3c3076742,G/NG,30091,Non,2.28
08fd20a3c3076742,Les deux équipes marquent / 1ère mi temps,30092,Oui,3.77
08fd20a3c3076742,Les deux équipes marquent / 1ère mi temps,30092,Non,1.26
08fd20a3c3076742,1X2 & Total,30093,1 / > 1.5,2.09
08fd20a3c3076742,1X2 & Total,30093,X / > 1.5,4.76
08fd20a3c3076742,1X2 & Total,30093,2 / > 1.5,4.92
08fd20a3c3076742,1X2 & Total,30093,1 / < 1.5,11.42
08fd20a3c3076742,1X2 & Total,30093,X / < 1.5,15.71
08fd20a3c3076742,1X2 & Total,30093,2 / < 1.5,17.34
08fd20a3c3076742,1X2 & Total,30093,1 / > 2.5,2.55
08fd20a3c3076742,1X2 & Total,30093,X / > 2.5,12.39
08fd20a3c3076742,1X2 & Total,30093,2 / > 2.5,5.97
08fd20a3c3076742,1X2 & Total,30093,1 / < 2.5,5.75
08fd20a3c3076742,1X2 & Total,30093,X / < 2.5,5.18
08fd20a3c3076742,1X2 & Total,30093,2 / < 2.5,10.72
08fd20a3c3076742,1X2 & Total,30093,1 / > 3.5,4.91
08fd20a3c3076742,1X2 & Total,30093,X / > 3.5,12.39
08fd20a3c3076742,1X2 & Total,30093,2 / > 3.5,13.79
08fd20a3c3076742,1X2 & Total,30093,1 / < 3.5,2.77
08fd20a3c3076742,1X2 & Total,30093,X / < 3.5,5.18
08fd20a3c3076742,1X2 & Total,30093,2 / < 3.5,5.31
08fd20a3c3076742,1X2 & G/NG,30094,1 gagne et les deux équipes marquent,3.41
08fd20a3c3076742,1X2 & G/NG,30094,1 gagne et seulement  1  marque,3.55
08fd20a3c3076742,1X2 & G/NG,30094,X et les deux équipes marquent,4.67
08fd20a3c3076742,1X2 & G/NG,30094,X et aucun but,15.43
08fd20a3c3076742,1X2 & G/NG,30094,2 gagne et les deux équipes marquent,6.73
08fd20a3c3076742,1X2 & G/NG,30094,2 gagne et seulement 2 marque,8.55
08fd20a3c3076742,Total equipe domicile,30095,> 0.5,1.13
08fd20a3c3076742,Total equipe domicile,30095,< 0.5,5.81
08fd20a3c3076742,Total equipe domicile,30095,> 1.5,1.77
08fd20a3c3076742,Total equipe domicile,30095,< 1.5,2.02
08fd20a3c3076742,Total equipe domicile,30095,> 2.5,3.79
08fd20a3c3076742,Total equipe domicile,30095,< 2.5,1.26
08fd20a3c3076742,Total equipe domicile,30095,> 3.5,11.66
08fd20a3c3076742,Total equipe domicile,30095,< 3.5,1.03
08fd20a3c3076742,Total equipe extérieur,30096,> 0.5,1.37
08fd20a3c3076742,Total equipe extérieur,30096,< 0.5,3.05
08fd20a3c3076742,Total equipe extérieur,30096,> 1.5,3.11
08fd20a3c3076742,Total equipe extérieur,30096,< 1.5,1.35
08fd20a3c3076742,Total equipe extérieur,30096,> 2.5,10.79
08fd20a3c3076742,Total equipe extérieur,30096,< 2.5,1.03
08fd20a3c3076742,Total equipe extérieur,30096,> 3.5,57.14
08fd20a3c3076742,Total equipe extérieur,30096,< 3.5,0.96
08fd20a3c3076742,G/NG equipe domicile,30097,Oui,1.13
08fd20a3c3076742,G/NG equipe domicile,30097,Non,5.81
08fd20a3c3076742,G/NG equipe extérieur,30098,Oui,1.37
08fd20a3c3076742,G/NG equipe extérieur,30098,Non,3.05
08fd20a3c3076742,Pair/Impair,30099,Impair,1.87
08fd20a3c3076742,Pair/Impair,30099,Pair,1.83
08fd20a3c3076742,Minute du premier but,30100,1-15,4.14
08fd20a3c3076742,Minute du premier but,30100,16-30,2.83
08fd20a3c3076742,Minute du premier but,30100,31-45,5.04
08fd20a3c3076742,Minute du premier but,30100,46-60,7.61
08fd20a3c3076742,Minute du premier but,30100,61-75,14.07
08fd20a3c3076742,Minute du premier but,30100,76-90,16.96
08fd20a3c3076742,Minute du premier but,30100,Pas de but,15.43
08fd20a3c3076742,FTTS,30101,1,1.65
08fd20a3c3076742,FTTS,30101,2,2.23
08fd20a3c3076742,FTTS,30101,Pas de but,15.43
08fd20a3c3076742,Multi-Buts,30102,"Le total de buts est de 0, 1 ou 2",2.17
08fd20a3c3076742,Multi-Buts,30102,"Le total de buts est de 1, 2 ou 3",1.47
08fd20a3c3076742,Multi-Buts,30102,"Le total de buts est de 2, 3 ou 4",1.34
08fd20a3c3076742,Multi-Buts,30102,Le total de buts est supérieur à 4,6.83
08fd20a3c3076742,2ème mi-tps - CS,30105,0-0,4.26
08fd20a3c3076742,2ème mi-tps - CS,30105,0-1,8.4
08fd20a3c3076742,2ème mi-tps - CS,30105,0-2,19.18
08fd20a3c3076742,2ème mi-tps - CS,30105,0-3,65.67
08fd20a3c3076742,2ème mi-tps - CS,30105,1-0,5.61
08fd20a3c3076742,2ème mi-tps - CS,30105,1-1,4.93
08fd20a3c3076742,2ème mi-tps - CS,30105,1-2,16.87
08fd20a3c3076742,2ème mi-tps - CS,30105,2-0,7.77
08fd20a3c3076742,2ème mi-tps - CS,30105,2-1,10.23
08fd20a3c3076742,2ème mi-tps - CS,30105,3-0,16.15
d34e1c542c9fcc28,1X2,30083,1,1.65
d34e1c542c9fcc28,1X2,30083,X,4.21
d34e1c542c9fcc28,1X2,30083,2,4.65
d34e1c542c9fcc28,Mi-tps 1X2,30084,1,2.31
d34e1c542c9fcc28,Mi-tps 1X2,30084,X,2.17
d34e1c542c9fcc28,Mi-tps 1X2,30084,2,5.34
d34e1c542c9fcc28,Double Chance,30085,1X,1.16
d34e1c542c9fcc28,Double Chance,30085,X2,2.17
d34e1c542c9fcc28,Double Chance,30085,12,1.19
d34e1c542c9fcc28,Mi-tps DC,30086,1X,1.12
d34e1c542c9fcc28,Mi-tps DC,30086,X2,1.54
d34e1c542c9fcc28,Mi-tps DC,30086,12,1.61
d34e1c542c9fcc28,Score exact,30081,0-0,19.52
d34e1c542c9fcc28,Score exact,30081,0-1,21.52
d34e1c542c9fcc28,Score exact,30081,0-2,34.6
d34e1c542c9fcc28,Score exact,30081,0-3,76.18
d34e1c542c9fcc28,Score exact,30081,0-4,100.0
d34e1c542c9fcc28,Score exact,30081,0-5,100.0
d34e1c542c9fcc28,Score exact,30081,0-6,100.0
d34e1c542c9fcc28,Score exact,30081,1-0,12.72
d34e1c542c9fcc28,Score exact,30081,1-1,8.55
d34e1c542c9fcc28,Score exact,30081,1-2,13.99
d34e1c542c9fcc28,Score exact,30081,1-3,37.76
d34e1c542c9fcc28,Score exact,30081,1-4,100.0
d34e1c542c9fcc28,Score exact,30081,1-5,100.0
d34e1c542c9fcc28,Score exact,30081,2-0,11.03
d34e1c542c9fcc28,Score exact,30081,2-1,7.67
d34e1c542c9fcc28,Score exact,30081,2-2,13.46
d34e1c542c9fcc28,Score exact,30081,2-3,40.33
d34e1c542c9fcc28,Score exact,30081,2-4,100.0
d34e1c542c9fcc28,Score exact,30081,3-0,12.91
d34e1c542c9fcc28,Score exact,30081,3-1,11.19
d34e1c542c9fcc28,Score exact,30081,3-2,21.48
d34e1c542c9fcc28,Score exact,30081,3-3,100.0
d34e1c542c9fcc28,Score exact,30081,4-0,25.13
d34e1c542c9fcc28,Score exact,30081,4-1,22.43
d34e1c542c9fcc28,Score exact,30081,4-2,77.57
d34e1c542c9fcc28,Score exact,30081,5-0,60.78
d34e1c542c9fcc28,Score exact,30081,5-1,92.48
d34e1c542c9fcc28,Score exact,30081,6-0,100.0
d34e1c542c9fcc28,Mi-tps CS,30082,0-0,3.19
d34e1c542c9fcc28,Mi-tps CS,30082,0-1,8.51
d34e1c542c9fcc28,Mi-tps CS,30082,0-2,27.05
d34e1c542c9fcc28,Mi-tps CS,30082,0-3,100.0
d34e1c542c9fcc28,Mi-tps CS,30082,1-0,4.77
d34e1c542c9fcc28,Mi-tps CS,30082,1-1,5.66
d34e1c542c9fcc28,Mi-tps CS,30082,1-2,27.0
d34e1c542c9fcc28,Mi-tps CS,30082,2-0,7.84
d34e1c542c9fcc28,Mi-tps CS,30082,2-1,13.95
d34e1c542c9fcc28,Mi-tps CS,30082,3-0,19.31
d34e1c542c9fcc28,+/-,30087,> 0.5,0.99
d34e1c542c9fcc28,+/-,30087,< 0.5,20.63
d34e1c542c9fcc28,+/-,30087,> 1.5,1.12
d34e1c542c9fcc28,+/-,30087,< 1.5,5.99
d34e1c542c9fcc28,+/-,30087,> 2.5,1.49
d34e1c542c9fcc28,+/-,30087,< 2.5,2.56
d34e1c542c9fcc28,+/-,30087,> 3.5,2.55
d34e1c542c9fcc28,+/-,30087,< 3.5,1.5
d34e1c542c9fcc28,HT/FT,30089,1/1,2.58
d34e1c542c9fcc28,HT/FT,30089,1/X,22.23
d34e1c542c9fcc28,HT/FT,30089,1/2,60.88
d34e1c542c9fcc28,HT/FT,30089,X/1,4.55
d34e1c542c9fcc28,HT/FT,30089,X/X,6.13
d34e1c542c9fcc28,HT/FT,30089,X/2,10.62
d34e1c542c9fcc28,HT/FT,30089,2/1,28.96
d34e1c542c9fcc28,HT/FT,30089,2/X,23.25
d34e1c542c9fcc28,HT/FT,30089,2/2,8.58
d34e1c542c9fcc28,Total de buts,30090,0,19.52
d34e1c542c9fcc28,Total de buts,30090,1,7.99
d34e1c542c9fcc28,Total de buts,30090,2,4.23
d34e1c542c9fcc28,Total de buts,30090,3,3.42
d34e1c542c9fcc28,Total de buts,30090,4,4.28
d34e1c542c9fcc28,Total de buts,30090,5,7.14
d34e1c542c9fcc28,Total de buts,30090,6,24.35
d34e1c542c9fcc28,G/NG,30091,Oui,1.58
d34e1c542c9fcc28,G/NG,30091,Non,2.34
d34e1c542c9fcc28,Les deux équipes marquent / 1ère mi temps,30092,Oui,3.8
d34e1c542c9fcc28,Les deux équipes marquent / 1ère mi temps,30092,Non,1.25
d34e1c542c9fcc28,1X2 & Total,30093,1 / > 1.5,1.81
d34e1c542c9fcc28,1X2 & Total,30093,X / > 1.5,5.09
d34e1c542c9fcc28,1X2 & Total,30093,2 / > 1.5,5.63
d34e1c542c9fcc28,1X2 & Total,30093,1 / < 1.5,12.95
d34e1c542c9fcc28,1X2 & Total,30093,X / < 1.5,19.88
d34e1c542c9fcc28,1X2 & Total,30093,2 / < 1.5,21.91
d34e1c542c9fcc28,1X2 & Total,30093,1 / > 2.5,2.16
d34e1c542c9fcc28,1X2 & Total,30093,X / > 2.5,12.25
d34e1c542c9fcc28,1X2 & Total,30093,2 / > 2.5,6.71
d34e1c542c9fcc28,1X2 & Total,30093,1 / < 2.5,6.02
d34e1c542c9fcc28,1X2 & Total,30093,X / < 2.5,6.06
d34e1c542c9fcc28,1X2 & Total,30093,2 / < 2.5,13.51
d34e1c542c9fcc28,1X2 & Total,30093,1 / > 3.5,3.85
d34e1c542c9fcc28,1X2 & Total,30093,X / > 3.5,12.25
d34e1c542c9fcc28,1X2 & Total,30093,2 / > 3.5,15.15
d34e1c542c9fcc28,1X2 & Total,30093,1 / < 3.5,2.7
d34e1c542c9fcc28,1X2 & Total,30093,X / < 3.5,6.06
d34e1c542c9fcc28,1X2 & Total,30093,2 / < 3.5,6.37
d34e1c542c9fcc28,1X2 & G/NG,30094,1 gagne et les deux équipes marquent,2.99
d34e1c542c9fcc28,1X2 & G/NG,30094,1 gagne et seulement  1  marque,3.26
d34e1c542c9fcc28,1X2 & G/NG,30094,X et les deux équipes marquent,5.0
d34e1c542c9fcc28,1X2 & G/NG,30094,X et aucun but,19.52
d34e1c542c9fcc28,1X2 & G/NG,30094,2 gagne et les deux équipes marquent,7.45
d34e1c542c9fcc28,1X2 & G/NG,30094,2 gagne et seulement 2 marque,10.75
d34e1c542c9fcc28,Total equipe domicile,30095,> 0.5,1.08
d34e1c542c9fcc28,Total equipe domicile,30095,< 0.5,7.33
d34e1c542c9fcc28,Total equipe domicile,30095,> 1.5,1.57
d34e1c542c9fcc28,Total equipe domicile,30095,< 1.5,2.37
d34e1c542c9fcc28,Total equipe domicile,30095,> 2.5,3.01
d34e1c542c9fcc28,Total equipe domicile,30095,< 2.5,1.37
d34e1c542c9fcc28,Total equipe domicile,30095,> 3.5,8.22
d34e1c542c9fcc28,Total equipe domicile,30095,< 3.5,1.07
d34e1c542c9fcc28,Total equipe extérieur,30096,> 0.5,1.39
d34e1c542c9fcc28,Total equipe extérieur,30096,< 0.5,2.95
d34e1c542c9fcc28,Total equipe extérieur,30096,> 1.5,3.27
d34e1c542c9fcc28,Total equipe extérieur,30096,< 1.5,1.33
d34e1c542c9fcc28,Total equipe extérieur,30096,> 2.5,11.85
d34e1c542c9fcc28,Total equipe extérieur,30096,< 2.5,1.02
d34e1c542c9fcc28,Total equipe extérieur,30096,> 3.5,66.27
d34e1c542c9fcc28,Total equipe extérieur,30096,< 3.5,0.96
d34e1c542c9fcc28,G/NG equipe domicile,30097,Oui,1.08
d34e1c542c9fcc28,G/NG equipe domicile,30097,Non,7.33
d34e1c542c9fcc28,G/NG equipe extérieur,30098,Oui,1.39
d34e1c542c9fcc28,G/NG equipe extérieur,30098,Non,2.95
d34e1c542c9fcc28,Pair/Impair,30099,Impair,1.86
d34e1c542c9fcc28,Pair/Impair,30099,Pair,1.84
d34e1c542c9fcc28,Minute du premier but,30100,1-15,4.09
d34e1c542c9fcc28,Minute du premier but,30100,16-30,2.8
d34e1c542c9fcc28,Minute du premier but,30100,31-45,5.01
d34e1c542c9fcc28,Minute du premier but,30100,46-60,7.3
d34e1c542c9fcc28,Minute du premier but,30100,61-75,13.93
d34e1c542c9fcc28,Minute du premier but,30100,76-90,17.21
d34e1c542c9fcc28,Minute du premier but,30100,Pas de but,19.52
d34e1c542c9fcc28,FTTS,30101,1,1.56
d34e1c542c9fcc28,FTTS,30101,2,2.33
d34e1c542c9fcc28,FTTS,30101,Pas de but,19.52
d34e1c542c9fcc28,Multi-Buts,30102,"Le total de buts est de 0, 1 ou 2",2.47
d34e1c542c9fcc28,Multi-Buts,30102,"Le total de buts est de 1, 2 ou 3",1.56
d34e1c542c9fcc28,Multi-Buts,30102,"Le total de buts est de 2, 3 ou 4",1.34
d34e1c542c9fcc28,Multi-Buts,30102,Le total de buts est supérieur à 4,5.62
d34e1c542c9fcc28,2ème mi-tps - CS,30105,0-0,5.19
d34e1c542c9fcc28,2ème mi-tps - CS,30105,0-1,9.74
d34e1c542c9fcc28,2ème mi-tps - CS,30105,0-2,21.01
d34e1c542c9fcc28,2ème mi-tps - CS,30105,0-3,67.96
d34e1c542c9fcc28,2ème mi-tps - CS,30105,1-0,5.98
d34e1c542c9fcc28,2ème mi-tps - CS,30105,1-1,4.99
d34e1c542c9fcc28,2ème mi-tps - CS,30105,1-2,16.15
d34e1c542c9fcc28,2ème mi-tps - CS,30105,2-0,6.62
d34e1c542c9fcc28,2ème mi-tps - CS,30105,2-1,8.29
d34e1c542c9fcc28,2ème mi-tps - CS,30105,3-0,10.99
da6eec3aad4891fc,1X2,30083,1,2.4
da6eec3aad4891fc,1X2,30083,X,3.82
da6eec3aad4891fc,1X2,30083,2,2.62
da6eec3aad4891fc,Mi-tps 1X2,30084,1,3.11
da6eec3aad4891fc,Mi-tps 1X2,30084,X,2.18
da6eec3aad4891fc,Mi-tps 1X2,30084,2,3.35
da6eec3aad4891fc,Double Chance,30085,1X,1.45
da6eec3aad4891fc,Double Chance,30085,X2,1.53
da6eec3aad4891fc,Double Chance,30085,12,1.23
da6eec3aad4891fc,Mi-tps DC,30086,1X,1.28
da6eec3aad4891fc,Mi-tps DC,30086,X2,1.32
da6eec3aad4891fc,Mi-tps DC,30086,12,1.61
da6eec3aad4891fc,Score exact,30081,0-0,20.84
da6eec3aad4891fc,Score exact,30081,0-1,16.87
da6eec3aad4891fc,Score exact,30081,0-2,19.38
da6eec3aad4891fc,Score exact,30081,0-3,30.3
da6eec3aad4891fc,Score exact,30081,0-4,76.51
da6eec3aad4891fc,Score exact,30081,0-5,100.0
da6eec3aad4891fc,Score exact,30081,0-6,100.0
da6eec3aad4891fc,Score exact,30081,1-0,16.13
da6eec3aad4891fc,Score exact,30081,1-1,7.99
da6eec3aad4891fc,Score exact,30081,1-2,9.35
da6eec3aad4891fc,Score exact,30081,1-3,17.72
da6eec3aad4891fc,Score exact,30081,1-4,47.0
da6eec3aad4891fc,Score exact,30081,1-5,100.0
da6eec3aad4891fc,Score exact,30081,2-0,17.6
da6eec3aad4891fc,Score exact,30081,2-1,8.89
da6eec3aad4891fc,Score exact,30081,2-2,10.95
da6eec3aad4891fc,Score exact,30081,2-3,22.95
da6eec3aad4891fc,Score exact,30081,2-4,100.0
da6eec3aad4891fc,Score exact,30081,3-0,26.12
da6eec3aad4891fc,Score exact,30081,3-1,16.0
da6eec3aad4891fc,Score exact,30081,3-2,21.76
da6eec3aad4891fc,Score exact,30081,3-3,80.47
da6eec3aad4891fc,Score exact,30081,4-0,62.56
da6eec3aad4891fc,Score exact,30081,4-1,40.19
da6eec3aad4891fc,Score exact,30081,4-2,98.26
da6eec3aad4891fc,Score exact,30081,5-0,100.0
da6eec3aad4891fc,Score exact,30081,5-1,100.0
da6eec3aad4891fc,Score exact,30081,6-0,100.0
da6eec3aad4891fc,Mi-tps CS,30082,0-0,3.47
da6eec3aad4891fc,Mi-tps CS,30082,0-1,6.39
da6eec3aad4891fc,Mi-tps CS,30082,0-2,13.46
da6eec3aad4891fc,Mi-tps CS,30082,0-3,42.54
da6eec3aad4891fc,Mi-tps CS,30082,1-0,6.08
da6eec3aad4891fc,Mi-tps CS,30082,1-1,4.97
da6eec3aad4891fc,Mi-tps CS,30082,1-2,15.7
da6eec3aad4891fc,Mi-tps CS,30082,2-0,12.06
da6eec3aad4891fc,Mi-tps CS,30082,2-1,14.8
da6eec3aad4891fc,Mi-tps CS,30082,3-0,35.94
da6eec3aad4891fc,+/-,30087,> 0.5,0.99
da6eec3aad4891fc,+/-,30087,< 0.5,22.02
da6eec3aad4891fc,+/-,30087,> 1.5,1.11
da6eec3aad4891fc,+/-,30087,< 1.5,6.24
da6eec3aad4891fc,+/-,30087,> 2.5,1.47
da6eec3aad4891fc,+/-,30087,< 2.5,2.62
da6eec3aad4891fc,+/-,30087,> 3.5,2.48
da6eec3aad4891fc,+/-,30087,< 3.5,1.52
da6eec3aad4891fc,HT/FT,30089,1/1,3.92
da6eec3aad4891fc,HT/FT,30089,1/X,19.16
da6eec3aad4891fc,HT/FT,30089,1/2,37.13
da6eec3aad4891fc,HT/FT,30089,X/1,6.37
da6eec3aad4891fc,HT/FT,30089,X/X,5.78
da6eec3aad4891fc,HT/FT,30089,X/2,6.82
da6eec3aad4891fc,HT/FT,30089,2/1,35.18
da6eec3aad4891fc,HT/FT,30089,2/X,19.34
da6eec3aad4891fc,HT/FT,30089,2/2,4.36
da6eec3aad4891fc,Total de buts,30090,0,20.84
da6eec3aad4891fc,Total de buts,30090,1,8.25
da6eec3aad4891fc,Total de buts,30090,2,4.28
da6eec3aad4891fc,Total de buts,30090,3,3.44
da6eec3aad4891fc,Total de buts,30090,4,4.18
da6eec3aad4891fc,Total de buts,30090,5,6.9
da6eec3aad4891fc,Total de buts,30090,6,23.74
da6eec3aad4891fc,G/NG,30091,Oui,1.45
da6eec3aad4891fc,G/NG,30091,Non,2.72
da6eec3aad4891fc,Les deux équipes marquent / 1ère mi temps,30092,Oui,3.26
da6eec3aad4891fc,Les deux équipes marquent / 1ère mi temps,30092,Non,1.33
da6eec3aad4891fc,1X2 & Total,30093,1 / > 1.5,2.69
da6eec3aad4891fc,1X2 & Total,30093,X / > 1.5,4.45
da6eec3aad4891fc,1X2 & Total,30093,2 / > 1.5,2.96
da6eec3aad4891fc,1X2 & Total,30093,1 / < 1.5,16.43
da6eec3aad4891fc,1X2 & Total,30093,X / < 1.5,21.22
da6eec3aad4891fc,1X2 & Total,30093,2 / < 1.5,17.17
da6eec3aad4891fc,1X2 & Total,30093,1 / > 2.5,3.17
da6eec3aad4891fc,1X2 & Total,30093,X / > 2.5,9.81
da6eec3aad4891fc,1X2 & Total,30093,2 / > 2.5,3.49
da6eec3aad4891fc,1X2 & Total,30093,1 / < 2.5,8.57
da6eec3aad4891fc,1X2 & Total,30093,X / < 2.5,5.88
da6eec3aad4891fc,1X2 & Total,30093,2 / < 2.5,9.18
da6eec3aad4891fc,1X2 & Total,30093,1 / > 3.5,5.97
da6eec3aad4891fc,1X2 & Total,30093,X / > 3.5,9.81
da6eec3aad4891fc,1X2 & Total,30093,2 / > 3.5,6.69
da6eec3aad4891fc,1X2 & Total,30093,1 / < 3.5,3.78
da6eec3aad4891fc,1X2 & Total,30093,X / < 3.5,5.88
da6eec3aad4891fc,1X2 & Total,30093,2 / < 3.5,4.06
da6eec3aad4891fc,1X2 & G/NG,30094,1 gagne et les deux équipes marquent,3.83
da6eec3aad4891fc,1X2 & G/NG,30094,1 gagne et seulement  1  marque,5.58
da6eec3aad4891fc,1X2 & G/NG,30094,X et les deux équipes marquent,4.37
da6eec3aad4891fc,1X2 & G/NG,30094,X et aucun but,20.84
da6eec3aad4891fc,1X2 & G/NG,30094,2 gagne et les deux équipes marquent,4.14
da6eec3aad4891fc,1X2 & G/NG,30094,2 gagne et seulement 2 marque,6.18
da6eec3aad4891fc,Total equipe domicile,30095,> 0.5,1.16
da6eec3aad4891fc,Total equipe domicile,30095,< 0.5,5.04
da6eec3aad4891fc,Total equipe domicile,30095,> 1.5,1.98
da6eec3aad4891fc,Total equipe domicile,30095,< 1.5,1.8
da6eec3aad4891fc,Total equipe domicile,30095,> 2.5,4.78
da6eec3aad4891fc,Total equipe domicile,30095,< 2.5,1.18
da6eec3aad4891fc,Total equipe domicile,30095,> 3.5,17.02
da6eec3aad4891fc,Total equipe domicile,30095,< 3.5,1.0
da6eec3aad4891fc,Total equipe extérieur,30096,> 0.5,1.18
da6eec3aad4891fc,Total equipe extérieur,30096,< 0.5,4.65
da6eec3aad4891fc,Total equipe extérieur,30096,> 1.5,2.1
da6eec3aad4891fc,Total equipe extérieur,30096,< 1.5,1.71
da6eec3aad4891fc,Total equipe extérieur,30096,> 2.5,5.35
da6eec3aad4891fc,Total equipe extérieur,30096,< 2.5,1.15
da6eec3aad4891fc,Total equipe extérieur,30096,> 3.5,20.26
da6eec3aad4891fc,Total equipe extérieur,30096,< 3.5,0.99
da6eec3aad4891fc,G/NG equipe domicile,30097,Oui,1.16
da6eec3aad4891fc,G/NG equipe domicile,30097,Non,5.04
da6eec3aad4891fc,G/NG equipe extérieur,30098,Oui,1.18
da6eec3aad4891fc,G/NG equipe extérieur,30098,Non,4.65
da6eec3aad4891fc,Pair/Impair,30099,Impair,1.86
da6eec3aad4891fc,Pair/Impair,30099,Pair,1.84
da6eec3aad4891fc,Minute du premier but,30100,1-15,3.86
da6eec3aad4891fc,Minute du premier but,30100,16-30,2.69
da6eec3aad4891fc,Minute du premier but,30100,31-45,5.03
da6eec3aad4891fc,Minute du premier but,30100,46-60,7.95
da6eec3aad4891fc,Minute du premier but,30100,61-75,15.38
da6eec3aad4891fc,Minute du premier but,30100,76-90,19.21
da6eec3aad4891fc,Minute du premier but,30100,Pas de but,20.84
da6eec3aad4891fc,FTTS,30101,1,1.83
da6eec3aad4891fc,FTTS,30101,2,1.9
da6eec3aad4891fc,FTTS,30101,Pas de but,20.84
da6eec3aad4891fc,Multi-Buts,30102,"Le total de buts est de 0, 1 ou 2",2.53
da6eec3aad4891fc,Multi-Buts,30102,"Le total de buts est de 1, 2 ou 3",1.58
da6eec3aad4891fc,Multi-Buts,30102,"Le total de buts est de 2, 3 ou 4",1.33
da6eec3aad4891fc,Multi-Buts,30102,Le total de buts est supérieur à 4,5.44
da6eec3aad4891fc,2ème mi-tps - CS,30105,0-0,5.08
da6eec3aad4891fc,2ème mi-tps - CS,30105,0-1,7.34
da6eec3aad4891fc,2ème mi-tps - CS,30105,0-2,11.51
da6eec3aad4891fc,2ème mi-tps - CS,30105,0-3,27.07
da6eec3aad4891fc,2ème mi-tps - CS,30105,1-0,7.06
da6eec3aad4891fc,2ème mi-tps - CS,30105,1-1,4.53
da6eec3aad4891fc,2ème mi-tps - CS,30105,1-2,10.66
da6eec3aad4891fc,2ème mi-tps - CS,30105,2-0,10.49
da6eec3aad4891fc,2ème mi-tps - CS,30105,2-1,10.11
da6eec3aad4891fc,2ème mi-tps - CS,30105,3-0,23.4
cde1b857e3d845e1,1X2,30083,1,2.81
cde1b857e3d845e1,1X2,30083,X,3.46
cde1b857e3d845e1,1X2,30083,2,2.41
cde1b857e3d845e1,Mi-tps 1X2,30084,1,3.63
cde1b857e3d845e1,Mi-tps 1X2,30084,X,1.99
cde1b857e3d845e1,Mi-tps 1X2,30084,2,3.31
cde1b857e3d845e1,Double Chance,30085,1X,1.52
cde1b857e3d845e1,Double Chance,30085,X2,1.39
cde1b857e3d845e1,Double Chance,30085,12,1.27
cde1b857e3d845e1,Mi-tps DC,30086,1X,1.29
cde1b857e3d845e1,Mi-tps DC,30086,X2,1.24
cde1b857e3d845e1,Mi-tps DC,30086,12,1.73
cde1b857e3d845e1,Score exact,30081,0-0,13.13
cde1b857e3d845e1,Score exact,30081,0-1,11.61
cde1b857e3d845e1,Score exact,30081,0-2,14.76
cde1b857e3d845e1,Score exact,30081,0-3,25.58
cde1b857e3d845e1,Score exact,30081,0-4,71.47
cde1b857e3d845e1,Score exact,30081,0-5,100.0
cde1b857e3d845e1,Score exact,30081,0-6,100.0
cde1b857e3d845e1,Score exact,30081,1-0,12.66
cde1b857e3d845e1,Score exact,30081,1-1,6.86
cde1b857e3d845e1,Score exact,30081,1-2,8.85
cde1b857e3d845e1,Score exact,30081,1-3,18.55
cde1b857e3d845e1,Score exact,30081,1-4,54.63
cde1b857e3d845e1,Score exact,30081,1-5,100.0
cde1b857e3d845e1,Score exact,30081,2-0,17.75
cde1b857e3d845e1,Score exact,30081,2-1,9.73
cde1b857e3d845e1,Score exact,30081,2-2,13.08
cde1b857e3d845e1,Score exact,30081,2-3,30.34
cde1b857e3d845e1,Score exact,30081,2-4,100.0
cde1b857e3d845e1,Score exact,30081,3-0,34.0
cde1b857e3d845e1,Score exact,30081,3-1,22.41
cde1b857e3d845e1,Score exact,30081,3-2,33.42
cde1b857e3d845e1,Score exact,30081,3-3,100.0
cde1b857e3d845e1,Score exact,30081,4-0,100.0
cde1b857e3d845e1,Score exact,30081,4-1,72.68
cde1b857e3d845e1,Score exact,30081,4-2,100.0
cde1b857e3d845e1,Score exact,30081,5-0,100.0
cde1b857e3d845e1,Score exact,30081,5-1,100.0
cde1b857e3d845e1,Score exact,30081,6-0,100.0
cde1b857e3d845e1,Mi-tps CS,30082,0-0,2.83
cde1b857e3d845e1,Mi-tps CS,30082,0-1,5.73
cde1b857e3d845e1,Mi-tps CS,30082,0-2,13.44
cde1b857e3d845e1,Mi-tps CS,30082,0-3,47.31
cde1b857e3d845e1,Mi-tps CS,30082,1-0,6.12
cde1b857e3d845e1,Mi-tps CS,30082,1-1,5.5
cde1b857e3d845e1,Mi-tps CS,30082,1-2,19.35
cde1b857e3d845e1,Mi-tps CS,30082,2-0,15.43
cde1b857e3d845e1,Mi-tps CS,30082,2-1,20.81
cde1b857e3d845e1,Mi-tps CS,30082,3-0,58.38
cde1b857e3d845e1,+/-,30087,> 0.5,1.01
cde1b857e3d845e1,+/-,30087,< 0.5,13.87
cde1b857e3d845e1,+/-,30087,> 1.5,1.2
cde1b857e3d845e1,+/-,30087,< 1.5,4.38
cde1b857e3d845e1,+/-,30087,> 2.5,1.74
cde1b857e3d845e1,+/-,30087,< 2.5,2.07
cde1b857e3d845e1,+/-,30087,> 3.5,3.26
cde1b857e3d845e1,+/-,30087,< 3.5,1.33
cde1b857e3d845e1,HT/FT,30089,1/1,4.72
cde1b857e3d845e1,HT/FT,30089,1/X,20.42
cde1b857e3d845e1,HT/FT,30089,1/2,40.1
cde1b857e3d845e1,HT/FT,30089,X/1,7.0
cde1b857e3d845e1,HT/FT,30089,X/X,4.76
cde1b857e3d845e1,HT/FT,30089,X/2,5.96
cde1b857e3d845e1,HT/FT,30089,2/1,48.76
cde1b857e3d845e1,HT/FT,30089,2/X,21.45
cde1b857e3d845e1,HT/FT,30089,2/2,4.06
cde1b857e3d845e1,Total de buts,30090,0,13.13
cde1b857e3d845e1,Total de buts,30090,1,6.06
cde1b857e3d845e1,Total de buts,30090,2,3.7
cde1b857e3d845e1,Total de buts,30090,3,3.52
cde1b857e3d845e1,Total de buts,30090,4,5.03
cde1b857e3d845e1,Total de buts,30090,5,9.87
cde1b857e3d845e1,Total de buts,30090,6,40.58
cde1b857e3d845e1,G/NG,30091,Oui,1.61
cde1b857e3d845e1,G/NG,30091,Non,2.27
cde1b857e3d845e1,Les deux équipes marquent / 1ère mi temps,30092,Oui,3.85
cde1b857e3d845e1,Les deux équipes marquent / 1ère mi temps,30092,Non,1.25
cde1b857e3d845e1,1X2 & Total,30093,1 / > 1.5,3.43
cde1b857e3d845e1,1X2 & Total,30093,X / > 1.5,4.43
cde1b857e3d845e1,1X2 & Total,30093,2 / > 1.5,2.89
cde1b857e3d845e1,1X2 & Total,30093,1 / < 1.5,12.89
cde1b857e3d845e1,1X2 & Total,30093,X / < 1.5,13.37
cde1b857e3d845e1,1X2 & Total,30093,2 / < 1.5,11.82
cde1b857e3d845e1,1X2 & Total,30093,1 / > 2.5,4.24
cde1b857e3d845e1,1X2 & Total,30093,X / > 2.5,12.15
cde1b857e3d845e1,1X2 & Total,30093,2 / > 2.5,3.57
cde1b857e3d845e1,1X2 & Total,30093,1 / < 2.5,7.52
cde1b857e3d845e1,1X2 & Total,30093,X / < 2.5,4.59
cde1b857e3d845e1,1X2 & Total,30093,2 / < 2.5,6.62
cde1b857e3d845e1,1X2 & Total,30093,1 / > 3.5,9.44
cde1b857e3d845e1,1X2 & Total,30093,X / > 3.5,12.15
cde1b857e3d845e1,1X2 & Total,30093,2 / > 3.5,7.66
cde1b857e3d845e1,1X2 & Total,30093,1 / < 3.5,3.81
cde1b857e3d845e1,1X2 & Total,30093,X / < 3.5,4.59
cde1b857e3d845e1,1X2 & Total,30093,2 / < 3.5,3.33
cde1b857e3d845e1,1X2 & G/NG,30094,1 gagne et les deux équipes marquent,5.04
cde1b857e3d845e1,1X2 & G/NG,30094,1 gagne et seulement  1  marque,5.64
cde1b857e3d845e1,1X2 & G/NG,30094,X et les deux équipes marquent,4.36
cde1b857e3d845e1,1X2 & G/NG,30094,X et aucun but,13.13
cde1b857e3d845e1,1X2 & G/NG,30094,2 gagne et les deux équipes marquent,4.4
cde1b857e3d845e1,1X2 & G/NG,30094,2 gagne et seulement 2 marque,4.73
cde1b857e3d845e1,Total equipe domicile,30095,> 0.5,1.27
cde1b857e3d845e1,Total equipe domicile,30095,< 0.5,3.67
cde1b857e3d845e1,Total equipe domicile,30095,> 1.5,2.52
cde1b857e3d845e1,Total equipe domicile,30095,< 1.5,1.51
cde1b857e3d845e1,Total equipe domicile,30095,> 2.5,7.31
cde1b857e3d845e1,Total equipe domicile,30095,< 2.5,1.08
cde1b857e3d845e1,Total equipe domicile,30095,> 3.5,31.68
cde1b857e3d845e1,Total equipe domicile,30095,< 3.5,0.97
cde1b857e3d845e1,Total equipe extérieur,30096,> 0.5,1.22
cde1b857e3d845e1,Total equipe extérieur,30096,< 0.5,4.17
cde1b857e3d845e1,Total equipe extérieur,30096,> 1.5,2.24
cde1b857e3d845e1,Total equipe extérieur,30096,< 1.5,1.63
cde1b857e3d845e1,Total equipe extérieur,30096,> 2.5,5.89
cde1b857e3d845e1,Total equipe extérieur,30096,< 2.5,1.12
cde1b857e3d845e1,Total equipe extérieur,30096,> 3.5,22.96
cde1b857e3d845e1,Total equipe extérieur,30096,< 3.5,0.98
cde1b857e3d845e1,G/NG equipe domicile,30097,Oui,1.27
cde1b857e3d845e1,G/NG equipe domicile,30097,Non,3.67
cde1b857e3d845e1,G/NG equipe extérieur,30098,Oui,1.22
cde1b857e3d845e1,G/NG equipe extérieur,30098,Non,4.17
cde1b857e3d845e1,Pair/Impair,30099,Impair,1.88
cde1b857e3d845e1,Pair/Impair,30099,Pair,1.82
cde1b857e3d845e1,Minute du premier but,30100,1-15,4.29
cde1b857e3d845e1,Minute du premier but,30100,16-30,2.9
cde1b857e3d845e1,Minute du premier but,30100,31-45,5.08
cde1b857e3d845e1,Minute du premier but,30100,46-60,7.43
cde1b857e3d845e1,Minute du premier but,30100,61-75,13.61
cde1b857e3d845e1,Minute du premier but,30100,76-90,16.28
cde1b857e3d845e1,Minute du premier but,30100,Pas de but,13.13
cde1b857e3d845e1,FTTS,30101,1,1.97
cde1b857e3d845e1,FTTS,30101,2,1.87
cde1b857e3d845e1,FTTS,30101,Pas de but,13.13
cde1b857e3d845e1,Multi-Buts,30102,"Le total de buts est de 0, 1 ou 2",1.99
cde1b857e3d845e1,Multi-Buts,30102,"Le total de buts est de 1, 2 ou 3",1.42
cde1b857e3d845e1,Multi-Buts,30102,"Le total de buts est de 2, 3 ou 4",1.35
cde1b857e3d845e1,Multi-Buts,30102,Le total de buts est supérieur à 4,8.09
cde1b857e3d845e1,2ème mi-tps - CS,30105,0-0,3.92
cde1b857e3d845e1,2ème mi-tps - CS,30105,0-1,6.17
cde1b857e3d845e1,2ème mi-tps - CS,30105,0-2,10.77
cde1b857e3d845e1,2ème mi-tps - CS,30105,0-3,28.2
cde1b857e3d845e1,2ème mi-tps - CS,30105,1-0,6.84
cde1b857e3d845e1,2ème mi-tps - CS,30105,1-1,4.78
cde1b857e3d845e1,2ème mi-tps - CS,30105,1-2,12.51
cde1b857e3d845e1,2ème mi-tps - CS,30105,2-0,13.52
cde1b857e3d845e1,2ème mi-tps - CS,30105,2-1,14.17
cde1b857e3d845e1,2ème mi-tps - CS,30105,3-0,40.11
5a4972e4d10a439d,1X2,30083,1,1.68
5a4972e4d10a439d,1X2,30083,X,4.04
5a4972e4d10a439d,1X2,30083,2,4.64
5a4972e4d10a439d,Mi-tps 1X2,30084,1,2.32
5a4972e4d10a439d,Mi-tps 1X2,30084,X,2.14
5a4972e4d10a439d,Mi-tps 1X2,30084,2,5.47
5a4972e4d10a439d,Double Chance,30085,1X,1.16
5a4972e4d10a439d,Double Chance,30085,X2,2.12
5a4972e4d10a439d,Double Chance,30085,12,1.21
5a4972e4d10a439d,Mi-tps DC,30086,1X,1.11
5a4972e4d10a439d,Mi-tps DC,30086,X2,1.54
5a4972e4d10a439d,Mi-tps DC,30086,12,1.63
5a4972e4d10a439d,Score exact,30081,0-0,16.82
5a4972e4d10a439d,Score exact,30081,0-1,19.54
5a4972e4d10a439d,Score exact,30081,0-2,33.3
5a4972e4d10a439d,Score exact,30081,0-3,77.75
5a4972e4d10a439d,Score exact,30081,0-4,100.0
5a4972e4d10a439d,Score exact,30081,0-5,100.0
5a4972e4d10a439d,Score exact,30081,0-6,100.0
5a4972e4d10a439d,Score exact,30081,1-0,11.4
5a4972e4d10a439d,Score exact,30081,1-1,8.1
5a4972e4d10a439d,Score exact,30081,1-2,13.99
5a4972e4d10a439d,Score exact,30081,1-3,39.69
5a4972e4d10a439d,Score exact,30081,1-4,100.0
5a4972e4d10a439d,Score exact,30081,1-5,100.0
5a4972e4d10a439d,Score exact,30081,2-0,10.55
5a4972e4d10a439d,Score exact,30081,2-1,7.69
5a4972e4d10a439d,Score exact,30081,2-2,14.05
5a4972e4d10a439d,Score exact,30081,2-3,44.3
5a4972e4d10a439d,Score exact,30081,2-4,100.0
5a4972e4d10a439d,Score exact,30081,3-0,13.2
5a4972e4d10a439d,Score exact,30081,3-1,11.8
5a4972e4d10a439d,Score exact,30081,3-2,23.69
5a4972e4d10a439d,Score exact,30081,3-3,100.0
5a4972e4d10a439d,Score exact,30081,4-0,26.91
5a4972e4d10a439d,Score exact,30081,4-1,25.0
5a4972e4d10a439d,Score exact,30081,4-2,90.43
5a4972e4d10a439d,Score exact,30081,5-0,68.66
5a4972e4d10a439d,Score exact,30081,5-1,100.0
5a4972e4d10a439d,Score exact,30081,6-0,100.0
5a4972e4d10a439d,Mi-tps CS,30082,0-0,3.09
5a4972e4d10a439d,Mi-tps CS,30082,0-1,8.54
5a4972e4d10a439d,Mi-tps CS,30082,0-2,28.15
5a4972e4d10a439d,Mi-tps CS,30082,0-3,100.0
5a4972e4d10a439d,Mi-tps CS,30082,1-0,4.7
5a4972e4d10a439d,Mi-tps CS,30082,1-1,5.78
5a4972e4d10a439d,Mi-tps CS,30082,1-2,28.57
5a4972e4d10a439d,Mi-tps CS,30082,2-0,7.89
5a4972e4d10a439d,Mi-tps CS,30082,2-1,14.53
5a4972e4d10a439d,Mi-tps CS,30082,3-0,19.84
5a4972e4d10a439d,+/-,30087,> 0.5,1.0
5a4972e4d10a439d,+/-,30087,< 0.5,17.77
5a4972e4d10a439d,+/-,30087,> 1.5,1.15
5a4972e4d10a439d,+/-,30087,< 1.5,5.33
5a4972e4d10a439d,+/-,30087,> 2.5,1.57
5a4972e4d10a439d,+/-,30087,< 2.5,2.37
5a4972e4d10a439d,+/-,30087,> 3.5,2.76
5a4972e4d10a439d,+/-,30087,< 3.5,1.43
5a4972e4d10a439d,HT/FT,30089,1/1,2.59
5a4972e4d10a439d,HT/FT,30089,1/X,22.22
5a4972e4d10a439d,HT/FT,30089,1/2,63.58
5a4972e4d10a439d,HT/FT,30089,X/1,4.68
5a4972e4d10a439d,HT/FT,30089,X/X,5.71
5a4972e4d10a439d,HT/FT,30089,X/2,10.55
5a4972e4d10a439d,HT/FT,30089,2/1,32.22
5a4972e4d10a439d,HT/FT,30089,2/X,24.03
5a4972e4d10a439d,HT/FT,30089,2/2,8.54
5a4972e4d10a439d,Total de buts,30090,0,16.82
5a4972e4d10a439d,Total de buts,30090,1,7.2
5a4972e4d10a439d,Total de buts,30090,2,4.03
5a4972e4d10a439d,Total de buts,30090,3,3.45
5a4972e4d10a439d,Total de buts,30090,4,4.51
5a4972e4d10a439d,Total de buts,30090,5,7.92
5a4972e4d10a439d,Total de buts,30090,6,28.48
5a4972e4d10a439d,G/NG,30091,Oui,1.63
5a4972e4d10a439d,G/NG,30091,Non,2.24
5a4972e4d10a439d,Les deux équipes marquent / 1ère mi temps,30092,Oui,3.92
5a4972e4d10a439d,Les deux équipes marquent / 1ère mi temps,30092,Non,1.24
5a4972e4d10a439d,1X2 & Total,30093,1 / > 1.5,1.88
5a4972e4d10a439d,1X2 & Total,30093,X / > 1.5,5.03
5a4972e4d10a439d,1X2 & Total,30093,2 / > 1.5,5.77
5a4972e4d10a439d,1X2 & Total,30093,1 / < 1.5,11.61
5a4972e4d10a439d,1X2 & Total,30093,X / < 1.5,17.12
5a4972e4d10a439d,1X2 & Total,30093,2 / < 1.5,19.9
5a4972e4d10a439d,1X2 & Total,30093,1 / > 2.5,2.27
5a4972e4d10a439d,1X2 & Total,30093,X / > 2.5,12.93
5a4972e4d10a439d,1X2 & Total,30093,2 / > 2.5,6.95
5a4972e4d10a439d,1X2 & Total,30093,1 / < 2.5,5.58
5a4972e4d10a439d,1X2 & Total,30093,X / < 2.5,5.56
5a4972e4d10a439d,1X2 & Total,30093,2 / < 2.5,12.54
5a4972e4d10a439d,1X2 & Total,30093,1 / > 3.5,4.2
5a4972e4d10a439d,1X2 & Total,30093,X / > 3.5,12.93
5a4972e4d10a439d,1X2 & Total,30093,2 / > 3.5,16.4
5a4972e4d10a439d,1X2 & Total,30093,1 / < 3.5,2.62
5a4972e4d10a439d,1X2 & Total,30093,X / < 3.5,5.56
5a4972e4d10a439d,1X2 & Total,30093,2 / < 3.5,6.15
5a4972e4d10a439d,1X2 & G/NG,30094,1 gagne et les deux équipes marquent,3.15
5a4972e4d10a439d,1X2 & G/NG,30094,1 gagne et seulement  1  marque,3.19
5a4972e4d10a439d,1X2 & G/NG,30094,X et les deux équipes marquent,4.94
5a4972e4d10a439d,1X2 & G/NG,30094,X et aucun but,16.82
5a4972e4d10a439d,1X2 & G/NG,30094,2 gagne et les deux équipes marquent,7.73
5a4972e4d10a439d,1X2 & G/NG,30094,2 gagne et seulement 2 marque,10.18
5a4972e4d10a439d,Total equipe domicile,30095,> 0.5,1.1
5a4972e4d10a439d,Total equipe domicile,30095,< 0.5,6.7
5a4972e4d10a439d,Total equipe domicile,30095,> 1.5,1.63
5a4972e4d10a439d,Total equipe domicile,30095,< 1.5,2.24
5a4972e4d10a439d,Total equipe domicile,30095,> 2.5,3.25
5a4972e4d10a439d,Total equipe domicile,30095,< 2.5,1.33
5a4972e4d10a439d,Total equipe domicile,30095,> 3.5,9.16
5a4972e4d10a439d,Total equipe domicile,30095,< 3.5,1.05
5a4972e4d10a439d,Total equipe extérieur,30096,> 0.5,1.41
5a4972e4d10a439d,Total equipe extérieur,30096,< 0.5,2.83
5a4972e4d10a439d,Total equipe extérieur,30096,> 1.5,3.43
5a4972e4d10a439d,Total equipe extérieur,30096,< 1.5,1.3
5a4972e4d10a439d,Total equipe extérieur,30096,> 2.5,12.8
5a4972e4d10a439d,Total equipe extérieur,30096,< 2.5,1.02
5a4972e4d10a439d,Total equipe extérieur,30096,> 3.5,73.85
5a4972e4d10a439d,Total equipe extérieur,30096,< 3.5,0.96
5a4972e4d10a439d,G/NG equipe domicile,30097,Oui,1.1
5a4972e4d10a439d,G/NG equipe domicile,30097,Non,6.7
5a4972e4d10a439d,G/NG equipe extérieur,30098,Oui,1.41
5a4972e4d10a439d,G/NG equipe extérieur,30098,Non,2.83
5a4972e4d10a439d,Pair/Impair,30099,Impair,1.87
5a4972e4d10a439d,Pair/Impair,30099,Pair,1.84
5a4972e4d10a439d,Minute du premier but,30100,1-15,4.16
5a4972e4d10a439d,Minute du premier but,30100,16-30,2.83
5a4972e4d10a439d,Minute du premier but,30100,31-45,5.02
5a4972e4d10a439d,Minute du premier but,30100,46-60,7.36
5a4972e4d10a439d,Minute du premier but,30100,61-75,13.77
5a4972e4d10a439d,Minute du premier but,30100,76-90,16.74
5a4972e4d10a439d,Minute du premier but,30100,Pas de but,16.82
5a4972e4d10a439d,FTTS,30101,1,1.57
5a4972e4d10a439d,FTTS,30101,2,2.36
5a4972e4d10a439d,FTTS,30101,Pas de but,16.82
5a4972e4d10a439d,Multi-Buts,30102,"Le total de buts est de 0, 1 ou 2",2.28
5a4972e4d10a439d,Multi-Buts,30102,"Le total de buts est de 1, 2 ou 3",1.5
5a4972e4d10a439d,Multi-Buts,30102,"Le total de buts est de 2, 3 ou 4",1.34
5a4972e4d10a439d,Multi-Buts,30102,Le total de buts est supérieur à 4,6.31
5a4972e4d10a439d,2ème mi-tps - CS,30105,0-0,4.61
5a4972e4d10a439d,2ème mi-tps - CS,30105,0-1,9.24
5a4972e4d10a439d,2ème mi-tps - CS,30105,0-2,21.46
5a4972e4d10a439d,2ème mi-tps - CS,30105,0-3,74.76
5a4972e4d10a439d,2ème mi-tps - CS,30105,1-0,5.63
5a4972e4d10a439d,2ème mi-tps - CS,30105,1-1,5.02
5a4972e4d10a439d,2ème mi-tps - CS,30105,1-2,17.48
5a4972e4d10a439d,2ème mi-tps - CS,30105,2-0,6.93
5a4972e4d10a439d,2ème mi-tps - CS,30105,2-1,9.26
5a4972e4d10a439d,2ème mi-tps - CS,30105,3-0,12.78
67c9684f452d8575,1X2,30083,1,2.23
67c9684f452d8575,1X2,30083,X,3.54
67c9684f452d8575,1X2,30083,2,3.03
67c9684f452d8575,Mi-tps 1X2,30084,1,3.15
67c9684f452d8575,Mi-tps 1X2,30084,X,1.98
67c9684f452d8575,Mi-tps 1X2,30084,2,3.87
67c9684f452d8575,Double Chance,30085,1X,1.34
67c9684f452d8575,Double Chance,30085,X2,1.6
67c9684f452d8575,Double Chance,30085,12,1.26
67c9684f452d8575,Mi-tps DC,30086,1X,1.22
67c9684f452d8575,Mi-tps DC,30086,X2,1.31
67c9684f452d8575,Mi-tps DC,30086,12,1.74
67c9684f452d8575,Score exact,30081,0-0,14.2
67c9684f452d8575,Score exact,30081,0-1,13.9
67c9684f452d8575,Score exact,30081,0-2,19.74
67c9684f452d8575,Score exact,30081,0-3,38.29
67c9684f452d8575,Score exact,30081,0-4,100.0
67c9684f452d8575,Score exact,30081,0-5,100.0
67c9684f452d8575,Score exact,30081,0-6,100.0
67c9684f452d8575,Score exact,30081,1-0,11.78
67c9684f452d8575,Score exact,30081,1-1,7.04
67c9684f452d8575,Score exact,30081,1-2,10.15
67c9684f452d8575,Score exact,30081,1-3,23.98
67c9684f452d8575,Score exact,30081,1-4,79.71
67c9684f452d8575,Score exact,30081,1-5,100.0
67c9684f452d8575,Score exact,30081,2-0,13.82
67c9684f452d8575,Score exact,30081,2-1,8.44
67c9684f452d8575,Score exact,30081,2-2,12.85
67c9684f452d8575,Score exact,30081,2-3,33.64
67c9684f452d8575,Score exact,30081,2-4,100.0
67c9684f452d8575,Score exact,30081,3-0,22.09
67c9684f452d8575,Score exact,30081,3-1,16.6
67c9684f452d8575,Score exact,30081,3-2,27.86
67c9684f452d8575,Score exact,30081,3-3,100.0
67c9684f452d8575,Score exact,30081,4-0,58.12
67c9684f452d8575,Score exact,30081,4-1,45.67
67c9684f452d8575,Score exact,30081,4-2,100.0
67c9684f452d8575,Score exact,30081,5-0,100.0
67c9684f452d8575,Score exact,30081,5-1,100.0
67c9684f452d8575,Score exact,30081,6-0,100.0
67c9684f452d8575,Mi-tps CS,30082,0-0,2.8
67c9684f452d8575,Mi-tps CS,30082,0-1,6.37
67c9684f452d8575,Mi-tps CS,30082,0-2,17.01
67c9684f452d8575,Mi-tps CS,30082,0-3,68.17
67c9684f452d8575,Mi-tps CS,30082,1-0,5.51
67c9684f452d8575,Mi-tps CS,30082,1-1,5.56
67c9684f452d8575,Mi-tps CS,30082,1-2,22.3
67c9684f452d8575,Mi-tps CS,30082,2-0,12.51
67c9684f452d8575,Mi-tps CS,30082,2-1,18.96
67c9684f452d8575,Mi-tps CS,30082,3-0,42.63
67c9684f452d8575,+/-,30087,> 0.5,1.01
67c9684f452d8575,+/-,30087,< 0.5,15.01
67c9684f452d8575,+/-,30087,> 1.5,1.18
67c9684f452d8575,+/-,30087,< 1.5,4.65
67c9684f452d8575,+/-,30087,> 2.5,1.68
67c9684f452d8575,+/-,30087,< 2.5,2.15
67c9684f452d8575,+/-,30087,> 3.5,3.11
67c9684f452d8575,+/-,30087,< 3.5,1.35
67c9684f452d8575,HT/FT,30089,1/1,3.81
67c9684f452d8575,HT/FT,30089,1/X,21.49
67c9684f452d8575,HT/FT,30089,1/2,49.55
67c9684f452d8575,HT/FT,30089,X/1,5.46
67c9684f452d8575,HT/FT,30089,X/X,4.94
67c9684f452d8575,HT/FT,30089,X/2,7.29
67c9684f452d8575,HT/FT,30089,2/1,35.99
67c9684f452d8575,HT/FT,30089,2/X,20.36
67c9684f452d8575,HT/FT,30089,2/2,5.23
67c9684f452d8575,Total de buts,30090,0,14.2
67c9684f452d8575,Total de buts,30090,1,6.38
67c9684f452d8575,Total de buts,30090,2,3.77
67c9684f452d8575,Total de buts,30090,3,3.47
67c9684f452d8575,Total de buts,30090,4,4.87
67c9684f452d8575,Total de buts,30090,5,9.33
67c9684f452d8575,Total de buts,30090,6,37.37
67c9684f452d8575,G/NG,30091,Oui,1.59
67c9684f452d8575,G/NG,30091,Non,2.32
67c9684f452d8575,Les deux équipes marquent / 1ère mi temps,30092,Oui,3.91
67c9684f452d8575,Les deux équipes marquent / 1ère mi temps,30092,Non,1.24
67c9684f452d8575,1X2 & Total,30093,1 / > 1.5,2.62
67c9684f452d8575,1X2 & Total,30093,X / > 1.5,4.47
67c9684f452d8575,1X2 & Total,30093,2 / > 1.5,3.68
67c9684f452d8575,1X2 & Total,30093,1 / < 1.5,11.99
67c9684f452d8575,1X2 & Total,30093,X / < 1.5,14.46
67c9684f452d8575,1X2 & Total,30093,2 / < 1.5,14.16
67c9684f452d8575,1X2 & Total,30093,1 / > 2.5,3.22
67c9684f452d8575,1X2 & Total,30093,X / > 2.5,11.9
67c9684f452d8575,1X2 & Total,30093,2 / > 2.5,4.5
67c9684f452d8575,1X2 & Total,30093,1 / < 2.5,6.48
67c9684f452d8575,1X2 & Total,30093,X / < 2.5,4.79
67c9684f452d8575,1X2 & Total,30093,2 / < 2.5,8.31
67c9684f452d8575,1X2 & Total,30093,1 / > 3.5,6.69
67c9684f452d8575,1X2 & Total,30093,X / > 3.5,11.9
67c9684f452d8575,1X2 & Total,30093,2 / > 3.5,10.04
67c9684f452d8575,1X2 & Total,30093,1 / < 3.5,3.17
67c9684f452d8575,1X2 & Total,30093,X / < 3.5,4.79
67c9684f452d8575,1X2 & Total,30093,2 / < 3.5,4.12
67c9684f452d8575,1X2 & G/NG,30094,1 gagne et les deux équipes marquent,4.04
67c9684f452d8575,1X2 & G/NG,30094,1 gagne et seulement  1  marque,4.43
67c9684f452d8575,1X2 & G/NG,30094,X et les deux équipes marquent,4.39
67c9684f452d8575,1X2 & G/NG,30094,X et aucun but,14.2
67c9684f452d8575,1X2 & G/NG,30094,2 gagne et les deux équipes marquent,5.28
67c9684f452d8575,1X2 & G/NG,30094,2 gagne et seulement 2 marque,6.27
67c9684f452d8575,Total equipe domicile,30095,> 0.5,1.19
67c9684f452d8575,Total equipe domicile,30095,< 0.5,4.6
67c9684f452d8575,Total equipe domicile,30095,> 1.5,2.08
67c9684f452d8575,Total equipe domicile,30095,< 1.5,1.73
67c9684f452d8575,Total equipe domicile,30095,> 2.5,5.15
67c9684f452d8575,Total equipe domicile,30095,< 2.5,1.16
67c9684f452d8575,Total equipe domicile,30095,> 3.5,18.82
67c9684f452d8575,Total equipe domicile,30095,< 3.5,0.99
67c9684f452d8575,Total equipe extérieur,30096,> 0.5,1.28
67c9684f452d8575,Total equipe extérieur,30096,< 0.5,3.57
67c9684f452d8575,Total equipe extérieur,30096,> 1.5,2.61
67c9684f452d8575,Total equipe extérieur,30096,< 1.5,1.48
67c9684f452d8575,Total equipe extérieur,30096,> 2.5,7.81
67c9684f452d8575,Total equipe extérieur,30096,< 2.5,1.07
67c9684f452d8575,Total equipe extérieur,30096,> 3.5,35.22
67c9684f452d8575,Total equipe extérieur,30096,< 3.5,0.97
67c9684f452d8575,G/NG equipe domicile,30097,Oui,1.19
67c9684f452d8575,G/NG equipe domicile,30097,Non,4.6
67c9684f452d8575,G/NG equipe extérieur,30098,Oui,1.28
67c9684f452d8575,G/NG equipe extérieur,30098,Non,3.57
67c9684f452d8575,Pair/Impair,30099,Impair,1.88
67c9684f452d8575,Pair/Impair,30099,Pair,1.83
67c9684f452d8575,Minute du premier but,30100,1-15,4.32
67c9684f452d8575,Minute du premier but,30100,16-30,2.92
67c9684f452d8575,Minute du premier but,30100,31-45,5.07
67c9684f452d8575,Minute du premier but,30100,46-60,7.11
67c9684f452d8575,Minute du premier but,30100,61-75,13.28
67c9684f452d8575,Minute du premier but,30100,76-90,16.11
67c9684f452d8575,Minute du premier but,30100,Pas de but,14.2
67c9684f452d8575,FTTS,30101,1,1.81
67c9684f452d8575,FTTS,30101,2,2.02
67c9684f452d8575,FTTS,30101,Pas de but,14.2
67c9684f452d8575,Multi-Buts,30102,"Le total de buts est de 0, 1 ou 2",2.07
67c9684f452d8575,Multi-Buts,30102,"Le total de buts est de 1, 2 ou 3",1.43
67c9684f452d8575,Multi-Buts,30102,"Le total de buts est de 2, 3 ou 4",1.34
67c9684f452d8575,Multi-Buts,30102,Le total de buts est supérieur à 4,7.6
67c9684f452d8575,2ème mi-tps - CS,30105,0-0,4.3
67c9684f452d8575,2ème mi-tps - CS,30105,0-1,7.38
67c9684f452d8575,2ème mi-tps - CS,30105,0-2,14.36
67c9684f452d8575,2ème mi-tps - CS,30105,0-3,41.88
67c9684f452d8575,2ème mi-tps - CS,30105,1-0,6.16
67c9684f452d8575,2ème mi-tps - CS,30105,1-1,4.71
67c9684f452d8575,2ème mi-tps - CS,30105,1-2,13.73
67c9684f452d8575,2ème mi-tps - CS,30105,2-0,9.57
67c9684f452d8575,2ème mi-tps - CS,30105,2-1,10.96
67c9684f452d8575,2ème mi-tps - CS,30105,3-0,22.28
fcf7c173683b6f51,1X2,30083,1,3.51
fcf7c173683b6f51,1X2,30083,X,3.9
fcf7c173683b6f51,1X2,30083,2,1.93
fcf7c173683b6f51,Mi-tps 1X2,30084,1,4.23
fcf7c173683b6f51,Mi-tps 1X2,30084,X,2.15
fcf7c173683b6f51,Mi-tps 1X2,30084,2,2.63
fcf7c173683b6f51,Double Chance,30085,1X,1.81
fcf7c173683b6f51,Double Chance,30085,X2,1.27
fcf7c173683b6f51,Double Chance,30085,12,1.22
fcf7c173683b6f51,Mi-tps DC,30086,1X,1.43
fcf7c173683b6f51,Mi-tps DC,30086,X2,1.19
fcf7c173683b6f51,Mi-tps DC,30086,12,1.62
fcf7c173683b6f51,Score exact,30081,0-0,19.49
fcf7c173683b6f51,Score exact,30081,0-1,13.73
fcf7c173683b6f51,Score exact,30081,0-2,13.33
fcf7c173683b6f51,Score exact,30081,0-3,17.52
fcf7c173683b6f51,Score exact,30081,0-4,37.62
fcf7c173683b6f51,Score exact,30081,0-5,100.0
fcf7c173683b6f51,Score exact,30081,0-6,100.0
fcf7c173683b6f51,Score exact,30081,1-0,18.64
fcf7c173683b6f51,Score exact,30081,1-1,8.03
fcf7c173683b6f51,Score exact,30081,1-2,7.99
fcf7c173683b6f51,Score exact,30081,1-3,12.87
fcf7c173683b6f51,Score exact,30081,1-4,28.75
fcf7c173683b6f51,Score exact,30081,1-5,100.0
fcf7c173683b6f51,Score exact,30081,2-0,25.79
fcf7c173683b6f51,Score exact,30081,2-1,11.29
fcf7c173683b6f51,Score exact,30081,2-2,11.88
fcf7c173683b6f51,Score exact,30081,2-3,21.04
fcf7c173683b6f51,Score exact,30081,2-4,84.63
fcf7c173683b6f51,Score exact,30081,3-0,48.75
fcf7c173683b6f51,Score exact,30081,3-1,25.89
fcf7c173683b6f51,Score exact,30081,3-2,30.22
fcf7c173683b6f51,Score exact,30081,3-3,94.53
fcf7c173683b6f51,Score exact,30081,4-0,100.0
fcf7c173683b6f51,Score exact,30081,4-1,83.6
fcf7c173683b6f51,Score exact,30081,4-2,100.0
fcf7c173683b6f51,Score exact,30081,5-0,100.0
fcf7c173683b6f51,Score exact,30081,5-1,100.0
fcf7c173683b6f51,Score exact,30081,6-0,100.0
fcf7c173683b6f51,Mi-tps CS,30082,0-0,3.3
fcf7c173683b6f51,Mi-tps CS,30082,0-1,5.3
fcf7c173683b6f51,Mi-tps CS,30082,0-2,9.5
fcf7c173683b6f51,Mi-tps CS,30082,0-3,25.55
fcf7c173683b6f51,Mi-tps CS,30082,1-0,7.32
fcf7c173683b6f51,Mi-tps CS,30082,1-1,5.23
fcf7c173683b6f51,Mi-tps CS,30082,1-2,14.05
fcf7c173683b6f51,Mi-tps CS,30082,2-0,19.04
fcf7c173683b6f51,Mi-tps CS,30082,2-1,20.39
fcf7c173683b6f51,Mi-tps CS,30082,3-0,74.26
fcf7c173683b6f51,+/-,30087,> 0.5,0.99
fcf7c173683b6f51,+/-,30087,< 0.5,20.59
fcf7c173683b6f51,+/-,30087,> 1.5,1.12
fcf7c173683b6f51,+/-,30087,< 1.5,5.94
fcf7c173683b6f51,+/-,30087,> 2.5,1.5
fcf7c173683b6f51,+/-,30087,< 2.5,2.54
fcf7c173683b6f51,+/-,30087,> 3.5,2.56
fcf7c173683b6f51,+/-,30087,< 3.5,1.49
fcf7c173683b6f51,HT/FT,30089,1/1,6.1
fcf7c173683b6f51,HT/FT,30089,1/X,20.56
fcf7c173683b6f51,HT/FT,30089,1/2,30.85
fcf7c173683b6f51,HT/FT,30089,X/1,8.56
fcf7c173683b6f51,HT/FT,30089,X/X,5.78
fcf7c173683b6f51,HT/FT,30089,X/2,5.22
fcf7c173683b6f51,HT/FT,30089,2/1,48.4
fcf7c173683b6f51,HT/FT,30089,2/X,20.4
fcf7c173683b6f51,HT/FT,30089,2/2,3.09
fcf7c173683b6f51,Total de buts,30090,0,19.49
fcf7c173683b6f51,Total de buts,30090,1,7.91
fcf7c173683b6f51,Total de buts,30090,2,4.2
fcf7c173683b6f51,Total de buts,30090,3,3.43
fcf7c173683b6f51,Total de buts,30090,4,4.28
fcf7c173683b6f51,Total de buts,30090,5,7.2
fcf7c173683b6f51,Total de buts,30090,6,25.13
fcf7c173683b6f51,G/NG,30091,Oui,1.5
fcf7c173683b6f51,G/NG,30091,Non,2.54
fcf7c173683b6f51,Les deux équipes marquent / 1ère mi temps,30092,Oui,3.48
fcf7c173683b6f51,Les deux équipes marquent / 1ère mi temps,30092,Non,1.29
fcf7c173683b6f51,1X2 & Total,30093,1 / > 1.5,4.11
fcf7c173683b6f51,1X2 & Total,30093,X / > 1.5,4.64
fcf7c173683b6f51,1X2 & Total,30093,2 / > 1.5,2.14
fcf7c173683b6f51,1X2 & Total,30093,1 / < 1.5,18.98
fcf7c173683b6f51,1X2 & Total,30093,X / < 1.5,19.84
fcf7c173683b6f51,1X2 & Total,30093,2 / < 1.5,13.98
fcf7c173683b6f51,1X2 & Total,30093,1 / > 2.5,4.87
fcf7c173683b6f51,1X2 & Total,30093,X / > 2.5,10.74
fcf7c173683b6f51,1X2 & Total,30093,2 / > 2.5,2.54
fcf7c173683b6f51,1X2 & Total,30093,1 / < 2.5,11.02
fcf7c173683b6f51,1X2 & Total,30093,X / < 2.5,5.79
fcf7c173683b6f51,1X2 & Total,30093,2 / < 2.5,6.89
fcf7c173683b6f51,1X2 & Total,30093,1 / > 3.5,10.2
fcf7c173683b6f51,1X2 & Total,30093,X / > 3.5,10.74
fcf7c173683b6f51,1X2 & Total,30093,2 / > 3.5,4.67
fcf7c173683b6f51,1X2 & Total,30093,1 / < 3.5,5.05
fcf7c173683b6f51,1X2 & Total,30093,X / < 3.5,5.79
fcf7c173683b6f51,1X2 & Total,30093,2 / < 3.5,3.08
fcf7c173683b6f51,1X2 & G/NG,30094,1 gagne et les deux équipes marquent,5.56
fcf7c173683b6f51,1X2 & G/NG,30094,1 gagne et seulement  1  marque,8.22
fcf7c173683b6f51,1X2 & G/NG,30094,X et les deux équipes marquent,4.56
fcf7c173683b6f51,1X2 & G/NG,30094,X et aucun but,19.49
fcf7c173683b6f51,1X2 & G/NG,30094,2 gagne et les deux équipes marquent,3.28
fcf7c173683b6f51,1X2 & G/NG,30094,2 gagne et seulement 2 marque,4.11
fcf7c173683b6f51,Total equipe domicile,30095,> 0.5,1.28
fcf7c173683b6f51,Total equipe domicile,30095,< 0.5,3.58
fcf7c173683b6f51,Total equipe domicile,30095,> 1.5,2.63
fcf7c173683b6f51,Total equipe domicile,30095,< 1.5,1.47
fcf7c173683b6f51,Total equipe domicile,30095,> 2.5,8.07
fcf7c173683b6f51,Total equipe domicile,30095,< 2.5,1.07
fcf7c173683b6f51,Total equipe domicile,30095,> 3.5,37.59
fcf7c173683b6f51,Total equipe domicile,30095,< 3.5,0.97
fcf7c173683b6f51,Total equipe extérieur,30096,> 0.5,1.12
fcf7c173683b6f51,Total equipe extérieur,30096,< 0.5,6.11
fcf7c173683b6f51,Total equipe extérieur,30096,> 1.5,1.74
fcf7c173683b6f51,Total equipe extérieur,30096,< 1.5,2.07
fcf7c173683b6f51,Total equipe extérieur,30096,> 2.5,3.7
fcf7c173683b6f51,Total equipe extérieur,30096,< 2.5,1.27
fcf7c173683b6f51,Total equipe extérieur,30096,> 3.5,11.4
fcf7c173683b6f51,Total equipe extérieur,30096,< 3.5,1.03
fcf7c173683b6f51,G/NG equipe domicile,30097,Oui,1.28
fcf7c173683b6f51,G/NG equipe domicile,30097,Non,3.58
fcf7c173683b6f51,G/NG equipe extérieur,30098,Oui,1.12
fcf7c173683b6f51,G/NG equipe extérieur,30098,Non,6.11
fcf7c173683b6f51,Pair/Impair,30099,Impair,1.86
fcf7c173683b6f51,Pair/Impair,30099,Pair,1.84
fcf7c173683b6f51,Minute du premier but,30100,1-15,3.98
fcf7c173683b6f51,Minute du premier but,30100,16-30,2.74
fcf7c173683b6f51,Minute du premier but,30100,31-45,5.03
fcf7c173683b6f51,Minute du premier but,30100,46-60,7.66
fcf7c173683b6f51,Minute du premier but,30100,61-75,14.68
fcf7c173683b6f51,Minute du premier but,30100,76-90,18.2
fcf7c173683b6f51,Minute du premier but,30100,Pas de but,19.49
fcf7c173683b6f51,FTTS,30101,1,2.11
fcf7c173683b6f51,FTTS,30101,2,1.68
fcf7c173683b6f51,FTTS,30101,Pas de but,19.49
fcf7c173683b6f51,Multi-Buts,30102,"Le total de buts est de 0, 1 ou 2",2.45
fcf7c173683b6f51,Multi-Buts,30102,"Le total de buts est de 1, 2 ou 3",1.55
fcf7c173683b6f51,Multi-Buts,30102,"Le total de buts est de 2, 3 ou 4",1.33
fcf7c173683b6f51,Multi-Buts,30102,Le total de buts est supérieur à 4,5.7
fcf7c173683b6f51,2ème mi-tps - CS,30105,0-0,5.0
fcf7c173683b6f51,2ème mi-tps - CS,30105,0-1,6.28
fcf7c173683b6f51,2ème mi-tps - CS,30105,0-2,8.07
fcf7c173683b6f51,2ème mi-tps - CS,30105,0-3,15.57
fcf7c173683b6f51,2ème mi-tps - CS,30105,1-0,8.4
fcf7c173683b6f51,2ème mi-tps - CS,30105,1-1,4.69
fcf7c173683b6f51,2ème mi-tps - CS,30105,1-2,9.05
fcf7c173683b6f51,2ème mi-tps - CS,30105,2-0,15.92
fcf7c173683b6f51,2ème mi-tps - CS,30105,2-1,13.33
fcf7c173683b6f51,2ème mi-tps - CS,30105,3-0,45.21
a27b728c8d805754,1X2,30083,1,5.2
a27b728c8d805754,1X2,30083,X,3.85
a27b728c8d805754,1X2,30083,2,1.64
a27b728c8d805754,Mi-tps 1X2,30084,1,6.06
a27b728c8d805754,Mi-tps 1X2,30084,X,2.02
a27b728c8d805754,Mi-tps 1X2,30084,2,2.37
a27b728c8d805754,Double Chance,30085,1X,2.17
a27b728c8d805754,Double Chance,30085,X2,1.13
a27b728c8d805754,Double Chance,30085,12,1.23
a27b728c8d805754,Mi-tps DC,30086,1X,1.52
a27b728c8d805754,Mi-tps DC,30086,X2,1.09
a27b728c8d805754,Mi-tps DC,30086,12,1.71
a27b728c8d805754,Score exact,30081,0-0,12.65
a27b728c8d805754,Score exact,30081,0-1,9.1
a27b728c8d805754,Score exact,30081,0-2,9.06
a27b728c8d805754,Score exact,30081,0-3,12.24
a27b728c8d805754,Score exact,30081,0-4,26.95
a27b728c8d805754,Score exact,30081,0-5,74.9
a27b728c8d805754,Score exact,30081,0-6,100.0
a27b728c8d805754,Score exact,30081,1-0,17.37
a27b728c8d805754,Score exact,30081,1-1,7.63
a27b728c8d805754,Score exact,30081,1-2,7.78
a27b728c8d805754,Score exact,30081,1-3,12.89
a27b728c8d805754,Score exact,30081,1-4,29.59
a27b728c8d805754,Score exact,30081,1-5,100.0
a27b728c8d805754,Score exact,30081,2-0,35.34
a27b728c8d805754,Score exact,30081,2-1,15.71
a27b728c8d805754,Score exact,30081,2-2,16.85
a27b728c8d805754,Score exact,30081,2-3,30.67
a27b728c8d805754,Score exact,30081,2-4,100.0
a27b728c8d805754,Score exact,30081,3-0,98.67
a27b728c8d805754,Score exact,30081,3-1,53.1
a27b728c8d805754,Score exact,30081,3-2,63.39
a27b728c8d805754,Score exact,30081,3-3,100.0
a27b728c8d805754,Score exact,30081,4-0,100.0
a27b728c8d805754,Score exact,30081,4-1,100.0
a27b728c8d805754,Score exact,30081,4-2,100.0
a27b728c8d805754,Score exact,30081,5-0,100.0
a27b728c8d805754,Score exact,30081,5-1,100.0
a27b728c8d805754,Score exact,30081,6-0,100.0
a27b728c8d805754,Mi-tps CS,30082,0-0,2.71
a27b728c8d805754,Mi-tps CS,30082,0-1,4.45
a27b728c8d805754,Mi-tps CS,30082,0-2,8.18
a27b728c8d805754,Mi-tps CS,30082,0-3,22.57
a27b728c8d805754,Mi-tps CS,30082,1-0,8.74
a27b728c8d805754,Mi-tps CS,30082,1-1,6.38
a27b728c8d805754,Mi-tps CS,30082,1-2,17.6
a27b728c8d805754,Mi-tps CS,30082,2-0,33.99
a27b728c8d805754,Mi-tps CS,30082,2-1,37.18
a27b728c8d805754,Mi-tps CS,30082,3-0,100.0
a27b728c8d805754,+/-,30087,> 0.5,1.02
a27b728c8d805754,+/-,30087,< 0.5,13.37
a27b728c8d805754,+/-,30087,> 1.5,1.21
a27b728c8d805754,+/-,30087,< 1.5,4.29
a27b728c8d805754,+/-,30087,> 2.5,1.75
a27b728c8d805754,+/-,30087,< 2.5,2.05
a27b728c8d805754,+/-,30087,> 3.5,3.3
a27b728c8d805754,+/-,30087,< 3.5,1.32
a27b728c8d805754,HT/FT,30089,1/1,9.65
a27b728c8d805754,HT/FT,30089,1/X,25.75
a27b728c8d805754,HT/FT,30089,1/2,34.9
a27b728c8d805754,HT/FT,30089,X/1,11.44
a27b728c8d805754,HT/FT,30089,X/X,5.12
a27b728c8d805754,HT/FT,30089,X/2,4.36
a27b728c8d805754,HT/FT,30089,2/1,83.3
a27b728c8d805754,HT/FT,30089,2/X,25.01
a27b728c8d805754,HT/FT,30089,2/2,2.6
a27b728c8d805754,Total de buts,30090,0,12.65
a27b728c8d805754,Total de buts,30090,1,5.97
a27b728c8d805754,Total de buts,30090,2,3.71
a27b728c8d805754,Total de buts,30090,3,3.52
a27b728c8d805754,Total de buts,30090,4,5.12
a27b728c8d805754,Total de buts,30090,5,10.02
a27b728c8d805754,Total de buts,30090,6,40.07
a27b728c8d805754,G/NG,30091,Oui,1.8
a27b728c8d805754,G/NG,30091,Non,1.98
a27b728c8d805754,Les deux équipes marquent / 1ère mi temps,30092,Oui,4.51
a27b728c8d805754,Les deux équipes marquent / 1ère mi temps,30092,Non,1.19
a27b728c8d805754,1X2 & Total,30093,1 / > 1.5,7.0
a27b728c8d805754,1X2 & Total,30093,X / > 1.5,5.21
a27b728c8d805754,1X2 & Total,30093,2 / > 1.5,1.91
a27b728c8d805754,1X2 & Total,30093,1 / < 1.5,17.68
a27b728c8d805754,1X2 & Total,30093,X / < 1.5,12.88
a27b728c8d805754,1X2 & Total,30093,2 / < 1.5,9.27
a27b728c8d805754,1X2 & Total,30093,1 / > 2.5,8.69
a27b728c8d805754,1X2 & Total,30093,X / > 2.5,15.85
a27b728c8d805754,1X2 & Total,30093,2 / > 2.5,2.41
a27b728c8d805754,1X2 & Total,30093,1 / < 2.5,11.86
a27b728c8d805754,1X2 & Total,30093,X / < 2.5,4.85
a27b728c8d805754,1X2 & Total,30093,2 / < 2.5,4.62
a27b728c8d805754,1X2 & Total,30093,1 / > 3.5,23.45
a27b728c8d805754,1X2 & Total,30093,X / > 3.5,15.85
a27b728c8d805754,1X2 & Total,30093,2 / > 3.5,4.8
a27b728c8d805754,1X2 & Total,30093,1 / < 3.5,6.38
a27b728c8d805754,1X2 & Total,30093,X / < 3.5,4.85
a27b728c8d805754,1X2 & Total,30093,2 / < 3.5,2.37
a27b728c8d805754,1X2 & G/NG,30094,1 gagne et les deux équipes marquent,9.58
a27b728c8d805754,1X2 & G/NG,30094,1 gagne et seulement  1  marque,10.13
a27b728c8d805754,1X2 & G/NG,30094,X et les deux équipes marquent,5.12
a27b728c8d805754,1X2 & G/NG,30094,X et aucun but,12.65
a27b728c8d805754,1X2 & G/NG,30094,2 gagne et les deux équipes marquent,3.48
a27b728c8d805754,1X2 & G/NG,30094,2 gagne et seulement 2 marque,2.82
a27b728c8d805754,Total equipe domicile,30095,> 0.5,1.54
a27b728c8d805754,Total equipe domicile,30095,< 0.5,2.43
a27b728c8d805754,Total equipe domicile,30095,> 1.5,4.22
a27b728c8d805754,Total equipe domicile,30095,< 1.5,1.21
a27b728c8d805754,Total equipe domicile,30095,> 2.5,18.07
a27b728c8d805754,Total equipe domicile,30095,< 2.5,1.0
a27b728c8d805754,Total equipe domicile,30095,> 3.5,100.0
a27b728c8d805754,Total equipe domicile,30095,< 3.5,0.95
a27b728c8d805754,Total equipe extérieur,30096,> 0.5,1.12
a27b728c8d805754,Total equipe extérieur,30096,< 0.5,5.95
a27b728c8d805754,Total equipe extérieur,30096,> 1.5,1.72
a27b728c8d805754,Total equipe extérieur,30096,< 1.5,2.09
a27b728c8d805754,Total equipe extérieur,30096,> 2.5,3.54
a27b728c8d805754,Total equipe extérieur,30096,< 2.5,1.29
a27b728c8d805754,Total equipe extérieur,30096,> 3.5,10.35
a27b728c8d805754,Total equipe extérieur,30096,< 3.5,1.04
a27b728c8d805754,G/NG equipe domicile,30097,Oui,1.54
a27b728c8d805754,G/NG equipe domicile,30097,Non,2.43
a27b728c8d805754,G/NG equipe extérieur,30098,Oui,1.12
a27b728c8d805754,G/NG equipe extérieur,30098,Non,5.95
a27b728c8d805754,Pair/Impair,30099,Impair,1.88
a27b728c8d805754,Pair/Impair,30099,Pair,1.82
a27b728c8d805754,Minute du premier but,30100,1-15,4.49
a27b728c8d805754,Minute du premier but,30100,16-30,3.0
a27b728c8d805754,Minute du premier but,30100,31-45,5.08
a27b728c8d805754,Minute du premier but,30100,46-60,7.03
a27b728c8d805754,Minute du premier but,30100,61-75,12.68
a27b728c8d805754,Minute du premier but,30100,76-90,14.97
a27b728c8d805754,Minute du premier but,30100,Pas de but,12.65
a27b728c8d805754,FTTS,30101,1,2.5
a27b728c8d805754,FTTS,30101,2,1.56
a27b728c8d805754,FTTS,30101,Pas de but,12.65
a27b728c8d805754,Multi-Buts,30102,"Le total de buts est de 0, 1 ou 2",1.97
a27b728c8d805754,Multi-Buts,30102,"Le total de buts est de 1, 2 ou 3",1.41
a27b728c8d805754,Multi-Buts,30102,"Le total de buts est de 2, 3 ou 4",1.36
a27b728c8d805754,Multi-Buts,30102,Le total de buts est supérieur à 4,8.16
a27b728c8d805754,2ème mi-tps - CS,30105,0-0,3.96
a27b728c8d805754,2ème mi-tps - CS,30105,0-1,5.07
a27b728c8d805754,2ème mi-tps - CS,30105,0-2,6.71
a27b728c8d805754,2ème mi-tps - CS,30105,0-3,13.34
a27b728c8d805754,2ème mi-tps - CS,30105,1-0,9.45
a27b728c8d805754,2ème mi-tps - CS,30105,1-1,5.38
a27b728c8d805754,2ème mi-tps - CS,30105,1-2,10.69
a27b728c8d805754,2ème mi-tps - CS,30105,2-0,26.62
a27b728c8d805754,2ème mi-tps - CS,30105,2-1,22.73
a27b728c8d805754,2ème mi-tps - CS,30105,3-0,100.0
083cf4b4529aa799,1X2,30083,1,1.65
083cf4b4529aa799,1X2,30083,X,4.04
083cf4b4529aa799,1X2,30083,2,4.83
083cf4b4529aa799,Mi-tps 1X2,30084,1,2.29
083cf4b4529aa799,Mi-tps 1X2,30084,X,2.15
083cf4b4529aa799,Mi-tps 1X2,30084,2,5.63
083cf4b4529aa799,Double Chance,30085,1X,1.15
083cf4b4529aa799,Double Chance,30085,X2,2.16
083cf4b4529aa799,Double Chance,30085,12,1.21
083cf4b4529aa799,Mi-tps DC,30086,1X,1.11
083cf4b4529aa799,Mi-tps DC,30086,X2,1.56
083cf4b4529aa799,Mi-tps DC,30086,12,1.63
083cf4b4529aa799,Score exact,30081,0-0,16.17
083cf4b4529aa799,Score exact,30081,0-1,19.45
083cf4b4529aa799,Score exact,30081,0-2,34.47
083cf4b4529aa799,Score exact,30081,0-3,83.67
083cf4b4529aa799,Score exact,30081,0-4,100.0
083cf4b4529aa799,Score exact,30081,0-5,100.0
083cf4b4529aa799,Score exact,30081,0-6,100.0
083cf4b4529aa799,Score exact,30081,1-0,10.97
083cf4b4529aa799,Score exact,30081,1-1,8.08
083cf4b4529aa799,Score exact,30081,1-2,14.48
083cf4b4529aa799,Score exact,30081,1-3,42.51
083cf4b4529aa799,Score exact,30081,1-4,100.0
083cf4b4529aa799,Score exact,30081,1-5,100.0
083cf4b4529aa799,Score exact,30081,2-0,10.19
083cf4b4529aa799,Score exact,30081,2-1,7.69
083cf4b4529aa799,Score exact,30081,2-2,14.52
083cf4b4529aa799,Score exact,30081,2-3,47.41
083cf4b4529aa799,Score exact,30081,2-4,100.0
083cf4b4529aa799,Score exact,30081,3-0,12.81
083cf4b4529aa799,Score exact,30081,3-1,11.8
083cf4b4529aa799,Score exact,30081,3-2,24.49
083cf4b4529aa799,Score exact,30081,3-3,100.0
083cf4b4529aa799,Score exact,30081,4-0,26.1
083cf4b4529aa799,Score exact,30081,4-1,25.02
083cf4b4529aa799,Score exact,30081,4-2,93.51
083cf4b4529aa799,Score exact,30081,5-0,66.56
083cf4b4529aa799,Score exact,30081,5-1,100.0
083cf4b4529aa799,Score exact,30081,6-0,100.0
083cf4b4529aa799,Mi-tps CS,30082,0-0,3.08
083cf4b4529aa799,Mi-tps CS,30082,0-1,8.72
083cf4b4529aa799,Mi-tps CS,30082,0-2,29.48
083cf4b4529aa799,Mi-tps CS,30082,0-3,100.0
083cf4b4529aa799,Mi-tps CS,30082,1-0,4.65
083cf4b4529aa799,Mi-tps CS,30082,1-1,5.85
083cf4b4529aa799,Mi-tps CS,30082,1-2,29.64
083cf4b4529aa799,Mi-tps CS,30082,2-0,7.71
083cf4b4529aa799,Mi-tps CS,30082,2-1,14.53
083cf4b4529aa799,Mi-tps CS,30082,3-0,19.17
083cf4b4529aa799,+/-,30087,> 0.5,1.0
083cf4b4529aa799,+/-,30087,< 0.5,17.08
083cf4b4529aa799,+/-,30087,> 1.5,1.15
083cf4b4529aa799,+/-,30087,< 1.5,5.17
083cf4b4529aa799,+/-,30087,> 2.5,1.59
083cf4b4529aa799,+/-,30087,< 2.5,2.32
083cf4b4529aa799,+/-,30087,> 3.5,2.81
083cf4b4529aa799,+/-,30087,< 3.5,1.42
083cf4b4529aa799,HT/FT,30089,1/1,2.53
083cf4b4529aa799,HT/FT,30089,1/X,22.68
083cf4b4529aa799,HT/FT,30089,1/2,67.53
083cf4b4529aa799,HT/FT,30089,X/1,4.66
083cf4b4529aa799,HT/FT,30089,X/X,5.66
083cf4b4529aa799,HT/FT,30089,X/2,10.98
083cf4b4529aa799,HT/FT,30089,2/1,32.88
083cf4b4529aa799,HT/FT,30089,2/X,24.54
083cf4b4529aa799,HT/FT,30089,2/2,8.85
083cf4b4529aa799,Total de buts,30090,0,16.17
083cf4b4529aa799,Total de buts,30090,1,7.01
083cf4b4529aa799,Total de buts,30090,2,3.99
083cf4b4529aa799,Total de buts,30090,3,3.46
083cf4b4529aa799,Total de buts,30090,4,4.58
083cf4b4529aa799,Total de buts,30090,5,8.12
083cf4b4529aa799,Total de buts,30090,6,29.47
083cf4b4529aa799,G/NG,30091,Oui,1.66
083cf4b4529aa799,G/NG,30091,Non,2.19
083cf4b4529aa799,Les deux équipes marquent / 1ère mi temps,30092,Oui,3.97
083cf4b4529aa799,Les deux équipes marquent / 1ère mi temps,30092,Non,1.24
083cf4b4529aa799,1X2 & Total,30093,1 / > 1.5,1.86
083cf4b4529aa799,1X2 & Total,30093,X / > 1.5,5.1
083cf4b4529aa799,1X2 & Total,30093,2 / > 1.5,6.08
083cf4b4529aa799,1X2 & Total,30093,1 / < 1.5,11.17
083cf4b4529aa799,1X2 & Total,30093,X / < 1.5,16.46
083cf4b4529aa799,1X2 & Total,30093,2 / < 1.5,19.81
083cf4b4529aa799,1X2 & Total,30093,1 / > 2.5,2.26
083cf4b4529aa799,1X2 & Total,30093,X / > 2.5,13.41
083cf4b4529aa799,1X2 & Total,30093,2 / > 2.5,7.35
083cf4b4529aa799,1X2 & Total,30093,1 / < 2.5,5.38
083cf4b4529aa799,1X2 & Total,30093,X / < 2.5,5.48
083cf4b4529aa799,1X2 & Total,30093,2 / < 2.5,12.66
083cf4b4529aa799,1X2 & Total,30093,1 / > 3.5,4.2
083cf4b4529aa799,1X2 & Total,30093,X / > 3.5,13.41
083cf4b4529aa799,1X2 & Total,30093,2 / > 3.5,17.72
083cf4b4529aa799,1X2 & Total,30093,1 / < 3.5,2.56
083cf4b4529aa799,1X2 & Total,30093,X / < 3.5,5.48
083cf4b4529aa799,1X2 & Total,30093,2 / < 3.5,6.31
083cf4b4529aa799,1X2 & G/NG,30094,1 gagne et les deux équipes marquent,3.17
083cf4b4529aa799,1X2 & G/NG,30094,1 gagne et seulement  1  marque,3.09
083cf4b4529aa799,1X2 & G/NG,30094,X et les deux équipes marquent,5.01
083cf4b4529aa799,1X2 & G/NG,30094,X et aucun but,16.17
083cf4b4529aa799,1X2 & G/NG,30094,2 gagne et les deux équipes marquent,8.14
083cf4b4529aa799,1X2 & G/NG,30094,2 gagne et seulement 2 marque,10.41
083cf4b4529aa799,Total equipe domicile,30095,> 0.5,1.1
083cf4b4529aa799,Total equipe domicile,30095,< 0.5,6.69
083cf4b4529aa799,Total equipe domicile,30095,> 1.5,1.63
083cf4b4529aa799,Total equipe domicile,30095,< 1.5,2.24
083cf4b4529aa799,Total equipe domicile,30095,> 2.5,3.23
083cf4b4529aa799,Total equipe domicile,30095,< 2.5,1.33
083cf4b4529aa799,Total equipe domicile,30095,> 3.5,9.06
083cf4b4529aa799,Total equipe domicile,30095,< 3.5,1.05
083cf4b4529aa799,Total equipe extérieur,30096,> 0.5,1.44
083cf4b4529aa799,Total equipe extérieur,30096,< 0.5,2.74
083cf4b4529aa799,Total equipe extérieur,30096,> 1.5,3.58
083cf4b4529aa799,Total equipe extérieur,30096,< 1.5,1.28
083cf4b4529aa799,Total equipe extérieur,30096,> 2.5,13.81
083cf4b4529aa799,Total equipe extérieur,30096,< 2.5,1.01
083cf4b4529aa799,Total equipe extérieur,30096,> 3.5,82.31
083cf4b4529aa799,Total equipe extérieur,30096,< 3.5,0.95
083cf4b4529aa799,G/NG equipe domicile,30097,Oui,1.1
083cf4b4529aa799,G/NG equipe domicile,30097,Non,6.69
083cf4b4529aa799,G/NG equipe extérieur,30098,Oui,1.44
083cf4b4529aa799,G/NG equipe extérieur,30098,Non,2.74
083cf4b4529aa799,Pair/Impair,30099,Impair,1.87
083cf4b4529aa799,Pair/Impair,30099,Pair,1.83
083cf4b4529aa799,Minute du premier but,30100,1-15,4.18
083cf4b4529aa799,Minute du premier but,30100,16-30,2.84
083cf4b4529aa799,Minute du premier but,30100,31-45,5.02
083cf4b4529aa799,Minute du premier but,30100,46-60,7.43
083cf4b4529aa799,Minute du premier but,30100,61-75,13.77
083cf4b4529aa799,Minute du premier but,30100,76-90,16.62
083cf4b4529aa799,Minute du premier but,30100,Pas de but,16.17
083cf4b4529aa799,FTTS,30101,1,1.56
083cf4b4529aa799,FTTS,30101,2,2.4
083cf4b4529aa799,FTTS,30101,Pas de but,16.17
083cf4b4529aa799,Multi-Buts,30102,"Le total de buts est de 0, 1 ou 2",2.24
083cf4b4529aa799,Multi-Buts,30102,"Le total de buts est de 1, 2 ou 3",1.49
083cf4b4529aa799,Multi-Buts,30102,"Le total de buts est de 2, 3 ou 4",1.34
083cf4b4529aa799,Multi-Buts,30102,Le total de buts est supérieur à 4,6.48
083cf4b4529aa799,2ème mi-tps - CS,30105,0-0,4.44
083cf4b4529aa799,2ème mi-tps - CS,30105,0-1,9.3
083cf4b4529aa799,2ème mi-tps - CS,30105,0-2,22.69
083cf4b4529aa799,2ème mi-tps - CS,30105,0-3,83.05
083cf4b4529aa799,2ème mi-tps - CS,30105,1-0,5.48
083cf4b4529aa799,2ème mi-tps - CS,30105,1-1,5.1
083cf4b4529aa799,2ème mi-tps - CS,30105,1-2,18.66
083cf4b4529aa799,2ème mi-tps - CS,30105,2-0,6.84
083cf4b4529aa799,2ème mi-tps - CS,30105,2-1,9.56
083cf4b4529aa799,2ème mi-tps - CS,30105,3-0,12.82
d836f83bdd1bffad,1X2,30083,1,4.26
d836f83bdd1bffad,1X2,30083,X,4.02
d836f83bdd1bffad,1X2,30083,2,1.74
d836f83bdd1bffad,Mi-tps 1X2,30084,1,4.73
d836f83bdd1bffad,Mi-tps 1X2,30084,X,2.17
d836f83bdd1bffad,Mi-tps 1X2,30084,2,2.45
d836f83bdd1bffad,Double Chance,30085,1X,2.03
d836f83bdd1bffad,Double Chance,30085,X2,1.19
d836f83bdd1bffad,Double Chance,30085,12,1.21
d836f83bdd1bffad,Mi-tps DC,30086,1X,1.49
d836f83bdd1bffad,Mi-tps DC,30086,X2,1.15
d836f83bdd1bffad,Mi-tps DC,30086,12,1.61
d836f83bdd1bffad,Score exact,30081,0-0,18.12
d836f83bdd1bffad,Score exact,30081,0-1,12.31
d836f83bdd1bffad,Score exact,30081,0-2,11.4
d836f83bdd1bffad,Score exact,30081,0-3,14.29
d836f83bdd1bffad,Score exact,30081,0-4,29.27
d836f83bdd1bffad,Score exact,30081,0-5,75.07
d836f83bdd1bffad,Score exact,30081,0-6,100.0
d836f83bdd1bffad,Score exact,30081,1-0,19.61
d836f83bdd1bffad,Score exact,30081,1-1,8.16
d836f83bdd1bffad,Score exact,30081,1-2,7.76
d836f83bdd1bffad,Score exact,30081,1-3,11.87
d836f83bdd1bffad,Score exact,30081,1-4,25.15
d836f83bdd1bffad,Score exact,30081,1-5,100.0
d836f83bdd1bffad,Score exact,30081,2-0,31.18
d836f83bdd1bffad,Score exact,30081,2-1,13.1
d836f83bdd1bffad,Score exact,30081,2-2,13.08
d836f83bdd1bffad,Score exact,30081,2-3,21.98
d836f83bdd1bffad,Score exact,30081,2-4,83.89
d836f83bdd1bffad,Score exact,30081,3-0,67.83
d836f83bdd1bffad,Score exact,30081,3-1,34.11
d836f83bdd1bffad,Score exact,30081,3-2,37.91
d836f83bdd1bffad,Score exact,30081,3-3,100.0
d836f83bdd1bffad,Score exact,30081,4-0,100.0
d836f83bdd1bffad,Score exact,30081,4-1,100.0
d836f83bdd1bffad,Score exact,30081,4-2,100.0
d836f83bdd1bffad,Score exact,30081,5-0,100.0
d836f83bdd1bffad,Score exact,30081,5-1,100.0
d836f83bdd1bffad,Score exact,30081,6-0,100.0
d836f83bdd1bffad,Mi-tps CS,30082,0-0,3.28
d836f83bdd1bffad,Mi-tps CS,30082,0-1,5.04
d836f83bdd1bffad,Mi-tps CS,30082,0-2,8.55
d836f83bdd1bffad,Mi-tps CS,30082,0-3,21.75
d836f83bdd1bffad,Mi-tps CS,30082,1-0,7.89
d836f83bdd1bffad,Mi-tps CS,30082,1-1,5.39
d836f83bdd1bffad,Mi-tps CS,30082,1-2,13.72
d836f83bdd1bffad,Mi-tps CS,30082,2-0,22.45
d836f83bdd1bffad,Mi-tps CS,30082,2-1,22.99
d836f83bdd1bffad,Mi-tps CS,30082,3-0,95.74
d836f83bdd1bffad,+/-,30087,> 0.5,0.99
d836f83bdd1bffad,+/-,30087,< 0.5,19.15
d836f83bdd1bffad,+/-,30087,> 1.5,1.13
d836f83bdd1bffad,+/-,30087,< 1.5,5.64
d836f83bdd1bffad,+/-,30087,> 2.5,1.53
d836f83bdd1bffad,+/-,30087,< 2.5,2.46
d836f83bdd1bffad,+/-,30087,> 3.5,2.64
d836f83bdd1bffad,+/-,30087,< 3.5,1.47
d836f83bdd1bffad,HT/FT,30089,1/1,7.28
d836f83bdd1bffad,HT/FT,30089,1/X,21.22
d836f83bdd1bffad,HT/FT,30089,1/2,28.69
d836f83bdd1bffad,HT/FT,30089,X/1,10.5
d836f83bdd1bffad,HT/FT,30089,X/X,5.81
d836f83bdd1bffad,HT/FT,30089,X/2,4.76
d836f83bdd1bffad,HT/FT,30089,2/1,64.08
d836f83bdd1bffad,HT/FT,30089,2/X,22.83
d836f83bdd1bffad,HT/FT,30089,2/2,2.75
d836f83bdd1bffad,Total de buts,30090,0,18.12
d836f83bdd1bffad,Total de buts,30090,1,7.56
d836f83bdd1bffad,Total de buts,30090,2,4.13
d836f83bdd1bffad,Total de buts,30090,3,3.45
d836f83bdd1bffad,Total de buts,30090,4,4.38
d836f83bdd1bffad,Total de buts,30090,5,7.47
d836f83bdd1bffad,Total de buts,30090,6,26.25
d836f83bdd1bffad,G/NG,30091,Oui,1.57
d836f83bdd1bffad,G/NG,30091,Non,2.36
d836f83bdd1bffad,Les deux équipes marquent / 1ère mi temps,30092,Oui,3.59
d836f83bdd1bffad,Les deux équipes marquent / 1ère mi temps,30092,Non,1.28
d836f83bdd1bffad,1X2 & Total,30093,1 / > 1.5,5.16
d836f83bdd1bffad,1X2 & Total,30093,X / > 1.5,4.9
d836f83bdd1bffad,1X2 & Total,30093,2 / > 1.5,1.93
d836f83bdd1bffad,1X2 & Total,30093,1 / < 1.5,19.97
d836f83bdd1bffad,1X2 & Total,30093,X / < 1.5,18.45
d836f83bdd1bffad,1X2 & Total,30093,2 / < 1.5,12.53
d836f83bdd1bffad,1X2 & Total,30093,1 / > 2.5,6.17
d836f83bdd1bffad,1X2 & Total,30093,X / > 2.5,11.93
d836f83bdd1bffad,1X2 & Total,30093,2 / > 2.5,2.31
d836f83bdd1bffad,1X2 & Total,30093,1 / < 2.5,12.26
d836f83bdd1bffad,1X2 & Total,30093,X / < 2.5,5.73
d836f83bdd1bffad,1X2 & Total,30093,2 / < 2.5,6.03
d836f83bdd1bffad,1X2 & Total,30093,1 / > 3.5,13.75
d836f83bdd1bffad,1X2 & Total,30093,X / > 3.5,11.93
d836f83bdd1bffad,1X2 & Total,30093,2 / > 3.5,4.22
d836f83bdd1bffad,1X2 & Total,30093,1 / < 3.5,5.85
d836f83bdd1bffad,1X2 & Total,30093,X / < 3.5,5.73
d836f83bdd1bffad,1X2 & Total,30093,2 / < 3.5,2.77
d836f83bdd1bffad,1X2 & G/NG,30094,1 gagne et les deux équipes marquent,6.9
d836f83bdd1bffad,1X2 & G/NG,30094,1 gagne et seulement  1  marque,9.7
d836f83bdd1bffad,1X2 & G/NG,30094,X et les deux équipes marquent,4.81
d836f83bdd1bffad,1X2 & G/NG,30094,X et aucun but,18.12
d836f83bdd1bffad,1X2 & G/NG,30094,2 gagne et les deux équipes marquent,3.13
d836f83bdd1bffad,1X2 & G/NG,30094,2 gagne et seulement 2 marque,3.46
d836f83bdd1bffad,Total equipe domicile,30095,> 0.5,1.36
d836f83bdd1bffad,Total equipe domicile,30095,< 0.5,3.07
d836f83bdd1bffad,Total equipe domicile,30095,> 1.5,3.11
d836f83bdd1bffad,Total equipe domicile,30095,< 1.5,1.35
d836f83bdd1bffad,Total equipe domicile,30095,> 2.5,10.82
d836f83bdd1bffad,Total equipe domicile,30095,< 2.5,1.03
d836f83bdd1bffad,Total equipe domicile,30095,> 3.5,57.59
d836f83bdd1bffad,Total equipe domicile,30095,< 3.5,0.96
d836f83bdd1bffad,Total equipe extérieur,30096,> 0.5,1.1
d836f83bdd1bffad,Total equipe extérieur,30096,< 0.5,6.67
d836f83bdd1bffad,Total equipe extérieur,30096,> 1.5,1.64
d836f83bdd1bffad,Total equipe extérieur,30096,< 1.5,2.22
d836f83bdd1bffad,Total equipe extérieur,30096,> 2.5,3.3
d836f83bdd1bffad,Total equipe extérieur,30096,< 2.5,1.32
d836f83bdd1bffad,Total equipe extérieur,30096,> 3.5,9.49
d836f83bdd1bffad,Total equipe extérieur,30096,< 3.5,1.05
d836f83bdd1bffad,G/NG equipe domicile,30097,Oui,1.36
d836f83bdd1bffad,G/NG equipe domicile,30097,Non,3.07
d836f83bdd1bffad,G/NG equipe extérieur,30098,Oui,1.1
d836f83bdd1bffad,G/NG equipe extérieur,30098,Non,6.67
d836f83bdd1bffad,Pair/Impair,30099,Impair,1.87
d836f83bdd1bffad,Pair/Impair,30099,Pair,1.84
d836f83bdd1bffad,Minute du premier but,30100,1-15,4.01
d836f83bdd1bffad,Minute du premier but,30100,16-30,2.76
d836f83bdd1bffad,Minute du premier but,30100,31-45,5.02
d836f83bdd1bffad,Minute du premier but,30100,46-60,7.77
d836f83bdd1bffad,Minute du premier but,30100,61-75,14.59
d836f83bdd1bffad,Minute du premier but,30100,76-90,17.78
d836f83bdd1bffad,Minute du premier but,30100,Pas de but,18.12
d836f83bdd1bffad,FTTS,30101,1,2.24
d836f83bdd1bffad,FTTS,30101,2,1.62
d836f83bdd1bffad,FTTS,30101,Pas de but,18.12
d836f83bdd1bffad,Multi-Buts,30102,"Le total de buts est de 0, 1 ou 2",2.37
d836f83bdd1bffad,Multi-Buts,30102,"Le total de buts est de 1, 2 ou 3",1.53
d836f83bdd1bffad,Multi-Buts,30102,"Le total de buts est de 2, 3 ou 4",1.34
d836f83bdd1bffad,Multi-Buts,30102,Le total de buts est supérieur à 4,5.92
d836f83bdd1bffad,2ème mi-tps - CS,30105,0-0,4.68
d836f83bdd1bffad,2ème mi-tps - CS,30105,0-1,5.7
d836f83bdd1bffad,2ème mi-tps - CS,30105,0-2,6.98
d836f83bdd1bffad,2ème mi-tps - CS,30105,0-3,12.81
d836f83bdd1bffad,2ème mi-tps - CS,30105,1-0,9.2
d836f83bdd1bffad,2ème mi-tps - CS,30105,1-1,4.98
d836f83bdd1bffad,2ème mi-tps - CS,30105,1-2,9.15
d836f83bdd1bffad,2ème mi-tps - CS,30105,2-0,20.91
d836f83bdd1bffad,2ème mi-tps - CS,30105,2-1,16.98
d836f83bdd1bffad,2ème mi-tps - CS,30105,3-0,71.29
a768bfbb1ed8d643,1X2,30083,1,1.58
a768bfbb1ed8d643,1X2,30083,X,4.3
a768bfbb1ed8d643,1X2,30083,2,5.13
a768bfbb1ed8d643,Mi-tps 1X2,30084,1,2.17
a768bfbb1ed8d643,Mi-tps 1X2,30084,X,2.25
a768bfbb1ed8d643,Mi-tps 1X2,30084,2,5.71
a768bfbb1ed8d643,Double Chance,30085,1X,1.13
a768bfbb1ed8d643,Double Chance,30085,X2,2.3
a768bfbb1ed8d643,Double Chance,30085,12,1.19
a768bfbb1ed8d643,Mi-tps DC,30086,1X,1.11
a768bfbb1ed8d643,Mi-tps DC,30086,X2,1.62
a768bfbb1ed8d643,Mi-tps DC,30086,12,1.57
a768bfbb1ed8d643,Score exact,30081,0-0,19.05
a768bfbb1ed8d643,Score exact,30081,0-1,22.32
a768bfbb1ed8d643,Score exact,30081,0-2,38.48
a768bfbb1ed8d643,Score exact,30081,0-3,90.89
a768bfbb1ed8d643,Score exact,30081,0-4,100.0
a768bfbb1ed8d643,Score exact,30081,0-5,100.0
a768bfbb1ed8d643,Score exact,30081,0-6,100.0
a768bfbb1ed8d643,Score exact,30081,1-0,12.17
a768bfbb1ed8d643,Score exact,30081,1-1,8.73
a768bfbb1ed8d643,Score exact,30081,1-2,15.22
a768bfbb1ed8d643,Score exact,30081,1-3,43.29
a768bfbb1ed8d643,Score exact,30081,1-4,100.0
a768bfbb1ed8d643,Score exact,30081,1-5,100.0
a768bfbb1ed8d643,Score exact,30081,2-0,10.43
a768bfbb1ed8d643,Score exact,30081,2-1,7.7
a768bfbb1ed8d643,Score exact,30081,2-2,14.17
a768bfbb1ed8d643,Score exact,30081,2-3,44.85
a768bfbb1ed8d643,Score exact,30081,2-4,100.0
a768bfbb1ed8d643,Score exact,30081,3-0,12.07
a768bfbb1ed8d643,Score exact,30081,3-1,10.88
a768bfbb1ed8d643,Score exact,30081,3-2,21.95
a768bfbb1ed8d643,Score exact,30081,3-3,100.0
a768bfbb1ed8d643,Score exact,30081,4-0,22.68
a768bfbb1ed8d643,Score exact,30081,4-1,21.13
a768bfbb1ed8d643,Score exact,30081,4-2,76.7
a768bfbb1ed8d643,Score exact,30081,5-0,52.8
a768bfbb1ed8d643,Score exact,30081,5-1,84.1
a768bfbb1ed8d643,Score exact,30081,6-0,100.0
a768bfbb1ed8d643,Mi-tps CS,30082,0-0,3.36
a768bfbb1ed8d643,Mi-tps CS,30082,0-1,9.13
a768bfbb1ed8d643,Mi-tps CS,30082,0-2,29.57
a768bfbb1ed8d643,Mi-tps CS,30082,0-3,100.0
a768bfbb1ed8d643,Mi-tps CS,30082,1-0,4.72
a768bfbb1ed8d643,Mi-tps CS,30082,1-1,5.7
a768bfbb1ed8d643,Mi-tps CS,30082,1-2,27.7
a768bfbb1ed8d643,Mi-tps CS,30082,2-0,7.14
a768bfbb1ed8d643,Mi-tps CS,30082,2-1,12.93
a768bfbb1ed8d643,Mi-tps CS,30082,3-0,16.18
a768bfbb1ed8d643,+/-,30087,> 0.5,0.99
a768bfbb1ed8d643,+/-,30087,< 0.5,20.12
a768bfbb1ed8d643,+/-,30087,> 1.5,1.12
a768bfbb1ed8d643,+/-,30087,< 1.5,5.89
a768bfbb1ed8d643,+/-,30087,> 2.5,1.5
a768bfbb1ed8d643,+/-,30087,< 2.5,2.54
a768bfbb1ed8d643,+/-,30087,> 3.5,2.55
a768bfbb1ed8d643,+/-,30087,< 3.5,1.5
a768bfbb1ed8d643,HT/FT,30089,1/1,2.38
a768bfbb1ed8d643,HT/FT,30089,1/X,22.93
a768bfbb1ed8d643,HT/FT,30089,1/2,68.46
a768bfbb1ed8d643,HT/FT,30089,X/1,4.64
a768bfbb1ed8d643,HT/FT,30089,X/X,6.2
a768bfbb1ed8d643,HT/FT,30089,X/2,11.94
a768bfbb1ed8d643,HT/FT,30089,2/1,30.28
a768bfbb1ed8d643,HT/FT,30089,2/X,24.44
a768bfbb1ed8d643,HT/FT,30089,2/2,9.3
a768bfbb1ed8d643,Total de buts,30090,0,19.05
a768bfbb1ed8d643,Total de buts,30090,1,7.87
a768bfbb1ed8d643,Total de buts,30090,2,4.23
a768bfbb1ed8d643,Total de buts,30090,3,3.45
a768bfbb1ed8d643,Total de buts,30090,4,4.3
a768bfbb1ed8d643,Total de buts,30090,5,7.12
a768bfbb1ed8d643,Total de buts,30090,6,23.99
a768bfbb1ed8d643,G/NG,30091,Oui,1.62
a768bfbb1ed8d643,G/NG,30091,Non,2.26
a768bfbb1ed8d643,Les deux équipes marquent / 1ère mi temps,30092,Oui,3.76
a768bfbb1ed8d643,Les deux équipes marquent / 1ère mi temps,30092,Non,1.26
a768bfbb1ed8d643,1X2 & Total,30093,1 / > 1.5,1.74
a768bfbb1ed8d643,1X2 & Total,30093,X / > 1.5,5.27
a768bfbb1ed8d643,1X2 & Total,30093,2 / > 1.5,6.32
a768bfbb1ed8d643,1X2 & Total,30093,1 / < 1.5,12.39
a768bfbb1ed8d643,1X2 & Total,30093,X / < 1.5,19.39
a768bfbb1ed8d643,1X2 & Total,30093,2 / < 1.5,22.72
a768bfbb1ed8d643,1X2 & Total,30093,1 / > 2.5,2.08
a768bfbb1ed8d643,1X2 & Total,30093,X / > 2.5,12.93
a768bfbb1ed8d643,1X2 & Total,30093,2 / > 2.5,7.53
a768bfbb1ed8d643,1X2 & Total,30093,1 / < 2.5,5.72
a768bfbb1ed8d643,1X2 & Total,30093,X / < 2.5,6.1
a768bfbb1ed8d643,1X2 & Total,30093,2 / < 2.5,14.38
a768bfbb1ed8d643,1X2 & Total,30093,1 / > 3.5,3.67
a768bfbb1ed8d643,1X2 & Total,30093,X / > 3.5,12.93
a768bfbb1ed8d643,1X2 & Total,30093,2 / > 3.5,17.42
a768bfbb1ed8d643,1X2 & Total,30093,1 / < 3.5,2.61
a768bfbb1ed8d643,1X2 & Total,30093,X / < 3.5,6.1
a768bfbb1ed8d643,1X2 & Total,30093,2 / < 3.5,6.9
a768bfbb1ed8d643,1X2 & G/NG,30094,1 gagne et les deux équipes marquent,2.94
a768bfbb1ed8d643,1X2 & G/NG,30094,1 gagne et seulement  1  marque,3.04
a768bfbb1ed8d643,1X2 & G/NG,30094,X et les deux équipes marquent,5.17
a768bfbb1ed8d643,1X2 & G/NG,30094,X et aucun but,19.05
a768bfbb1ed8d643,1X2 & G/NG,30094,2 gagne et les deux équipes marquent,8.29
a768bfbb1ed8d643,1X2 & G/NG,30094,2 gagne et seulement 2 marque,11.72
a768bfbb1ed8d643,Total equipe domicile,30095,> 0.5,1.08
a768bfbb1ed8d643,Total equipe domicile,30095,< 0.5,7.66
a768bfbb1ed8d643,Total equipe domicile,30095,> 1.5,1.53
a768bfbb1ed8d643,Total equipe domicile,30095,< 1.5,2.46
a768bfbb1ed8d643,Total equipe domicile,30095,> 2.5,2.87
a768bfbb1ed8d643,Total equipe domicile,30095,< 2.5,1.41
a768bfbb1ed8d643,Total equipe domicile,30095,> 3.5,7.55
a768bfbb1ed8d643,Total equipe domicile,30095,< 3.5,1.08
a768bfbb1ed8d643,Total equipe extérieur,30096,> 0.5,1.43
a768bfbb1ed8d643,Total equipe extérieur,30096,< 0.5,2.77
a768bfbb1ed8d643,Total equipe extérieur,30096,> 1.5,3.54
a768bfbb1ed8d643,Total equipe extérieur,30096,< 1.5,1.29
a768bfbb1ed8d643,Total equipe extérieur,30096,> 2.5,13.61
a768bfbb1ed8d643,Total equipe extérieur,30096,< 2.5,1.01
a768bfbb1ed8d643,Total equipe extérieur,30096,> 3.5,80.94
a768bfbb1ed8d643,Total equipe extérieur,30096,< 3.5,0.95
a768bfbb1ed8d643,G/NG equipe domicile,30097,Oui,1.08
a768bfbb1ed8d643,G/NG equipe domicile,30097,Non,7.66
a768bfbb1ed8d643,G/NG equipe extérieur,30098,Oui,1.43
a768bfbb1ed8d643,G/NG equipe extérieur,30098,Non,2.77
a768bfbb1ed8d643,Pair/Impair,30099,Impair,1.86
a768bfbb1ed8d643,Pair/Impair,30099,Pair,1.84
a768bfbb1ed8d643,Minute du premier but,30100,1-15,4.01
a768bfbb1ed8d643,Minute du premier but,30100,16-30,2.76
a768bfbb1ed8d643,Minute du premier but,30100,31-45,5.0
a768bfbb1ed8d643,Minute du premier but,30100,46-60,7.7
a768bfbb1ed8d643,Minute du premier but,30100,61-75,14.44
a768bfbb1ed8d643,Minute du premier but,30100,76-90,17.59
a768bfbb1ed8d643,Minute du premier but,30100,Pas de but,19.05
a768bfbb1ed8d643,FTTS,30101,1,1.53
a768bfbb1ed8d643,FTTS,30101,2,2.42
a768bfbb1ed8d643,FTTS,30101,Pas de but,19.05
a768bfbb1ed8d643,Multi-Buts,30102,"Le total de buts est de 0, 1 ou 2",2.45
a768bfbb1ed8d643,Multi-Buts,30102,"Le total de buts est de 1, 2 ou 3",1.56
a768bfbb1ed8d643,Multi-Buts,30102,"Le total de buts est de 2, 3 ou 4",1.34
a768bfbb1ed8d643,Multi-Buts,30102,Le total de buts est supérieur à 4,5.59
a768bfbb1ed8d643,2ème mi-tps - CS,30105,0-0,4.8
a768bfbb1ed8d643,2ème mi-tps - CS,30105,0-1,9.88
a768bfbb1ed8d643,2ème mi-tps - CS,30105,0-2,23.68
a768bfbb1ed8d643,2ème mi-tps - CS,30105,0-3,85.08
a768bfbb1ed8d643,2ème mi-tps - CS,30105,1-0,5.62
a768bfbb1ed8d643,2ème mi-tps - CS,30105,1-1,5.15
a768bfbb1ed8d643,2ème mi-tps - CS,30105,1-2,18.5
a768bfbb1ed8d643,2ème mi-tps - CS,30105,2-0,6.42
a768bfbb1ed8d643,2ème mi-tps - CS,30105,2-1,8.82
a768bfbb1ed8d643,2ème mi-tps - CS,30105,3-0,11.0
be1b7d59fd8d5d77,1X2,30083,1,1.8
be1b7d59fd8d5d77,1X2,30083,X,4.29
be1b7d59fd8d5d77,1X2,30083,2,3.67
be1b7d59fd8d5d77,Mi-tps 1X2,30084,1,2.38
be1b7d59fd8d5d77,Mi-tps 1X2,30084,X,2.35
be1b7d59fd8d5d77,Mi-tps 1X2,30084,2,4.27
be1b7d59fd8d5d77,Double Chance,30085,1X,1.25
be1b7d59fd8d5d77,Double Chance,30085,X2,1.94
be1b7d59fd8d5d77,Double Chance,30085,12,1.19
be1b7d59fd8d5d77,Mi-tps DC,30086,1X,1.18
be1b7d59fd8d5d77,Mi-tps DC,30086,X2,1.51
be1b7d59fd8d5d77,Mi-tps DC,30086,12,1.53
be1b7d59fd8d5d77,Score exact,30081,0-0,28.37
be1b7d59fd8d5d77,Score exact,30081,0-1,24.72
be1b7d59fd8d5d77,Score exact,30081,0-2,30.81
be1b7d59fd8d5d77,Score exact,30081,0-3,52.36
be1b7d59fd8d5d77,Score exact,30081,0-4,100.0
be1b7d59fd8d5d77,Score exact,30081,0-5,100.0
be1b7d59fd8d5d77,Score exact,30081,0-6,100.0
be1b7d59fd8d5d77,Score exact,30081,1-0,17.79
be1b7d59fd8d5d77,Score exact,30081,1-1,9.49
be1b7d59fd8d5d77,Score exact,30081,1-2,12.03
be1b7d59fd8d5d77,Score exact,30081,1-3,24.83
be1b7d59fd8d5d77,Score exact,30081,1-4,71.96
be1b7d59fd8d5d77,Score exact,30081,1-5,100.0
be1b7d59fd8d5d77,Score exact,30081,2-0,14.78
be1b7d59fd8d5d77,Score exact,30081,2-1,8.13
be1b7d59fd8d5d77,Score exact,30081,2-2,11.02
be1b7d59fd8d5d77,Score exact,30081,2-3,25.2
be1b7d59fd8d5d77,Score exact,30081,2-4,100.0
be1b7d59fd8d5d77,Score exact,30081,3-0,16.55
be1b7d59fd8d5d77,Score exact,30081,3-1,11.2
be1b7d59fd8d5d77,Score exact,30081,3-2,16.6
be1b7d59fd8d5d77,Score exact,30081,3-3,66.91
be1b7d59fd8d5d77,Score exact,30081,4-0,30.35
be1b7d59fd8d5d77,Score exact,30081,4-1,21.11
be1b7d59fd8d5d77,Score exact,30081,4-2,56.17
be1b7d59fd8d5d77,Score exact,30081,5-0,68.64
be1b7d59fd8d5d77,Score exact,30081,5-1,81.55
be1b7d59fd8d5d77,Score exact,30081,6-0,100.0
be1b7d59fd8d5d77,Mi-tps CS,30082,0-0,3.97
be1b7d59fd8d5d77,Mi-tps CS,30082,0-1,8.03
be1b7d59fd8d5d77,Mi-tps CS,30082,0-2,18.87
be1b7d59fd8d5d77,Mi-tps CS,30082,0-3,66.5
be1b7d59fd8d5d77,Mi-tps CS,30082,1-0,5.52
be1b7d59fd8d5d77,Mi-tps CS,30082,1-1,4.97
be1b7d59fd8d5d77,Mi-tps CS,30082,1-2,17.51
be1b7d59fd8d5d77,Mi-tps CS,30082,2-0,8.23
be1b7d59fd8d5d77,Mi-tps CS,30082,2-1,11.11
be1b7d59fd8d5d77,Mi-tps CS,30082,3-0,18.41
be1b7d59fd8d5d77,+/-,30087,> 0.5,0.97
be1b7d59fd8d5d77,+/-,30087,< 0.5,29.98
be1b7d59fd8d5d77,+/-,30087,> 1.5,1.07
be1b7d59fd8d5d77,+/-,30087,< 1.5,8.01
be1b7d59fd8d5d77,+/-,30087,> 2.5,1.35
be1b7d59fd8d5d77,+/-,30087,< 2.5,3.13
be1b7d59fd8d5d77,+/-,30087,> 3.5,2.13
be1b7d59fd8d5d77,+/-,30087,< 3.5,1.7
be1b7d59fd8d5d77,HT/FT,30089,1/1,2.78
be1b7d59fd8d5d77,HT/FT,30089,1/X,19.28
be1b7d59fd8d5d77,HT/FT,30089,1/2,43.26
be1b7d59fd8d5d77,HT/FT,30089,X/1,5.31
be1b7d59fd8d5d77,HT/FT,30089,X/X,6.89
be1b7d59fd8d5d77,HT/FT,30089,X/2,9.26
be1b7d59fd8d5d77,HT/FT,30089,2/1,27.18
be1b7d59fd8d5d77,HT/FT,30089,2/X,20.25
be1b7d59fd8d5d77,HT/FT,30089,2/2,6.37
be1b7d59fd8d5d77,Total de buts,30090,0,28.37
be1b7d59fd8d5d77,Total de buts,30090,1,10.35
be1b7d59fd8d5d77,Total de buts,30090,2,4.87
be1b7d59fd8d5d77,Total de buts,30090,3,3.5
be1b7d59fd8d5d77,Total de buts,30090,4,3.84
be1b7d59fd8d5d77,Total de buts,30090,5,5.63
be1b7d59fd8d5d77,Total de buts,30090,6,16.93
be1b7d59fd8d5d77,G/NG,30091,Oui,1.41
be1b7d59fd8d5d77,G/NG,30091,Non,2.84
be1b7d59fd8d5d77,Les deux équipes marquent / 1ère mi temps,30092,Oui,3.11
be1b7d59fd8d5d77,Les deux équipes marquent / 1ère mi temps,30092,Non,1.35
be1b7d59fd8d5d77,1X2 & Total,30093,1 / > 1.5,1.92
be1b7d59fd8d5d77,1X2 & Total,30093,X / > 1.5,4.82
be1b7d59fd8d5d77,1X2 & Total,30093,2 / > 1.5,4.11
be1b7d59fd8d5d77,1X2 & Total,30093,1 / < 1.5,18.12
be1b7d59fd8d5d77,1X2 & Total,30093,X / < 1.5,28.89
be1b7d59fd8d5d77,1X2 & Total,30093,2 / < 1.5,25.17
be1b7d59fd8d5d77,1X2 & Total,30093,1 / > 2.5,2.21
be1b7d59fd8d5d77,1X2 & Total,30093,X / > 2.5,9.63
be1b7d59fd8d5d77,1X2 & Total,30093,2 / > 2.5,4.73
be1b7d59fd8d5d77,1X2 & Total,30093,1 / < 2.5,8.22
be1b7d59fd8d5d77,1X2 & Total,30093,X / < 2.5,7.24
be1b7d59fd8d5d77,1X2 & Total,30093,2 / < 2.5,13.96
be1b7d59fd8d5d77,1X2 & Total,30093,1 / > 3.5,3.66
be1b7d59fd8d5d77,1X2 & Total,30093,X / > 3.5,9.63
be1b7d59fd8d5d77,1X2 & Total,30093,2 / > 3.5,9.01
be1b7d59fd8d5d77,1X2 & Total,30093,1 / < 3.5,3.31
be1b7d59fd8d5d77,1X2 & Total,30093,X / < 3.5,7.24
be1b7d59fd8d5d77,1X2 & Total,30093,2 / < 3.5,5.81
be1b7d59fd8d5d77,1X2 & G/NG,30094,1 gagne et les deux équipes marquent,2.86
be1b7d59fd8d5d77,1X2 & G/NG,30094,1 gagne et seulement  1  marque,4.24
be1b7d59fd8d5d77,1X2 & G/NG,30094,X et les deux équipes marquent,4.74
be1b7d59fd8d5d77,1X2 & G/NG,30094,X et aucun but,28.37
be1b7d59fd8d5d77,1X2 & G/NG,30094,2 gagne et les deux équipes marquent,5.35
be1b7d59fd8d5d77,1X2 & G/NG,30094,2 gagne et seulement 2 marque,9.88
be1b7d59fd8d5d77,Total equipe domicile,30095,> 0.5,1.07
be1b7d59fd8d5d77,Total equipe domicile,30095,< 0.5,7.74
be1b7d59fd8d5d77,Total equipe domicile,30095,> 1.5,1.55
be1b7d59fd8d5d77,Total equipe domicile,30095,< 1.5,2.41
be1b7d59fd8d5d77,Total equipe domicile,30095,> 2.5,2.99
be1b7d59fd8d5d77,Total equipe domicile,30095,< 2.5,1.38
be1b7d59fd8d5d77,Total equipe domicile,30095,> 3.5,8.21
be1b7d59fd8d5d77,Total equipe domicile,30095,< 3.5,1.07
be1b7d59fd8d5d77,Total equipe extérieur,30096,> 0.5,1.24
be1b7d59fd8d5d77,Total equipe extérieur,30096,< 0.5,3.9
be1b7d59fd8d5d77,Total equipe extérieur,30096,> 1.5,2.45
be1b7d59fd8d5d77,Total equipe extérieur,30096,< 1.5,1.53
be1b7d59fd8d5d77,Total equipe extérieur,30096,> 2.5,7.19
be1b7d59fd8d5d77,Total equipe extérieur,30096,< 2.5,1.09
be1b7d59fd8d5d77,Total equipe extérieur,30096,> 3.5,31.97
be1b7d59fd8d5d77,Total equipe extérieur,30096,< 3.5,0.97
be1b7d59fd8d5d77,G/NG equipe domicile,30097,Oui,1.07
be1b7d59fd8d5d77,G/NG equipe domicile,30097,Non,7.74
be1b7d59fd8d5d77,G/NG equipe extérieur,30098,Oui,1.24
be1b7d59fd8d5d77,G/NG equipe extérieur,30098,Non,3.9
be1b7d59fd8d5d77,Pair/Impair,30099,Impair,1.85
be1b7d59fd8d5d77,Pair/Impair,30099,Pair,1.85
be1b7d59fd8d5d77,Minute du premier but,30100,1-15,3.69
be1b7d59fd8d5d77,Minute du premier but,30100,16-30,2.6
be1b7d59fd8d5d77,Minute du premier but,30100,31-45,5.03
be1b7d59fd8d5d77,Minute du premier but,30100,46-60,8.25
be1b7d59fd8d5d77,Minute du premier but,30100,61-75,16.33
be1b7d59fd8d5d77,Minute du premier but,30100,76-90,20.77
be1b7d59fd8d5d77,Minute du premier but,30100,Pas de but,28.37
be1b7d59fd8d5d77,FTTS,30101,1,1.63
be1b7d59fd8d5d77,FTTS,30101,2,2.12
be1b7d59fd8d5d77,FTTS,30101,Pas de but,28.37
be1b7d59fd8d5d77,Multi-Buts,30102,"Le total de buts est de 0, 1 ou 2",3.02
be1b7d59fd8d5d77,Multi-Buts,30102,"Le total de buts est de 1, 2 ou 3",1.73
be1b7d59fd8d5d77,Multi-Buts,30102,"Le total de buts est de 2, 3 ou 4",1.36
be1b7d59fd8d5d77,Multi-Buts,30102,Le total de buts est supérieur à 4,4.3
be1b7d59fd8d5d77,2ème mi-tps - CS,30105,0-0,6.06
be1b7d59fd8d5d77,2ème mi-tps - CS,30105,0-1,9.26
be1b7d59fd8d5d77,2ème mi-tps - CS,30105,0-2,15.62
be1b7d59fd8d5d77,2ème mi-tps - CS,30105,0-3,39.51
be1b7d59fd8d5d77,2ème mi-tps - CS,30105,1-0,6.92
be1b7d59fd8d5d77,2ème mi-tps - CS,30105,1-1,4.7
be1b7d59fd8d5d77,2ème mi-tps - CS,30105,1-2,11.89
be1b7d59fd8d5d77,2ème mi-tps - CS,30105,2-0,7.5
be1b7d59fd8d5d77,2ème mi-tps - CS,30105,2-1,7.65
be1b7d59fd8d5d77,2ème mi-tps - CS,30105,3-0,12.2
b0dd48c75ab3c275,1X2,30083,1,4.35
b0dd48c75ab3c275,1X2,30083,X,4.06
b0dd48c75ab3c275,1X2,30083,2,1.71
b0dd48c75ab3c275,Mi-tps 1X2,30084,1,4.98
b0dd48c75ab3c275,Mi-tps 1X2,30084,X,2.18
b0dd48c75ab3c275,Mi-tps 1X2,30084,2,2.38
b0dd48c75ab3c275,Double Chance,30085,1X,2.06
b0dd48c75ab3c275,Double Chance,30085,X2,1.18
b0dd48c75ab3c275,Double Chance,30085,12,1.21
b0dd48c75ab3c275,Mi-tps DC,30086,1X,1.52
b0dd48c75ab3c275,Mi-tps DC,30086,X2,1.14
b0dd48c75ab3c275,Mi-tps DC,30086,12,1.61
b0dd48c75ab3c275,Score exact,30081,0-0,18.43
b0dd48c75ab3c275,Score exact,30081,0-1,12.38
b0dd48c75ab3c275,Score exact,30081,0-2,11.32
b0dd48c75ab3c275,Score exact,30081,0-3,13.98
b0dd48c75ab3c275,Score exact,30081,0-4,28.2
b0dd48c75ab3c275,Score exact,30081,0-5,71.08
b0dd48c75ab3c275,Score exact,30081,0-6,100.0
b0dd48c75ab3c275,Score exact,30081,1-0,20.05
b0dd48c75ab3c275,Score exact,30081,1-1,8.24
b0dd48c75ab3c275,Score exact,30081,1-2,7.73
b0dd48c75ab3c275,Score exact,30081,1-3,11.7
b0dd48c75ab3c275,Score exact,30081,1-4,24.44
b0dd48c75ab3c275,Score exact,30081,1-5,100.0
b0dd48c75ab3c275,Score exact,30081,2-0,31.94
b0dd48c75ab3c275,Score exact,30081,2-1,13.29
b0dd48c75ab3c275,Score exact,30081,2-2,13.16
b0dd48c75ab3c275,Score exact,30081,2-3,21.86
b0dd48c75ab3c275,Score exact,30081,2-4,82.27
b0dd48c75ab3c275,Score exact,30081,3-0,69.65
b0dd48c75ab3c275,Score exact,30081,3-1,34.96
b0dd48c75ab3c275,Score exact,30081,3-2,38.49
b0dd48c75ab3c275,Score exact,30081,3-3,100.0
b0dd48c75ab3c275,Score exact,30081,4-0,100.0
b0dd48c75ab3c275,Score exact,30081,4-1,100.0
b0dd48c75ab3c275,Score exact,30081,4-2,100.0
b0dd48c75ab3c275,Score exact,30081,5-0,100.0
b0dd48c75ab3c275,Score exact,30081,5-1,100.0
b0dd48c75ab3c275,Score exact,30081,6-0,100.0
b0dd48c75ab3c275,Mi-tps CS,30082,0-0,3.26
b0dd48c75ab3c275,Mi-tps CS,30082,0-1,4.93
b0dd48c75ab3c275,Mi-tps CS,30082,0-2,8.19
b0dd48c75ab3c275,Mi-tps CS,30082,0-3,20.4
b0dd48c75ab3c275,Mi-tps CS,30082,1-0,8.17
b0dd48c75ab3c275,Mi-tps CS,30082,1-1,5.49
b0dd48c75ab3c275,Mi-tps CS,30082,1-2,13.67
b0dd48c75ab3c275,Mi-tps CS,30082,2-0,24.25
b0dd48c75ab3c275,Mi-tps CS,30082,2-1,24.43
b0dd48c75ab3c275,Mi-tps CS,30082,3-0,100.0
b0dd48c75ab3c275,+/-,30087,> 0.5,0.99
b0dd48c75ab3c275,+/-,30087,< 0.5,19.48
b0dd48c75ab3c275,+/-,30087,> 1.5,1.13
b0dd48c75ab3c275,+/-,30087,< 1.5,5.72
b0dd48c75ab3c275,+/-,30087,> 2.5,1.52
b0dd48c75ab3c275,+/-,30087,< 2.5,2.48
b0dd48c75ab3c275,+/-,30087,> 3.5,2.62
b0dd48c75ab3c275,+/-,30087,< 3.5,1.48
b0dd48c75ab3c275,HT/FT,30089,1/1,7.69
b0dd48c75ab3c275,HT/FT,30089,1/X,22.27
b0dd48c75ab3c275,HT/FT,30089,1/2,29.95
b0dd48c75ab3c275,HT/FT,30089,X/1,10.35
b0dd48c75ab3c275,HT/FT,30089,X/X,5.88
b0dd48c75ab3c275,HT/FT,30089,X/2,4.78
b0dd48c75ab3c275,HT/FT,30089,2/1,60.76
b0dd48c75ab3c275,HT/FT,30089,2/X,22.06
b0dd48c75ab3c275,HT/FT,30089,2/2,2.68
b0dd48c75ab3c275,Total de buts,30090,0,18.43
b0dd48c75ab3c275,Total de buts,30090,1,7.66
b0dd48c75ab3c275,Total de buts,30090,2,4.15
b0dd48c75ab3c275,Total de buts,30090,3,3.44
b0dd48c75ab3c275,Total de buts,30090,4,4.36
b0dd48c75ab3c275,Total de buts,30090,5,7.39
b0dd48c75ab3c275,Total de buts,30090,6,25.78
b0dd48c75ab3c275,G/NG,30091,Oui,1.57
b0dd48c75ab3c275,G/NG,30091,Non,2.36
b0dd48c75ab3c275,Les deux équipes marquent / 1ère mi temps,30092,Oui,3.66
b0dd48c75ab3c275,Les deux équipes marquent / 1ère mi temps,30092,Non,1.27
b0dd48c75ab3c275,1X2 & Total,30093,1 / > 1.5,5.27
b0dd48c75ab3c275,1X2 & Total,30093,X / > 1.5,4.94
b0dd48c75ab3c275,1X2 & Total,30093,2 / > 1.5,1.9
b0dd48c75ab3c275,1X2 & Total,30093,1 / < 1.5,20.41
b0dd48c75ab3c275,1X2 & Total,30093,X / < 1.5,18.77
b0dd48c75ab3c275,1X2 & Total,30093,2 / < 1.5,12.61
b0dd48c75ab3c275,1X2 & Total,30093,1 / > 2.5,6.29
b0dd48c75ab3c275,1X2 & Total,30093,X / > 2.5,12.0
b0dd48c75ab3c275,1X2 & Total,30093,2 / > 2.5,2.28
b0dd48c75ab3c275,1X2 & Total,30093,1 / < 2.5,12.54
b0dd48c75ab3c275,1X2 & Total,30093,X / < 2.5,5.8
b0dd48c75ab3c275,1X2 & Total,30093,2 / < 2.5,6.02
b0dd48c75ab3c275,1X2 & Total,30093,1 / > 3.5,14.09
b0dd48c75ab3c275,1X2 & Total,30093,X / > 3.5,12.0
b0dd48c75ab3c275,1X2 & Total,30093,2 / > 3.5,4.13
b0dd48c75ab3c275,1X2 & Total,30093,1 / < 3.5,5.96
b0dd48c75ab3c275,1X2 & Total,30093,X / < 3.5,5.8
b0dd48c75ab3c275,1X2 & Total,30093,2 / < 3.5,2.75
b0dd48c75ab3c275,1X2 & G/NG,30094,1 gagne et les deux équipes marquent,7.02
b0dd48c75ab3c275,1X2 & G/NG,30094,1 gagne et seulement  1  marque,9.93
b0dd48c75ab3c275,1X2 & G/NG,30094,X et les deux équipes marquent,4.85
b0dd48c75ab3c275,1X2 & G/NG,30094,X et aucun but,18.43
b0dd48c75ab3c275,1X2 & G/NG,30094,2 gagne et les deux équipes marquent,3.1
b0dd48c75ab3c275,1X2 & G/NG,30094,2 gagne et seulement 2 marque,3.41
b0dd48c75ab3c275,Total equipe domicile,30095,> 0.5,1.37
b0dd48c75ab3c275,Total equipe domicile,30095,< 0.5,3.04
b0dd48c75ab3c275,Total equipe domicile,30095,> 1.5,3.15
b0dd48c75ab3c275,Total equipe domicile,30095,< 1.5,1.35
b0dd48c75ab3c275,Total equipe domicile,30095,> 2.5,11.06
b0dd48c75ab3c275,Total equipe domicile,30095,< 2.5,1.03
b0dd48c75ab3c275,Total equipe domicile,30095,> 3.5,59.72
b0dd48c75ab3c275,Total equipe domicile,30095,< 3.5,0.96
b0dd48c75ab3c275,Total equipe extérieur,30096,> 0.5,1.09
b0dd48c75ab3c275,Total equipe extérieur,30096,< 0.5,6.82
b0dd48c75ab3c275,Total equipe extérieur,30096,> 1.5,1.62
b0dd48c75ab3c275,Total equipe extérieur,30096,< 1.5,2.25
b0dd48c75ab3c275,Total equipe extérieur,30096,> 2.5,3.23
b0dd48c75ab3c275,Total equipe extérieur,30096,< 2.5,1.33
b0dd48c75ab3c275,Total equipe extérieur,30096,> 3.5,9.16
b0dd48c75ab3c275,Total equipe extérieur,30096,< 3.5,1.05
b0dd48c75ab3c275,G/NG equipe domicile,30097,Oui,1.37
b0dd48c75ab3c275,G/NG equipe domicile,30097,Non,3.04
b0dd48c75ab3c275,G/NG equipe extérieur,30098,Oui,1.09
b0dd48c75ab3c275,G/NG equipe extérieur,30098,Non,6.82
b0dd48c75ab3c275,Pair/Impair,30099,Impair,1.86
b0dd48c75ab3c275,Pair/Impair,30099,Pair,1.84
b0dd48c75ab3c275,Minute du premier but,30100,1-15,4.03
b0dd48c75ab3c275,Minute du premier but,30100,16-30,2.77
b0dd48c75ab3c275,Minute du premier but,30100,31-45,5.02
b0dd48c75ab3c275,Minute du premier but,30100,46-60,7.63
b0dd48c75ab3c275,Minute du premier but,30100,61-75,14.39
b0dd48c75ab3c275,Minute du premier but,30100,76-90,17.62
b0dd48c75ab3c275,Minute du premier but,30100,Pas de but,18.43
b0dd48c75ab3c275,FTTS,30101,1,2.27
b0dd48c75ab3c275,FTTS,30101,2,1.6
b0dd48c75ab3c275,FTTS,30101,Pas de but,18.43
b0dd48c75ab3c275,Multi-Buts,30102,"Le total de buts est de 0, 1 ou 2",2.39
b0dd48c75ab3c275,Multi-Buts,30102,"Le total de buts est de 1, 2 ou 3",1.54
b0dd48c75ab3c275,Multi-Buts,30102,"Le total de buts est de 2, 3 ou 4",1.34
b0dd48c75ab3c275,Multi-Buts,30102,Le total de buts est supérieur à 4,5.85
b0dd48c75ab3c275,2ème mi-tps - CS,30105,0-0,4.79
b0dd48c75ab3c275,2ème mi-tps - CS,30105,0-1,5.79
b0dd48c75ab3c275,2ème mi-tps - CS,30105,0-2,7.0
b0dd48c75ab3c275,2ème mi-tps - CS,30105,0-3,12.71
b0dd48c75ab3c275,2ème mi-tps - CS,30105,1-0,9.2
b0dd48c75ab3c275,2ème mi-tps - CS,30105,1-1,4.95
b0dd48c75ab3c275,2ème mi-tps - CS,30105,1-2,8.98
b0dd48c75ab3c275,2ème mi-tps - CS,30105,2-0,20.38
b0dd48c75ab3c275,2ème mi-tps - CS,30105,2-1,16.43
b0dd48c75ab3c275,2ème mi-tps - CS,30105,3-0,67.68
d2f785af3185c3b4,1X2,30083,1,1.59
d2f785af3185c3b4,1X2,30083,X,4.43
d2f785af3185c3b4,1X2,30083,2,4.89
d2f785af3185c3b4,Mi-tps 1X2,30084,1,2.22
d2f785af3185c3b4,Mi-tps 1X2,30084,X,2.27
d2f785af3185c3b4,Mi-tps 1X2,30084,2,5.27
d2f785af3185c3b4,Double Chance,30085,1X,1.15
d2f785af3185c3b4,Double Chance,30085,X2,2.28
d2f785af3185c3b4,Double Chance,30085,12,1.18
d2f785af3185c3b4,Mi-tps DC,30086,1X,1.12
d2f785af3185c3b4,Mi-tps DC,30086,X2,1.59
d2f785af3185c3b4,Mi-tps DC,30086,12,1.56
d2f785af3185c3b4,Score exact,30081,0-0,22.59
d2f785af3185c3b4,Score exact,30081,0-1,24.3
d2f785af3185c3b4,Score exact,30081,0-2,38.21
d2f785af3185c3b4,Score exact,30081,0-3,82.22
d2f785af3185c3b4,Score exact,30081,0-4,100.0
d2f785af3185c3b4,Score exact,30081,0-5,100.0
d2f785af3185c3b4,Score exact,30081,0-6,100.0
d2f785af3185c3b4,Score exact,30081,1-0,14.03
d2f785af3185c3b4,Score exact,30081,1-1,9.23
d2f785af3185c3b4,Score exact,30081,1-2,14.71
d2f785af3185c3b4,Score exact,30081,1-3,38.32
d2f785af3185c3b4,Score exact,30081,1-4,100.0
d2f785af3185c3b4,Score exact,30081,1-5,100.0
d2f785af3185c3b4,Score exact,30081,2-0,11.37
d2f785af3185c3b4,Score exact,30081,2-1,7.75
d2f785af3185c3b4,Score exact,30081,2-2,13.21
d2f785af3185c3b4,Score exact,30081,2-3,38.3
d2f785af3185c3b4,Score exact,30081,2-4,100.0
d2f785af3185c3b4,Score exact,30081,3-0,12.39
d2f785af3185c3b4,Score exact,30081,3-1,10.49
d2f785af3185c3b4,Score exact,30081,3-2,19.52
d2f785af3185c3b4,Score exact,30081,3-3,99.89
d2f785af3185c3b4,Score exact,30081,4-0,22.47
d2f785af3185c3b4,Score exact,30081,4-1,19.42
d2f785af3185c3b4,Score exact,30081,4-2,65.04
d2f785af3185c3b4,Score exact,30081,5-0,50.08
d2f785af3185c3b4,Score exact,30081,5-1,73.82
d2f785af3185c3b4,Score exact,30081,6-0,100.0
d2f785af3185c3b4,Mi-tps CS,30082,0-0,3.5
d2f785af3185c3b4,Mi-tps CS,30082,0-1,8.77
d2f785af3185c3b4,Mi-tps CS,30082,0-2,26.05
d2f785af3185c3b4,Mi-tps CS,30082,0-3,100.0
d2f785af3185c3b4,Mi-tps CS,30082,1-0,4.91
d2f785af3185c3b4,Mi-tps CS,30082,1-1,5.47
d2f785af3185c3b4,Mi-tps CS,30082,1-2,24.37
d2f785af3185c3b4,Mi-tps CS,30082,2-0,7.4
d2f785af3185c3b4,Mi-tps CS,30082,2-1,12.37
d2f785af3185c3b4,Mi-tps CS,30082,3-0,16.75
d2f785af3185c3b4,+/-,30087,> 0.5,0.98
d2f785af3185c3b4,+/-,30087,< 0.5,23.87
d2f785af3185c3b4,+/-,30087,> 1.5,1.1
d2f785af3185c3b4,+/-,30087,< 1.5,6.74
d2f785af3185c3b4,+/-,30087,> 2.5,1.43
d2f785af3185c3b4,+/-,30087,< 2.5,2.79
d2f785af3185c3b4,+/-,30087,> 3.5,2.34
d2f785af3185c3b4,+/-,30087,< 3.5,1.58
d2f785af3185c3b4,HT/FT,30089,1/1,2.45
d2f785af3185c3b4,HT/FT,30089,1/X,22.85
d2f785af3185c3b4,HT/FT,30089,1/2,63.64
d2f785af3185c3b4,HT/FT,30089,X/1,4.54
d2f785af3185c3b4,HT/FT,30089,X/X,6.65
d2f785af3185c3b4,HT/FT,30089,X/2,11.66
d2f785af3185c3b4,HT/FT,30089,2/1,26.31
d2f785af3185c3b4,HT/FT,30089,2/X,22.62
d2f785af3185c3b4,HT/FT,30089,2/2,8.73
d2f785af3185c3b4,Total de buts,30090,0,22.59
d2f785af3185c3b4,Total de buts,30090,1,8.9
d2f785af3185c3b4,Total de buts,30090,2,4.5
d2f785af3185c3b4,Total de buts,30090,3,3.45
d2f785af3185c3b4,Total de buts,30090,4,4.08
d2f785af3185c3b4,Total de buts,30090,5,6.38
d2f785af3185c3b4,Total de buts,30090,6,20.33
d2f785af3185c3b4,G/NG,30091,Oui,1.55
d2f785af3185c3b4,G/NG,30091,Non,2.41
d2f785af3185c3b4,Les deux équipes marquent / 1ère mi temps,30092,Oui,3.56
d2f785af3185c3b4,Les deux équipes marquent / 1ère mi temps,30092,Non,1.28
d2f785af3185c3b4,1X2 & Total,30093,1 / > 1.5,1.71
d2f785af3185c3b4,1X2 & Total,30093,X / > 1.5,5.25
d2f785af3185c3b4,1X2 & Total,30093,2 / > 1.5,5.82
d2f785af3185c3b4,1X2 & Total,30093,1 / < 1.5,14.29
d2f785af3185c3b4,1X2 & Total,30093,X / < 1.5,23.0
d2f785af3185c3b4,1X2 & Total,30093,2 / < 1.5,24.74
d2f785af3185c3b4,1X2 & Total,30093,1 / > 2.5,2.01
d2f785af3185c3b4,1X2 & Total,30093,X / > 2.5,11.88
d2f785af3185c3b4,1X2 & Total,30093,2 / > 2.5,6.85
d2f785af3185c3b4,1X2 & Total,30093,1 / < 2.5,6.4
d2f785af3185c3b4,1X2 & Total,30093,X / < 2.5,6.67
d2f785af3185c3b4,1X2 & Total,30093,2 / < 2.5,15.12
d2f785af3185c3b4,1X2 & Total,30093,1 / > 3.5,3.43
d2f785af3185c3b4,1X2 & Total,30093,X / > 3.5,11.88
d2f785af3185c3b4,1X2 & Total,30093,2 / > 3.5,14.85
d2f785af3185c3b4,1X2 & Total,30093,1 / < 3.5,2.76
d2f785af3185c3b4,1X2 & Total,30093,X / < 3.5,6.67
d2f785af3185c3b4,1X2 & Total,30093,2 / < 3.5,6.9
d2f785af3185c3b4,1X2 & G/NG,30094,1 gagne et les deux équipes marquent,2.81
d2f785af3185c3b4,1X2 & G/NG,30094,1 gagne et seulement  1  marque,3.23
d2f785af3185c3b4,1X2 & G/NG,30094,X et les deux équipes marquent,5.15
d2f785af3185c3b4,1X2 & G/NG,30094,X et aucun but,22.59
d2f785af3185c3b4,1X2 & G/NG,30094,2 gagne et les deux équipes marquent,7.57
d2f785af3185c3b4,1X2 & G/NG,30094,2 gagne et seulement 2 marque,11.92
d2f785af3185c3b4,Total equipe domicile,30095,> 0.5,1.07
d2f785af3185c3b4,Total equipe domicile,30095,< 0.5,8.25
d2f785af3185c3b4,Total equipe domicile,30095,> 1.5,1.49
d2f785af3185c3b4,Total equipe domicile,30095,< 1.5,2.58
d2f785af3185c3b4,Total equipe domicile,30095,> 2.5,2.73
d2f785af3185c3b4,Total equipe domicile,30095,< 2.5,1.44
d2f785af3185c3b4,Total equipe domicile,30095,> 3.5,7.04
d2f785af3185c3b4,Total equipe domicile,30095,< 3.5,1.09
d2f785af3185c3b4,Total equipe extérieur,30096,> 0.5,1.38
d2f785af3185c3b4,Total equipe extérieur,30096,< 0.5,2.99
d2f785af3185c3b4,Total equipe extérieur,30096,> 1.5,3.23
d2f785af3185c3b4,Total equipe extérieur,30096,< 1.5,1.33
d2f785af3185c3b4,Total equipe extérieur,30096,> 2.5,11.65
d2f785af3185c3b4,Total equipe extérieur,30096,< 2.5,1.03
d2f785af3185c3b4,Total equipe extérieur,30096,> 3.5,64.59
d2f785af3185c3b4,Total equipe extérieur,30096,< 3.5,0.96
d2f785af3185c3b4,G/NG equipe domicile,30097,Oui,1.07
d2f785af3185c3b4,G/NG equipe domicile,30097,Non,8.25
d2f785af3185c3b4,G/NG equipe extérieur,30098,Oui,1.38
d2f785af3185c3b4,G/NG equipe extérieur,30098,Non,2.99
d2f785af3185c3b4,Pair/Impair,30099,Impair,1.86
d2f785af3185c3b4,Pair/Impair,30099,Pair,1.85
d2f785af3185c3b4,Minute du premier but,30100,1-15,3.92
d2f785af3185c3b4,Minute du premier but,30100,16-30,2.71
d2f785af3185c3b4,Minute du premier but,30100,31-45,5.0
d2f785af3185c3b4,Minute du premier but,30100,46-60,7.71
d2f785af3185c3b4,Minute du premier but,30100,61-75,14.8
d2f785af3185c3b4,Minute du premier but,30100,76-90,18.36
d2f785af3185c3b4,Minute du premier but,30100,Pas de but,22.59
d2f785af3185c3b4,FTTS,30101,1,1.55
d2f785af3185c3b4,FTTS,30101,2,2.33
d2f785af3185c3b4,FTTS,30101,Pas de but,22.59
d2f785af3185c3b4,Multi-Buts,30102,"Le total de buts est de 0, 1 ou 2",2.69
d2f785af3185c3b4,Multi-Buts,30102,"Le total de buts est de 1, 2 ou 3",1.63
d2f785af3185c3b4,Multi-Buts,30102,"Le total de buts est de 2, 3 ou 4",1.34
d2f785af3185c3b4,Multi-Buts,30102,Le total de buts est supérieur à 4,4.95
d2f785af3185c3b4,2ème mi-tps - CS,30105,0-0,5.47
d2f785af3185c3b4,2ème mi-tps - CS,30105,0-1,10.3
d2f785af3185c3b4,2ème mi-tps - CS,30105,0-2,22.3
d2f785af3185c3b4,2ème mi-tps - CS,30105,0-3,72.39
d2f785af3185c3b4,2ème mi-tps - CS,30105,1-0,6.09
d2f785af3185c3b4,2ème mi-tps - CS,30105,1-1,5.1
d2f785af3185c3b4,2ème mi-tps - CS,30105,1-2,16.57
d2f785af3185c3b4,2ème mi-tps - CS,30105,2-0,6.25
d2f785af3185c3b4,2ème mi-tps - CS,30105,2-1,7.86
d2f785af3185c3b4,2ème mi-tps - CS,30105,3-0,9.63
3fda110c851934b7,1X2,30083,1,2.7
3fda110c851934b7,1X2,30083,X,3.54
3fda110c851934b7,1X2,30083,2,2.45
3fda110c851934b7,Mi-tps 1X2,30084,1,3.62
3fda110c851934b7,Mi-tps 1X2,30084,X,2.01
3fda110c851934b7,Mi-tps 1X2,30084,2,3.28
3fda110c851934b7,Double Chance,30085,1X,1.5
3fda110c851934b7,Double Chance,30085,X2,1.42
3fda110c851934b7,Double Chance,30085,12,1.26
3fda110c851934b7,Mi-tps DC,30086,1X,1.29
3fda110c851934b7,Mi-tps DC,30086,X2,1.24
3fda110c851934b7,Mi-tps DC,30086,12,1.72
3fda110c851934b7,Score exact,30081,0-0,14.73
3fda110c851934b7,Score exact,30081,0-1,12.72
3fda110c851934b7,Score exact,30081,0-2,15.71
3fda110c851934b7,Score exact,30081,0-3,26.44
3fda110c851934b7,Score exact,30081,0-4,72.12
3fda110c851934b7,Score exact,30081,0-5,100.0
3fda110c851934b7,Score exact,30081,0-6,100.0
3fda110c851934b7,Score exact,30081,1-0,13.4
3fda110c851934b7,Score exact,30081,1-1,7.07
3fda110c851934b7,Score exact,30081,1-2,8.88
3fda110c851934b7,Score exact,30081,1-3,18.23
3fda110c851934b7,Score exact,30081,1-4,52.42
3fda110c851934b7,Score exact,30081,1-5,100.0
3fda110c851934b7,Score exact,30081,2-0,17.51
3fda110c851934b7,Score exact,30081,2-1,9.4
3fda110c851934b7,Score exact,30081,2-2,12.44
3fda110c851934b7,Score exact,30081,2-3,28.23
3fda110c851934b7,Score exact,30081,2-4,100.0
3fda110c851934b7,Score exact,30081,3-0,31.21
3fda110c851934b7,Score exact,30081,3-1,20.46
3fda110c851934b7,Score exact,30081,3-2,29.96
3fda110c851934b7,Score exact,30081,3-3,100.0
3fda110c851934b7,Score exact,30081,4-0,90.67
3fda110c851934b7,Score exact,30081,4-1,62.58
3fda110c851934b7,Score exact,30081,4-2,100.0
3fda110c851934b7,Score exact,30081,5-0,100.0
3fda110c851934b7,Score exact,30081,5-1,100.0
3fda110c851934b7,Score exact,30081,6-0,100.0
3fda110c851934b7,Mi-tps CS,30082,0-0,2.88
3fda110c851934b7,Mi-tps CS,30082,0-1,5.74
3fda110c851934b7,Mi-tps CS,30082,0-2,13.24
3fda110c851934b7,Mi-tps CS,30082,0-3,45.81
3fda110c851934b7,Mi-tps CS,30082,1-0,6.15
3fda110c851934b7,Mi-tps CS,30082,1-1,5.45
3fda110c851934b7,Mi-tps CS,30082,1-2,18.85
3fda110c851934b7,Mi-tps CS,30082,2-0,15.32
3fda110c851934b7,Mi-tps CS,30082,2-1,20.36
3fda110c851934b7,Mi-tps CS,30082,3-0,57.28
3fda110c851934b7,+/-,30087,> 0.5,1.0
3fda110c851934b7,+/-,30087,< 0.5,15.57
3fda110c851934b7,+/-,30087,> 1.5,1.18
3fda110c851934b7,+/-,30087,< 1.5,4.78
3fda110c851934b7,+/-,30087,> 2.5,1.66
3fda110c851934b7,+/-,30087,< 2.5,2.19
3fda110c851934b7,+/-,30087,> 3.5,3.04
3fda110c851934b7,+/-,30087,< 3.5,1.37
3fda110c851934b7,HT/FT,30089,1/1,4.67
3fda110c851934b7,HT/FT,30089,1/X,20.83
3fda110c851934b7,HT/FT,30089,1/2,40.66
3fda110c851934b7,HT/FT,30089,X/1,6.52
3fda110c851934b7,HT/FT,30089,X/X,4.99
3fda110c851934b7,HT/FT,30089,X/2,6.13
3fda110c851934b7,HT/FT,30089,2/1,41.78
3fda110c851934b7,HT/FT,30089,2/X,20.17
3fda110c851934b7,HT/FT,30089,2/2,4.12
3fda110c851934b7,Total de buts,30090,0,14.73
3fda110c851934b7,Total de buts,30090,1,6.53
3fda110c851934b7,Total de buts,30090,2,3.81
3fda110c851934b7,Total de buts,30090,3,3.46
3fda110c851934b7,Total de buts,30090,4,4.79
3fda110c851934b7,Total de buts,30090,5,9.03
3fda110c851934b7,Total de buts,30090,6,35.67
3fda110c851934b7,G/NG,30091,Oui,1.56
3fda110c851934b7,G/NG,30091,Non,2.38
3fda110c851934b7,Les deux équipes marquent / 1ère mi temps,30092,Oui,3.8
3fda110c851934b7,Les deux équipes marquent / 1ère mi temps,30092,Non,1.26
3fda110c851934b7,1X2 & Total,30093,1 / > 1.5,3.21
3fda110c851934b7,1X2 & Total,30093,X / > 1.5,4.42
3fda110c851934b7,1X2 & Total,30093,2 / > 1.5,2.89
3fda110c851934b7,1X2 & Total,30093,1 / < 1.5,13.64
3fda110c851934b7,1X2 & Total,30093,X / < 1.5,15.0
3fda110c851934b7,1X2 & Total,30093,2 / < 1.5,12.95
3fda110c851934b7,1X2 & Total,30093,1 / > 2.5,3.92
3fda110c851934b7,1X2 & Total,30093,X / > 2.5,11.48
3fda110c851934b7,1X2 & Total,30093,2 / > 2.5,3.53
3fda110c851934b7,1X2 & Total,30093,1 / < 2.5,7.73
3fda110c851934b7,1X2 & Total,30093,X / < 2.5,4.86
3fda110c851934b7,1X2 & Total,30093,2 / < 2.5,7.16
3fda110c851934b7,1X2 & Total,30093,1 / > 3.5,8.4
3fda110c851934b7,1X2 & Total,30093,X / > 3.5,11.48
3fda110c851934b7,1X2 & Total,30093,2 / > 3.5,7.38
3fda110c851934b7,1X2 & Total,30093,1 / < 3.5,3.77
3fda110c851934b7,1X2 & Total,30093,X / < 3.5,4.86
3fda110c851934b7,1X2 & Total,30093,2 / < 3.5,3.48
3fda110c851934b7,1X2 & G/NG,30094,1 gagne et les deux équipes marquent,4.69
3fda110c851934b7,1X2 & G/NG,30094,1 gagne et seulement  1  marque,5.61
3fda110c851934b7,1X2 & G/NG,30094,X et les deux équipes marquent,4.34
3fda110c851934b7,1X2 & G/NG,30094,X et aucun but,14.73
3fda110c851934b7,1X2 & G/NG,30094,2 gagne et les deux équipes marquent,4.31
3fda110c851934b7,1X2 & G/NG,30094,2 gagne et seulement 2 marque,5.04
3fda110c851934b7,Total equipe domicile,30095,> 0.5,1.24
3fda110c851934b7,Total equipe domicile,30095,< 0.5,3.97
3fda110c851934b7,Total equipe domicile,30095,> 1.5,2.36
3fda110c851934b7,Total equipe domicile,30095,< 1.5,1.57
3fda110c851934b7,Total equipe domicile,30095,> 2.5,6.54
3fda110c851934b7,Total equipe domicile,30095,< 2.5,1.1
3fda110c851934b7,Total equipe domicile,30095,> 3.5,27.11
3fda110c851934b7,Total equipe domicile,30095,< 3.5,0.98
3fda110c851934b7,Total equipe extérieur,30096,> 0.5,1.21
3fda110c851934b7,Total equipe extérieur,30096,< 0.5,4.29
3fda110c851934b7,Total equipe extérieur,30096,> 1.5,2.2
3fda110c851934b7,Total equipe extérieur,30096,< 1.5,1.65
3fda110c851934b7,Total equipe extérieur,30096,> 2.5,5.74
3fda110c851934b7,Total equipe extérieur,30096,< 2.5,1.13
3fda110c851934b7,Total equipe extérieur,30096,> 3.5,22.2
3fda110c851934b7,Total equipe extérieur,30096,< 3.5,0.99
3fda110c851934b7,G/NG equipe domicile,30097,Oui,1.24
3fda110c851934b7,G/NG equipe domicile,30097,Non,3.97
3fda110c851934b7,G/NG equipe extérieur,30098,Oui,1.21
3fda110c851934b7,G/NG equipe extérieur,30098,Non,4.29
3fda110c851934b7,Pair/Impair,30099,Impair,1.88
3fda110c851934b7,Pair/Impair,30099,Pair,1.83
3fda110c851934b7,Minute du premier but,30100,1-15,4.25
3fda110c851934b7,Minute du premier but,30100,16-30,2.88
3fda110c851934b7,Minute du premier but,30100,31-45,5.07
3fda110c851934b7,Minute du premier but,30100,46-60,7.25
3fda110c851934b7,Minute du premier but,30100,61-75,13.58
3fda110c851934b7,Minute du premier but,30100,76-90,16.53
3fda110c851934b7,Minute du premier but,30100,Pas de but,14.73
3fda110c851934b7,FTTS,30101,1,1.94
3fda110c851934b7,FTTS,30101,2,1.86
3fda110c851934b7,FTTS,30101,Pas de but,14.73
3fda110c851934b7,Multi-Buts,30102,"Le total de buts est de 0, 1 ou 2",2.11
3fda110c851934b7,Multi-Buts,30102,"Le total de buts est de 1, 2 ou 3",1.45
3fda110c851934b7,Multi-Buts,30102,"Le total de buts est de 2, 3 ou 4",1.34
3fda110c851934b7,Multi-Buts,30102,Le total de buts est supérieur à 4,7.34
3fda110c851934b7,2ème mi-tps - CS,30105,0-0,4.33
3fda110c851934b7,2ème mi-tps - CS,30105,0-1,6.6
3fda110c851934b7,2ème mi-tps - CS,30105,0-2,11.08
3fda110c851934b7,2ème mi-tps - CS,30105,0-3,27.89
3fda110c851934b7,2ème mi-tps - CS,30105,1-0,6.86
3fda110c851934b7,2ème mi-tps - CS,30105,1-1,4.65
3fda110c851934b7,2ème mi-tps - CS,30105,1-2,11.7
3fda110c851934b7,2ème mi-tps - CS,30105,2-0,12.1
3fda110c851934b7,2ème mi-tps - CS,30105,2-1,12.29
3fda110c851934b7,2ème mi-tps - CS,30105,3-0,31.98
21504ac2e03ceb72,1X2,30083,1,1.62
21504ac2e03ceb72,1X2,30083,X,4.12
21504ac2e03ceb72,1X2,30083,2,5.01
21504ac2e03ceb72,Mi-tps 1X2,30084,1,2.35
21504ac2e03ceb72,Mi-tps 1X2,30084,X,2.13
21504ac2e03ceb72,Mi-tps 1X2,30084,2,5.45
21504ac2e03ceb72,Double Chance,30085,1X,1.14
21504ac2e03ceb72,Double Chance,30085,X2,2.22
21504ac2e03ceb72,Double Chance,30085,12,1.2
21504ac2e03ceb72,Mi-tps DC,30086,1X,1.12
21504ac2e03ceb72,Mi-tps DC,30086,X2,1.53
21504ac2e03ceb72,Mi-tps DC,30086,12,1.64
21504ac2e03ceb72,Score exact,30081,0-0,16.6
21504ac2e03ceb72,Score exact,30081,0-1,20.16
21504ac2e03ceb72,Score exact,30081,0-2,36.15
21504ac2e03ceb72,Score exact,30081,0-3,88.81
21504ac2e03ceb72,Score exact,30081,0-4,100.0
21504ac2e03ceb72,Score exact,30081,0-5,100.0
21504ac2e03ceb72,Score exact,30081,0-6,100.0
21504ac2e03ceb72,Score exact,30081,1-0,11.11
21504ac2e03ceb72,Score exact,30081,1-1,8.25
21504ac2e03ceb72,Score exact,30081,1-2,14.95
21504ac2e03ceb72,Score exact,30081,1-3,44.29
21504ac2e03ceb72,Score exact,30081,1-4,100.0
21504ac2e03ceb72,Score exact,30081,1-5,100.0
21504ac2e03ceb72,Score exact,30081,2-0,10.02
21504ac2e03ceb72,Score exact,30081,2-1,7.67
21504ac2e03ceb72,Score exact,30081,2-2,14.7
21504ac2e03ceb72,Score exact,30081,2-3,48.51
21504ac2e03ceb72,Score exact,30081,2-4,100.0
21504ac2e03ceb72,Score exact,30081,3-0,12.2
21504ac2e03ceb72,Score exact,30081,3-1,11.55
21504ac2e03ceb72,Score exact,30081,3-2,24.26
21504ac2e03ceb72,Score exact,30081,3-3,100.0
21504ac2e03ceb72,Score exact,30081,4-0,24.66
21504ac2e03ceb72,Score exact,30081,4-1,24.0
21504ac2e03ceb72,Score exact,30081,4-2,91.0
21504ac2e03ceb72,Score exact,30081,5-0,62.19
21504ac2e03ceb72,Score exact,30081,5-1,100.0
21504ac2e03ceb72,Score exact,30081,6-0,100.0
21504ac2e03ceb72,Mi-tps CS,30082,0-0,3.04
21504ac2e03ceb72,Mi-tps CS,30082,0-1,8.47
21504ac2e03ceb72,Mi-tps CS,30082,0-2,28.15
21504ac2e03ceb72,Mi-tps CS,30082,0-3,100.0
21504ac2e03ceb72,Mi-tps CS,30082,1-0,4.69
21504ac2e03ceb72,Mi-tps CS,30082,1-1,5.81
21504ac2e03ceb72,Mi-tps CS,30082,1-2,28.98
21504ac2e03ceb72,Mi-tps CS,30082,2-0,8.01
21504ac2e03ceb72,Mi-tps CS,30082,2-1,14.88
21504ac2e03ceb72,Mi-tps CS,30082,3-0,20.52
21504ac2e03ceb72,+/-,30087,> 0.5,1.0
21504ac2e03ceb72,+/-,30087,< 0.5,17.54
21504ac2e03ceb72,+/-,30087,> 1.5,1.15
21504ac2e03ceb72,+/-,30087,< 1.5,5.29
21504ac2e03ceb72,+/-,30087,> 2.5,1.57
21504ac2e03ceb72,+/-,30087,< 2.5,2.36
21504ac2e03ceb72,+/-,30087,> 3.5,2.77
21504ac2e03ceb72,+/-,30087,< 3.5,1.43
21504ac2e03ceb72,HT/FT,30089,1/1,2.58
21504ac2e03ceb72,HT/FT,30089,1/X,24.69
21504ac2e03ceb72,HT/FT,30089,1/2,76.37
21504ac2e03ceb72,HT/FT,30089,X/1,4.36
21504ac2e03ceb72,HT/FT,30089,X/X,5.79
21504ac2e03ceb72,HT/FT,30089,X/2,11.7
21504ac2e03ceb72,HT/FT,30089,2/1,28.72
21504ac2e03ceb72,HT/FT,30089,2/X,23.18
21504ac2e03ceb72,HT/FT,30089,2/2,8.91
21504ac2e03ceb72,Total de buts,30090,0,16.6
21504ac2e03ceb72,Total de buts,30090,1,7.17
21504ac2e03ceb72,Total de buts,30090,2,4.02
21504ac2e03ceb72,Total de buts,30090,3,3.44
21504ac2e03ceb72,Total de buts,30090,4,4.53
21504ac2e03ceb72,Total de buts,30090,5,7.97
21504ac2e03ceb72,Total de buts,30090,6,28.64
21504ac2e03ceb72,G/NG,30091,Oui,1.66
21504ac2e03ceb72,G/NG,30091,Non,2.18
21504ac2e03ceb72,Les deux équipes marquent / 1ère mi temps,30092,Oui,3.96
21504ac2e03ceb72,Les deux équipes marquent / 1ère mi temps,30092,Non,1.24
21504ac2e03ceb72,1X2 & Total,30093,1 / > 1.5,1.81
21504ac2e03ceb72,1X2 & Total,30093,X / > 1.5,5.19
21504ac2e03ceb72,1X2 & Total,30093,2 / > 1.5,6.32
21504ac2e03ceb72,1X2 & Total,30093,1 / < 1.5,11.32
21504ac2e03ceb72,1X2 & Total,30093,X / < 1.5,16.91
21504ac2e03ceb72,1X2 & Total,30093,2 / < 1.5,20.53
21504ac2e03ceb72,1X2 & Total,30093,1 / > 2.5,2.2
21504ac2e03ceb72,1X2 & Total,30093,X / > 2.5,13.56
21504ac2e03ceb72,1X2 & Total,30093,2 / > 2.5,7.62
21504ac2e03ceb72,1X2 & Total,30093,1 / < 2.5,5.37
21504ac2e03ceb72,1X2 & Total,30093,X / < 2.5,5.61
21504ac2e03ceb72,1X2 & Total,30093,2 / < 2.5,13.18
21504ac2e03ceb72,1X2 & Total,30093,1 / > 3.5,4.06
21504ac2e03ceb72,1X2 & Total,30093,X / > 3.5,13.56
21504ac2e03ceb72,1X2 & Total,30093,2 / > 3.5,18.37
21504ac2e03ceb72,1X2 & Total,30093,1 / < 3.5,2.53
21504ac2e03ceb72,1X2 & Total,30093,X / < 3.5,5.61
21504ac2e03ceb72,1X2 & Total,30093,2 / < 3.5,6.55
21504ac2e03ceb72,1X2 & G/NG,30094,1 gagne et les deux équipes marquent,3.12
21504ac2e03ceb72,1X2 & G/NG,30094,1 gagne et seulement  1  marque,3.01
21504ac2e03ceb72,1X2 & G/NG,30094,X et les deux équipes marquent,5.1
21504ac2e03ceb72,1X2 & G/NG,30094,X et aucun but,16.6
21504ac2e03ceb72,1X2 & G/NG,30094,2 gagne et les deux équipes marquent,8.42
21504ac2e03ceb72,1X2 & G/NG,30094,2 gagne et seulement 2 marque,10.87
21504ac2e03ceb72,Total equipe domicile,30095,> 0.5,1.09
21504ac2e03ceb72,Total equipe domicile,30095,< 0.5,6.94
21504ac2e03ceb72,Total equipe domicile,30095,> 1.5,1.6
21504ac2e03ceb72,Total equipe domicile,30095,< 1.5,2.3
21504ac2e03ceb72,Total equipe domicile,30095,> 2.5,3.11
21504ac2e03ceb72,Total equipe domicile,30095,< 2.5,1.35
21504ac2e03ceb72,Total equipe domicile,30095,> 3.5,8.61
21504ac2e03ceb72,Total equipe domicile,30095,< 3.5,1.06
21504ac2e03ceb72,Total equipe extérieur,30096,> 0.5,1.45
21504ac2e03ceb72,Total equipe extérieur,30096,< 0.5,2.69
21504ac2e03ceb72,Total equipe extérieur,30096,> 1.5,3.66
21504ac2e03ceb72,Total equipe extérieur,30096,< 1.5,1.27
21504ac2e03ceb72,Total equipe extérieur,30096,> 2.5,14.33
21504ac2e03ceb72,Total equipe extérieur,30096,< 2.5,1.01
21504ac2e03ceb72,Total equipe extérieur,30096,> 3.5,86.4
21504ac2e03ceb72,Total equipe extérieur,30096,< 3.5,0.95
21504ac2e03ceb72,G/NG equipe domicile,30097,Oui,1.09
21504ac2e03ceb72,G/NG equipe domicile,30097,Non,6.94
21504ac2e03ceb72,G/NG equipe extérieur,30098,Oui,1.45
21504ac2e03ceb72,G/NG equipe extérieur,30098,Non,2.69
21504ac2e03ceb72,Pair/Impair,30099,Impair,1.87
21504ac2e03ceb72,Pair/Impair,30099,Pair,1.84
21504ac2e03ceb72,Minute du premier but,30100,1-15,4.19
21504ac2e03ceb72,Minute du premier but,30100,16-30,2.84
21504ac2e03ceb72,Minute du premier but,30100,31-45,5.02
21504ac2e03ceb72,Minute du premier but,30100,46-60,7.34
21504ac2e03ceb72,Minute du premier but,30100,61-75,13.64
21504ac2e03ceb72,Minute du premier but,30100,76-90,16.51
21504ac2e03ceb72,Minute du premier but,30100,Pas de but,16.6
21504ac2e03ceb72,FTTS,30101,1,1.56
21504ac2e03ceb72,FTTS,30101,2,2.39
21504ac2e03ceb72,FTTS,30101,Pas de but,16.6
21504ac2e03ceb72,Multi-Buts,30102,"Le total de buts est de 0, 1 ou 2",2.27
21504ac2e03ceb72,Multi-Buts,30102,"Le total de buts est de 1, 2 ou 3",1.5
21504ac2e03ceb72,Multi-Buts,30102,"Le total de buts est de 2, 3 ou 4",1.34
21504ac2e03ceb72,Multi-Buts,30102,Le total de buts est supérieur à 4,6.35
21504ac2e03ceb72,2ème mi-tps - CS,30105,0-0,4.62
21504ac2e03ceb72,2ème mi-tps - CS,30105,0-1,9.96
21504ac2e03ceb72,2ème mi-tps - CS,30105,0-2,25.06
21504ac2e03ceb72,2ème mi-tps - CS,30105,0-3,94.6
21504ac2e03ceb72,2ème mi-tps - CS,30105,1-0,5.46
21504ac2e03ceb72,2ème mi-tps - CS,30105,1-1,5.23
21504ac2e03ceb72,2ème mi-tps - CS,30105,1-2,19.74
21504ac2e03ceb72,2ème mi-tps - CS,30105,2-0,6.34
21504ac2e03ceb72,2ème mi-tps - CS,30105,2-1,9.11
21504ac2e03ceb72,2ème mi-tps - CS,30105,3-0,11.04
097d3073d1529d86,1X2,30083,1,2.06
097d3073d1529d86,1X2,30083,X,3.6
097d3073d1529d86,1X2,30083,2,3.38
097d3073d1529d86,Mi-tps 1X2,30084,1,2.88
097d3073d1529d86,Mi-tps 1X2,30084,X,2.02
097d3073d1529d86,Mi-tps 1X2,30084,2,4.21
097d3073d1529d86,Double Chance,30085,1X,1.28
097d3073d1529d86,Double Chance,30085,X2,1.71
097d3073d1529d86,Double Chance,30085,12,1.25
097d3073d1529d86,Mi-tps DC,30086,1X,1.19
097d3073d1529d86,Mi-tps DC,30086,X2,1.36
097d3073d1529d86,Mi-tps DC,30086,12,1.71
097d3073d1529d86,Score exact,30081,0-0,14.3
097d3073d1529d86,Score exact,30081,0-1,14.82
097d3073d1529d86,Score exact,30081,0-2,22.42
097d3073d1529d86,Score exact,30081,0-3,46.39
097d3073d1529d86,Score exact,30081,0-4,100.0
097d3073d1529d86,Score exact,30081,0-5,100.0
097d3073d1529d86,Score exact,30081,0-6,100.0
097d3073d1529d86,Score exact,30081,1-0,11.3
097d3073d1529d86,Score exact,30081,1-1,7.16
097d3073d1529d86,Score exact,30081,1-2,10.98
097d3073d1529d86,Score exact,30081,1-3,27.49
097d3073d1529d86,Score exact,30081,1-4,97.07
097d3073d1529d86,Score exact,30081,1-5,100.0
097d3073d1529d86,Score exact,30081,2-0,12.6
097d3073d1529d86,Score exact,30081,2-1,8.15
097d3073d1529d86,Score exact,30081,2-2,13.12
097d3073d1529d86,Score exact,30081,2-3,36.45
097d3073d1529d86,Score exact,30081,2-4,100.0
097d3073d1529d86,Score exact,30081,3-0,19.11
097d3073d1529d86,Score exact,30081,3-1,15.1
097d3073d1529d86,Score exact,30081,3-2,26.79
097d3073d1529d86,Score exact,30081,3-3,100.0
097d3073d1529d86,Score exact,30081,4-0,47.2
097d3073d1529d86,Score exact,30081,4-1,39.04
097d3073d1529d86,Score exact,30081,4-2,100.0
097d3073d1529d86,Score exact,30081,5-0,100.0
097d3073d1529d86,Score exact,30081,5-1,100.0
097d3073d1529d86,Score exact,30081,6-0,100.0
097d3073d1529d86,Mi-tps CS,30082,0-0,2.87
097d3073d1529d86,Mi-tps CS,30082,0-1,6.85
097d3073d1529d86,Mi-tps CS,30082,0-2,19.27
097d3073d1529d86,Mi-tps CS,30082,0-3,81.34
097d3073d1529d86,Mi-tps CS,30082,1-0,5.24
097d3073d1529d86,Mi-tps CS,30082,1-1,5.55
097d3073d1529d86,Mi-tps CS,30082,1-2,23.44
097d3073d1529d86,Mi-tps CS,30082,2-0,10.93
097d3073d1529d86,Mi-tps CS,30082,2-1,17.37
097d3073d1529d86,Mi-tps CS,30082,3-0,34.18
097d3073d1529d86,+/-,30087,> 0.5,1.01
097d3073d1529d86,+/-,30087,< 0.5,15.11
097d3073d1529d86,+/-,30087,> 1.5,1.18
097d3073d1529d86,+/-,30087,< 1.5,4.68
097d3073d1529d86,+/-,30087,> 2.5,1.68
097d3073d1529d86,+/-,30087,< 2.5,2.16
097d3073d1529d86,+/-,30087,> 3.5,3.08
097d3073d1529d86,+/-,30087,< 3.5,1.36
097d3073d1529d86,HT/FT,30089,1/1,3.4
097d3073d1529d86,HT/FT,30089,1/X,21.54
097d3073d1529d86,HT/FT,30089,1/2,53.73
097d3073d1529d86,HT/FT,30089,X/1,5.24
097d3073d1529d86,HT/FT,30089,X/X,5.01
097d3073d1529d86,HT/FT,30089,X/2,8.07
097d3073d1529d86,HT/FT,30089,2/1,35.15
097d3073d1529d86,HT/FT,30089,2/X,21.04
097d3073d1529d86,HT/FT,30089,2/2,5.87
097d3073d1529d86,Total de buts,30090,0,14.3
097d3073d1529d86,Total de buts,30090,1,6.41
097d3073d1529d86,Total de buts,30090,2,3.79
097d3073d1529d86,Total de buts,30090,3,3.48
097d3073d1529d86,Total de buts,30090,4,4.84
097d3073d1529d86,Total de buts,30090,5,9.18
097d3073d1529d86,Total de buts,30090,6,36.31
097d3073d1529d86,G/NG,30091,Oui,1.6
097d3073d1529d86,G/NG,30091,Non,2.29
097d3073d1529d86,Les deux équipes marquent / 1ère mi temps,30092,Oui,3.87
097d3073d1529d86,Les deux équipes marquent / 1ère mi temps,30092,Non,1.25
097d3073d1529d86,1X2 & Total,30093,1 / > 1.5,2.39
097d3073d1529d86,1X2 & Total,30093,X / > 1.5,4.56
097d3073d1529d86,1X2 & Total,30093,2 / > 1.5,4.15
097d3073d1529d86,1X2 & Total,30093,1 / < 1.5,11.51
097d3073d1529d86,1X2 & Total,30093,X / < 1.5,14.56
097d3073d1529d86,1X2 & Total,30093,2 / < 1.5,15.09
097d3073d1529d86,1X2 & Total,30093,1 / > 2.5,2.94
097d3073d1529d86,1X2 & Total,30093,X / > 2.5,12.15
097d3073d1529d86,1X2 & Total,30093,2 / > 2.5,5.07
097d3073d1529d86,1X2 & Total,30093,1 / < 2.5,6.07
097d3073d1529d86,1X2 & Total,30093,X / < 2.5,4.86
097d3073d1529d86,1X2 & Total,30093,2 / < 2.5,9.08
097d3073d1529d86,1X2 & Total,30093,1 / > 3.5,5.95
097d3073d1529d86,1X2 & Total,30093,X / > 3.5,12.15
097d3073d1529d86,1X2 & Total,30093,2 / > 3.5,11.57
097d3073d1529d86,1X2 & Total,30093,1 / < 3.5,2.97
097d3073d1529d86,1X2 & Total,30093,X / < 3.5,4.86
097d3073d1529d86,1X2 & Total,30093,2 / < 3.5,4.53
097d3073d1529d86,1X2 & G/NG,30094,1 gagne et les deux équipes marquent,3.78
097d3073d1529d86,1X2 & G/NG,30094,1 gagne et seulement  1  marque,4.01
097d3073d1529d86,1X2 & G/NG,30094,X et les deux équipes marquent,4.48
097d3073d1529d86,1X2 & G/NG,30094,X et aucun but,14.3
097d3073d1529d86,1X2 & G/NG,30094,2 gagne et les deux équipes marquent,5.85
097d3073d1529d86,1X2 & G/NG,30094,2 gagne et seulement 2 marque,7.05
097d3073d1529d86,Total equipe domicile,30095,> 0.5,1.16
097d3073d1529d86,Total equipe domicile,30095,< 0.5,4.99
097d3073d1529d86,Total equipe domicile,30095,> 1.5,1.95
097d3073d1529d86,Total equipe domicile,30095,< 1.5,1.82
097d3073d1529d86,Total equipe domicile,30095,> 2.5,4.57
097d3073d1529d86,Total equipe domicile,30095,< 2.5,1.19
097d3073d1529d86,Total equipe domicile,30095,> 3.5,15.64
097d3073d1529d86,Total equipe domicile,30095,< 3.5,1.0
097d3073d1529d86,Total equipe extérieur,30096,> 0.5,1.32
097d3073d1529d86,Total equipe extérieur,30096,< 0.5,3.31
097d3073d1529d86,Total equipe extérieur,30096,> 1.5,2.82
097d3073d1529d86,Total equipe extérieur,30096,< 1.5,1.42
097d3073d1529d86,Total equipe extérieur,30096,> 2.5,9.02
097d3073d1529d86,Total equipe extérieur,30096,< 2.5,1.05
097d3073d1529d86,Total equipe extérieur,30096,> 3.5,43.66
097d3073d1529d86,Total equipe extérieur,30096,< 3.5,0.96
097d3073d1529d86,G/NG equipe domicile,30097,Oui,1.16
097d3073d1529d86,G/NG equipe domicile,30097,Non,4.99
097d3073d1529d86,G/NG equipe extérieur,30098,Oui,1.32
097d3073d1529d86,G/NG equipe extérieur,30098,Non,3.31
097d3073d1529d86,Pair/Impair,30099,Impair,1.88
097d3073d1529d86,Pair/Impair,30099,Pair,1.83
097d3073d1529d86,Minute du premier but,30100,1-15,4.27
097d3073d1529d86,Minute du premier but,30100,16-30,2.89
097d3073d1529d86,Minute du premier but,30100,31-45,5.06
097d3073d1529d86,Minute du premier but,30100,46-60,7.3
097d3073d1529d86,Minute du premier but,30100,61-75,13.53
097d3073d1529d86,Minute du premier but,30100,76-90,16.34
097d3073d1529d86,Minute du premier but,30100,Pas de but,14.3
097d3073d1529d86,FTTS,30101,1,1.74
097d3073d1529d86,FTTS,30101,2,2.1
097d3073d1529d86,FTTS,30101,Pas de but,14.3
097d3073d1529d86,Multi-Buts,30102,"Le total de buts est de 0, 1 ou 2",2.08
097d3073d1529d86,Multi-Buts,30102,"Le total de buts est de 1, 2 ou 3",1.44
097d3073d1529d86,Multi-Buts,30102,"Le total de buts est de 2, 3 ou 4",1.34
097d3073d1529d86,Multi-Buts,30102,Le total de buts est supérieur à 4,7.46
097d3073d1529d86,2ème mi-tps - CS,30105,0-0,4.21
097d3073d1529d86,2ème mi-tps - CS,30105,0-1,7.73
097d3073d1529d86,2ème mi-tps - CS,30105,0-2,16.22
097d3073d1529d86,2ème mi-tps - CS,30105,0-3,51.03
097d3073d1529d86,2ème mi-tps - CS,30105,1-0,5.88
097d3073d1529d86,2ème mi-tps - CS,30105,1-1,4.79
097d3073d1529d86,2ème mi-tps - CS,30105,1-2,15.09
097d3073d1529d86,2ème mi-tps - CS,30105,2-0,8.8
097d3073d1529d86,2ème mi-tps - CS,30105,2-1,10.76
097d3073d1529d86,2ème mi-tps - CS,30105,3-0,19.77
0db6ca22627a80f4,1X2,30083,1,3.75
0db6ca22627a80f4,1X2,30083,X,3.93
0db6ca22627a80f4,1X2,30083,2,1.86
0db6ca22627a80f4,Mi-tps 1X2,30084,1,4.54
0db6ca22627a80f4,Mi-tps 1X2,30084,X,2.19
0db6ca22627a80f4,Mi-tps 1X2,30084,2,2.49
0db6ca22627a80f4,Double Chance,30085,1X,1.88
0db6ca22627a80f4,Double Chance,30085,X2,1.24
0db6ca22627a80f4,Double Chance,30085,12,1.22
0db6ca22627a80f4,Mi-tps DC,30086,1X,1.48
0db6ca22627a80f4,Mi-tps DC,30086,X2,1.16
0db6ca22627a80f4,Mi-tps DC,30086,12,1.61
0db6ca22627a80f4,Score exact,30081,0-0,18.99
0db6ca22627a80f4,Score exact,30081,0-1,13.19
0db6ca22627a80f4,Score exact,30081,0-2,12.64
0db6ca22627a80f4,Score exact,30081,0-3,16.41
0db6ca22627a80f4,Score exact,30081,0-4,34.33
0db6ca22627a80f4,Score exact,30081,0-5,90.29
0db6ca22627a80f4,Score exact,30081,0-6,100.0
0db6ca22627a80f4,Score exact,30081,1-0,18.96
0db6ca22627a80f4,Score exact,30081,1-1,8.06
0db6ca22627a80f4,Score exact,30081,1-2,7.9
0db6ca22627a80f4,Score exact,30081,1-3,12.46
0db6ca22627a80f4,Score exact,30081,1-4,27.2
0db6ca22627a80f4,Score exact,30081,1-5,100.0
0db6ca22627a80f4,Score exact,30081,2-0,27.52
0db6ca22627a80f4,Score exact,30081,2-1,11.86
0db6ca22627a80f4,Score exact,30081,2-2,12.22
0db6ca22627a80f4,Score exact,30081,2-3,21.21
0db6ca22627a80f4,Score exact,30081,2-4,83.33
0db6ca22627a80f4,Score exact,30081,3-0,54.61
0db6ca22627a80f4,Score exact,30081,3-1,28.41
0db6ca22627a80f4,Score exact,30081,3-2,32.5
0db6ca22627a80f4,Score exact,30081,3-3,99.48
0db6ca22627a80f4,Score exact,30081,4-0,100.0
0db6ca22627a80f4,Score exact,30081,4-1,96.06
0db6ca22627a80f4,Score exact,30081,4-2,100.0
0db6ca22627a80f4,Score exact,30081,5-0,100.0
0db6ca22627a80f4,Score exact,30081,5-1,100.0
0db6ca22627a80f4,Score exact,30081,6-0,100.0
0db6ca22627a80f4,Mi-tps CS,30082,0-0,3.36
0db6ca22627a80f4,Mi-tps CS,30082,0-1,5.15
0db6ca22627a80f4,Mi-tps CS,30082,0-2,8.72
0db6ca22627a80f4,Mi-tps CS,30082,0-3,22.15
0db6ca22627a80f4,Mi-tps CS,30082,1-0,7.75
0db6ca22627a80f4,Mi-tps CS,30082,1-1,5.29
0db6ca22627a80f4,Mi-tps CS,30082,1-2,13.42
0db6ca22627a80f4,Mi-tps CS,30082,2-0,21.05
0db6ca22627a80f4,Mi-tps CS,30082,2-1,21.53
0db6ca22627a80f4,Mi-tps CS,30082,3-0,85.77
0db6ca22627a80f4,+/-,30087,> 0.5,0.99
0db6ca22627a80f4,+/-,30087,< 0.5,20.07
0db6ca22627a80f4,+/-,30087,> 1.5,1.13
0db6ca22627a80f4,+/-,30087,< 1.5,5.83
0db6ca22627a80f4,+/-,30087,> 2.5,1.51
0db6ca22627a80f4,+/-,30087,< 2.5,2.51
0db6ca22627a80f4,+/-,30087,> 3.5,2.58
0db6ca22627a80f4,+/-,30087,< 3.5,1.49
0db6ca22627a80f4,HT/FT,30089,1/1,6.6
0db6ca22627a80f4,HT/FT,30089,1/X,21.67
0db6ca22627a80f4,HT/FT,30089,1/2,32.37
0db6ca22627a80f4,HT/FT,30089,X/1,9.05
0db6ca22627a80f4,HT/FT,30089,X/X,5.78
0db6ca22627a80f4,HT/FT,30089,X/2,5.24
0db6ca22627a80f4,HT/FT,30089,2/1,50.17
0db6ca22627a80f4,HT/FT,30089,2/X,20.21
0db6ca22627a80f4,HT/FT,30089,2/2,2.87
0db6ca22627a80f4,Total de buts,30090,0,18.99
0db6ca22627a80f4,Total de buts,30090,1,7.78
0db6ca22627a80f4,Total de buts,30090,2,4.18
0db6ca22627a80f4,Total de buts,30090,3,3.45
0db6ca22627a80f4,Total de buts,30090,4,4.31
0db6ca22627a80f4,Total de buts,30090,5,7.27
0db6ca22627a80f4,Total de buts,30090,6,25.36
0db6ca22627a80f4,G/NG,30091,Oui,1.52
0db6ca22627a80f4,G/NG,30091,Non,2.48
0db6ca22627a80f4,Les deux équipes marquent / 1ère mi temps,30092,Oui,3.5
0db6ca22627a80f4,Les deux équipes marquent / 1ère mi temps,30092,Non,1.29
0db6ca22627a80f4,1X2 & Total,30093,1 / > 1.5,4.44
0db6ca22627a80f4,1X2 & Total,30093,X / > 1.5,4.72
0db6ca22627a80f4,1X2 & Total,30093,2 / > 1.5,2.06
0db6ca22627a80f4,1X2 & Total,30093,1 / < 1.5,19.31
0db6ca22627a80f4,1X2 & Total,30093,X / < 1.5,19.34
0db6ca22627a80f4,1X2 & Total,30093,2 / < 1.5,13.43
0db6ca22627a80f4,1X2 & Total,30093,1 / > 2.5,5.28
0db6ca22627a80f4,1X2 & Total,30093,X / > 2.5,11.08
0db6ca22627a80f4,1X2 & Total,30093,2 / > 2.5,2.46
0db6ca22627a80f4,1X2 & Total,30093,1 / < 2.5,11.43
0db6ca22627a80f4,1X2 & Total,30093,X / < 2.5,5.76
0db6ca22627a80f4,1X2 & Total,30093,2 / < 2.5,6.57
0db6ca22627a80f4,1X2 & Total,30093,1 / > 3.5,11.29
0db6ca22627a80f4,1X2 & Total,30093,X / > 3.5,11.08
0db6ca22627a80f4,1X2 & Total,30093,2 / > 3.5,4.48
0db6ca22627a80f4,1X2 & Total,30093,1 / < 3.5,5.31
0db6ca22627a80f4,1X2 & Total,30093,X / < 3.5,5.76
0db6ca22627a80f4,1X2 & Total,30093,2 / < 3.5,2.97
0db6ca22627a80f4,1X2 & G/NG,30094,1 gagne et les deux équipes marquent,5.98
0db6ca22627a80f4,1X2 & G/NG,30094,1 gagne et seulement  1  marque,8.72
0db6ca22627a80f4,1X2 & G/NG,30094,X et les deux équipes marquent,4.63
0db6ca22627a80f4,1X2 & G/NG,30094,X et aucun but,18.99
0db6ca22627a80f4,1X2 & G/NG,30094,2 gagne et les deux équipes marquent,3.22
0db6ca22627a80f4,1X2 & G/NG,30094,2 gagne et seulement 2 marque,3.87
0db6ca22627a80f4,Total equipe domicile,30095,> 0.5,1.31
0db6ca22627a80f4,Total equipe domicile,30095,< 0.5,3.39
0db6ca22627a80f4,Total equipe domicile,30095,> 1.5,2.78
0db6ca22627a80f4,Total equipe domicile,30095,< 1.5,1.43
0db6ca22627a80f4,Total equipe domicile,30095,> 2.5,8.91
0db6ca22627a80f4,Total equipe domicile,30095,< 2.5,1.06
0db6ca22627a80f4,Total equipe domicile,30095,> 3.5,43.56
0db6ca22627a80f4,Total equipe domicile,30095,< 3.5,0.96
0db6ca22627a80f4,Total equipe extérieur,30096,> 0.5,1.11
0db6ca22627a80f4,Total equipe extérieur,30096,< 0.5,6.31
0db6ca22627a80f4,Total equipe extérieur,30096,> 1.5,1.7
0db6ca22627a80f4,Total equipe extérieur,30096,< 1.5,2.12
0db6ca22627a80f4,Total equipe extérieur,30096,> 2.5,3.55
0db6ca22627a80f4,Total equipe extérieur,30096,< 2.5,1.29
0db6ca22627a80f4,Total equipe extérieur,30096,> 3.5,10.61
0db6ca22627a80f4,Total equipe extérieur,30096,< 3.5,1.04
0db6ca22627a80f4,G/NG equipe domicile,30097,Oui,1.31
0db6ca22627a80f4,G/NG equipe domicile,30097,Non,3.39
0db6ca22627a80f4,G/NG equipe extérieur,30098,Oui,1.11
0db6ca22627a80f4,G/NG equipe extérieur,30098,Non,6.31
0db6ca22627a80f4,Pair/Impair,30099,Impair,1.86
0db6ca22627a80f4,Pair/Impair,30099,Pair,1.84
0db6ca22627a80f4,Minute du premier but,30100,1-15,3.96
0db6ca22627a80f4,Minute du premier but,30100,16-30,2.74
0db6ca22627a80f4,Minute du premier but,30100,31-45,5.02
0db6ca22627a80f4,Minute du premier but,30100,46-60,7.81
0db6ca22627a80f4,Minute du premier but,30100,61-75,14.82
0db6ca22627a80f4,Minute du premier but,30100,76-90,18.24
0db6ca22627a80f4,Minute du premier but,30100,Pas de but,18.99
0db6ca22627a80f4,FTTS,30101,1,2.17
0db6ca22627a80f4,FTTS,30101,2,1.65
0db6ca22627a80f4,FTTS,30101,Pas de but,18.99
0db6ca22627a80f4,Multi-Buts,30102,"Le total de buts est de 0, 1 ou 2",2.42
0db6ca22627a80f4,Multi-Buts,30102,"Le total de buts est de 1, 2 ou 3",1.55
0db6ca22627a80f4,Multi-Buts,30102,"Le total de buts est de 2, 3 ou 4",1.34
0db6ca22627a80f4,Multi-Buts,30102,Le total de buts est supérieur à 4,5.75
0db6ca22627a80f4,2ème mi-tps - CS,30105,0-0,4.79
0db6ca22627a80f4,2ème mi-tps - CS,30105,0-1,6.07
0db6ca22627a80f4,2ème mi-tps - CS,30105,0-2,7.93
0db6ca22627a80f4,2ème mi-tps - CS,30105,0-3,15.53
0db6ca22627a80f4,2ème mi-tps - CS,30105,1-0,8.43
0db6ca22627a80f4,2ème mi-tps - CS,30105,1-1,4.75
0db6ca22627a80f4,2ème mi-tps - CS,30105,1-2,9.3
0db6ca22627a80f4,2ème mi-tps - CS,30105,2-0,16.85
0db6ca22627a80f4,2ème mi-tps - CS,30105,2-1,14.24
0db6ca22627a80f4,2ème mi-tps - CS,30105,3-0,50.51
50c35eb7cdb8f551,1X2,30083,1,1.74
50c35eb7cdb8f551,1X2,30083,X,4.19
50c35eb7cdb8f551,1X2,30083,2,4.03
50c35eb7cdb8f551,Mi-tps 1X2,30084,1,2.38
50c35eb7cdb8f551,Mi-tps 1X2,30084,X,2.25
50c35eb7cdb8f551,Mi-tps 1X2,30084,2,4.64
50c35eb7cdb8f551,Double Chance,30085,1X,1.21
50c35eb7cdb8f551,Double Chance,30085,X2,2.02
50c35eb7cdb8f551,Double Chance,30085,12,1.2
50c35eb7cdb8f551,Mi-tps DC,30086,1X,1.16
50c35eb7cdb8f551,Mi-tps DC,30086,X2,1.52
50c35eb7cdb8f551,Mi-tps DC,30086,12,1.57
50c35eb7cdb8f551,Score exact,30081,0-0,22.76
50c35eb7cdb8f551,Score exact,30081,0-1,22.22
50c35eb7cdb8f551,Score exact,30081,0-2,31.45
50c35eb7cdb8f551,Score exact,30081,0-3,60.82
50c35eb7cdb8f551,Score exact,30081,0-4,100.0
50c35eb7cdb8f551,Score exact,30081,0-5,100.0
50c35eb7cdb8f551,Score exact,30081,0-6,100.0
50c35eb7cdb8f551,Score exact,30081,1-0,14.73
50c35eb7cdb8f551,Score exact,30081,1-1,8.8
50c35eb7cdb8f551,Score exact,30081,1-2,12.64
50c35eb7cdb8f551,Score exact,30081,1-3,29.63
50c35eb7cdb8f551,Score exact,30081,1-4,97.9
50c35eb7cdb8f551,Score exact,30081,1-5,100.0
50c35eb7cdb8f551,Score exact,30081,2-0,12.76
50c35eb7cdb8f551,Score exact,30081,2-1,7.85
50c35eb7cdb8f551,Score exact,30081,2-2,12.0
50c35eb7cdb8f551,Score exact,30081,2-3,31.24
50c35eb7cdb8f551,Score exact,30081,2-4,100.0
50c35eb7cdb8f551,Score exact,30081,3-0,14.92
50c35eb7cdb8f551,Score exact,30081,3-1,11.3
50c35eb7cdb8f551,Score exact,30081,3-2,18.93
50c35eb7cdb8f551,Score exact,30081,3-3,86.93
50c35eb7cdb8f551,Score exact,30081,4-0,28.65
50c35eb7cdb8f551,Score exact,30081,4-1,22.37
50c35eb7cdb8f551,Score exact,30081,4-2,67.39
50c35eb7cdb8f551,Score exact,30081,5-0,68.29
50c35eb7cdb8f551,Score exact,30081,5-1,91.05
50c35eb7cdb8f551,Score exact,30081,6-0,100.0
50c35eb7cdb8f551,Mi-tps CS,30082,0-0,3.55
50c35eb7cdb8f551,Mi-tps CS,30082,0-1,8.07
50c35eb7cdb8f551,Mi-tps CS,30082,0-2,21.55
50c35eb7cdb8f551,Mi-tps CS,30082,0-3,86.3
50c35eb7cdb8f551,Mi-tps CS,30082,1-0,5.17
50c35eb7cdb8f551,Mi-tps CS,30082,1-1,5.22
50c35eb7cdb8f551,Mi-tps CS,30082,1-2,20.92
50c35eb7cdb8f551,Mi-tps CS,30082,2-0,8.19
50c35eb7cdb8f551,Mi-tps CS,30082,2-1,12.41
50c35eb7cdb8f551,Mi-tps CS,30082,3-0,19.46
50c35eb7cdb8f551,+/-,30087,> 0.5,0.98
50c35eb7cdb8f551,+/-,30087,< 0.5,24.05
50c35eb7cdb8f551,+/-,30087,> 1.5,1.1
50c35eb7cdb8f551,+/-,30087,< 1.5,6.74
50c35eb7cdb8f551,+/-,30087,> 2.5,1.43
50c35eb7cdb8f551,+/-,30087,< 2.5,2.78
50c35eb7cdb8f551,+/-,30087,> 3.5,2.35
50c35eb7cdb8f551,+/-,30087,< 3.5,1.58
50c35eb7cdb8f551,HT/FT,30089,1/1,2.72
50c35eb7cdb8f551,HT/FT,30089,1/X,20.75
50c35eb7cdb8f551,HT/FT,30089,1/2,51.73
50c35eb7cdb8f551,HT/FT,30089,X/1,4.96
50c35eb7cdb8f551,HT/FT,30089,X/X,6.37
50c35eb7cdb8f551,HT/FT,30089,X/2,9.83
50c35eb7cdb8f551,HT/FT,30089,2/1,28.07
50c35eb7cdb8f551,HT/FT,30089,2/X,21.21
50c35eb7cdb8f551,HT/FT,30089,2/2,7.1
50c35eb7cdb8f551,Total de buts,30090,0,22.76
50c35eb7cdb8f551,Total de buts,30090,1,8.86
50c35eb7cdb8f551,Total de buts,30090,2,4.47
50c35eb7cdb8f551,Total de buts,30090,3,3.45
50c35eb7cdb8f551,Total de buts,30090,4,4.07
50c35eb7cdb8f551,Total de buts,30090,5,6.42
50c35eb7cdb8f551,Total de buts,30090,6,20.83
50c35eb7cdb8f551,G/NG,30091,Oui,1.49
50c35eb7cdb8f551,G/NG,30091,Non,2.58
50c35eb7cdb8f551,Les deux équipes marquent / 1ère mi temps,30092,Oui,3.39
50c35eb7cdb8f551,Les deux équipes marquent / 1ère mi temps,30092,Non,1.31
50c35eb7cdb8f551,1X2 & Total,30093,1 / > 1.5,1.89
50c35eb7cdb8f551,1X2 & Total,30093,X / > 1.5,4.88
50c35eb7cdb8f551,1X2 & Total,30093,2 / > 1.5,4.69
50c35eb7cdb8f551,1X2 & Total,30093,1 / < 1.5,15.0
50c35eb7cdb8f551,1X2 & Total,30093,X / < 1.5,23.17
50c35eb7cdb8f551,1X2 & Total,30093,2 / < 1.5,22.63
50c35eb7cdb8f551,1X2 & Total,30093,1 / > 2.5,2.22
50c35eb7cdb8f551,1X2 & Total,30093,X / > 2.5,10.74
50c35eb7cdb8f551,1X2 & Total,30093,2 / > 2.5,5.5
50c35eb7cdb8f551,1X2 & Total,30093,1 / < 2.5,6.96
50c35eb7cdb8f551,1X2 & Total,30093,X / < 2.5,6.46
50c35eb7cdb8f551,1X2 & Total,30093,2 / < 2.5,13.26
50c35eb7cdb8f551,1X2 & Total,30093,1 / > 3.5,3.84
50c35eb7cdb8f551,1X2 & Total,30093,X / > 3.5,10.74
50c35eb7cdb8f551,1X2 & Total,30093,2 / > 3.5,11.36
50c35eb7cdb8f551,1X2 & Total,30093,1 / < 3.5,2.99
50c35eb7cdb8f551,1X2 & Total,30093,X / < 3.5,6.46
50c35eb7cdb8f551,1X2 & Total,30093,2 / < 3.5,5.91
50c35eb7cdb8f551,1X2 & G/NG,30094,1 gagne et les deux équipes marquent,2.95
50c35eb7cdb8f551,1X2 & G/NG,30094,1 gagne et seulement  1  marque,3.75
50c35eb7cdb8f551,1X2 & G/NG,30094,X et les deux équipes marquent,4.8
50c35eb7cdb8f551,1X2 & G/NG,30094,X et aucun but,22.76
50c35eb7cdb8f551,1X2 & G/NG,30094,2 gagne et les deux équipes marquent,6.17
50c35eb7cdb8f551,1X2 & G/NG,30094,2 gagne et seulement 2 marque,10.0
50c35eb7cdb8f551,Total equipe domicile,30095,> 0.5,1.08
50c35eb7cdb8f551,Total equipe domicile,30095,< 0.5,7.34
50c35eb7cdb8f551,Total equipe domicile,30095,> 1.5,1.58
50c35eb7cdb8f551,Total equipe domicile,30095,< 1.5,2.35
50c35eb7cdb8f551,Total equipe domicile,30095,> 2.5,3.08
50c35eb7cdb8f551,Total equipe domicile,30095,< 2.5,1.36
50c35eb7cdb8f551,Total equipe domicile,30095,> 3.5,8.54
50c35eb7cdb8f551,Total equipe domicile,30095,< 3.5,1.06
50c35eb7cdb8f551,Total equipe extérieur,30096,> 0.5,1.3
50c35eb7cdb8f551,Total equipe extérieur,30096,< 0.5,3.4
50c35eb7cdb8f551,Total equipe extérieur,30096,> 1.5,2.78
50c35eb7cdb8f551,Total equipe extérieur,30096,< 1.5,1.43
50c35eb7cdb8f551,Total equipe extérieur,30096,> 2.5,8.99
50c35eb7cdb8f551,Total equipe extérieur,30096,< 2.5,1.05
50c35eb7cdb8f551,Total equipe extérieur,30096,> 3.5,44.31
50c35eb7cdb8f551,Total equipe extérieur,30096,< 3.5,0.96
50c35eb7cdb8f551,G/NG equipe domicile,30097,Oui,1.08
50c35eb7cdb8f551,G/NG equipe domicile,30097,Non,7.34
50c35eb7cdb8f551,G/NG equipe extérieur,30098,Oui,1.3
50c35eb7cdb8f551,G/NG equipe extérieur,30098,Non,3.4
50c35eb7cdb8f551,Pair/Impair,30099,Impair,1.86
50c35eb7cdb8f551,Pair/Impair,30099,Pair,1.85
50c35eb7cdb8f551,Minute du premier but,30100,1-15,3.87
50c35eb7cdb8f551,Minute du premier but,30100,16-30,2.69
50c35eb7cdb8f551,Minute du premier but,30100,31-45,5.01
50c35eb7cdb8f551,Minute du premier but,30100,46-60,7.85
50c35eb7cdb8f551,Minute du premier but,30100,61-75,15.19
50c35eb7cdb8f551,Minute du premier but,30100,76-90,18.97
50c35eb7cdb8f551,Minute du premier but,30100,Pas de but,22.76
50c35eb7cdb8f551,FTTS,30101,1,1.61
50c35eb7cdb8f551,FTTS,30101,2,2.2
50c35eb7cdb8f551,FTTS,30101,Pas de but,22.76
50c35eb7cdb8f551,Multi-Buts,30102,"Le total de buts est de 0, 1 ou 2",2.67
50c35eb7cdb8f551,Multi-Buts,30102,"Le total de buts est de 1, 2 ou 3",1.62
50c35eb7cdb8f551,Multi-Buts,30102,"Le total de buts est de 2, 3 ou 4",1.34
50c35eb7cdb8f551,Multi-Buts,30102,Le total de buts est supérieur à 4,5.0
50c35eb7cdb8f551,2ème mi-tps - CS,30105,0-0,5.43
50c35eb7cdb8f551,2ème mi-tps - CS,30105,0-1,9.29
50c35eb7cdb8f551,2ème mi-tps - CS,30105,0-2,17.98
50c35eb7cdb8f551,2ème mi-tps - CS,30105,0-3,52.19
50c35eb7cdb8f551,2ème mi-tps - CS,30105,1-0,6.32
50c35eb7cdb8f551,2ème mi-tps - CS,30105,1-1,4.81
50c35eb7cdb8f551,2ème mi-tps - CS,30105,1-2,13.96
50c35eb7cdb8f551,2ème mi-tps - CS,30105,2-0,7.14
50c35eb7cdb8f551,2ème mi-tps - CS,30105,2-1,8.15
50c35eb7cdb8f551,2ème mi-tps - CS,30105,3-0,12.1
453d5eec685be7fe,1X2,30083,1,2.32
453d5eec685be7fe,1X2,30083,X,3.43
453d5eec685be7fe,1X2,30083,2,2.97
453d5eec685be7fe,Mi-tps 1X2,30084,1,3.22
453d5eec685be7fe,Mi-tps 1X2,30084,X,1.93
453d5eec685be7fe,Mi-tps 1X2,30084,2,3.97
453d5eec685be7fe,Double Chance,30085,1X,1.36
453d5eec685be7fe,Double Chance,30085,X2,1.56
453d5eec685be7fe,Double Chance,30085,12,1.28
453d5eec685be7fe,Mi-tps DC,30086,1X,1.21
453d5eec685be7fe,Mi-tps DC,30086,X2,1.3
453d5eec685be7fe,Mi-tps DC,30086,12,1.78
453d5eec685be7fe,Score exact,30081,0-0,12.49
453d5eec685be7fe,Score exact,30081,0-1,12.6
453d5eec685be7fe,Score exact,30081,0-2,18.44
453d5eec685be7fe,Score exact,30081,0-3,36.89
453d5eec685be7fe,Score exact,30081,0-4,100.0
453d5eec685be7fe,Score exact,30081,0-5,100.0
453d5eec685be7fe,Score exact,30081,0-6,100.0
453d5eec685be7fe,Score exact,30081,1-0,10.98
453d5eec685be7fe,Score exact,30081,1-1,6.76
453d5eec685be7fe,Score exact,30081,1-2,10.06
453d5eec685be7fe,Score exact,30081,1-3,24.63
453d5eec685be7fe,Score exact,30081,1-4,84.95
453d5eec685be7fe,Score exact,30081,1-5,100.0
453d5eec685be7fe,Score exact,30081,2-0,13.8
453d5eec685be7fe,Score exact,30081,2-1,8.66
453d5eec685be7fe,Score exact,30081,2-2,13.59
453d5eec685be7fe,Score exact,30081,2-3,36.84
453d5eec685be7fe,Score exact,30081,2-4,100.0
453d5eec685be7fe,Score exact,30081,3-0,23.67
453d5eec685be7fe,Score exact,30081,3-1,18.2
453d5eec685be7fe,Score exact,30081,3-2,31.54
453d5eec685be7fe,Score exact,30081,3-3,100.0
453d5eec685be7fe,Score exact,30081,4-0,66.19
453d5eec685be7fe,Score exact,30081,4-1,53.61
453d5eec685be7fe,Score exact,30081,4-2,100.0
453d5eec685be7fe,Score exact,30081,5-0,100.0
453d5eec685be7fe,Score exact,30081,5-1,100.0
453d5eec685be7fe,Score exact,30081,6-0,100.0
453d5eec685be7fe,Mi-tps CS,30082,0-0,2.64
453d5eec685be7fe,Mi-tps CS,30082,0-1,6.32
453d5eec685be7fe,Mi-tps CS,30082,0-2,17.89
453d5eec685be7fe,Mi-tps CS,30082,0-3,75.88
453d5eec685be7fe,Mi-tps CS,30082,1-0,5.43
453d5eec685be7fe,Mi-tps CS,30082,1-1,5.79
453d5eec685be7fe,Mi-tps CS,30082,1-2,24.55
453d5eec685be7fe,Mi-tps CS,30082,2-0,13.0
453d5eec685be7fe,Mi-tps CS,30082,2-1,20.77
453d5eec685be7fe,Mi-tps CS,30082,3-0,46.67
453d5eec685be7fe,+/-,30087,> 0.5,1.02
453d5eec685be7fe,+/-,30087,< 0.5,13.19
453d5eec685be7fe,+/-,30087,> 1.5,1.22
453d5eec685be7fe,+/-,30087,< 1.5,4.22
453d5eec685be7fe,+/-,30087,> 2.5,1.78
453d5eec685be7fe,+/-,30087,< 2.5,2.01
453d5eec685be7fe,+/-,30087,> 3.5,3.4
453d5eec685be7fe,+/-,30087,< 3.5,1.31
453d5eec685be7fe,HT/FT,30089,1/1,3.94
453d5eec685be7fe,HT/FT,30089,1/X,21.17
453d5eec685be7fe,HT/FT,30089,1/2,48.46
453d5eec685be7fe,HT/FT,30089,X/1,5.64
453d5eec685be7fe,HT/FT,30089,X/X,4.66
453d5eec685be7fe,HT/FT,30089,X/2,6.89
453d5eec685be7fe,HT/FT,30089,2/1,41.07
453d5eec685be7fe,HT/FT,30089,2/X,21.6
453d5eec685be7fe,HT/FT,30089,2/2,5.25
453d5eec685be7fe,Total de buts,30090,0,12.49
453d5eec685be7fe,Total de buts,30090,1,5.87
453d5eec685be7fe,Total de buts,30090,2,3.64
453d5eec685be7fe,Total de buts,30090,3,3.52
453d5eec685be7fe,Total de buts,30090,4,5.19
453d5eec685be7fe,Total de buts,30090,5,10.48
453d5eec685be7fe,Total de buts,30090,6,44.31
453d5eec685be7fe,G/NG,30091,Oui,1.64
453d5eec685be7fe,G/NG,30091,Non,2.21
453d5eec685be7fe,Les deux équipes marquent / 1ère mi temps,30092,Oui,4.15
453d5eec685be7fe,Les deux équipes marquent / 1ère mi temps,30092,Non,1.22
453d5eec685be7fe,1X2 & Total,30093,1 / > 1.5,2.79
453d5eec685be7fe,1X2 & Total,30093,X / > 1.5,4.46
453d5eec685be7fe,1X2 & Total,30093,2 / > 1.5,3.68
453d5eec685be7fe,1X2 & Total,30093,1 / < 1.5,11.18
453d5eec685be7fe,1X2 & Total,30093,X / < 1.5,12.71
453d5eec685be7fe,1X2 & Total,30093,2 / < 1.5,12.83
453d5eec685be7fe,1X2 & Total,30093,1 / > 2.5,3.49
453d5eec685be7fe,1X2 & Total,30093,X / > 2.5,12.7
453d5eec685be7fe,1X2 & Total,30093,2 / > 2.5,4.57
453d5eec685be7fe,1X2 & Total,30093,1 / < 2.5,6.23
453d5eec685be7fe,1X2 & Total,30093,X / < 2.5,4.46
453d5eec685be7fe,1X2 & Total,30093,2 / < 2.5,7.62
453d5eec685be7fe,1X2 & Total,30093,1 / > 3.5,7.58
453d5eec685be7fe,1X2 & Total,30093,X / > 3.5,12.7
453d5eec685be7fe,1X2 & Total,30093,2 / > 3.5,10.6
453d5eec685be7fe,1X2 & Total,30093,1 / < 3.5,3.17
453d5eec685be7fe,1X2 & Total,30093,X / < 3.5,4.46
453d5eec685be7fe,1X2 & Total,30093,2 / < 3.5,3.91
453d5eec685be7fe,1X2 & G/NG,30094,1 gagne et les deux équipes marquent,4.35
453d5eec685be7fe,1X2 & G/NG,30094,1 gagne et seulement  1  marque,4.43
453d5eec685be7fe,1X2 & G/NG,30094,X et les deux équipes marquent,4.38
453d5eec685be7fe,1X2 & G/NG,30094,X et aucun but,12.49
453d5eec685be7fe,1X2 & G/NG,30094,2 gagne et les deux équipes marquent,5.41
453d5eec685be7fe,1X2 & G/NG,30094,2 gagne et seulement 2 marque,5.84
453d5eec685be7fe,Total equipe domicile,30095,> 0.5,1.22
453d5eec685be7fe,Total equipe domicile,30095,< 0.5,4.2
453d5eec685be7fe,Total equipe domicile,30095,> 1.5,2.22
453d5eec685be7fe,Total equipe domicile,30095,< 1.5,1.64
453d5eec685be7fe,Total equipe domicile,30095,> 2.5,5.77
453d5eec685be7fe,Total equipe domicile,30095,< 2.5,1.13
453d5eec685be7fe,Total equipe domicile,30095,> 3.5,22.17
453d5eec685be7fe,Total equipe domicile,30095,< 3.5,0.99
453d5eec685be7fe,Total equipe extérieur,30096,> 0.5,1.3
453d5eec685be7fe,Total equipe extérieur,30096,< 0.5,3.45
453d5eec685be7fe,Total equipe extérieur,30096,> 1.5,2.68
453d5eec685be7fe,Total equipe extérieur,30096,< 1.5,1.46
453d5eec685be7fe,Total equipe extérieur,30096,> 2.5,8.14
453d5eec685be7fe,Total equipe extérieur,30096,< 2.5,1.07
453d5eec685be7fe,Total equipe extérieur,30096,> 3.5,37.33
453d5eec685be7fe,Total equipe extérieur,30096,< 3.5,0.97
453d5eec685be7fe,G/NG equipe domicile,30097,Oui,1.22
453d5eec685be7fe,G/NG equipe domicile,30097,Non,4.2
453d5eec685be7fe,G/NG equipe extérieur,30098,Oui,1.3
453d5eec685be7fe,G/NG equipe extérieur,30098,Non,3.45
453d5eec685be7fe,Pair/Impair,30099,Impair,1.89
453d5eec685be7fe,Pair/Impair,30099,Pair,1.82
453d5eec685be7fe,Minute du premier but,30100,1-15,4.48
453d5eec685be7fe,Minute du premier but,30100,16-30,3.0
453d5eec685be7fe,Minute du premier but,30100,31-45,5.11
453d5eec685be7fe,Minute du premier but,30100,46-60,6.95
453d5eec685be7fe,Minute du premier but,30100,61-75,12.78
453d5eec685be7fe,Minute du premier but,30100,76-90,15.34
453d5eec685be7fe,Minute du premier but,30100,Pas de but,12.49
453d5eec685be7fe,FTTS,30101,1,1.83
453d5eec685be7fe,FTTS,30101,2,2.03
453d5eec685be7fe,FTTS,30101,Pas de but,12.49
453d5eec685be7fe,Multi-Buts,30102,"Le total de buts est de 0, 1 ou 2",1.94
453d5eec685be7fe,Multi-Buts,30102,"Le total de buts est de 1, 2 ou 3",1.4
453d5eec685be7fe,Multi-Buts,30102,"Le total de buts est de 2, 3 ou 4",1.35
453d5eec685be7fe,Multi-Buts,30102,Le total de buts est supérieur à 4,8.63
453d5eec685be7fe,2ème mi-tps - CS,30105,0-0,4.01
453d5eec685be7fe,2ème mi-tps - CS,30105,0-1,6.98
453d5eec685be7fe,2ème mi-tps - CS,30105,0-2,13.8
453d5eec685be7fe,2ème mi-tps - CS,30105,0-3,40.94
453d5eec685be7fe,2ème mi-tps - CS,30105,1-0,6.15
453d5eec685be7fe,2ème mi-tps - CS,30105,1-1,4.76
453d5eec685be7fe,2ème mi-tps - CS,30105,1-2,14.12
453d5eec685be7fe,2ème mi-tps - CS,30105,2-0,10.41
453d5eec685be7fe,2ème mi-tps - CS,30105,2-1,12.09
453d5eec685be7fe,2ème mi-tps - CS,30105,3-0,26.43
28d6174081a789bd,1X2,30083,1,5.38
28d6174081a789bd,1X2,30083,X,4.18
28d6174081a789bd,1X2,30083,2,1.57
28d6174081a789bd,Mi-tps 1X2,30084,1,5.83
28d6174081a789bd,Mi-tps 1X2,30084,X,2.16
28d6174081a789bd,Mi-tps 1X2,30084,2,2.25
28d6174081a789bd,Double Chance,30085,1X,2.31
28d6174081a789bd,Double Chance,30085,X2,1.12
28d6174081a789bd,Double Chance,30085,12,1.2
28d6174081a789bd,Mi-tps DC,30086,1X,1.57
28d6174081a789bd,Mi-tps DC,30086,X2,1.1
28d6174081a789bd,Mi-tps DC,30086,12,1.62
28d6174081a789bd,Score exact,30081,0-0,16.17
28d6174081a789bd,Score exact,30081,0-1,10.71
28d6174081a789bd,Score exact,30081,0-2,9.58
28d6174081a789bd,Score exact,30081,0-3,11.59
28d6174081a789bd,Score exact,30081,0-4,22.95
28d6174081a789bd,Score exact,30081,0-5,56.69
28d6174081a789bd,Score exact,30081,0-6,100.0
28d6174081a789bd,Score exact,30081,1-0,20.61
28d6174081a789bd,Score exact,30081,1-1,8.36
28d6174081a789bd,Score exact,30081,1-2,7.69
28d6174081a789bd,Score exact,30081,1-3,11.4
28d6174081a789bd,Score exact,30081,1-4,23.31
28d6174081a789bd,Score exact,30081,1-5,98.33
28d6174081a789bd,Score exact,30081,2-0,38.93
28d6174081a789bd,Score exact,30081,2-1,15.92
28d6174081a789bd,Score exact,30081,2-2,15.42
28d6174081a789bd,Score exact,30081,2-3,25.08
28d6174081a789bd,Score exact,30081,2-4,92.51
28d6174081a789bd,Score exact,30081,3-0,100.0
28d6174081a789bd,Score exact,30081,3-1,49.48
28d6174081a789bd,Score exact,30081,3-2,53.43
28d6174081a789bd,Score exact,30081,3-3,100.0
28d6174081a789bd,Score exact,30081,4-0,100.0
28d6174081a789bd,Score exact,30081,4-1,100.0
28d6174081a789bd,Score exact,30081,4-2,100.0
28d6174081a789bd,Score exact,30081,5-0,100.0
28d6174081a789bd,Score exact,30081,5-1,100.0
28d6174081a789bd,Score exact,30081,6-0,100.0
28d6174081a789bd,Mi-tps CS,30082,0-0,3.08
28d6174081a789bd,Mi-tps CS,30082,0-1,4.59
28d6174081a789bd,Mi-tps CS,30082,0-2,7.52
28d6174081a789bd,Mi-tps CS,30082,0-3,18.47
28d6174081a789bd,Mi-tps CS,30082,1-0,8.93
28d6174081a789bd,Mi-tps CS,30082,1-1,5.93
28d6174081a789bd,Mi-tps CS,30082,1-2,14.55
28d6174081a789bd,Mi-tps CS,30082,2-0,31.04
28d6174081a789bd,Mi-tps CS,30082,2-1,30.91
28d6174081a789bd,Mi-tps CS,30082,3-0,100.0
28d6174081a789bd,+/-,30087,> 0.5,1.0
28d6174081a789bd,+/-,30087,< 0.5,17.08
28d6174081a789bd,+/-,30087,> 1.5,1.15
28d6174081a789bd,+/-,30087,< 1.5,5.19
28d6174081a789bd,+/-,30087,> 2.5,1.59
28d6174081a789bd,+/-,30087,< 2.5,2.33
28d6174081a789bd,+/-,30087,> 3.5,2.8
28d6174081a789bd,+/-,30087,< 3.5,1.42
28d6174081a789bd,HT/FT,30089,1/1,9.64
28d6174081a789bd,HT/FT,30089,1/X,24.45
28d6174081a789bd,HT/FT,30089,1/2,30.05
28d6174081a789bd,HT/FT,30089,X/1,12.47
28d6174081a789bd,HT/FT,30089,X/X,5.81
28d6174081a789bd,HT/FT,30089,X/2,4.37
28d6174081a789bd,HT/FT,30089,2/1,81.59
28d6174081a789bd,HT/FT,30089,2/X,25.08
28d6174081a789bd,HT/FT,30089,2/2,2.44
28d6174081a789bd,Total de buts,30090,0,16.17
28d6174081a789bd,Total de buts,30090,1,7.05
28d6174081a789bd,Total de buts,30090,2,4.0
28d6174081a789bd,Total de buts,30090,3,3.46
28d6174081a789bd,Total de buts,30090,4,4.57
28d6174081a789bd,Total de buts,30090,5,8.06
28d6174081a789bd,Total de buts,30090,6,28.9
28d6174081a789bd,G/NG,30091,Oui,1.7
28d6174081a789bd,G/NG,30091,Non,2.12
28d6174081a789bd,Les deux équipes marquent / 1ère mi temps,30092,Oui,4.02
28d6174081a789bd,Les deux équipes marquent / 1ère mi temps,30092,Non,1.23
28d6174081a789bd,1X2 & Total,30093,1 / > 1.5,6.89
28d6174081a789bd,1X2 & Total,30093,X / > 1.5,5.33
28d6174081a789bd,1X2 & Total,30093,2 / > 1.5,1.76
28d6174081a789bd,1X2 & Total,30093,1 / < 1.5,20.99
28d6174081a789bd,1X2 & Total,30093,X / < 1.5,16.46
28d6174081a789bd,1X2 & Total,30093,2 / < 1.5,10.9
28d6174081a789bd,1X2 & Total,30093,1 / > 2.5,8.34
28d6174081a789bd,1X2 & Total,30093,X / > 2.5,14.27
28d6174081a789bd,1X2 & Total,30093,2 / > 2.5,2.15
28d6174081a789bd,1X2 & Total,30093,1 / < 2.5,13.72
28d6174081a789bd,1X2 & Total,30093,X / < 2.5,5.61
28d6174081a789bd,1X2 & Total,30093,2 / < 2.5,5.15
28d6174081a789bd,1X2 & Total,30093,1 / > 3.5,20.66
28d6174081a789bd,1X2 & Total,30093,X / > 3.5,14.27
28d6174081a789bd,1X2 & Total,30093,2 / > 3.5,3.96
28d6174081a789bd,1X2 & Total,30093,1 / < 3.5,6.93
28d6174081a789bd,1X2 & Total,30093,X / < 3.5,5.61
28d6174081a789bd,1X2 & Total,30093,2 / < 3.5,2.46
28d6174081a789bd,1X2 & G/NG,30094,1 gagne et les deux équipes marquent,9.16
28d6174081a789bd,1X2 & G/NG,30094,1 gagne et seulement  1  marque,11.49
28d6174081a789bd,1X2 & G/NG,30094,X et les deux équipes marquent,5.23
28d6174081a789bd,1X2 & G/NG,30094,X et aucun but,16.17
28d6174081a789bd,1X2 & G/NG,30094,2 gagne et les deux équipes marquent,3.11
28d6174081a789bd,1X2 & G/NG,30094,2 gagne et seulement 2 marque,2.86
28d6174081a789bd,Total equipe domicile,30095,> 0.5,1.49
28d6174081a789bd,Total equipe domicile,30095,< 0.5,2.57
28d6174081a789bd,Total equipe domicile,30095,> 1.5,3.92
28d6174081a789bd,Total equipe domicile,30095,< 1.5,1.24
28d6174081a789bd,Total equipe domicile,30095,> 2.5,16.08
28d6174081a789bd,Total equipe domicile,30095,< 2.5,1.0
28d6174081a789bd,Total equipe domicile,30095,> 3.5,100.0
28d6174081a789bd,Total equipe domicile,30095,< 3.5,0.95
28d6174081a789bd,Total equipe extérieur,30096,> 0.5,1.09
28d6174081a789bd,Total equipe extérieur,30096,< 0.5,7.1
28d6174081a789bd,Total equipe extérieur,30096,> 1.5,1.58
28d6174081a789bd,Total equipe extérieur,30096,< 1.5,2.35
28d6174081a789bd,Total equipe extérieur,30096,> 2.5,3.02
28d6174081a789bd,Total equipe extérieur,30096,< 2.5,1.37
28d6174081a789bd,Total equipe extérieur,30096,> 3.5,8.17
28d6174081a789bd,Total equipe extérieur,30096,< 3.5,1.07
28d6174081a789bd,G/NG equipe domicile,30097,Oui,1.49
28d6174081a789bd,G/NG equipe domicile,30097,Non,2.57
28d6174081a789bd,G/NG equipe extérieur,30098,Oui,1.09
28d6174081a789bd,G/NG equipe extérieur,30098,Non,7.1
28d6174081a789bd,Pair/Impair,30099,Impair,1.87
28d6174081a789bd,Pair/Impair,30099,Pair,1.84
28d6174081a789bd,Minute du premier but,30100,1-15,4.18
28d6174081a789bd,Minute du premier but,30100,16-30,2.84
28d6174081a789bd,Minute du premier but,30100,31-45,5.02
28d6174081a789bd,Minute du premier but,30100,46-60,7.45
28d6174081a789bd,Minute du premier but,30100,61-75,13.71
28d6174081a789bd,Minute du premier but,30100,76-90,16.46
28d6174081a789bd,Minute du premier but,30100,Pas de but,16.17
28d6174081a789bd,FTTS,30101,1,2.46
28d6174081a789bd,FTTS,30101,2,1.53
28d6174081a789bd,FTTS,30101,Pas de but,16.17
28d6174081a789bd,Multi-Buts,30102,"Le total de buts est de 0, 1 ou 2",2.25
28d6174081a789bd,Multi-Buts,30102,"Le total de buts est de 1, 2 ou 3",1.5
28d6174081a789bd,Multi-Buts,30102,"Le total de buts est de 2, 3 ou 4",1.34
28d6174081a789bd,Multi-Buts,30102,Le total de buts est supérieur à 4,6.41
28d6174081a789bd,2ème mi-tps - CS,30105,0-0,4.45
28d6174081a789bd,2ème mi-tps - CS,30105,0-1,5.3
28d6174081a789bd,2ème mi-tps - CS,30105,0-2,6.22
28d6174081a789bd,2ème mi-tps - CS,30105,0-3,10.97
28d6174081a789bd,2ème mi-tps - CS,30105,1-0,10.12
28d6174081a789bd,2ème mi-tps - CS,30105,1-1,5.35
28d6174081a789bd,2ème mi-tps - CS,30105,1-2,9.43
28d6174081a789bd,2ème mi-tps - CS,30105,2-0,27.02
28d6174081a789bd,2ème mi-tps - CS,30105,2-1,21.43
28d6174081a789bd,2ème mi-tps - CS,30105,3-0,100.0
f3b6372b9d6fdd6e,1X2,30083,1,1.88
f3b6372b9d6fdd6e,1X2,30083,X,3.99
f3b6372b9d6fdd6e,1X2,30083,2,3.61
f3b6372b9d6fdd6e,Mi-tps 1X2,30084,1,2.47
f3b6372b9d6fdd6e,Mi-tps 1X2,30084,X,2.22
f3b6372b9d6fdd6e,Mi-tps 1X2,30084,2,4.44
f3b6372b9d6fdd6e,Double Chance,30085,1X,1.25
f3b6372b9d6fdd6e,Double Chance,30085,X2,1.86
f3b6372b9d6fdd6e,Double Chance,30085,12,1.21
f3b6372b9d6fdd6e,Mi-tps DC,30086,1X,1.17
f3b6372b9d6fdd6e,Mi-tps DC,30086,X2,1.48
f3b6372b9d6fdd6e,Mi-tps DC,30086,12,1.59
f3b6372b9d6fdd6e,Score exact,30081,0-0,20.8
f3b6372b9d6fdd6e,Score exact,30081,0-1,19.8
f3b6372b9d6fdd6e,Score exact,30081,0-2,27.25
f3b6372b9d6fdd6e,Score exact,30081,0-3,51.21
f3b6372b9d6fdd6e,Score exact,30081,0-4,100.0
f3b6372b9d6fdd6e,Score exact,30081,0-5,100.0
f3b6372b9d6fdd6e,Score exact,30081,0-6,100.0
f3b6372b9d6fdd6e,Score exact,30081,1-0,14.21
f3b6372b9d6fdd6e,Score exact,30081,1-1,8.29
f3b6372b9d6fdd6e,Score exact,30081,1-2,11.58
f3b6372b9d6fdd6e,Score exact,30081,1-3,26.35
f3b6372b9d6fdd6e,Score exact,30081,1-4,84.54
f3b6372b9d6fdd6e,Score exact,30081,1-5,100.0
f3b6372b9d6fdd6e,Score exact,30081,2-0,13.37
f3b6372b9d6fdd6e,Score exact,30081,2-1,7.97
f3b6372b9d6fdd6e,Score exact,30081,2-2,11.74
f3b6372b9d6fdd6e,Score exact,30081,2-3,29.64
f3b6372b9d6fdd6e,Score exact,30081,2-4,100.0
f3b6372b9d6fdd6e,Score exact,30081,3-0,17.03
f3b6372b9d6fdd6e,Score exact,30081,3-1,12.33
f3b6372b9d6fdd6e,Score exact,30081,3-2,19.98
f3b6372b9d6fdd6e,Score exact,30081,3-3,88.89
f3b6372b9d6fdd6e,Score exact,30081,4-0,34.9
f3b6372b9d6fdd6e,Score exact,30081,4-1,26.37
f3b6372b9d6fdd6e,Score exact,30081,4-2,76.79
f3b6372b9d6fdd6e,Score exact,30081,5-0,89.71
f3b6372b9d6fdd6e,Score exact,30081,5-1,100.0
f3b6372b9d6fdd6e,Score exact,30081,6-0,100.0
f3b6372b9d6fdd6e,Mi-tps CS,30082,0-0,3.5
f3b6372b9d6fdd6e,Mi-tps CS,30082,0-1,7.77
f3b6372b9d6fdd6e,Mi-tps CS,30082,0-2,20.24
f3b6372b9d6fdd6e,Mi-tps CS,30082,0-3,79.06
f3b6372b9d6fdd6e,Mi-tps CS,30082,1-0,5.25
f3b6372b9d6fdd6e,Mi-tps CS,30082,1-1,5.18
f3b6372b9d6fdd6e,Mi-tps CS,30082,1-2,20.24
f3b6372b9d6fdd6e,Mi-tps CS,30082,2-0,8.64
f3b6372b9d6fdd6e,Mi-tps CS,30082,2-1,12.8
f3b6372b9d6fdd6e,Mi-tps CS,30082,3-0,21.34
f3b6372b9d6fdd6e,+/-,30087,> 0.5,0.99
f3b6372b9d6fdd6e,+/-,30087,< 0.5,21.97
f3b6372b9d6fdd6e,+/-,30087,> 1.5,1.11
f3b6372b9d6fdd6e,+/-,30087,< 1.5,6.25
f3b6372b9d6fdd6e,+/-,30087,> 2.5,1.47
f3b6372b9d6fdd6e,+/-,30087,< 2.5,2.63
f3b6372b9d6fdd6e,+/-,30087,> 3.5,2.46
f3b6372b9d6fdd6e,+/-,30087,< 3.5,1.53
f3b6372b9d6fdd6e,HT/FT,30089,1/1,2.89
f3b6372b9d6fdd6e,HT/FT,30089,1/X,19.4
f3b6372b9d6fdd6e,HT/FT,30089,1/2,45.79
f3b6372b9d6fdd6e,HT/FT,30089,X/1,5.41
f3b6372b9d6fdd6e,HT/FT,30089,X/X,5.98
f3b6372b9d6fdd6e,HT/FT,30089,X/2,8.76
f3b6372b9d6fdd6e,HT/FT,30089,2/1,32.39
f3b6372b9d6fdd6e,HT/FT,30089,2/X,21.55
f3b6372b9d6fdd6e,HT/FT,30089,2/2,6.39
f3b6372b9d6fdd6e,Total de buts,30090,0,20.8
f3b6372b9d6fdd6e,Total de buts,30090,1,8.27
f3b6372b9d6fdd6e,Total de buts,30090,2,4.31
f3b6372b9d6fdd6e,Total de buts,30090,3,3.45
f3b6372b9d6fdd6e,Total de buts,30090,4,4.18
f3b6372b9d6fdd6e,Total de buts,30090,5,6.83
f3b6372b9d6fdd6e,Total de buts,30090,6,23.09
f3b6372b9d6fdd6e,G/NG,30091,Oui,1.49
f3b6372b9d6fdd6e,G/NG,30091,Non,2.58
f3b6372b9d6fdd6e,Les deux équipes marquent / 1ère mi temps,30092,Oui,3.39
f3b6372b9d6fdd6e,Les deux équipes marquent / 1ère mi temps,30092,Non,1.31
f3b6372b9d6fdd6e,1X2 & Total,30093,1 / > 1.5,2.07
f3b6372b9d6fdd6e,1X2 & Total,30093,X / > 1.5,4.69
f3b6372b9d6fdd6e,1X2 & Total,30093,2 / > 1.5,4.21
f3b6372b9d6fdd6e,1X2 & Total,30093,1 / < 1.5,14.47
f3b6372b9d6fdd6e,1X2 & Total,30093,X / < 1.5,21.17
f3b6372b9d6fdd6e,1X2 & Total,30093,2 / < 1.5,20.16
f3b6372b9d6fdd6e,1X2 & Total,30093,1 / > 2.5,2.44
f3b6372b9d6fdd6e,1X2 & Total,30093,X / > 2.5,10.56
f3b6372b9d6fdd6e,1X2 & Total,30093,2 / > 2.5,4.96
f3b6372b9d6fdd6e,1X2 & Total,30093,1 / < 2.5,7.01
f3b6372b9d6fdd6e,1X2 & Total,30093,X / < 2.5,6.03
f3b6372b9d6fdd6e,1X2 & Total,30093,2 / < 2.5,11.68
f3b6372b9d6fdd6e,1X2 & Total,30093,1 / > 3.5,4.37
f3b6372b9d6fdd6e,1X2 & Total,30093,X / > 3.5,10.56
f3b6372b9d6fdd6e,1X2 & Total,30093,2 / > 3.5,10.24
f3b6372b9d6fdd6e,1X2 & Total,30093,1 / < 3.5,3.09
f3b6372b9d6fdd6e,1X2 & Total,30093,X / < 3.5,6.03
f3b6372b9d6fdd6e,1X2 & Total,30093,2 / < 3.5,5.27
f3b6372b9d6fdd6e,1X2 & G/NG,30094,1 gagne et les deux équipes marquent,3.16
f3b6372b9d6fdd6e,1X2 & G/NG,30094,1 gagne et seulement  1  marque,4.06
f3b6372b9d6fdd6e,1X2 & G/NG,30094,X et les deux équipes marquent,4.61
f3b6372b9d6fdd6e,1X2 & G/NG,30094,X et aucun but,20.8
f3b6372b9d6fdd6e,1X2 & G/NG,30094,2 gagne et les deux équipes marquent,5.63
f3b6372b9d6fdd6e,1X2 & G/NG,30094,2 gagne et seulement 2 marque,8.7
f3b6372b9d6fdd6e,Total equipe domicile,30095,> 0.5,1.1
f3b6372b9d6fdd6e,Total equipe domicile,30095,< 0.5,6.48
f3b6372b9d6fdd6e,Total equipe domicile,30095,> 1.5,1.68
f3b6372b9d6fdd6e,Total equipe domicile,30095,< 1.5,2.15
f3b6372b9d6fdd6e,Total equipe domicile,30095,> 2.5,3.49
f3b6372b9d6fdd6e,Total equipe domicile,30095,< 2.5,1.29
f3b6372b9d6fdd6e,Total equipe domicile,30095,> 3.5,10.37
f3b6372b9d6fdd6e,Total equipe domicile,30095,< 3.5,1.04
f3b6372b9d6fdd6e,Total equipe extérieur,30096,> 0.5,1.28
f3b6372b9d6fdd6e,Total equipe extérieur,30096,< 0.5,3.59
f3b6372b9d6fdd6e,Total equipe extérieur,30096,> 1.5,2.63
f3b6372b9d6fdd6e,Total equipe extérieur,30096,< 1.5,1.47
f3b6372b9d6fdd6e,Total equipe extérieur,30096,> 2.5,8.12
f3b6372b9d6fdd6e,Total equipe extérieur,30096,< 2.5,1.07
f3b6372b9d6fdd6e,Total equipe extérieur,30096,> 3.5,38.1
f3b6372b9d6fdd6e,Total equipe extérieur,30096,< 3.5,0.97
f3b6372b9d6fdd6e,G/NG equipe domicile,30097,Oui,1.1
f3b6372b9d6fdd6e,G/NG equipe domicile,30097,Non,6.48
f3b6372b9d6fdd6e,G/NG equipe extérieur,30098,Oui,1.28
f3b6372b9d6fdd6e,G/NG equipe extérieur,30098,Non,3.59
f3b6372b9d6fdd6e,Pair/Impair,30099,Impair,1.86
f3b6372b9d6fdd6e,Pair/Impair,30099,Pair,1.84
f3b6372b9d6fdd6e,Minute du premier but,30100,1-15,3.89
f3b6372b9d6fdd6e,Minute du premier but,30100,16-30,2.7
f3b6372b9d6fdd6e,Minute du premier but,30100,31-45,5.02
f3b6372b9d6fdd6e,Minute du premier but,30100,46-60,7.92
f3b6372b9d6fdd6e,Minute du premier but,30100,61-75,15.2
f3b6372b9d6fdd6e,Minute du premier but,30100,76-90,18.87
f3b6372b9d6fdd6e,Minute du premier but,30100,Pas de but,20.8
f3b6372b9d6fdd6e,FTTS,30101,1,1.65
f3b6372b9d6fdd6e,FTTS,30101,2,2.14
f3b6372b9d6fdd6e,FTTS,30101,Pas de but,20.8
f3b6372b9d6fdd6e,Multi-Buts,30102,"Le total de buts est de 0, 1 ou 2",2.54
f3b6372b9d6fdd6e,Multi-Buts,30102,"Le total de buts est de 1, 2 ou 3",1.58
f3b6372b9d6fdd6e,Multi-Buts,30102,"Le total de buts est de 2, 3 ou 4",1.34
f3b6372b9d6fdd6e,Multi-Buts,30102,Le total de buts est supérieur à 4,5.37
f3b6372b9d6fdd6e,2ème mi-tps - CS,30105,0-0,5.03
f3b6372b9d6fdd6e,2ème mi-tps - CS,30105,0-1,8.39
f3b6372b9d6fdd6e,2ème mi-tps - CS,30105,0-2,15.72
f3b6372b9d6fdd6e,2ème mi-tps - CS,30105,0-3,44.18
f3b6372b9d6fdd6e,2ème mi-tps - CS,30105,1-0,6.32
f3b6372b9d6fdd6e,2ème mi-tps - CS,30105,1-1,4.68
f3b6372b9d6fdd6e,2ème mi-tps - CS,30105,1-2,13.16
f3b6372b9d6fdd6e,2ème mi-tps - CS,30105,2-0,8.12
f3b6372b9d6fdd6e,2ème mi-tps - CS,30105,2-1,9.02
f3b6372b9d6fdd6e,2ème mi-tps - CS,30105,3-0,15.65
3467f62db79ad38f,1X2,30083,1,1.52
3467f62db79ad38f,1X2,30083,X,4.35
3467f62db79ad38f,1X2,30083,2,5.8
3467f62db79ad38f,Mi-tps 1X2,30084,1,2.15
3467f62db79ad38f,Mi-tps 1X2,30084,X,2.17
3467f62db79ad38f,Mi-tps 1X2,30084,2,6.53
3467f62db79ad38f,Double Chance,30085,1X,1.11
3467f62db79ad38f,Double Chance,30085,X2,2.44
3467f62db79ad38f,Double Chance,30085,12,1.18
3467f62db79ad38f,Mi-tps DC,30086,1X,1.08
3467f62db79ad38f,Mi-tps DC,30086,X2,1.63
3467f62db79ad38f,Mi-tps DC,30086,12,1.62
3467f62db79ad38f,Score exact,30081,0-0,17.09
3467f62db79ad38f,Score exact,30081,0-1,22.16
3467f62db79ad38f,Score exact,30081,0-2,42.3
3467f62db79ad38f,Score exact,30081,0-3,100.0
3467f62db79ad38f,Score exact,30081,0-4,100.0
3467f62db79ad38f,Score exact,30081,0-5,100.0
3467f62db79ad38f,Score exact,30081,0-6,100.0
3467f62db79ad38f,Score exact,30081,1-0,10.98
3467f62db79ad38f,Score exact,30081,1-1,8.69
3467f62db79ad38f,Score exact,30081,1-2,16.86
3467f62db79ad38f,Score exact,30081,1-3,54.16
3467f62db79ad38f,Score exact,30081,1-4,100.0
3467f62db79ad38f,Score exact,30081,1-5,100.0
3467f62db79ad38f,Score exact,30081,2-0,9.38
3467f62db79ad38f,Score exact,30081,2-1,7.67
3467f62db79ad38f,Score exact,30081,2-2,15.95
3467f62db79ad38f,Score exact,30081,2-3,56.94
3467f62db79ad38f,Score exact,30081,2-4,100.0
3467f62db79ad38f,Score exact,30081,3-0,10.79
3467f62db79ad38f,Score exact,30081,3-1,11.0
3467f62db79ad38f,Score exact,30081,3-2,24.99
3467f62db79ad38f,Score exact,30081,3-3,100.0
3467f62db79ad38f,Score exact,30081,4-0,20.58
3467f62db79ad38f,Score exact,30081,4-1,21.6
3467f62db79ad38f,Score exact,30081,4-2,88.5
3467f62db79ad38f,Score exact,30081,5-0,48.61
3467f62db79ad38f,Score exact,30081,5-1,87.07
3467f62db79ad38f,Score exact,30081,6-0,100.0
3467f62db79ad38f,Mi-tps CS,30082,0-0,3.02
3467f62db79ad38f,Mi-tps CS,30082,0-1,9.64
3467f62db79ad38f,Mi-tps CS,30082,0-2,37.08
3467f62db79ad38f,Mi-tps CS,30082,0-3,100.0
3467f62db79ad38f,Mi-tps CS,30082,1-0,4.41
3467f62db79ad38f,Mi-tps CS,30082,1-1,6.26
3467f62db79ad38f,Mi-tps CS,30082,1-2,36.11
3467f62db79ad38f,Mi-tps CS,30082,2-0,7.02
3467f62db79ad38f,Mi-tps CS,30082,2-1,14.94
3467f62db79ad38f,Mi-tps CS,30082,3-0,16.74
3467f62db79ad38f,+/-,30087,> 0.5,1.0
3467f62db79ad38f,+/-,30087,< 0.5,18.06
3467f62db79ad38f,+/-,30087,> 1.5,1.14
3467f62db79ad38f,+/-,30087,< 1.5,5.43
3467f62db79ad38f,+/-,30087,> 2.5,1.55
3467f62db79ad38f,+/-,30087,< 2.5,2.4
3467f62db79ad38f,+/-,30087,> 3.5,2.72
3467f62db79ad38f,+/-,30087,< 3.5,1.44
3467f62db79ad38f,HT/FT,30089,1/1,2.33
3467f62db79ad38f,HT/FT,30089,1/X,24.44
3467f62db79ad38f,HT/FT,30089,1/2,77.5
3467f62db79ad38f,HT/FT,30089,X/1,4.28
3467f62db79ad38f,HT/FT,30089,X/X,6.07
3467f62db79ad38f,HT/FT,30089,X/2,12.56
3467f62db79ad38f,HT/FT,30089,2/1,31.26
3467f62db79ad38f,HT/FT,30089,2/X,26.95
3467f62db79ad38f,HT/FT,30089,2/2,11.15
3467f62db79ad38f,Total de buts,30090,0,17.09
3467f62db79ad38f,Total de buts,30090,1,7.34
3467f62db79ad38f,Total de buts,30090,2,4.08
3467f62db79ad38f,Total de buts,30090,3,3.43
3467f62db79ad38f,Total de buts,30090,4,4.49
3467f62db79ad38f,Total de buts,30090,5,7.76
3467f62db79ad38f,Total de buts,30090,6,27.15
3467f62db79ad38f,G/NG,30091,Oui,1.71
3467f62db79ad38f,G/NG,30091,Non,2.1
3467f62db79ad38f,Les deux équipes marquent / 1ère mi temps,30092,Oui,4.26
3467f62db79ad38f,Les deux équipes marquent / 1ère mi temps,30092,Non,1.21
3467f62db79ad38f,1X2 & Total,30093,1 / > 1.5,1.69
3467f62db79ad38f,1X2 & Total,30093,X / > 1.5,5.53
3467f62db79ad38f,1X2 & Total,30093,2 / > 1.5,7.42
3467f62db79ad38f,1X2 & Total,30093,1 / < 1.5,11.18
3467f62db79ad38f,1X2 & Total,30093,X / < 1.5,17.4
3467f62db79ad38f,1X2 & Total,30093,2 / < 1.5,22.57
3467f62db79ad38f,1X2 & Total,30093,1 / > 2.5,2.05
3467f62db79ad38f,1X2 & Total,30093,X / > 2.5,14.75
3467f62db79ad38f,1X2 & Total,30093,2 / > 2.5,8.97
3467f62db79ad38f,1X2 & Total,30093,1 / < 2.5,5.15
3467f62db79ad38f,1X2 & Total,30093,X / < 2.5,5.87
3467f62db79ad38f,1X2 & Total,30093,2 / < 2.5,14.81
3467f62db79ad38f,1X2 & Total,30093,1 / > 3.5,3.71
3467f62db79ad38f,1X2 & Total,30093,X / > 3.5,14.75
3467f62db79ad38f,1X2 & Total,30093,2 / > 3.5,22.55
3467f62db79ad38f,1X2 & Total,30093,1 / < 3.5,2.42
3467f62db79ad38f,1X2 & Total,30093,X / < 3.5,5.87
3467f62db79ad38f,1X2 & Total,30093,2 / < 3.5,7.43
3467f62db79ad38f,1X2 & G/NG,30094,1 gagne et les deux équipes marquent,3.03
3467f62db79ad38f,1X2 & G/NG,30094,1 gagne et seulement  1  marque,2.74
3467f62db79ad38f,1X2 & G/NG,30094,X et les deux équipes marquent,5.43
3467f62db79ad38f,1X2 & G/NG,30094,X et aucun but,17.09
3467f62db79ad38f,1X2 & G/NG,30094,2 gagne et les deux équipes marquent,9.81
3467f62db79ad38f,1X2 & G/NG,30094,2 gagne et seulement 2 marque,12.46
3467f62db79ad38f,Total equipe domicile,30095,> 0.5,1.08
3467f62db79ad38f,Total equipe domicile,30095,< 0.5,7.61
3467f62db79ad38f,Total equipe domicile,30095,> 1.5,1.53
3467f62db79ad38f,Total equipe domicile,30095,< 1.5,2.47
3467f62db79ad38f,Total equipe domicile,30095,> 2.5,2.83
3467f62db79ad38f,Total equipe domicile,30095,< 2.5,1.42
3467f62db79ad38f,Total equipe domicile,30095,> 3.5,7.37
3467f62db79ad38f,Total equipe domicile,30095,< 3.5,1.08
3467f62db79ad38f,Total equipe extérieur,30096,> 0.5,1.52
3467f62db79ad38f,Total equipe extérieur,30096,< 0.5,2.5
3467f62db79ad38f,Total equipe extérieur,30096,> 1.5,4.1
3467f62db79ad38f,Total equipe extérieur,30096,< 1.5,1.23
3467f62db79ad38f,Total equipe extérieur,30096,> 2.5,17.46
3467f62db79ad38f,Total equipe extérieur,30096,< 2.5,1.0
3467f62db79ad38f,Total equipe extérieur,30096,> 3.5,100.0
3467f62db79ad38f,Total equipe extérieur,30096,< 3.5,0.95
3467f62db79ad38f,G/NG equipe domicile,30097,Oui,1.08
3467f62db79ad38f,G/NG equipe domicile,30097,Non,7.61
3467f62db79ad38f,G/NG equipe extérieur,30098,Oui,1.52
3467f62db79ad38f,G/NG equipe extérieur,30098,Non,2.5
3467f62db79ad38f,Pair/Impair,30099,Impair,1.86
3467f62db79ad38f,Pair/Impair,30099,Pair,1.84
3467f62db79ad38f,Minute du premier but,30100,1-15,4.26
3467f62db79ad38f,Minute du premier but,30100,16-30,2.88
3467f62db79ad38f,Minute du premier but,30100,31-45,5.02
3467f62db79ad38f,Minute du premier but,30100,46-60,7.07
3467f62db79ad38f,Minute du premier but,30100,61-75,13.19
3467f62db79ad38f,Minute du premier but,30100,76-90,15.99
3467f62db79ad38f,Minute du premier but,30100,Pas de but,17.09
3467f62db79ad38f,FTTS,30101,1,1.49
3467f62db79ad38f,FTTS,30101,2,2.56
3467f62db79ad38f,FTTS,30101,Pas de but,17.09
3467f62db79ad38f,Multi-Buts,30102,"Le total de buts est de 0, 1 ou 2",2.31
3467f62db79ad38f,Multi-Buts,30102,"Le total de buts est de 1, 2 ou 3",1.51
3467f62db79ad38f,Multi-Buts,30102,"Le total de buts est de 2, 3 ou 4",1.34
3467f62db79ad38f,Multi-Buts,30102,Le total de buts est supérieur à 4,6.14
3467f62db79ad38f,2ème mi-tps - CS,30105,0-0,4.79
3467f62db79ad38f,2ème mi-tps - CS,30105,0-1,10.47
3467f62db79ad38f,2ème mi-tps - CS,30105,0-2,26.75
3467f62db79ad38f,2ème mi-tps - CS,30105,0-3,100.0
3467f62db79ad38f,2ème mi-tps - CS,30105,1-0,5.5
3467f62db79ad38f,2ème mi-tps - CS,30105,1-1,5.34
3467f62db79ad38f,2ème mi-tps - CS,30105,1-2,20.46
3467f62db79ad38f,2ème mi-tps - CS,30105,2-0,6.03
3467f62db79ad38f,2ème mi-tps - CS,30105,2-1,8.78
3467f62db79ad38f,2ème mi-tps - CS,30105,3-0,9.91
076ab4d2a0d3cb0c,1X2,30083,1,1.45
076ab4d2a0d3cb0c,1X2,30083,X,4.88
076ab4d2a0d3cb0c,1X2,30083,2,6.01
076ab4d2a0d3cb0c,Mi-tps 1X2,30084,1,2.01
076ab4d2a0d3cb0c,Mi-tps 1X2,30084,X,2.38
076ab4d2a0d3cb0c,Mi-tps 1X2,30084,2,6.15
076ab4d2a0d3cb0c,Double Chance,30085,1X,1.1
076ab4d2a0d3cb0c,Double Chance,30085,X2,2.64
076ab4d2a0d3cb0c,Double Chance,30085,12,1.15
076ab4d2a0d3cb0c,Mi-tps DC,30086,1X,1.09
076ab4d2a0d3cb0c,Mi-tps DC,30086,X2,1.72
076ab4d2a0d3cb0c,Mi-tps DC,30086,12,1.52
076ab4d2a0d3cb0c,Score exact,30081,0-0,24.49
076ab4d2a0d3cb0c,Score exact,30081,0-1,28.33
076ab4d2a0d3cb0c,Score exact,30081,0-2,48.09
076ab4d2a0d3cb0c,Score exact,30081,0-3,100.0
076ab4d2a0d3cb0c,Score exact,30081,0-4,100.0
076ab4d2a0d3cb0c,Score exact,30081,0-5,100.0
076ab4d2a0d3cb0c,Score exact,30081,0-6,100.0
076ab4d2a0d3cb0c,Score exact,30081,1-0,14.42
076ab4d2a0d3cb0c,Score exact,30081,1-1,10.21
076ab4d2a0d3cb0c,Score exact,30081,1-2,17.55
076ab4d2a0d3cb0c,Score exact,30081,1-3,49.38
076ab4d2a0d3cb0c,Score exact,30081,1-4,100.0
076ab4d2a0d3cb0c,Score exact,30081,1-5,100.0
076ab4d2a0d3cb0c,Score exact,30081,2-0,10.69
076ab4d2a0d3cb0c,Score exact,30081,2-1,7.88
076ab4d2a0d3cb0c,Score exact,30081,2-2,14.59
076ab4d2a0d3cb0c,Score exact,30081,2-3,45.79
076ab4d2a0d3cb0c,Score exact,30081,2-4,100.0
076ab4d2a0d3cb0c,Score exact,30081,3-0,10.58
076ab4d2a0d3cb0c,Score exact,30081,3-1,9.76
076ab4d2a0d3cb0c,Score exact,30081,3-2,19.64
076ab4d2a0d3cb0c,Score exact,30081,3-3,100.0
076ab4d2a0d3cb0c,Score exact,30081,4-0,17.54
076ab4d2a0d3cb0c,Score exact,30081,4-1,16.33
076ab4d2a0d3cb0c,Score exact,30081,4-2,59.1
076ab4d2a0d3cb0c,Score exact,30081,5-0,35.08
076ab4d2a0d3cb0c,Score exact,30081,5-1,55.7
076ab4d2a0d3cb0c,Score exact,30081,6-0,100.0
076ab4d2a0d3cb0c,Mi-tps CS,30082,0-0,3.65
076ab4d2a0d3cb0c,Mi-tps CS,30082,0-1,9.97
076ab4d2a0d3cb0c,Mi-tps CS,30082,0-2,32.4
076ab4d2a0d3cb0c,Mi-tps CS,30082,0-3,100.0
076ab4d2a0d3cb0c,Mi-tps CS,30082,1-0,4.74
076ab4d2a0d3cb0c,Mi-tps CS,30082,1-1,5.75
076ab4d2a0d3cb0c,Mi-tps CS,30082,1-2,28.04
076ab4d2a0d3cb0c,Mi-tps CS,30082,2-0,6.41
076ab4d2a0d3cb0c,Mi-tps CS,30082,2-1,11.66
076ab4d2a0d3cb0c,Mi-tps CS,30082,3-0,13.01
076ab4d2a0d3cb0c,+/-,30087,> 0.5,0.98
076ab4d2a0d3cb0c,+/-,30087,< 0.5,25.88
076ab4d2a0d3cb0c,+/-,30087,> 1.5,1.08
076ab4d2a0d3cb0c,+/-,30087,< 1.5,7.26
076ab4d2a0d3cb0c,+/-,30087,> 2.5,1.39
076ab4d2a0d3cb0c,+/-,30087,< 2.5,2.95
076ab4d2a0d3cb0c,+/-,30087,> 3.5,2.23
076ab4d2a0d3cb0c,+/-,30087,< 3.5,1.64
076ab4d2a0d3cb0c,HT/FT,30089,1/1,2.17
076ab4d2a0d3cb0c,HT/FT,30089,1/X,24.46
076ab4d2a0d3cb0c,HT/FT,30089,1/2,73.53
076ab4d2a0d3cb0c,HT/FT,30089,X/1,4.38
076ab4d2a0d3cb0c,HT/FT,30089,X/X,7.34
076ab4d2a0d3cb0c,HT/FT,30089,X/2,13.98
076ab4d2a0d3cb0c,HT/FT,30089,2/1,25.91
076ab4d2a0d3cb0c,HT/FT,30089,2/X,25.36
076ab4d2a0d3cb0c,HT/FT,30089,2/2,11.03
076ab4d2a0d3cb0c,Total de buts,30090,0,24.49
076ab4d2a0d3cb0c,Total de buts,30090,1,9.56
076ab4d2a0d3cb0c,Total de buts,30090,2,4.71
076ab4d2a0d3cb0c,Total de buts,30090,3,3.48
076ab4d2a0d3cb0c,Total de buts,30090,4,3.99
076ab4d2a0d3cb0c,Total de buts,30090,5,5.95
076ab4d2a0d3cb0c,Total de buts,30090,6,17.8
076ab4d2a0d3cb0c,G/NG,30091,Oui,1.6
076ab4d2a0d3cb0c,G/NG,30091,Non,2.3
076ab4d2a0d3cb0c,Les deux équipes marquent / 1ère mi temps,30092,Oui,3.67
076ab4d2a0d3cb0c,Les deux équipes marquent / 1ère mi temps,30092,Non,1.27
076ab4d2a0d3cb0c,1X2 & Total,30093,1 / > 1.5,1.55
076ab4d2a0d3cb0c,1X2 & Total,30093,X / > 1.5,5.8
076ab4d2a0d3cb0c,1X2 & Total,30093,2 / > 1.5,7.25
076ab4d2a0d3cb0c,1X2 & Total,30093,1 / < 1.5,14.68
076ab4d2a0d3cb0c,1X2 & Total,30093,X / < 1.5,24.94
076ab4d2a0d3cb0c,1X2 & Total,30093,2 / < 1.5,28.84
076ab4d2a0d3cb0c,1X2 & Total,30093,1 / > 2.5,1.8
076ab4d2a0d3cb0c,1X2 & Total,30093,X / > 2.5,13.1
076ab4d2a0d3cb0c,1X2 & Total,30093,2 / > 2.5,8.51
076ab4d2a0d3cb0c,1X2 & Total,30093,1 / < 2.5,6.25
076ab4d2a0d3cb0c,1X2 & Total,30093,X / < 2.5,7.34
076ab4d2a0d3cb0c,1X2 & Total,30093,2 / < 2.5,18.15
076ab4d2a0d3cb0c,1X2 & Total,30093,1 / > 3.5,2.97
076ab4d2a0d3cb0c,1X2 & Total,30093,X / > 3.5,13.1
076ab4d2a0d3cb0c,1X2 & Total,30093,2 / > 3.5,18.94
076ab4d2a0d3cb0c,1X2 & Total,30093,1 / < 3.5,2.65
076ab4d2a0d3cb0c,1X2 & Total,30093,X / < 3.5,7.34
076ab4d2a0d3cb0c,1X2 & Total,30093,2 / < 3.5,8.35
076ab4d2a0d3cb0c,1X2 & G/NG,30094,1 gagne et les deux équipes marquent,2.66
076ab4d2a0d3cb0c,1X2 & G/NG,30094,1 gagne et seulement  1  marque,2.85
076ab4d2a0d3cb0c,1X2 & G/NG,30094,X et les deux équipes marquent,5.69
076ab4d2a0d3cb0c,1X2 & G/NG,30094,X et aucun but,24.49
076ab4d2a0d3cb0c,1X2 & G/NG,30094,2 gagne et les deux équipes marquent,9.27
076ab4d2a0d3cb0c,1X2 & G/NG,30094,2 gagne et seulement 2 marque,14.72
076ab4d2a0d3cb0c,Total equipe domicile,30095,> 0.5,1.04
076ab4d2a0d3cb0c,Total equipe domicile,30095,< 0.5,9.71
076ab4d2a0d3cb0c,Total equipe domicile,30095,> 1.5,1.39
076ab4d2a0d3cb0c,Total equipe domicile,30095,< 1.5,2.94
076ab4d2a0d3cb0c,Total equipe domicile,30095,> 2.5,2.36
076ab4d2a0d3cb0c,Total equipe domicile,30095,< 2.5,1.57
076ab4d2a0d3cb0c,Total equipe domicile,30095,> 3.5,5.56
076ab4d2a0d3cb0c,Total equipe domicile,30095,< 3.5,1.14
076ab4d2a0d3cb0c,Total equipe extérieur,30096,> 0.5,1.45
076ab4d2a0d3cb0c,Total equipe extérieur,30096,< 0.5,2.69
076ab4d2a0d3cb0c,Total equipe extérieur,30096,> 1.5,3.69
076ab4d2a0d3cb0c,Total equipe extérieur,30096,< 1.5,1.27
076ab4d2a0d3cb0c,Total equipe extérieur,30096,> 2.5,14.69
076ab4d2a0d3cb0c,Total equipe extérieur,30096,< 2.5,1.01
076ab4d2a0d3cb0c,Total equipe extérieur,30096,> 3.5,90.45
076ab4d2a0d3cb0c,Total equipe extérieur,30096,< 3.5,0.95
076ab4d2a0d3cb0c,G/NG equipe domicile,30097,Oui,1.04
076ab4d2a0d3cb0c,G/NG equipe domicile,30097,Non,9.71
076ab4d2a0d3cb0c,G/NG equipe extérieur,30098,Oui,1.45
076ab4d2a0d3cb0c,G/NG equipe extérieur,30098,Non,2.69
076ab4d2a0d3cb0c,Pair/Impair,30099,Impair,1.85
076ab4d2a0d3cb0c,Pair/Impair,30099,Pair,1.85
076ab4d2a0d3cb0c,Minute du premier but,30100,1-15,3.9
076ab4d2a0d3cb0c,Minute du premier but,30100,16-30,2.7
076ab4d2a0d3cb0c,Minute du premier but,30100,31-45,4.98
076ab4d2a0d3cb0c,Minute du premier but,30100,46-60,7.76
076ab4d2a0d3cb0c,Minute du premier but,30100,61-75,14.83
076ab4d2a0d3cb0c,Minute du premier but,30100,76-90,18.34
076ab4d2a0d3cb0c,Minute du premier but,30100,Pas de but,24.49
076ab4d2a0d3cb0c,FTTS,30101,1,1.47
076ab4d2a0d3cb0c,FTTS,30101,2,2.5
076ab4d2a0d3cb0c,FTTS,30101,Pas de but,24.49
076ab4d2a0d3cb0c,Multi-Buts,30102,"Le total de buts est de 0, 1 ou 2",2.85
076ab4d2a0d3cb0c,Multi-Buts,30102,"Le total de buts est de 1, 2 ou 3",1.68
076ab4d2a0d3cb0c,Multi-Buts,30102,"Le total de buts est de 2, 3 ou 4",1.36
076ab4d2a0d3cb0c,Multi-Buts,30102,Le total de buts est supérieur à 4,4.54
076ab4d2a0d3cb0c,2ème mi-tps - CS,30105,0-0,5.68
076ab4d2a0d3cb0c,2ème mi-tps - CS,30105,0-1,11.4
076ab4d2a0d3cb0c,2ème mi-tps - CS,30105,0-2,26.53
076ab4d2a0d3cb0c,2ème mi-tps - CS,30105,0-3,92.64
076ab4d2a0d3cb0c,2ème mi-tps - CS,30105,1-0,6.12
076ab4d2a0d3cb0c,2ème mi-tps - CS,30105,1-1,5.46
076ab4d2a0d3cb0c,2ème mi-tps - CS,30105,1-2,19.06
076ab4d2a0d3cb0c,2ème mi-tps - CS,30105,2-0,5.63
076ab4d2a0d3cb0c,2ème mi-tps - CS,30105,2-1,7.55
076ab4d2a0d3cb0c,2ème mi-tps - CS,30105,3-0,7.79
24311f4a7d113c38,1X2,30083,1,2.19
24311f4a7d113c38,1X2,30083,X,3.77
24311f4a7d113c38,1X2,30083,2,2.97
24311f4a7d113c38,Mi-tps 1X2,30084,1,3.06
24311f4a7d113c38,Mi-tps 1X2,30084,X,2.11
24311f4a7d113c38,Mi-tps 1X2,30084,2,3.58
24311f4a7d113c38,Double Chance,30085,1X,1.36
24311f4a7d113c38,Double Chance,30085,X2,1.63
24311f4a7d113c38,Double Chance,30085,12,1.23
24311f4a7d113c38,Mi-tps DC,30086,1X,1.25
24311f4a7d113c38,Mi-tps DC,30086,X2,1.33
24311f4a7d113c38,Mi-tps DC,30086,12,1.65
24311f4a7d113c38,Score exact,30081,0-0,18.78
24311f4a7d113c38,Score exact,30081,0-1,16.66
24311f4a7d113c38,Score exact,30081,0-2,21.3
24311f4a7d113c38,Score exact,30081,0-3,37.12
24311f4a7d113c38,Score exact,30081,0-4,100.0
24311f4a7d113c38,Score exact,30081,0-5,100.0
24311f4a7d113c38,Score exact,30081,0-6,100.0
24311f4a7d113c38,Score exact,30081,1-0,14.27
24311f4a7d113c38,Score exact,30081,1-1,7.74
24311f4a7d113c38,Score exact,30081,1-2,10.04
24311f4a7d113c38,Score exact,30081,1-3,21.17
24311f4a7d113c38,Score exact,30081,1-4,62.62
24311f4a7d113c38,Score exact,30081,1-5,100.0
24311f4a7d113c38,Score exact,30081,2-0,15.1
24311f4a7d113c38,Score exact,30081,2-1,8.39
24311f4a7d113c38,Score exact,30081,2-2,11.5
24311f4a7d113c38,Score exact,30081,2-3,26.87
24311f4a7d113c38,Score exact,30081,2-4,100.0
24311f4a7d113c38,Score exact,30081,3-0,21.69
24311f4a7d113c38,Score exact,30081,3-1,14.83
24311f4a7d113c38,Score exact,30081,3-2,22.37
24311f4a7d113c38,Score exact,30081,3-3,92.28
24311f4a7d113c38,Score exact,30081,4-0,51.54
24311f4a7d113c38,Score exact,30081,4-1,36.54
24311f4a7d113c38,Score exact,30081,4-2,99.36
24311f4a7d113c38,Score exact,30081,5-0,100.0
24311f4a7d113c38,Score exact,30081,5-1,100.0
24311f4a7d113c38,Score exact,30081,6-0,100.0
24311f4a7d113c38,Mi-tps CS,30082,0-0,3.23
24311f4a7d113c38,Mi-tps CS,30082,0-1,6.45
24311f4a7d113c38,Mi-tps CS,30082,0-2,14.91
24311f4a7d113c38,Mi-tps CS,30082,0-3,51.71
24311f4a7d113c38,Mi-tps CS,30082,1-0,5.79
24311f4a7d113c38,Mi-tps CS,30082,1-1,5.14
24311f4a7d113c38,Mi-tps CS,30082,1-2,17.82
24311f4a7d113c38,Mi-tps CS,30082,2-0,11.83
24311f4a7d113c38,Mi-tps CS,30082,2-1,15.75
24311f4a7d113c38,Mi-tps CS,30082,3-0,36.25
24311f4a7d113c38,+/-,30087,> 0.5,0.99
24311f4a7d113c38,+/-,30087,< 0.5,19.84
24311f4a7d113c38,+/-,30087,> 1.5,1.13
24311f4a7d113c38,+/-,30087,< 1.5,5.76
24311f4a7d113c38,+/-,30087,> 2.5,1.52
24311f4a7d113c38,+/-,30087,< 2.5,2.48
24311f4a7d113c38,+/-,30087,> 3.5,2.62
24311f4a7d113c38,+/-,30087,< 3.5,1.47
24311f4a7d113c38,HT/FT,30089,1/1,3.7
24311f4a7d113c38,HT/FT,30089,1/X,21.09
24311f4a7d113c38,HT/FT,30089,1/2,46.39
24311f4a7d113c38,HT/FT,30089,X/1,5.53
24311f4a7d113c38,HT/FT,30089,X/X,5.58
24311f4a7d113c38,HT/FT,30089,X/2,7.64
24311f4a7d113c38,HT/FT,30089,2/1,30.74
24311f4a7d113c38,HT/FT,30089,2/X,18.72
24311f4a7d113c38,HT/FT,30089,2/2,4.91
24311f4a7d113c38,Total de buts,30090,0,18.78
24311f4a7d113c38,Total de buts,30090,1,7.69
24311f4a7d113c38,Total de buts,30090,2,4.13
24311f4a7d113c38,Total de buts,30090,3,3.43
24311f4a7d113c38,Total de buts,30090,4,4.34
24311f4a7d113c38,Total de buts,30090,5,7.44
24311f4a7d113c38,Total de buts,30090,6,26.65
24311f4a7d113c38,G/NG,30091,Oui,1.49
24311f4a7d113c38,G/NG,30091,Non,2.58
24311f4a7d113c38,Les deux équipes marquent / 1ère mi temps,30092,Oui,3.45
24311f4a7d113c38,Les deux équipes marquent / 1ère mi temps,30092,Non,1.3
24311f4a7d113c38,1X2 & Total,30093,1 / > 1.5,2.46
24311f4a7d113c38,1X2 & Total,30093,X / > 1.5,4.49
24311f4a7d113c38,1X2 & Total,30093,2 / > 1.5,3.44
24311f4a7d113c38,1X2 & Total,30093,1 / < 1.5,14.53
24311f4a7d113c38,1X2 & Total,30093,X / < 1.5,19.12
24311f4a7d113c38,1X2 & Total,30093,2 / < 1.5,16.97
24311f4a7d113c38,1X2 & Total,30093,1 / > 2.5,2.93
24311f4a7d113c38,1X2 & Total,30093,X / > 2.5,10.41
24311f4a7d113c38,1X2 & Total,30093,2 / > 2.5,4.08
24311f4a7d113c38,1X2 & Total,30093,1 / < 2.5,7.47
24311f4a7d113c38,1X2 & Total,30093,X / < 2.5,5.58
24311f4a7d113c38,1X2 & Total,30093,2 / < 2.5,9.52
24311f4a7d113c38,1X2 & Total,30093,1 / > 3.5,5.59
24311f4a7d113c38,1X2 & Total,30093,X / > 3.5,10.41
24311f4a7d113c38,1X2 & Total,30093,2 / > 3.5,8.29
24311f4a7d113c38,1X2 & Total,30093,1 / < 3.5,3.38
24311f4a7d113c38,1X2 & Total,30093,X / < 3.5,5.58
24311f4a7d113c38,1X2 & Total,30093,2 / < 3.5,4.36
24311f4a7d113c38,1X2 & G/NG,30094,1 gagne et les deux équipes marquent,3.65
24311f4a7d113c38,1X2 & G/NG,30094,1 gagne et seulement  1  marque,4.77
24311f4a7d113c38,1X2 & G/NG,30094,X et les deux équipes marquent,4.41
24311f4a7d113c38,1X2 & G/NG,30094,X et aucun but,18.78
24311f4a7d113c38,1X2 & G/NG,30094,2 gagne et les deux équipes marquent,4.77
24311f4a7d113c38,1X2 & G/NG,30094,2 gagne et seulement 2 marque,6.82
24311f4a7d113c38,Total equipe domicile,30095,> 0.5,1.15
24311f4a7d113c38,Total equipe domicile,30095,< 0.5,5.28
24311f4a7d113c38,Total equipe domicile,30095,> 1.5,1.9
24311f4a7d113c38,Total equipe domicile,30095,< 1.5,1.87
24311f4a7d113c38,Total equipe domicile,30095,> 2.5,4.42
24311f4a7d113c38,Total equipe domicile,30095,< 2.5,1.2
24311f4a7d113c38,Total equipe domicile,30095,> 3.5,15.13
24311f4a7d113c38,Total equipe domicile,30095,< 3.5,1.01
24311f4a7d113c38,Total equipe extérieur,30096,> 0.5,1.23
24311f4a7d113c38,Total equipe extérieur,30096,< 0.5,4.02
24311f4a7d113c38,Total equipe extérieur,30096,> 1.5,2.35
24311f4a7d113c38,Total equipe extérieur,30096,< 1.5,1.57
24311f4a7d113c38,Total equipe extérieur,30096,> 2.5,6.58
24311f4a7d113c38,Total equipe extérieur,30096,< 2.5,1.1
24311f4a7d113c38,Total equipe extérieur,30096,> 3.5,27.54
24311f4a7d113c38,Total equipe extérieur,30096,< 3.5,0.98
24311f4a7d113c38,G/NG equipe domicile,30097,Oui,1.15
24311f4a7d113c38,G/NG equipe domicile,30097,Non,5.28
24311f4a7d113c38,G/NG equipe extérieur,30098,Oui,1.23
24311f4a7d113c38,G/NG equipe extérieur,30098,Non,4.02
24311f4a7d113c38,Pair/Impair,30099,Impair,1.86
24311f4a7d113c38,Pair/Impair,30099,Pair,1.84
24311f4a7d113c38,Minute du premier but,30100,1-15,4.0
24311f4a7d113c38,Minute du premier but,30100,16-30,2.75
24311f4a7d113c38,Minute du premier but,30100,31-45,5.03
24311f4a7d113c38,Minute du premier but,30100,46-60,7.62
24311f4a7d113c38,Minute du premier but,30100,61-75,14.62
24311f4a7d113c38,Minute du premier but,30100,76-90,18.13
24311f4a7d113c38,Minute du premier but,30100,Pas de but,18.78
24311f4a7d113c38,FTTS,30101,1,1.79
24311f4a7d113c38,FTTS,30101,2,1.96
24311f4a7d113c38,FTTS,30101,Pas de but,18.78
24311f4a7d113c38,Multi-Buts,30102,"Le total de buts est de 0, 1 ou 2",2.39
24311f4a7d113c38,Multi-Buts,30102,"Le total de buts est de 1, 2 ou 3",1.53
24311f4a7d113c38,Multi-Buts,30102,"Le total de buts est de 2, 3 ou 4",1.33
24311f4a7d113c38,Multi-Buts,30102,Le total de buts est supérieur à 4,5.92
24311f4a7d113c38,2ème mi-tps - CS,30105,0-0,4.92
24311f4a7d113c38,2ème mi-tps - CS,30105,0-1,7.86
24311f4a7d113c38,2ème mi-tps - CS,30105,0-2,14.0
24311f4a7d113c38,2ème mi-tps - CS,30105,0-3,37.38
24311f4a7d113c38,2ème mi-tps - CS,30105,1-0,6.49
24311f4a7d113c38,2ème mi-tps - CS,30105,1-1,4.61
24311f4a7d113c38,2ème mi-tps - CS,30105,1-2,12.31
24311f4a7d113c38,2ème mi-tps - CS,30105,2-0,8.99
24311f4a7d113c38,2ème mi-tps - CS,30105,2-1,9.57
24311f4a7d113c38,2ème mi-tps - CS,30105,3-0,18.66
935ab3798b6f268f,1X2,30083,1,4.19
935ab3798b6f268f,1X2,30083,X,3.81
935ab3798b6f268f,1X2,30083,2,1.79
935ab3798b6f268f,Mi-tps 1X2,30084,1,5.04
935ab3798b6f268f,Mi-tps 1X2,30084,X,2.07
935ab3798b6f268f,Mi-tps 1X2,30084,2,2.52
935ab3798b6f268f,Double Chance,30085,1X,1.96
935ab3798b6f268f,Double Chance,30085,X2,1.19
935ab3798b6f268f,Double Chance,30085,12,1.23
935ab3798b6f268f,Mi-tps DC,30086,1X,1.46
935ab3798b6f268f,Mi-tps DC,30086,X2,1.13
935ab3798b6f268f,Mi-tps DC,30086,12,1.68
935ab3798b6f268f,Score exact,30081,0-0,15.04
935ab3798b6f268f,Score exact,30081,0-1,10.86
935ab3798b6f268f,Score exact,30081,0-2,10.87
935ab3798b6f268f,Score exact,30081,0-3,14.74
935ab3798b6f268f,Score exact,30081,0-4,32.62
935ab3798b6f268f,Score exact,30081,0-5,91.13
935ab3798b6f268f,Score exact,30081,0-6,100.0
935ab3798b6f268f,Score exact,30081,1-0,17.21
935ab3798b6f268f,Score exact,30081,1-1,7.59
935ab3798b6f268f,Score exact,30081,1-2,7.78
935ab3798b6f268f,Score exact,30081,1-3,12.94
935ab3798b6f268f,Score exact,30081,1-4,29.85
935ab3798b6f268f,Score exact,30081,1-5,100.0
935ab3798b6f268f,Score exact,30081,2-0,28.89
935ab3798b6f268f,Score exact,30081,2-1,12.92
935ab3798b6f268f,Score exact,30081,2-2,13.96
935ab3798b6f268f,Score exact,30081,2-3,25.52
935ab3798b6f268f,Score exact,30081,2-4,100.0
935ab3798b6f268f,Score exact,30081,3-0,66.43
935ab3798b6f268f,Score exact,30081,3-1,36.04
935ab3798b6f268f,Score exact,30081,3-2,43.24
935ab3798b6f268f,Score exact,30081,3-3,100.0
935ab3798b6f268f,Score exact,30081,4-0,100.0
935ab3798b6f268f,Score exact,30081,4-1,100.0
935ab3798b6f268f,Score exact,30081,4-2,100.0
935ab3798b6f268f,Score exact,30081,5-0,100.0
935ab3798b6f268f,Score exact,30081,5-1,100.0
935ab3798b6f268f,Score exact,30081,6-0,100.0
935ab3798b6f268f,Mi-tps CS,30082,0-0,2.93
935ab3798b6f268f,Mi-tps CS,30082,0-1,4.82
935ab3798b6f268f,Mi-tps CS,30082,0-2,8.91
935ab3798b6f268f,Mi-tps CS,30082,0-3,24.69
935ab3798b6f268f,Mi-tps CS,30082,1-0,7.86
935ab3798b6f268f,Mi-tps CS,30082,1-1,5.75
935ab3798b6f268f,Mi-tps CS,30082,1-2,15.95
935ab3798b6f268f,Mi-tps CS,30082,2-0,25.16
935ab3798b6f268f,Mi-tps CS,30082,2-1,27.63
935ab3798b6f268f,Mi-tps CS,30082,3-0,100.0
935ab3798b6f268f,+/-,30087,> 0.5,1.0
935ab3798b6f268f,+/-,30087,< 0.5,15.89
935ab3798b6f268f,+/-,30087,> 1.5,1.17
935ab3798b6f268f,+/-,30087,< 1.5,4.88
935ab3798b6f268f,+/-,30087,> 2.5,1.64
935ab3798b6f268f,+/-,30087,< 2.5,2.22
935ab3798b6f268f,+/-,30087,> 3.5,2.97
935ab3798b6f268f,+/-,30087,< 3.5,1.38
935ab3798b6f268f,HT/FT,30089,1/1,7.57
935ab3798b6f268f,HT/FT,30089,1/X,22.9
935ab3798b6f268f,HT/FT,30089,1/2,33.24
935ab3798b6f268f,HT/FT,30089,X/1,9.62
935ab3798b6f268f,HT/FT,30089,X/X,5.31
935ab3798b6f268f,HT/FT,30089,X/2,4.76
935ab3798b6f268f,HT/FT,30089,2/1,62.06
935ab3798b6f268f,HT/FT,30089,2/X,22.24
935ab3798b6f268f,HT/FT,30089,2/2,2.85
935ab3798b6f268f,Total de buts,30090,0,15.04
935ab3798b6f268f,Total de buts,30090,1,6.66
935ab3798b6f268f,Total de buts,30090,2,3.87
935ab3798b6f268f,Total de buts,30090,3,3.46
935ab3798b6f268f,Total de buts,30090,4,4.73
935ab3798b6f268f,Total de buts,30090,5,8.72
935ab3798b6f268f,Total de buts,30090,6,33.22
935ab3798b6f268f,G/NG,30091,Oui,1.64
935ab3798b6f268f,G/NG,30091,Non,2.22
935ab3798b6f268f,Les deux équipes marquent / 1ère mi temps,30092,Oui,3.98
935ab3798b6f268f,Les deux équipes marquent / 1ère mi temps,30092,Non,1.24
935ab3798b6f268f,1X2 & Total,30093,1 / > 1.5,5.25
935ab3798b6f268f,1X2 & Total,30093,X / > 1.5,4.84
935ab3798b6f268f,1X2 & Total,30093,2 / > 1.5,2.04
935ab3798b6f268f,1X2 & Total,30093,1 / < 1.5,17.52
935ab3798b6f268f,1X2 & Total,30093,X / < 1.5,15.31
935ab3798b6f268f,1X2 & Total,30093,2 / < 1.5,11.06
935ab3798b6f268f,1X2 & Total,30093,1 / > 2.5,6.39
935ab3798b6f268f,1X2 & Total,30093,X / > 2.5,12.92
935ab3798b6f268f,1X2 & Total,30093,2 / > 2.5,2.5
935ab3798b6f268f,1X2 & Total,30093,1 / < 2.5,10.98
935ab3798b6f268f,1X2 & Total,30093,X / < 2.5,5.14
935ab3798b6f268f,1X2 & Total,30093,2 / < 2.5,5.53
935ab3798b6f268f,1X2 & Total,30093,1 / > 3.5,15.2
935ab3798b6f268f,1X2 & Total,30093,X / > 3.5,12.92
935ab3798b6f268f,1X2 & Total,30093,2 / > 3.5,4.84
935ab3798b6f268f,1X2 & Total,30093,1 / < 3.5,5.5
935ab3798b6f268f,1X2 & Total,30093,X / < 3.5,5.14
935ab3798b6f268f,1X2 & Total,30093,2 / < 3.5,2.68
935ab3798b6f268f,1X2 & G/NG,30094,1 gagne et les deux équipes marquent,7.17
935ab3798b6f268f,1X2 & G/NG,30094,1 gagne et seulement  1  marque,8.87
935ab3798b6f268f,1X2 & G/NG,30094,X et les deux équipes marquent,4.75
935ab3798b6f268f,1X2 & G/NG,30094,X et aucun but,15.04
935ab3798b6f268f,1X2 & G/NG,30094,2 gagne et les deux équipes marquent,3.39
935ab3798b6f268f,1X2 & G/NG,30094,2 gagne et seulement 2 marque,3.38
935ab3798b6f268f,Total equipe domicile,30095,> 0.5,1.39
935ab3798b6f268f,Total equipe domicile,30095,< 0.5,2.92
935ab3798b6f268f,Total equipe domicile,30095,> 1.5,3.29
935ab3798b6f268f,Total equipe domicile,30095,< 1.5,1.32
935ab3798b6f268f,Total equipe domicile,30095,> 2.5,11.84
935ab3798b6f268f,Total equipe domicile,30095,< 2.5,1.03
935ab3798b6f268f,Total equipe domicile,30095,> 3.5,65.5
935ab3798b6f268f,Total equipe domicile,30095,< 3.5,0.96
935ab3798b6f268f,Total equipe extérieur,30096,> 0.5,1.12
935ab3798b6f268f,Total equipe extérieur,30096,< 0.5,5.89
935ab3798b6f268f,Total equipe extérieur,30096,> 1.5,1.75
935ab3798b6f268f,Total equipe extérieur,30096,< 1.5,2.05
935ab3798b6f268f,Total equipe extérieur,30096,> 2.5,3.7
935ab3798b6f268f,Total equipe extérieur,30096,< 2.5,1.27
935ab3798b6f268f,Total equipe extérieur,30096,> 3.5,11.26
935ab3798b6f268f,Total equipe extérieur,30096,< 3.5,1.03
935ab3798b6f268f,G/NG equipe domicile,30097,Oui,1.39
935ab3798b6f268f,G/NG equipe domicile,30097,Non,2.92
935ab3798b6f268f,G/NG equipe extérieur,30098,Oui,1.12
935ab3798b6f268f,G/NG equipe extérieur,30098,Non,5.89
935ab3798b6f268f,Pair/Impair,30099,Impair,1.87
935ab3798b6f268f,Pair/Impair,30099,Pair,1.83
935ab3798b6f268f,Minute du premier but,30100,1-15,4.26
935ab3798b6f268f,Minute du premier but,30100,16-30,2.88
935ab3798b6f268f,Minute du premier but,30100,31-45,5.05
935ab3798b6f268f,Minute du premier but,30100,46-60,7.25
935ab3798b6f268f,Minute du premier but,30100,61-75,13.46
935ab3798b6f268f,Minute du premier but,30100,76-90,16.26
935ab3798b6f268f,Minute du premier but,30100,Pas de but,15.04
935ab3798b6f268f,FTTS,30101,1,2.28
935ab3798b6f268f,FTTS,30101,2,1.63
935ab3798b6f268f,FTTS,30101,Pas de but,15.04
935ab3798b6f268f,Multi-Buts,30102,"Le total de buts est de 0, 1 ou 2",2.14
935ab3798b6f268f,Multi-Buts,30102,"Le total de buts est de 1, 2 ou 3",1.46
935ab3798b6f268f,Multi-Buts,30102,"Le total de buts est de 2, 3 ou 4",1.34
935ab3798b6f268f,Multi-Buts,30102,Le total de buts est supérieur à 4,7.03
935ab3798b6f268f,2ème mi-tps - CS,30105,0-0,4.35
935ab3798b6f268f,2ème mi-tps - CS,30105,0-1,5.6
935ab3798b6f268f,2ème mi-tps - CS,30105,0-2,7.46
935ab3798b6f268f,2ème mi-tps - CS,30105,0-3,14.91
935ab3798b6f268f,2ème mi-tps - CS,30105,1-0,8.68
935ab3798b6f268f,2ème mi-tps - CS,30105,1-1,4.96
935ab3798b6f268f,2ème mi-tps - CS,30105,1-2,9.91
935ab3798b6f268f,2ème mi-tps - CS,30105,2-0,20.01
935ab3798b6f268f,2ème mi-tps - CS,30105,2-1,17.15
935ab3798b6f268f,2ème mi-tps - CS,30105,3-0,69.24
b768aeabdfb1afe2,1X2,30083,1,1.99
b768aeabdfb1afe2,1X2,30083,X,3.79
b768aeabdfb1afe2,1X2,30083,2,3.4
b768aeabdfb1afe2,Mi-tps 1X2,30084,1,2.77
b768aeabdfb1afe2,Mi-tps 1X2,30084,X,2.1
b768aeabdfb1afe2,Mi-tps 1X2,30084,2,4.1
b768aeabdfb1afe2,Double Chance,30085,1X,1.28
b768aeabdfb1afe2,Double Chance,30085,X2,1.76
b768aeabdfb1afe2,Double Chance,30085,12,1.23
b768aeabdfb1afe2,Mi-tps DC,30086,1X,1.2
b768aeabdfb1afe2,Mi-tps DC,30086,X2,1.39
b768aeabdfb1afe2,Mi-tps DC,30086,12,1.65
b768aeabdfb1afe2,Score exact,30081,0-0,17.58
b768aeabdfb1afe2,Score exact,30081,0-1,17.1
b768aeabdfb1afe2,Score exact,30081,0-2,24.14
b768aeabdfb1afe2,Score exact,30081,0-3,46.57
b768aeabdfb1afe2,Score exact,30081,0-4,100.0
b768aeabdfb1afe2,Score exact,30081,0-5,100.0
b768aeabdfb1afe2,Score exact,30081,0-6,100.0
b768aeabdfb1afe2,Score exact,30081,1-0,12.94
b768aeabdfb1afe2,Score exact,30081,1-1,7.69
b768aeabdfb1afe2,Score exact,30081,1-2,11.01
b768aeabdfb1afe2,Score exact,30081,1-3,25.7
b768aeabdfb1afe2,Score exact,30081,1-4,84.45
b768aeabdfb1afe2,Score exact,30081,1-5,100.0
b768aeabdfb1afe2,Score exact,30081,2-0,13.22
b768aeabdfb1afe2,Score exact,30081,2-1,8.05
b768aeabdfb1afe2,Score exact,30081,2-2,12.15
b768aeabdfb1afe2,Score exact,30081,2-3,31.46
b768aeabdfb1afe2,Score exact,30081,2-4,100.0
b768aeabdfb1afe2,Score exact,30081,3-0,18.34
b768aeabdfb1afe2,Score exact,30081,3-1,13.67
b768aeabdfb1afe2,Score exact,30081,3-2,22.72
b768aeabdfb1afe2,Score exact,30081,3-3,100.0
b768aeabdfb1afe2,Score exact,30081,4-0,41.63
b768aeabdfb1afe2,Score exact,30081,4-1,32.31
b768aeabdfb1afe2,Score exact,30081,4-2,96.76
b768aeabdfb1afe2,Score exact,30081,5-0,100.0
b768aeabdfb1afe2,Score exact,30081,5-1,100.0
b768aeabdfb1afe2,Score exact,30081,6-0,100.0
b768aeabdfb1afe2,Mi-tps CS,30082,0-0,3.15
b768aeabdfb1afe2,Mi-tps CS,30082,0-1,7.02
b768aeabdfb1afe2,Mi-tps CS,30082,0-2,18.3
b768aeabdfb1afe2,Mi-tps CS,30082,0-3,71.58
b768aeabdfb1afe2,Mi-tps CS,30082,1-0,5.35
b768aeabdfb1afe2,Mi-tps CS,30082,1-1,5.29
b768aeabdfb1afe2,Mi-tps CS,30082,1-2,20.69
b768aeabdfb1afe2,Mi-tps CS,30082,2-0,10.24
b768aeabdfb1afe2,Mi-tps CS,30082,2-1,15.18
b768aeabdfb1afe2,Mi-tps CS,30082,3-0,29.38
b768aeabdfb1afe2,+/-,30087,> 0.5,0.99
b768aeabdfb1afe2,+/-,30087,< 0.5,18.58
b768aeabdfb1afe2,+/-,30087,> 1.5,1.14
b768aeabdfb1afe2,+/-,30087,< 1.5,5.49
b768aeabdfb1afe2,+/-,30087,> 2.5,1.55
b768aeabdfb1afe2,+/-,30087,< 2.5,2.4
b768aeabdfb1afe2,+/-,30087,> 3.5,2.71
b768aeabdfb1afe2,+/-,30087,< 3.5,1.45
b768aeabdfb1afe2,HT/FT,30089,1/1,3.26
b768aeabdfb1afe2,HT/FT,30089,1/X,21.04
b768aeabdfb1afe2,HT/FT,30089,1/2,50.63
b768aeabdfb1afe2,HT/FT,30089,X/1,5.22
b768aeabdfb1afe2,HT/FT,30089,X/X,5.5
b768aeabdfb1afe2,HT/FT,30089,X/2,8.37
b768aeabdfb1afe2,HT/FT,30089,2/1,31.49
b768aeabdfb1afe2,HT/FT,30089,2/X,20.21
b768aeabdfb1afe2,HT/FT,30089,2/2,5.83
b768aeabdfb1afe2,Total de buts,30090,0,17.58
b768aeabdfb1afe2,Total de buts,30090,1,7.37
b768aeabdfb1afe2,Total de buts,30090,2,4.05
b768aeabdfb1afe2,Total de buts,30090,3,3.44
b768aeabdfb1afe2,Total de buts,30090,4,4.44
b768aeabdfb1afe2,Total de buts,30090,5,7.77
b768aeabdfb1afe2,Total de buts,30090,6,28.29
b768aeabdfb1afe2,G/NG,30091,Oui,1.53
b768aeabdfb1afe2,G/NG,30091,Non,2.46
b768aeabdfb1afe2,Les deux équipes marquent / 1ère mi temps,30092,Oui,3.58
b768aeabdfb1afe2,Les deux équipes marquent / 1ère mi temps,30092,Non,1.28
b768aeabdfb1afe2,1X2 & Total,30093,1 / > 1.5,2.25
b768aeabdfb1afe2,1X2 & Total,30093,X / > 1.5,4.59
b768aeabdfb1afe2,1X2 & Total,30093,2 / > 1.5,4.04
b768aeabdfb1afe2,1X2 & Total,30093,1 / < 1.5,13.17
b768aeabdfb1afe2,1X2 & Total,30093,X / < 1.5,17.9
b768aeabdfb1afe2,1X2 & Total,30093,2 / < 1.5,17.41
b768aeabdfb1afe2,1X2 & Total,30093,1 / > 2.5,2.7
b768aeabdfb1afe2,1X2 & Total,30093,X / > 2.5,11.08
b768aeabdfb1afe2,1X2 & Total,30093,2 / > 2.5,4.83
b768aeabdfb1afe2,1X2 & Total,30093,1 / < 2.5,6.66
b768aeabdfb1afe2,1X2 & Total,30093,X / < 2.5,5.45
b768aeabdfb1afe2,1X2 & Total,30093,2 / < 2.5,10.19
b768aeabdfb1afe2,1X2 & Total,30093,1 / > 3.5,5.12
b768aeabdfb1afe2,1X2 & Total,30093,X / > 3.5,11.08
b768aeabdfb1afe2,1X2 & Total,30093,2 / > 3.5,10.33
b768aeabdfb1afe2,1X2 & Total,30093,1 / < 3.5,3.07
b768aeabdfb1afe2,1X2 & Total,30093,X / < 3.5,5.45
b768aeabdfb1afe2,1X2 & Total,30093,2 / < 3.5,4.8
b768aeabdfb1afe2,1X2 & G/NG,30094,1 gagne et les deux équipes marquent,3.46
b768aeabdfb1afe2,1X2 & G/NG,30094,1 gagne et seulement  1  marque,4.14
b768aeabdfb1afe2,1X2 & G/NG,30094,X et les deux équipes marquent,4.51
b768aeabdfb1afe2,1X2 & G/NG,30094,X et aucun but,17.58
b768aeabdfb1afe2,1X2 & G/NG,30094,2 gagne et les deux équipes marquent,5.54
b768aeabdfb1afe2,1X2 & G/NG,30094,2 gagne et seulement 2 marque,7.68
b768aeabdfb1afe2,Total equipe domicile,30095,> 0.5,1.13
b768aeabdfb1afe2,Total equipe domicile,30095,< 0.5,5.65
b768aeabdfb1afe2,Total equipe domicile,30095,> 1.5,1.81
b768aeabdfb1afe2,Total equipe domicile,30095,< 1.5,1.97
b768aeabdfb1afe2,Total equipe domicile,30095,> 2.5,4.02
b768aeabdfb1afe2,Total equipe domicile,30095,< 2.5,1.23
b768aeabdfb1afe2,Total equipe domicile,30095,> 3.5,12.93
b768aeabdfb1afe2,Total equipe domicile,30095,< 3.5,1.02
b768aeabdfb1afe2,Total equipe extérieur,30096,> 0.5,1.29
b768aeabdfb1afe2,Total equipe extérieur,30096,< 0.5,3.54
b768aeabdfb1afe2,Total equipe extérieur,30096,> 1.5,2.65
b768aeabdfb1afe2,Total equipe extérieur,30096,< 1.5,1.46
b768aeabdfb1afe2,Total equipe extérieur,30096,> 2.5,8.15
b768aeabdfb1afe2,Total equipe extérieur,30096,< 2.5,1.07
b768aeabdfb1afe2,Total equipe extérieur,30096,> 3.5,37.91
b768aeabdfb1afe2,Total equipe extérieur,30096,< 3.5,0.97
b768aeabdfb1afe2,G/NG equipe domicile,30097,Oui,1.13
b768aeabdfb1afe2,G/NG equipe domicile,30097,Non,5.65
b768aeabdfb1afe2,G/NG equipe extérieur,30098,Oui,1.29
b768aeabdfb1afe2,G/NG equipe extérieur,30098,Non,3.54
b768aeabdfb1afe2,Pair/Impair,30099,Impair,1.87
b768aeabdfb1afe2,Pair/Impair,30099,Pair,1.84
b768aeabdfb1afe2,Minute du premier but,30100,1-15,4.06
b768aeabdfb1afe2,Minute du premier but,30100,16-30,2.78
b768aeabdfb1afe2,Minute du premier but,30100,31-45,5.03
b768aeabdfb1afe2,Minute du premier but,30100,46-60,7.56
b768aeabdfb1afe2,Minute du premier but,30100,61-75,14.33
b768aeabdfb1afe2,Minute du premier but,30100,76-90,17.62
b768aeabdfb1afe2,Minute du premier but,30100,Pas de but,17.58
b768aeabdfb1afe2,FTTS,30101,1,1.72
b768aeabdfb1afe2,FTTS,30101,2,2.08
b768aeabdfb1afe2,FTTS,30101,Pas de but,17.58
b768aeabdfb1afe2,Multi-Buts,30102,"Le total de buts est de 0, 1 ou 2",2.32
b768aeabdfb1afe2,Multi-Buts,30102,"Le total de buts est de 1, 2 ou 3",1.51
b768aeabdfb1afe2,Multi-Buts,30102,"Le total de buts est de 2, 3 ou 4",1.33
b768aeabdfb1afe2,Multi-Buts,30102,Le total de buts est supérieur à 4,6.21
b768aeabdfb1afe2,2ème mi-tps - CS,30105,0-0,4.72
b768aeabdfb1afe2,2ème mi-tps - CS,30105,0-1,8.16
b768aeabdfb1afe2,2ème mi-tps - CS,30105,0-2,15.96
b768aeabdfb1afe2,2ème mi-tps - CS,30105,0-3,46.84
b768aeabdfb1afe2,2ème mi-tps - CS,30105,1-0,6.14
b768aeabdfb1afe2,2ème mi-tps - CS,30105,1-1,4.71
b768aeabdfb1afe2,2ème mi-tps - CS,30105,1-2,13.83
b768aeabdfb1afe2,2ème mi-tps - CS,30105,2-0,8.31
b768aeabdfb1afe2,2ème mi-tps - CS,30105,2-1,9.57
b768aeabdfb1afe2,2ème mi-tps - CS,30105,3-0,16.89
97fec88867b1df66,1X2,30083,1,1.62
97fec88867b1df66,1X2,30083,X,4.43
97fec88867b1df66,1X2,30083,2,4.62
97fec88867b1df66,Mi-tps 1X2,30084,1,2.2
97fec88867b1df66,Mi-tps 1X2,30084,X,2.32
97fec88867b1df66,Mi-tps 1X2,30084,2,5.15
97fec88867b1df66,Double Chance,30085,1X,1.16
97fec88867b1df66,Double Chance,30085,X2,2.22
97fec88867b1df66,Double Chance,30085,12,1.18
97fec88867b1df66,Mi-tps DC,30086,1X,1.13
97fec88867b1df66,Mi-tps DC,30086,X2,1.6
97fec88867b1df66,Mi-tps DC,30086,12,1.54
97fec88867b1df66,Score exact,30081,0-0,24.34
97fec88867b1df66,Score exact,30081,0-1,24.86
97fec88867b1df66,Score exact,30081,0-2,36.9
97fec88867b1df66,Score exact,30081,0-3,74.93
97fec88867b1df66,Score exact,30081,0-4,100.0
97fec88867b1df66,Score exact,30081,0-5,100.0
97fec88867b1df66,Score exact,30081,0-6,100.0
97fec88867b1df66,Score exact,30081,1-0,14.99
97fec88867b1df66,Score exact,30081,1-1,9.37
97fec88867b1df66,Score exact,30081,1-2,14.11
97fec88867b1df66,Score exact,30081,1-3,34.74
97fec88867b1df66,Score exact,30081,1-4,100.0
97fec88867b1df66,Score exact,30081,1-5,100.0
97fec88867b1df66,Score exact,30081,2-0,12.1
97fec88867b1df66,Score exact,30081,2-1,7.82
97fec88867b1df66,Score exact,30081,2-2,12.58
97fec88867b1df66,Score exact,30081,2-3,34.43
97fec88867b1df66,Score exact,30081,2-4,100.0
97fec88867b1df66,Score exact,30081,3-0,13.13
97fec88867b1df66,Score exact,30081,3-1,10.48
97fec88867b1df66,Score exact,30081,3-2,18.43
97fec88867b1df66,Score exact,30081,3-3,88.92
97fec88867b1df66,Score exact,30081,4-0,23.47
97fec88867b1df66,Score exact,30081,4-1,19.18
97fec88867b1df66,Score exact,30081,4-2,60.64
97fec88867b1df66,Score exact,30081,5-0,51.46
97fec88867b1df66,Score exact,30081,5-1,71.83
97fec88867b1df66,Score exact,30081,6-0,100.0
97fec88867b1df66,Mi-tps CS,30082,0-0,3.68
97fec88867b1df66,Mi-tps CS,30082,0-1,8.82
97fec88867b1df66,Mi-tps CS,30082,0-2,24.98
97fec88867b1df66,Mi-tps CS,30082,0-3,100.0
97fec88867b1df66,Mi-tps CS,30082,1-0,5.02
97fec88867b1df66,Mi-tps CS,30082,1-1,5.35
97fec88867b1df66,Mi-tps CS,30082,1-2,22.75
97fec88867b1df66,Mi-tps CS,30082,2-0,7.3
97fec88867b1df66,Mi-tps CS,30082,2-1,11.68
97fec88867b1df66,Mi-tps CS,30082,3-0,15.93
97fec88867b1df66,+/-,30087,> 0.5,0.98
97fec88867b1df66,+/-,30087,< 0.5,25.72
97fec88867b1df66,+/-,30087,> 1.5,1.09
97fec88867b1df66,+/-,30087,< 1.5,7.14
97fec88867b1df66,+/-,30087,> 2.5,1.4
97fec88867b1df66,+/-,30087,< 2.5,2.9
97fec88867b1df66,+/-,30087,> 3.5,2.26
97fec88867b1df66,+/-,30087,< 3.5,1.62
97fec88867b1df66,HT/FT,30089,1/1,2.46
97fec88867b1df66,HT/FT,30089,1/X,21.37
97fec88867b1df66,HT/FT,30089,1/2,56.22
97fec88867b1df66,HT/FT,30089,X/1,4.78
97fec88867b1df66,HT/FT,30089,X/X,6.78
97fec88867b1df66,HT/FT,30089,X/2,11.07
97fec88867b1df66,HT/FT,30089,2/1,27.29
97fec88867b1df66,HT/FT,30089,2/X,22.58
97fec88867b1df66,HT/FT,30089,2/2,8.3
97fec88867b1df66,Total de buts,30090,0,24.34
97fec88867b1df66,Total de buts,30090,1,9.35
97fec88867b1df66,Total de buts,30090,2,4.62
97fec88867b1df66,Total de buts,30090,3,3.47
97fec88867b1df66,Total de buts,30090,4,3.99
97fec88867b1df66,Total de buts,30090,5,6.09
97fec88867b1df66,Total de buts,30090,6,18.94
97fec88867b1df66,G/NG,30091,Oui,1.51
97fec88867b1df66,G/NG,30091,Non,2.52
97fec88867b1df66,Les deux équipes marquent / 1ère mi temps,30092,Oui,3.43
97fec88867b1df66,Les deux équipes marquent / 1ère mi temps,30092,Non,1.3
97fec88867b1df66,1X2 & Total,30093,1 / > 1.5,1.74
97fec88867b1df66,1X2 & Total,30093,X / > 1.5,5.16
97fec88867b1df66,1X2 & Total,30093,2 / > 1.5,5.41
97fec88867b1df66,1X2 & Total,30093,1 / < 1.5,15.27
97fec88867b1df66,1X2 & Total,30093,X / < 1.5,24.79
97fec88867b1df66,1X2 & Total,30093,2 / < 1.5,25.31
97fec88867b1df66,1X2 & Total,30093,1 / > 2.5,2.02
97fec88867b1df66,1X2 & Total,30093,X / > 2.5,11.22
97fec88867b1df66,1X2 & Total,30093,2 / > 2.5,6.31
97fec88867b1df66,1X2 & Total,30093,1 / < 2.5,6.82
97fec88867b1df66,1X2 & Total,30093,X / < 2.5,6.89
97fec88867b1df66,1X2 & Total,30093,2 / < 2.5,15.12
97fec88867b1df66,1X2 & Total,30093,1 / > 3.5,3.4
97fec88867b1df66,1X2 & Total,30093,X / > 3.5,11.22
97fec88867b1df66,1X2 & Total,30093,2 / > 3.5,13.21
97fec88867b1df66,1X2 & Total,30093,1 / < 3.5,2.88
97fec88867b1df66,1X2 & Total,30093,X / < 3.5,6.89
97fec88867b1df66,1X2 & Total,30093,2 / < 3.5,6.72
97fec88867b1df66,1X2 & G/NG,30094,1 gagne et les deux équipes marquent,2.78
97fec88867b1df66,1X2 & G/NG,30094,1 gagne et seulement  1  marque,3.42
97fec88867b1df66,1X2 & G/NG,30094,X et les deux équipes marquent,5.06
97fec88867b1df66,1X2 & G/NG,30094,X et aucun but,24.34
97fec88867b1df66,1X2 & G/NG,30094,2 gagne et les deux équipes marquent,7.0
97fec88867b1df66,1X2 & G/NG,30094,2 gagne et seulement 2 marque,11.65
97fec88867b1df66,Total equipe domicile,30095,> 0.5,1.06
97fec88867b1df66,Total equipe domicile,30095,< 0.5,8.33
97fec88867b1df66,Total equipe domicile,30095,> 1.5,1.49
97fec88867b1df66,Total equipe domicile,30095,< 1.5,2.58
97fec88867b1df66,Total equipe domicile,30095,> 2.5,2.73
97fec88867b1df66,Total equipe domicile,30095,< 2.5,1.44
97fec88867b1df66,Total equipe domicile,30095,> 3.5,7.05
97fec88867b1df66,Total equipe domicile,30095,< 3.5,1.09
97fec88867b1df66,Total equipe extérieur,30096,> 0.5,1.34
97fec88867b1df66,Total equipe extérieur,30096,< 0.5,3.17
97fec88867b1df66,Total equipe extérieur,30096,> 1.5,3.02
97fec88867b1df66,Total equipe extérieur,30096,< 1.5,1.37
97fec88867b1df66,Total equipe extérieur,30096,> 2.5,10.39
97fec88867b1df66,Total equipe extérieur,30096,< 2.5,1.04
97fec88867b1df66,Total equipe extérieur,30096,> 3.5,54.96
97fec88867b1df66,Total equipe extérieur,30096,< 3.5,0.96
97fec88867b1df66,G/NG equipe domicile,30097,Oui,1.06
97fec88867b1df66,G/NG equipe domicile,30097,Non,8.33
97fec88867b1df66,G/NG equipe extérieur,30098,Oui,1.34
97fec88867b1df66,G/NG equipe extérieur,30098,Non,3.17
97fec88867b1df66,Pair/Impair,30099,Impair,1.85
97fec88867b1df66,Pair/Impair,30099,Pair,1.85
97fec88867b1df66,Minute du premier but,30100,1-15,3.84
97fec88867b1df66,Minute du premier but,30100,16-30,2.67
97fec88867b1df66,Minute du premier but,30100,31-45,5.0
97fec88867b1df66,Minute du premier but,30100,46-60,7.89
97fec88867b1df66,Minute du premier but,30100,61-75,15.28
97fec88867b1df66,Minute du premier but,30100,76-90,19.09
97fec88867b1df66,Minute du premier but,30100,Pas de but,24.34
97fec88867b1df66,FTTS,30101,1,1.55
97fec88867b1df66,FTTS,30101,2,2.3
97fec88867b1df66,FTTS,30101,Pas de but,24.34
97fec88867b1df66,Multi-Buts,30102,"Le total de buts est de 0, 1 ou 2",2.79
97fec88867b1df66,Multi-Buts,30102,"Le total de buts est de 1, 2 ou 3",1.66
97fec88867b1df66,Multi-Buts,30102,"Le total de buts est de 2, 3 ou 4",1.35
97fec88867b1df66,Multi-Buts,30102,Le total de buts est supérieur à 4,4.69
97fec88867b1df66,2ème mi-tps - CS,30105,0-0,5.61
97fec88867b1df66,2ème mi-tps - CS,30105,0-1,9.97
97fec88867b1df66,2ème mi-tps - CS,30105,0-2,20.17
97fec88867b1df66,2ème mi-tps - CS,30105,0-3,61.22
97fec88867b1df66,2ème mi-tps - CS,30105,1-0,6.29
97fec88867b1df66,2ème mi-tps - CS,30105,1-1,4.97
97fec88867b1df66,2ème mi-tps - CS,30105,1-2,15.08
97fec88867b1df66,2ème mi-tps - CS,30105,2-0,6.55
97fec88867b1df66,2ème mi-tps - CS,30105,2-1,7.77
97fec88867b1df66,2ème mi-tps - CS,30105,3-0,10.24
34c652638cd39abe,1X2,30083,1,2.34
34c652638cd39abe,1X2,30083,X,3.53
34c652638cd39abe,1X2,30083,2,2.85
34c652638cd39abe,Mi-tps 1X2,30084,1,3.1
34c652638cd39abe,Mi-tps 1X2,30084,X,2.03
34c652638cd39abe,Mi-tps 1X2,30084,2,3.79
34c652638cd39abe,Double Chance,30085,1X,1.38
34c652638cd39abe,Double Chance,30085,X2,1.55
34c652638cd39abe,Double Chance,30085,12,1.26
34c652638cd39abe,Mi-tps DC,30086,1X,1.23
34c652638cd39abe,Mi-tps DC,30086,X2,1.32
34c652638cd39abe,Mi-tps DC,30086,12,1.7
34c652638cd39abe,Score exact,30081,0-0,14.38
34c652638cd39abe,Score exact,30081,0-1,13.58
34c652638cd39abe,Score exact,30081,0-2,18.55
34c652638cd39abe,Score exact,30081,0-3,34.6
34c652638cd39abe,Score exact,30081,0-4,100.0
34c652638cd39abe,Score exact,30081,0-5,100.0
34c652638cd39abe,Score exact,30081,0-6,100.0
34c652638cd39abe,Score exact,30081,1-0,12.19
34c652638cd39abe,Score exact,30081,1-1,7.05
34c652638cd39abe,Score exact,30081,1-2,9.77
34c652638cd39abe,Score exact,30081,1-3,22.05
34c652638cd39abe,Score exact,30081,1-4,70.08
34c652638cd39abe,Score exact,30081,1-5,100.0
34c652638cd39abe,Score exact,30081,2-0,14.81
34c652638cd39abe,Score exact,30081,2-1,8.7
34c652638cd39abe,Score exact,30081,2-2,12.59
34c652638cd39abe,Score exact,30081,2-3,31.48
34c652638cd39abe,Score exact,30081,2-4,100.0
34c652638cd39abe,Score exact,30081,3-0,24.53
34c652638cd39abe,Score exact,30081,3-1,17.37
34c652638cd39abe,Score exact,30081,3-2,27.84
34c652638cd39abe,Score exact,30081,3-3,100.0
34c652638cd39abe,Score exact,30081,4-0,64.97
34c652638cd39abe,Score exact,30081,4-1,48.65
34c652638cd39abe,Score exact,30081,4-2,100.0
34c652638cd39abe,Score exact,30081,5-0,100.0
34c652638cd39abe,Score exact,30081,5-1,100.0
34c652638cd39abe,Score exact,30081,6-0,100.0
34c652638cd39abe,Mi-tps CS,30082,0-0,2.94
34c652638cd39abe,Mi-tps CS,30082,0-1,6.42
34c652638cd39abe,Mi-tps CS,30082,0-2,16.37
34c652638cd39abe,Mi-tps CS,30082,0-3,62.63
34c652638cd39abe,Mi-tps CS,30082,1-0,5.57
34c652638cd39abe,Mi-tps CS,30082,1-1,5.4
34c652638cd39abe,Mi-tps CS,30082,1-2,20.67
34c652638cd39abe,Mi-tps CS,30082,2-0,12.14
34c652638cd39abe,Mi-tps CS,30082,2-1,17.65
34c652638cd39abe,Mi-tps CS,30082,3-0,39.66
34c652638cd39abe,+/-,30087,> 0.5,1.01
34c652638cd39abe,+/-,30087,< 0.5,15.19
34c652638cd39abe,+/-,30087,> 1.5,1.18
34c652638cd39abe,+/-,30087,< 1.5,4.69
34c652638cd39abe,+/-,30087,> 2.5,1.67
34c652638cd39abe,+/-,30087,< 2.5,2.16
34c652638cd39abe,+/-,30087,> 3.5,3.07
34c652638cd39abe,+/-,30087,< 3.5,1.36
34c652638cd39abe,HT/FT,30089,1/1,3.82
34c652638cd39abe,HT/FT,30089,1/X,19.97
34c652638cd39abe,HT/FT,30089,1/2,43.69
34c652638cd39abe,HT/FT,30089,X/1,6.07
34c652638cd39abe,HT/FT,30089,X/X,4.95
34c652638cd39abe,HT/FT,30089,X/2,6.91
34c652638cd39abe,HT/FT,30089,2/1,41.19
34c652638cd39abe,HT/FT,30089,2/X,21.28
34c652638cd39abe,HT/FT,30089,2/2,4.93
34c652638cd39abe,Total de buts,30090,0,14.38
34c652638cd39abe,Total de buts,30090,1,6.42
34c652638cd39abe,Total de buts,30090,2,3.8
34c652638cd39abe,Total de buts,30090,3,3.48
34c652638cd39abe,Total de buts,30090,4,4.82
34c652638cd39abe,Total de buts,30090,5,9.13
34c652638cd39abe,Total de buts,30090,6,36.17
34c652638cd39abe,G/NG,30091,Oui,1.58
34c652638cd39abe,G/NG,30091,Non,2.35
34c652638cd39abe,Les deux équipes marquent / 1ère mi temps,30092,Oui,3.74
34c652638cd39abe,Les deux équipes marquent / 1ère mi temps,30092,Non,1.26
34c652638cd39abe,1X2 & Total,30093,1 / > 1.5,2.76
34c652638cd39abe,1X2 & Total,30093,X / > 1.5,4.44
34c652638cd39abe,1X2 & Total,30093,2 / > 1.5,3.43
34c652638cd39abe,1X2 & Total,30093,1 / < 1.5,12.41
34c652638cd39abe,1X2 & Total,30093,X / < 1.5,14.64
34c652638cd39abe,1X2 & Total,30093,2 / < 1.5,13.83
34c652638cd39abe,1X2 & Total,30093,1 / > 2.5,3.38
34c652638cd39abe,1X2 & Total,30093,X / > 2.5,11.63
34c652638cd39abe,1X2 & Total,30093,2 / > 2.5,4.19
34c652638cd39abe,1X2 & Total,30093,1 / < 2.5,6.81
34c652638cd39abe,1X2 & Total,30093,X / < 2.5,4.82
34c652638cd39abe,1X2 & Total,30093,2 / < 2.5,7.98
34c652638cd39abe,1X2 & Total,30093,1 / > 3.5,7.0
34c652638cd39abe,1X2 & Total,30093,X / > 3.5,11.63
34c652638cd39abe,1X2 & Total,30093,2 / > 3.5,9.13
34c652638cd39abe,1X2 & Total,30093,1 / < 3.5,3.34
34c652638cd39abe,1X2 & Total,30093,X / < 3.5,4.82
34c652638cd39abe,1X2 & Total,30093,2 / < 3.5,3.93
34c652638cd39abe,1X2 & G/NG,30094,1 gagne et les deux équipes marquent,4.17
34c652638cd39abe,1X2 & G/NG,30094,1 gagne et seulement  1  marque,4.74
34c652638cd39abe,1X2 & G/NG,30094,X et les deux équipes marquent,4.36
34c652638cd39abe,1X2 & G/NG,30094,X et aucun but,14.38
34c652638cd39abe,1X2 & G/NG,30094,2 gagne et les deux équipes marquent,4.96
34c652638cd39abe,1X2 & G/NG,30094,2 gagne et seulement 2 marque,5.92
34c652638cd39abe,Total equipe domicile,30095,> 0.5,1.2
34c652638cd39abe,Total equipe domicile,30095,< 0.5,4.43
34c652638cd39abe,Total equipe domicile,30095,> 1.5,2.14
34c652638cd39abe,Total equipe domicile,30095,< 1.5,1.69
34c652638cd39abe,Total equipe domicile,30095,> 2.5,5.44
34c652638cd39abe,Total equipe domicile,30095,< 2.5,1.14
34c652638cd39abe,Total equipe domicile,30095,> 3.5,20.35
34c652638cd39abe,Total equipe domicile,30095,< 3.5,0.99
34c652638cd39abe,Total equipe extérieur,30096,> 0.5,1.26
34c652638cd39abe,Total equipe extérieur,30096,< 0.5,3.77
34c652638cd39abe,Total equipe extérieur,30096,> 1.5,2.47
34c652638cd39abe,Total equipe extérieur,30096,< 1.5,1.53
34c652638cd39abe,Total equipe extérieur,30096,> 2.5,7.11
34c652638cd39abe,Total equipe extérieur,30096,< 2.5,1.09
34c652638cd39abe,Total equipe extérieur,30096,> 3.5,30.71
34c652638cd39abe,Total equipe extérieur,30096,< 3.5,0.97
34c652638cd39abe,G/NG equipe domicile,30097,Oui,1.2
34c652638cd39abe,G/NG equipe domicile,30097,Non,4.43
34c652638cd39abe,G/NG equipe extérieur,30098,Oui,1.26
34c652638cd39abe,G/NG equipe extérieur,30098,Non,3.77
34c652638cd39abe,Pair/Impair,30099,Impair,1.88
34c652638cd39abe,Pair/Impair,30099,Pair,1.83
34c652638cd39abe,Minute du premier but,30100,1-15,4.2
34c652638cd39abe,Minute du premier but,30100,16-30,2.86
34c652638cd39abe,Minute du premier but,30100,31-45,5.06
34c652638cd39abe,Minute du premier but,30100,46-60,7.49
34c652638cd39abe,Minute du premier but,30100,61-75,13.88
34c652638cd39abe,Minute du premier but,30100,76-90,16.76
34c652638cd39abe,Minute du premier but,30100,Pas de but,14.38
34c652638cd39abe,FTTS,30101,1,1.82
34c652638cd39abe,FTTS,30101,2,1.99
34c652638cd39abe,FTTS,30101,Pas de but,14.38
34c652638cd39abe,Multi-Buts,30102,"Le total de buts est de 0, 1 ou 2",2.08
34c652638cd39abe,Multi-Buts,30102,"Le total de buts est de 1, 2 ou 3",1.44
34c652638cd39abe,Multi-Buts,30102,"Le total de buts est de 2, 3 ou 4",1.34
34c652638cd39abe,Multi-Buts,30102,Le total de buts est supérieur à 4,7.42
34c652638cd39abe,2ème mi-tps - CS,30105,0-0,4.14
34c652638cd39abe,2ème mi-tps - CS,30105,0-1,6.9
34c652638cd39abe,2ème mi-tps - CS,30105,0-2,12.93
34c652638cd39abe,2ème mi-tps - CS,30105,0-3,36.33
34c652638cd39abe,2ème mi-tps - CS,30105,1-0,6.35
34c652638cd39abe,2ème mi-tps - CS,30105,1-1,4.71
34c652638cd39abe,2ème mi-tps - CS,30105,1-2,13.23
34c652638cd39abe,2ème mi-tps - CS,30105,2-0,10.77
34c652638cd39abe,2ème mi-tps - CS,30105,2-1,11.96
34c652638cd39abe,2ème mi-tps - CS,30105,3-0,27.37
96aca7a79fa5b7dd,1X2,30083,1,2.56
96aca7a79fa5b7dd,1X2,30083,X,3.52
96aca7a79fa5b7dd,1X2,30083,2,2.59
96aca7a79fa5b7dd,Mi-tps 1X2,30084,1,3.31
96aca7a79fa5b7dd,Mi-tps 1X2,30084,X,2.02
96aca7a79fa5b7dd,Mi-tps 1X2,30084,2,3.54
96aca7a79fa5b7dd,Double Chance,30085,1X,1.46
96aca7a79fa5b7dd,Double Chance,30085,X2,1.47
96aca7a79fa5b7dd,Double Chance,30085,12,1.26
96aca7a79fa5b7dd,Mi-tps DC,30086,1X,1.25
96aca7a79fa5b7dd,Mi-tps DC,30086,X2,1.29
96aca7a79fa5b7dd,Mi-tps DC,30086,12,1.71
96aca7a79fa5b7dd,Score exact,30081,0-0,14.37
96aca7a79fa5b7dd,Score exact,30081,0-1,12.88
96aca7a79fa5b7dd,Score exact,30081,0-2,16.58
96aca7a79fa5b7dd,Score exact,30081,0-3,29.12
96aca7a79fa5b7dd,Score exact,30081,0-4,83.08
96aca7a79fa5b7dd,Score exact,30081,0-5,100.0
96aca7a79fa5b7dd,Score exact,30081,0-6,100.0
96aca7a79fa5b7dd,Score exact,30081,1-0,12.8
96aca7a79fa5b7dd,Score exact,30081,1-1,7.02
96aca7a79fa5b7dd,Score exact,30081,1-2,9.19
96aca7a79fa5b7dd,Score exact,30081,1-3,19.61
96aca7a79fa5b7dd,Score exact,30081,1-4,58.8
96aca7a79fa5b7dd,Score exact,30081,1-5,100.0
96aca7a79fa5b7dd,Score exact,30081,2-0,16.43
96aca7a79fa5b7dd,Score exact,30081,2-1,9.14
96aca7a79fa5b7dd,Score exact,30081,2-2,12.52
96aca7a79fa5b7dd,Score exact,30081,2-3,29.54
96aca7a79fa5b7dd,Score exact,30081,2-4,100.0
96aca7a79fa5b7dd,Score exact,30081,3-0,28.78
96aca7a79fa5b7dd,Score exact,30081,3-1,19.32
96aca7a79fa5b7dd,Score exact,30081,3-2,29.3
96aca7a79fa5b7dd,Score exact,30081,3-3,100.0
96aca7a79fa5b7dd,Score exact,30081,4-0,80.55
96aca7a79fa5b7dd,Score exact,30081,4-1,57.3
96aca7a79fa5b7dd,Score exact,30081,4-2,100.0
96aca7a79fa5b7dd,Score exact,30081,5-0,100.0
96aca7a79fa5b7dd,Score exact,30081,5-1,100.0
96aca7a79fa5b7dd,Score exact,30081,6-0,100.0
96aca7a79fa5b7dd,Mi-tps CS,30082,0-0,2.92
96aca7a79fa5b7dd,Mi-tps CS,30082,0-1,6.1
96aca7a79fa5b7dd,Mi-tps CS,30082,0-2,14.83
96aca7a79fa5b7dd,Mi-tps CS,30082,0-3,54.08
96aca7a79fa5b7dd,Mi-tps CS,30082,1-0,5.82
96aca7a79fa5b7dd,Mi-tps CS,30082,1-1,5.4
96aca7a79fa5b7dd,Mi-tps CS,30082,1-2,19.7
96aca7a79fa5b7dd,Mi-tps CS,30082,2-0,13.42
96aca7a79fa5b7dd,Mi-tps CS,30082,2-1,18.68
96aca7a79fa5b7dd,Mi-tps CS,30082,3-0,46.42
96aca7a79fa5b7dd,+/-,30087,> 0.5,1.01
96aca7a79fa5b7dd,+/-,30087,< 0.5,15.18
96aca7a79fa5b7dd,+/-,30087,> 1.5,1.18
96aca7a79fa5b7dd,+/-,30087,< 1.5,4.69
96aca7a79fa5b7dd,+/-,30087,> 2.5,1.67
96aca7a79fa5b7dd,+/-,30087,< 2.5,2.16
96aca7a79fa5b7dd,+/-,30087,> 3.5,3.07
96aca7a79fa5b7dd,+/-,30087,< 3.5,1.36
96aca7a79fa5b7dd,HT/FT,30089,1/1,4.22
96aca7a79fa5b7dd,HT/FT,30089,1/X,19.67
96aca7a79fa5b7dd,HT/FT,30089,1/2,39.67
96aca7a79fa5b7dd,HT/FT,30089,X/1,6.55
96aca7a79fa5b7dd,HT/FT,30089,X/X,4.94
96aca7a79fa5b7dd,HT/FT,30089,X/2,6.3
96aca7a79fa5b7dd,HT/FT,30089,2/1,44.64
96aca7a79fa5b7dd,HT/FT,30089,2/X,21.42
96aca7a79fa5b7dd,HT/FT,30089,2/2,4.47
96aca7a79fa5b7dd,Total de buts,30090,0,14.37
96aca7a79fa5b7dd,Total de buts,30090,1,6.42
96aca7a79fa5b7dd,Total de buts,30090,2,3.79
96aca7a79fa5b7dd,Total de buts,30090,3,3.48
96aca7a79fa5b7dd,Total de buts,30090,4,4.83
96aca7a79fa5b7dd,Total de buts,30090,5,9.16
96aca7a79fa5b7dd,Total de buts,30090,6,36.4
96aca7a79fa5b7dd,G/NG,30091,Oui,1.57
96aca7a79fa5b7dd,G/NG,30091,Non,2.36
96aca7a79fa5b7dd,Les deux équipes marquent / 1ère mi temps,30092,Oui,3.75
96aca7a79fa5b7dd,Les deux équipes marquent / 1ère mi temps,30092,Non,1.26
96aca7a79fa5b7dd,1X2 & Total,30093,1 / > 1.5,3.05
96aca7a79fa5b7dd,1X2 & Total,30093,X / > 1.5,4.42
96aca7a79fa5b7dd,1X2 & Total,30093,2 / > 1.5,3.08
96aca7a79fa5b7dd,1X2 & Total,30093,1 / < 1.5,13.03
96aca7a79fa5b7dd,1X2 & Total,30093,X / < 1.5,14.63
96aca7a79fa5b7dd,1X2 & Total,30093,2 / < 1.5,13.12
96aca7a79fa5b7dd,1X2 & Total,30093,1 / > 2.5,3.73
96aca7a79fa5b7dd,1X2 & Total,30093,X / > 2.5,11.56
96aca7a79fa5b7dd,1X2 & Total,30093,2 / > 2.5,3.77
96aca7a79fa5b7dd,1X2 & Total,30093,1 / < 2.5,7.32
96aca7a79fa5b7dd,1X2 & Total,30093,X / < 2.5,4.8
96aca7a79fa5b7dd,1X2 & Total,30093,2 / < 2.5,7.38
96aca7a79fa5b7dd,1X2 & Total,30093,1 / > 3.5,7.89
96aca7a79fa5b7dd,1X2 & Total,30093,X / > 3.5,11.56
96aca7a79fa5b7dd,1X2 & Total,30093,2 / > 3.5,8.04
96aca7a79fa5b7dd,1X2 & Total,30093,1 / < 3.5,3.6
96aca7a79fa5b7dd,1X2 & Total,30093,X / < 3.5,4.8
96aca7a79fa5b7dd,1X2 & Total,30093,2 / < 3.5,3.62
96aca7a79fa5b7dd,1X2 & G/NG,30094,1 gagne et les deux équipes marquent,4.51
96aca7a79fa5b7dd,1X2 & G/NG,30094,1 gagne et seulement  1  marque,5.26
96aca7a79fa5b7dd,1X2 & G/NG,30094,X et les deux équipes marquent,4.34
96aca7a79fa5b7dd,1X2 & G/NG,30094,X et aucun but,14.37
96aca7a79fa5b7dd,1X2 & G/NG,30094,2 gagne et les deux équipes marquent,4.55
96aca7a79fa5b7dd,1X2 & G/NG,30094,2 gagne et seulement 2 marque,5.32
96aca7a79fa5b7dd,Total equipe domicile,30095,> 0.5,1.23
96aca7a79fa5b7dd,Total equipe domicile,30095,< 0.5,4.1
96aca7a79fa5b7dd,Total equipe domicile,30095,> 1.5,2.29
96aca7a79fa5b7dd,Total equipe domicile,30095,< 1.5,1.61
96aca7a79fa5b7dd,Total equipe domicile,30095,> 2.5,6.15
96aca7a79fa5b7dd,Total equipe domicile,30095,< 2.5,1.11
96aca7a79fa5b7dd,Total equipe domicile,30095,> 3.5,24.52
96aca7a79fa5b7dd,Total equipe domicile,30095,< 3.5,0.98
96aca7a79fa5b7dd,Total equipe extérieur,30096,> 0.5,1.23
96aca7a79fa5b7dd,Total equipe extérieur,30096,< 0.5,4.07
96aca7a79fa5b7dd,Total equipe extérieur,30096,> 1.5,2.3
96aca7a79fa5b7dd,Total equipe extérieur,30096,< 1.5,1.6
96aca7a79fa5b7dd,Total equipe extérieur,30096,> 2.5,6.24
96aca7a79fa5b7dd,Total equipe extérieur,30096,< 2.5,1.11
96aca7a79fa5b7dd,Total equipe extérieur,30096,> 3.5,25.26
96aca7a79fa5b7dd,Total equipe extérieur,30096,< 3.5,0.98
96aca7a79fa5b7dd,G/NG equipe domicile,30097,Oui,1.23
96aca7a79fa5b7dd,G/NG equipe domicile,30097,Non,4.1
96aca7a79fa5b7dd,G/NG equipe extérieur,30098,Oui,1.23
96aca7a79fa5b7dd,G/NG equipe extérieur,30098,Non,4.07
96aca7a79fa5b7dd,Pair/Impair,30099,Impair,1.88
96aca7a79fa5b7dd,Pair/Impair,30099,Pair,1.83
96aca7a79fa5b7dd,Minute du premier but,30100,1-15,4.22
96aca7a79fa5b7dd,Minute du premier but,30100,16-30,2.87
96aca7a79fa5b7dd,Minute du premier but,30100,31-45,5.06
96aca7a79fa5b7dd,Minute du premier but,30100,46-60,7.43
96aca7a79fa5b7dd,Minute du premier but,30100,61-75,13.81
96aca7a79fa5b7dd,Minute du premier but,30100,76-90,16.69
96aca7a79fa5b7dd,Minute du premier but,30100,Pas de but,14.37
96aca7a79fa5b7dd,FTTS,30101,1,1.89
96aca7a79fa5b7dd,FTTS,30101,2,1.92
96aca7a79fa5b7dd,FTTS,30101,Pas de but,14.37
96aca7a79fa5b7dd,Multi-Buts,30102,"Le total de buts est de 0, 1 ou 2",2.08
96aca7a79fa5b7dd,Multi-Buts,30102,"Le total de buts est de 1, 2 ou 3",1.44
96aca7a79fa5b7dd,Multi-Buts,30102,"Le total de buts est de 2, 3 ou 4",1.34
96aca7a79fa5b7dd,Multi-Buts,30102,Le total de buts est supérieur à 4,7.45
96aca7a79fa5b7dd,2ème mi-tps - CS,30105,0-0,4.17
96aca7a79fa5b7dd,2ème mi-tps - CS,30105,0-1,6.55
96aca7a79fa5b7dd,2ème mi-tps - CS,30105,0-2,11.42
96aca7a79fa5b7dd,2ème mi-tps - CS,30105,0-3,29.9
96aca7a79fa5b7dd,2ème mi-tps - CS,30105,1-0,6.71
96aca7a79fa5b7dd,2ème mi-tps - CS,30105,1-1,4.69
96aca7a79fa5b7dd,2ème mi-tps - CS,30105,1-2,12.27
96aca7a79fa5b7dd,2ème mi-tps - CS,30105,2-0,12.07
96aca7a79fa5b7dd,2ème mi-tps - CS,30105,2-1,12.65
96aca7a79fa5b7dd,2ème mi-tps - CS,30105,3-0,32.57
